ISO-10303-21;
HEADER;
FILE_DESCRIPTION (( 'STEP AP203' ),
    '1' );
FILE_NAME ('YG-J03A-0000-000.step',
    '2020-10-16T07:21:11',
    ( 'Admin' ),
    ( '' ),
    'SwSTEP 2.0',
    'SolidWorks 2019',
    '' );
FILE_SCHEMA (( 'CONFIG_CONTROL_DESIGN' ));
ENDSEC;

DATA;
#1 = SECURITY_CLASSIFICATION ( '', '', #7554 ) ;
#2 = DIRECTION ( 'NONE',  ( 9.581296146679602814E-15, -1.000000000000000000, 0.000000000000000000 ) ) ;
#3 = CARTESIAN_POINT ( 'NONE',  ( -26.72197802197803895, 0.000000000000000000, 0.000000000000000000 ) ) ;
#4 = DIRECTION ( 'NONE',  ( 1.000000000000000000, 1.084202172485924897E-14, 0.000000000000000000 ) ) ;
#5 = CIRCLE ( 'NONE', #6470, 0.5666666666667812269 ) ;
#6 = VERTEX_POINT ( 'NONE', #2120 ) ;
#7 = DATE_AND_TIME ( #3032, #313 ) ;
#8 = CARTESIAN_POINT ( 'NONE',  ( -17.44535204942018325, 18.33710622225163434, 80.00000000000000000 ) ) ;
#9 = DIRECTION ( 'NONE',  ( -1.000000000000000000, 0.000000000000000000, 0.000000000000000000 ) ) ;
#10 = EDGE_CURVE ( 'NONE', #4566, #5397, #1531, .T. ) ;
#11 = DIRECTION ( 'NONE',  ( -9.581296146678135533E-15, 1.000000000000000000, 0.000000000000000000 ) ) ;
#12 = CYLINDRICAL_SURFACE ( 'NONE', #5098, 1.000000000000122347 ) ;
#13 = EDGE_CURVE ( 'NONE', #2084, #6220, #1568, .T. ) ;
#14 = CARTESIAN_POINT ( 'NONE',  ( -21.50000000000004263, 18.29999999999953531, 80.00000000000000000 ) ) ;
#15 = CIRCLE ( 'NONE', #1998, 0.2999999999999999889 ) ;
#16 = ORIENTED_EDGE ( 'NONE', *, *, #2139, .F. ) ;
#17 = CARTESIAN_POINT ( 'NONE',  ( -27.19999999999950546, 5.999999999999687361, 0.000000000000000000 ) ) ;
#18 = CARTESIAN_POINT ( 'NONE',  ( -26.93333333333266566, 7.499999999999670486, 80.00000000000000000 ) ) ;
#19 = ADVANCED_FACE ( 'NONE', ( #5199 ), #7577, .T. ) ;
#20 = ORIENTED_EDGE ( 'NONE', *, *, #516, .T. ) ;
#21 = PLANE ( 'NONE',  #4557 ) ;
#22 = ORIENTED_EDGE ( 'NONE', *, *, #406, .T. ) ;
#23 = DESIGN_CONTEXT ( 'detailed design', #3112, 'design' ) ;
#25 = ORIENTED_EDGE ( 'NONE', *, *, #4007, .T. ) ;
#24 = ORIENTED_EDGE ( 'NONE', *, *, #2570, .T. ) ;
#26 = CIRCLE ( 'NONE', #4865, 0.4629171123669006960 ) ;
#27 = COORDINATED_UNIVERSAL_TIME_OFFSET ( 8, 0, .AHEAD. ) ;
#28 = CARTESIAN_POINT ( 'NONE',  ( 13.90000000000117097, 17.69999999999975060, 80.00000000000000000 ) ) ;
#29 = LINE ( 'NONE', #2388, #7310 ) ;
#30 = CARTESIAN_POINT ( 'NONE',  ( 1.000000000000000000, 0.000000000000000000, 1.250000000000000000 ) ) ;
#31 = DIRECTION ( 'NONE',  ( 1.000000000000000000, 1.136160801469538452E-14, -0.000000000000000000 ) ) ;
#32 = EDGE_CURVE ( 'NONE', #809, #6810, #6443, .T. ) ;
#33 = VERTEX_POINT ( 'NONE', #54 ) ;
#34 = ORIENTED_EDGE ( 'NONE', *, *, #913, .F. ) ;
#35 = AXIS2_PLACEMENT_3D ( 'NONE', #3980, #4608, #438 ) ;
#36 = CC_DESIGN_PERSON_AND_ORGANIZATION_ASSIGNMENT ( #7003, #1040, ( #4095 ) ) ;
#37 = DIRECTION ( 'NONE',  ( -0.000000000000000000, -0.000000000000000000, -1.000000000000000000 ) ) ;
#38 = DIRECTION ( 'NONE',  ( 1.000000000000000000, -0.000000000000000000, 0.000000000000000000 ) ) ;
#39 = CARTESIAN_POINT ( 'NONE',  ( -9.900000000001980993, 17.69999999999972218, 80.00000000000000000 ) ) ;
#40 = ORIENTED_EDGE ( 'NONE', *, *, #6609, .T. ) ;
#41 =( REPRESENTATION_RELATIONSHIP ('NONE','NONE', #4738, #2602 ) REPRESENTATION_RELATIONSHIP_WITH_TRANSFORMATION ( #5230 )SHAPE_REPRESENTATION_RELATIONSHIP( ) );
#42 = EDGE_CURVE ( 'NONE', #6655, #985, #6887, .T. ) ;
#43 = VECTOR ( 'NONE', #3056, 1000.000000000000000 ) ;
#44 = AXIS2_PLACEMENT_3D ( 'NONE', #5043, #5632, #7421 ) ;
#45 = VERTEX_POINT ( 'NONE', #2339 ) ;
#46 = ITEM_DEFINED_TRANSFORMATION ( 'NONE', 'NONE', #5228,  #2222 ) ;
#47 = EDGE_CURVE ( 'NONE', #1831, #6690, #7693, .T. ) ;
#48 = AXIS2_PLACEMENT_3D ( 'NONE', #4124, #1164, #4006 ) ;
#49 = LINE ( 'NONE', #3034, #4130 ) ;
#50 = CC_DESIGN_SECURITY_CLASSIFICATION ( #6006, ( #7703 ) ) ;
#51 = DIRECTION ( 'NONE',  ( -0.000000000000000000, -0.000000000000000000, -1.000000000000000000 ) ) ;
#52 = DIRECTION ( 'NONE',  ( -9.581296146679602814E-15, 1.000000000000000000, 0.000000000000000000 ) ) ;
#53 = CARTESIAN_POINT ( 'NONE',  ( -26.93333333333269763, 10.49999999999967315, 0.000000000000000000 ) ) ;
#54 = CARTESIAN_POINT ( 'NONE',  ( 15.90000000000117275, 17.69999999999977192, 0.000000000000000000 ) ) ;
#55 = VECTOR ( 'NONE', #4665, 1000.000000000000000 ) ;
#56 = ORIENTED_EDGE ( 'NONE', *, *, #3101, .F. ) ;
#57 = ORIENTED_EDGE ( 'NONE', *, *, #6354, .F. ) ;
#58 = EDGE_CURVE ( 'NONE', #768, #6497, #1399, .T. ) ;
#59 = VECTOR ( 'NONE', #5932, 1000.000000000000000 ) ;
#60 = CARTESIAN_POINT ( 'NONE',  ( 26.50000000000031264, 9.500000000000341061, 0.000000000000000000 ) ) ;
#61 = EDGE_CURVE ( 'NONE', #7020, #761, #2384, .T. ) ;
#62 = CYLINDRICAL_SURFACE ( 'NONE', #2666, 0.5666666666667812269 ) ;
#63 = ORIENTED_EDGE ( 'NONE', *, *, #2253, .T. ) ;
#64 = CARTESIAN_POINT ( 'NONE',  ( 0.04999999907795427134, 0.000000000000000000, -2.199999999106694304 ) ) ;
#65 = EDGE_LOOP ( 'NONE', ( #6313, #2535, #5606, #24 ) ) ;
#67 = ORIENTED_EDGE ( 'NONE', *, *, #5013, .F. ) ;
#66 = EDGE_LOOP ( 'NONE', ( #1309, #6736, #6836, #3487 ) ) ;
#68 = EDGE_CURVE ( 'NONE', #7303, #2392, #632, .T. ) ;
#69 = PLANE ( 'NONE',  #846 ) ;
#70 = DIRECTION ( 'NONE',  ( 1.000000000000000000, 0.000000000000000000, 0.000000000000000000 ) ) ;
#71 = DIRECTION ( 'NONE',  ( -1.000000000000000000, -1.069075436258702637E-14, 0.000000000000000000 ) ) ;
#72 = DIRECTION ( 'NONE',  ( -1.000000000000000000, 0.000000000000000000, 0.000000000000000000 ) ) ;
#73 = ORIENTED_EDGE ( 'NONE', *, *, #4743, .T. ) ;
#74 = EDGE_LOOP ( 'NONE', ( #7114, #5997, #4818, #2644 ) ) ;
#75 = ADVANCED_FACE ( 'NONE', ( #6478 ), #1105, .T. ) ;
#76 = PERSON_AND_ORGANIZATION ( #2152, #3857 ) ;
#77 = CARTESIAN_POINT ( 'NONE',  ( 25.79999999999994742, 2.700000000000517986, 80.00000000000000000 ) ) ;
#78 = CARTESIAN_POINT ( 'NONE',  ( 0.7500000000000000000, -0.5900000000000001910, -0.5900000000000001910 ) ) ;
#79 = LINE ( 'NONE', #195, #1814 ) ;
#80 = CIRCLE ( 'NONE', #2925, 1.000000000000122347 ) ;
#81 = VECTOR ( 'NONE', #5384, 1000.000000000000000 ) ;
#82 = ORIENTED_EDGE ( 'NONE', *, *, #4525, .T. ) ;
#83 = AXIS2_PLACEMENT_3D ( 'NONE', #1658, #6418, #7629 ) ;
#84 = ORIENTED_EDGE ( 'NONE', *, *, #5818, .T. ) ;
#85 = SECURITY_CLASSIFICATION_LEVEL ( 'unclassified' ) ;
#86 = ADVANCED_FACE ( 'NONE', ( #3621 ), #7654, .T. ) ;
#87 = CIRCLE ( 'NONE', #4448, 0.4629171123666196985 ) ;
#88 = DIRECTION ( 'NONE',  ( 1.136160801467550522E-14, -1.000000000000000000, 0.000000000000000000 ) ) ;
#89 = CARTESIAN_POINT ( 'NONE',  ( -13.90000000000110347, 18.42421244450406093, 80.00000000000000000 ) ) ;
#90 = DIRECTION ( 'NONE',  ( 1.000000000000000000, 9.462128050735879570E-15, 0.000000000000000000 ) ) ;
#91 = DIRECTION ( 'NONE',  ( 1.000000000000000000, 9.462128050787461607E-15, 0.000000000000000000 ) ) ;
#92 = CARTESIAN_POINT ( 'NONE',  ( -27.49999999999940670, 8.499999999999667821, 80.00000000000000000 ) ) ;
#93 = ORIENTED_EDGE ( 'NONE', *, *, #6073, .F. ) ;
#94 = ORIENTED_EDGE ( 'NONE', *, *, #3864, .T. ) ;
#95 = DIRECTION ( 'NONE',  ( 1.000000000000000000, 0.000000000000000000, 0.000000000000000000 ) ) ;
#96 = AXIS2_PLACEMENT_3D ( 'NONE', #3880, #6260, #5017 ) ;
#97 = AXIS2_PLACEMENT_3D ( 'NONE', #1811, #7163, #3608 ) ;
#98 = DIRECTION ( 'NONE',  ( -0.000000000000000000, 0.000000000000000000, 1.000000000000000000 ) ) ;
#99 = ORIENTED_EDGE ( 'NONE', *, *, #6316, .T. ) ;
#100 = CONICAL_SURFACE ( 'NONE', #6560, 1.500000000000001332, 0.7853981633974491672 ) ;
#101 = EDGE_CURVE ( 'NONE', #188, #2278, #7633, .T. ) ;
#102 = DIRECTION ( 'NONE',  ( 1.000000000000000000, 0.000000000000000000, 0.000000000000000000 ) ) ;
#103 = CARTESIAN_POINT ( 'NONE',  ( 7.900000000002045830, 18.42421244450417817, 80.00000000000000000 ) ) ;
#104 = ORIENTED_EDGE ( 'NONE', *, *, #398, .T. ) ;
#105 = VERTEX_POINT ( 'NONE', #5424 ) ;
#106 = CIRCLE ( 'NONE', #2092, 1.250000000000000000 ) ;
#107 = LINE ( 'NONE', #3135, #3205 ) ;
#108 = CARTESIAN_POINT ( 'NONE',  ( 24.07802197802224597, -6.570329670329666527, -1.500000000000000000 ) ) ;
#109 = DIRECTION ( 'NONE',  ( 1.136160801467550522E-14, -1.000000000000000000, 0.000000000000000000 ) ) ;
#110 = CARTESIAN_POINT ( 'NONE',  ( 0.000000000000000000, -0.2899999999999998690, 0.000000000000000000 ) ) ;
#111 = EDGE_LOOP ( 'NONE', ( #6573, #1916 ) ) ;
#112 = ORIENTED_EDGE ( 'NONE', *, *, #5205, .T. ) ;
#113 = EDGE_CURVE ( 'NONE', #4995, #4063, #3511, .T. ) ;
#114 = VECTOR ( 'NONE', #7431, 1000.000000000000000 ) ;
#115 = LINE ( 'NONE', #4361, #3022 ) ;
#116 = CYLINDRICAL_SURFACE ( 'NONE', #5318, 0.2500000000000245359 ) ;
#117 = CARTESIAN_POINT ( 'NONE',  ( 0.000000000000000000, 0.000000000000000000, 0.000000000000000000 ) ) ;
#118 = EDGE_LOOP ( 'NONE', ( #4735, #6121, #2516, #2085 ) ) ;
#119 = AXIS2_PLACEMENT_3D ( 'NONE', #5631, #5002, #4333 ) ;
#120 = ORIENTED_EDGE ( 'NONE', *, *, #6831, .T. ) ;
#121 = LOCAL_TIME ( 15, 21, 11.00000000000000000, #1311 ) ;
#122 = CYLINDRICAL_SURFACE ( 'NONE', #5824, 0.2499999999999759359 ) ;
#123 = DIRECTION ( 'NONE',  ( 1.000000000000000000, 0.000000000000000000, 0.000000000000000000 ) ) ;
#124 = CARTESIAN_POINT ( 'NONE',  ( 25.70000000000037943, 11.70000000000031193, 0.000000000000000000 ) ) ;
#125 = CARTESIAN_POINT ( 'NONE',  ( -26.93333333333264790, 5.499999999999665157, 0.000000000000000000 ) ) ;
#126 = ADVANCED_FACE ( 'NONE', ( #4214 ), #3477, .F. ) ;
#127 = DIRECTION ( 'NONE',  ( -0.000000000000000000, 0.000000000000000000, 1.000000000000000000 ) ) ;
#128 = CARTESIAN_POINT ( 'NONE',  ( -1.674796664989363536E-13, 17.69999999999981810, 0.000000000000000000 ) ) ;
#129 = DIRECTION ( 'NONE',  ( -0.000000000000000000, 0.000000000000000000, 1.000000000000000000 ) ) ;
#130 = ORIENTED_EDGE ( 'NONE', *, *, #3436, .T. ) ;
#131 = ORIENTED_EDGE ( 'NONE', *, *, #387, .F. ) ;
#132 = DIRECTION ( 'NONE',  ( 0.000000000000000000, 0.000000000000000000, 1.000000000000000000 ) ) ;
#133 = LINE ( 'NONE', #1219, #59 ) ;
#134 = ORIENTED_EDGE ( 'NONE', *, *, #4600, .T. ) ;
#135 = CARTESIAN_POINT ( 'NONE',  ( -23.55258382925077143, 3.030329925643868272, 80.00000000000000000 ) ) ;
#136 = DIRECTION ( 'NONE',  ( -0.000000000000000000, -0.000000000000000000, -1.000000000000000000 ) ) ;
#137 = VERTEX_POINT ( 'NONE', #1751 ) ;
#138 = ORIENTED_EDGE ( 'NONE', *, *, #1591, .F. ) ;
#139 = DATE_AND_TIME ( #5437, #7154 ) ;
#140 = DIRECTION ( 'NONE',  ( -0.000000000000000000, -0.000000000000000000, -1.000000000000000000 ) ) ;
#141 = EDGE_CURVE ( 'NONE', #3259, #2896, #4137, .T. ) ;
#142 = CYLINDRICAL_SURFACE ( 'NONE', #3924, 1.500000000000001332 ) ;
#143 = CARTESIAN_POINT ( 'NONE',  ( 21.50000000000010658, 18.29999999999976268, 0.000000000000000000 ) ) ;
#144 = DIRECTION ( 'NONE',  ( -1.018012715584551900E-14, 1.000000000000000000, 0.000000000000000000 ) ) ;
#145 = ORIENTED_EDGE ( 'NONE', *, *, #356, .T. ) ;
#146 = CARTESIAN_POINT ( 'NONE',  ( -17.00000000000054357, 18.46341459489507741, 0.000000000000000000 ) ) ;
#147 = VECTOR ( 'NONE', #6584, 1000.000000000000000 ) ;
#148 = APPROVAL_DATE_TIME ( #6018, #4512 ) ;
#149 = CARTESIAN_POINT ( 'NONE',  ( 5.000000000002372325, 17.69999999999965823, 80.00000000000000000 ) ) ;
#150 = EDGE_CURVE ( 'NONE', #6690, #3953, #596, .T. ) ;
#151 = DIRECTION ( 'NONE',  ( -1.000000000000000000, 0.000000000000000000, 0.000000000000000000 ) ) ;
#152 = CARTESIAN_POINT ( 'NONE',  ( -11.90000000000136993, -1.140174241455003954E-13, 80.00000000000000000 ) ) ;
#153 = AXIS2_PLACEMENT_3D ( 'NONE', #5552, #214, #5007 ) ;
#154 = EDGE_LOOP ( 'NONE', ( #1198, #856, #1968, #6167 ) ) ;
#155 = EDGE_CURVE ( 'NONE', #3996, #3412, #2645, .T. ) ;
#156 = CARTESIAN_POINT ( 'NONE',  ( -38.40281973967371698, -37.75890285748494790, 133.3929398823297561 ) ) ;
#157 = EDGE_LOOP ( 'NONE', ( #3887, #1516, #1234, #4844 ) ) ;
#158 = EDGE_CURVE ( 'NONE', #196, #4819, #2372, .T. ) ;
#159 = DIRECTION ( 'NONE',  ( -0.000000000000000000, 0.000000000000000000, 1.000000000000000000 ) ) ;
#160 = DIRECTION ( 'NONE',  ( -1.000000000000000000, 0.000000000000000000, 0.000000000000000000 ) ) ;
#161 = DIRECTION ( 'NONE',  ( -1.077895816502271275E-14, 1.000000000000000000, 0.000000000000000000 ) ) ;
#162 = DIRECTION ( 'NONE',  ( -0.000000000000000000, -0.000000000000000000, -1.000000000000000000 ) ) ;
#163 = VECTOR ( 'NONE', #443, 1000.000000000000000 ) ;
#164 = CIRCLE ( 'NONE', #6131, 1.000000000000042633 ) ;
#165 = CARTESIAN_POINT ( 'NONE',  ( 7.000000000002575717, 7.953125610293380607E-14, 80.00000000000000000 ) ) ;
#166 = CARTESIAN_POINT ( 'NONE',  ( 19.44535204942002338, 18.33710622225202513, 80.00000000000000000 ) ) ;
#167 = DIRECTION ( 'NONE',  ( 0.000000000000000000, 0.000000000000000000, 1.000000000000000000 ) ) ;
#168 = ORIENTED_EDGE ( 'NONE', *, *, #3060, .T. ) ;
#169 = ORIENTED_EDGE ( 'NONE', *, *, #7178, .T. ) ;
#170 = CIRCLE ( 'NONE', #4526, 0.5666666666667361518 ) ;
#171 = ADVANCED_FACE ( 'NONE', ( #4759 ), #1888, .F. ) ;
#172 = SECURITY_CLASSIFICATION ( '', '', #6326 ) ;
#173 = CC_DESIGN_DATE_AND_TIME_ASSIGNMENT ( #7191, #7151, ( #6006 ) ) ;
#174 = LINE ( 'NONE', #4918, #1517 ) ;
#175 = CARTESIAN_POINT ( 'NONE',  ( 27.50000000000030198, 2.862293735361757959E-13, 0.000000000000000000 ) ) ;
#176 = AXIS2_PLACEMENT_3D ( 'NONE', #2057, #1510, #6344 ) ;
#177 = VERTEX_POINT ( 'NONE', #1789 ) ;
#178 = DIRECTION ( 'NONE',  ( 1.000000000000000000, 1.047444401652940164E-14, 0.000000000000000000 ) ) ;
#179 = FACE_OUTER_BOUND ( 'NONE', #6430, .T. ) ;
#180 = ORIENTED_EDGE ( 'NONE', *, *, #7160, .T. ) ;
#181 = ORIENTED_EDGE ( 'NONE', *, *, #5372, .F. ) ;
#182 = ORIENTED_EDGE ( 'NONE', *, *, #2411, .F. ) ;
#183 = CALENDAR_DATE ( 2020, 16, 10 ) ;
#184 = LINE ( 'NONE', #1800, #5581 ) ;
#185 = LINE ( 'NONE', #1384, #4914 ) ;
#186 = FACE_OUTER_BOUND ( 'NONE', #5551, .T. ) ;
#187 = FACE_OUTER_BOUND ( 'NONE', #4874, .T. ) ;
#188 = VERTEX_POINT ( 'NONE', #2887 ) ;
#189 = DIRECTION ( 'NONE',  ( 0.000000000000000000, 1.000000000000000000, -0.000000000000000000 ) ) ;
#191 = VERTEX_POINT ( 'NONE', #3827 ) ;
#190 = ORIENTED_EDGE ( 'NONE', *, *, #5213, .F. ) ;
#192 = DIRECTION ( 'NONE',  ( 1.000000000000000000, 0.000000000000000000, 0.000000000000000000 ) ) ;
#193 = LINE ( 'NONE', #2397, #6003 ) ;
#194 = DIRECTION ( 'NONE',  ( 1.000000000000000000, 9.462128050787461607E-15, 0.000000000000000000 ) ) ;
#195 = CARTESIAN_POINT ( 'NONE',  ( 11.00000000000149036, 17.69999999999971863, 80.00000000000000000 ) ) ;
#196 = VERTEX_POINT ( 'NONE', #6627 ) ;
#197 = AXIS2_PLACEMENT_3D ( 'NONE', #853, #270, #2633 ) ;
#198 = DIRECTION ( 'NONE',  ( -9.714451465470119729E-15, 1.000000000000000000, 5.551115123125782702E-17 ) ) ;
#199 = EDGE_CURVE ( 'NONE', #2346, #7337, #164, .T. ) ;
#200 = ORIENTED_EDGE ( 'NONE', *, *, #6899, .F. ) ;
#201 = VECTOR ( 'NONE', #4658, 1000.000000000000000 ) ;
#202 = CARTESIAN_POINT ( 'NONE',  ( 27.07802197802169886, 6.829670329669523809, -1.500000000000000000 ) ) ;
#203 = CARTESIAN_POINT ( 'NONE',  ( -26.93333333333268698, 9.499999999999667821, 80.00000000000000000 ) ) ;
#204 = DIRECTION ( 'NONE',  ( -1.000000000000000000, 0.000000000000000000, 0.000000000000000000 ) ) ;
#205 = AXIS2_PLACEMENT_3D ( 'NONE', #3054, #2505, #1880 ) ;
#206 = AXIS2_PLACEMENT_3D ( 'NONE', #4871, #6625, #3656 ) ;
#207 = EDGE_CURVE ( 'NONE', #3315, #1055, #3080, .T. ) ;
#208 = LINE ( 'NONE', #1449, #2812 ) ;
#209 = CARTESIAN_POINT ( 'NONE',  ( -25.70000000000027640, -2.728897773692339778E-13, 80.00000000000000000 ) ) ;
#210 = CARTESIAN_POINT ( 'NONE',  ( 26.93333333333340462, 6.500000000000230926, 0.000000000000000000 ) ) ;
#211 = ORIENTED_EDGE ( 'NONE', *, *, #4910, .F. ) ;
#212 = VERTEX_POINT ( 'NONE', #5547 ) ;
#213 = VECTOR ( 'NONE', #325, 1000.000000000000000 ) ;
#214 = DIRECTION ( 'NONE',  ( 1.000000000000000000, 0.000000000000000000, 0.000000000000000000 ) ) ;
#215 = DIRECTION ( 'NONE',  ( 1.000000000000000000, 0.000000000000000000, 0.000000000000000000 ) ) ;
#216 = VECTOR ( 'NONE', #3388, 1000.000000000000000 ) ;
#217 = ORIENTED_EDGE ( 'NONE', *, *, #2820, .F. ) ;
#218 = EDGE_CURVE ( 'NONE', #3679, #6761, #3148, .T. ) ;
#219 = CARTESIAN_POINT ( 'NONE',  ( -27.49999999999963762, -2.862293735361688792E-13, 0.000000000000000000 ) ) ;
#220 = FACE_OUTER_BOUND ( 'NONE', #5360, .T. ) ;
#221 = ORIENTED_EDGE ( 'NONE', *, *, #971, .F. ) ;
#222 = ORIENTED_EDGE ( 'NONE', *, *, #5539, .F. ) ;
#223 = ORIENTED_EDGE ( 'NONE', *, *, #971, .T. ) ;
#224 = PERSON_AND_ORGANIZATION ( #2892, #3153 ) ;
#225 = AXIS2_PLACEMENT_3D ( 'NONE', #432, #3424, #3974 ) ;
#226 = CYLINDRICAL_SURFACE ( 'NONE', #6945, 1.500000000000001332 ) ;
#227 = DIRECTION ( 'NONE',  ( 1.136160801467183860E-14, -1.000000000000000000, 0.000000000000000000 ) ) ;
#228 = DIRECTION ( 'NONE',  ( 1.000000000000000000, 0.000000000000000000, 0.000000000000000000 ) ) ;
#229 = DIRECTION ( 'NONE',  ( -0.000000000000000000, -0.000000000000000000, -1.000000000000000000 ) ) ;
#230 = ORIENTED_EDGE ( 'NONE', *, *, #2216, .T. ) ;
#231 = DIRECTION ( 'NONE',  ( -0.000000000000000000, 0.000000000000000000, 1.000000000000000000 ) ) ;
#232 = AXIS2_PLACEMENT_3D ( 'NONE', #5750, #2194, #484 ) ;
#233 = CARTESIAN_POINT ( 'NONE',  ( -26.93333333333266566, 7.499999999999670486, 0.000000000000000000 ) ) ;
#234 = EDGE_CURVE ( 'NONE', #6144, #4669, #6035, .T. ) ;
#236 = ORIENTED_EDGE ( 'NONE', *, *, #991, .F. ) ;
#235 = VERTEX_POINT ( 'NONE', #5466 ) ;
#237 = PERSON_AND_ORGANIZATION ( #2152, #3857 ) ;
#238 = CARTESIAN_POINT ( 'NONE',  ( 25.00000000000015632, 18.79999999999974847, 80.00000000000000000 ) ) ;
#239 = DIRECTION ( 'NONE',  ( -1.000000000000000000, 0.000000000000000000, 0.000000000000000000 ) ) ;
#240 = CARTESIAN_POINT ( 'NONE',  ( 19.00000000000015632, 18.46341459489364212, 80.00000000000000000 ) ) ;
#241 = ORIENTED_EDGE ( 'NONE', *, *, #3732, .T. ) ;
#242 = CARTESIAN_POINT ( 'NONE',  ( -38.40281973967359619, -51.15890285748420041, 50.39293988232976318 ) ) ;
#243 = VERTEX_POINT ( 'NONE', #3784 ) ;
#244 = DIRECTION ( 'NONE',  ( -0.000000000000000000, 0.000000000000000000, 1.000000000000000000 ) ) ;
#245 = PLANE ( 'NONE',  #4806 ) ;
#246 = AXIS2_PLACEMENT_3D ( 'NONE', #2652, #829, #7420 ) ;
#247 = EDGE_CURVE ( 'NONE', #4485, #4385, #1946, .T. ) ;
#248 = CARTESIAN_POINT ( 'NONE',  ( -1.674796664980213759E-13, 17.69999999999960849, 80.00000000000000000 ) ) ;
#249 = CARTESIAN_POINT ( 'NONE',  ( 25.57802197802224597, -6.570329670329666527, -1.000000000000006661 ) ) ;
#250 = DIRECTION ( 'NONE',  ( 9.462128050787475806E-15, -1.000000000000000000, 0.000000000000000000 ) ) ;
#251 = FACE_OUTER_BOUND ( 'NONE', #6022, .T. ) ;
#252 = CC_DESIGN_APPROVAL ( #4164, ( #1489 ) ) ;
#253 = ORIENTED_EDGE ( 'NONE', *, *, #3787, .T. ) ;
#254 = ORIENTED_EDGE ( 'NONE', *, *, #3033, .T. ) ;
#255 = DIRECTION ( 'NONE',  ( 1.000000000000000000, 0.000000000000000000, 0.000000000000000000 ) ) ;
#256 = DIRECTION ( 'NONE',  ( -0.000000000000000000, 0.000000000000000000, 1.000000000000000000 ) ) ;
#257 = ADVANCED_FACE ( 'NONE', ( #1863 ), #6668, .T. ) ;
#258 = VERTEX_POINT ( 'NONE', #7378 ) ;
#259 = LINE ( 'NONE', #2536, #1067 ) ;
#260 = CARTESIAN_POINT ( 'NONE',  ( -5.000000000002086331, 18.46341459489362791, 80.00000000000000000 ) ) ;
#261 = VERTEX_POINT ( 'NONE', #787 ) ;
#262 = ORIENTED_EDGE ( 'NONE', *, *, #2922, .T. ) ;
#263 = VECTOR ( 'NONE', #402, 1000.000000000000000 ) ;
#264 = ORIENTED_EDGE ( 'NONE', *, *, #3300, .F. ) ;
#265 = LINE ( 'NONE', #6768, #7062 ) ;
#266 = EDGE_CURVE ( 'NONE', #7150, #3412, #3246, .T. ) ;
#267 = CARTESIAN_POINT ( 'NONE',  ( -11.90000000000154579, 18.42421244450408224, 80.00000000000000000 ) ) ;
#268 = DIRECTION ( 'NONE',  ( -1.000000000000000000, 0.000000000000000000, 0.000000000000000000 ) ) ;
#269 = ORIENTED_EDGE ( 'NONE', *, *, #1630, .T. ) ;
#270 = DIRECTION ( 'NONE',  ( 1.000000000000000000, 1.136160801469879082E-14, -0.000000000000000000 ) ) ;
#271 = LINE ( 'NONE', #6812, #6985 ) ;
#273 = ORIENTED_EDGE ( 'NONE', *, *, #2217, .T. ) ;
#272 = ORIENTED_EDGE ( 'NONE', *, *, #7241, .F. ) ;
#274 = CONICAL_SURFACE ( 'NONE', #5628, 1.500000000000001332, 0.7853981633974491672 ) ;
#275 = PERSON_AND_ORGANIZATION ( #2152, #3857 ) ;
#276 = DIRECTION ( 'NONE',  ( -0.000000000000000000, 0.000000000000000000, 1.000000000000000000 ) ) ;
#277 = EDGE_CURVE ( 'NONE', #6365, #3958, #915, .T. ) ;
#278 = LINE ( 'NONE', #2717, #5821 ) ;
#279 = LINE ( 'NONE', #2642, #1087 ) ;
#280 = PRODUCT_RELATED_PRODUCT_CATEGORY ( 'detail', '', ( #4797 ) ) ;
#281 = ORIENTED_EDGE ( 'NONE', *, *, #1445, .F. ) ;
#282 = VERTEX_POINT ( 'NONE', #830 ) ;
#283 = LINE ( 'NONE', #6619, #2709 ) ;
#284 = DIRECTION ( 'NONE',  ( -0.000000000000000000, 0.000000000000000000, 1.000000000000000000 ) ) ;
#285 = EDGE_CURVE ( 'NONE', #6928, #2992, #4837, .T. ) ;
#286 = CARTESIAN_POINT ( 'NONE',  ( -22.92226674140375309, 1.400000000000050093, 0.000000000000000000 ) ) ;
#287 = CARTESIAN_POINT ( 'NONE',  ( 24.79999999999990479, 2.700000000000517986, 80.00000000000000000 ) ) ;
#288 = PLANE ( 'NONE',  #2844 ) ;
#289 = CARTESIAN_POINT ( 'NONE',  ( 0.000000000000000000, 1.449999999999999956, 0.2900000000000003131 ) ) ;
#290 = EDGE_CURVE ( 'NONE', #3028, #4962, #6266, .T. ) ;
#291 = ORIENTED_EDGE ( 'NONE', *, *, #7168, .F. ) ;
#292 = ORIENTED_EDGE ( 'NONE', *, *, #3977, .T. ) ;
#293 = DIRECTION ( 'NONE',  ( -0.000000000000000000, 0.000000000000000000, 1.000000000000000000 ) ) ;
#294 = AXIS2_PLACEMENT_3D ( 'NONE', #233, #3848, #6187 ) ;
#295 = CARTESIAN_POINT ( 'NONE',  ( 0.000000000000000000, 1.449999999999999956, -0.2899999999999999800 ) ) ;
#296 = LINE ( 'NONE', #5050, #2065 ) ;
#297 = LINE ( 'NONE', #6174, #2593 ) ;
#298 = ORIENTED_EDGE ( 'NONE', *, *, #1848, .T. ) ;
#299 = EDGE_LOOP ( 'NONE', ( #7695, #450, #1813, #5946 ) ) ;
#300 = VERTEX_POINT ( 'NONE', #2530 ) ;
#301 = EDGE_CURVE ( 'NONE', #1461, #3209, #4290, .T. ) ;
#302 = DIRECTION ( 'NONE',  ( -0.000000000000000000, -0.000000000000000000, -1.000000000000000000 ) ) ;
#303 = AXIS2_PLACEMENT_3D ( 'NONE', #6611, #4858, #2435 ) ;
#304 = DIRECTION ( 'NONE',  ( 1.000000000000000000, 1.037939709735654321E-14, -0.000000000000000000 ) ) ;
#305 = VERTEX_POINT ( 'NONE', #6709 ) ;
#306 = LOCAL_TIME ( 15, 21, 11.00000000000000000, #7349 ) ;
#307 = DIRECTION ( 'NONE',  ( -0.000000000000000000, -0.000000000000000000, -1.000000000000000000 ) ) ;
#308 = CARTESIAN_POINT ( 'NONE',  ( 11.00000000000169287, 1.249776881616724364E-13, 80.00000000000000000 ) ) ;
#310 = ORIENTED_EDGE ( 'NONE', *, *, #3436, .F. ) ;
#309 = VERTEX_POINT ( 'NONE', #1370 ) ;
#311 = PERSON_AND_ORGANIZATION ( #2152, #3857 ) ;
#312 = EDGE_CURVE ( 'NONE', #5136, #2231, #4885, .T. ) ;
#313 = LOCAL_TIME ( 15, 21, 11.00000000000000000, #1097 ) ;
#314 = CARTESIAN_POINT ( 'NONE',  ( -22.52197802197775189, -6.570329670329666527, -0.9999999999999859002 ) ) ;
#315 = PLANE ( 'NONE',  #1467 ) ;
#316 = VECTOR ( 'NONE', #601, 1000.000000000000000 ) ;
#317 = DIRECTION ( 'NONE',  ( -1.000000000000000000, 0.000000000000000000, 0.000000000000000000 ) ) ;
#318 = VERTEX_POINT ( 'NONE', #2573 ) ;
#319 = DIRECTION ( 'NONE',  ( 0.000000000000000000, 0.000000000000000000, 1.000000000000000000 ) ) ;
#320 = EDGE_CURVE ( 'NONE', #4459, #6144, #4960, .T. ) ;
#321 = ORIENTED_EDGE ( 'NONE', *, *, #406, .F. ) ;
#322 = AXIS2_PLACEMENT_3D ( 'NONE', #5441, #6135, #1801 ) ;
#323 = CARTESIAN_POINT ( 'NONE',  ( -5.000000000002086331, 18.46341459489362791, 0.000000000000000000 ) ) ;
#324 = DIRECTION ( 'NONE',  ( -0.000000000000000000, -0.000000000000000000, -1.000000000000000000 ) ) ;
#325 = DIRECTION ( 'NONE',  ( 1.156482317317998771E-14, -1.000000000000000000, 0.000000000000000000 ) ) ;
#326 = LINE ( 'NONE', #4456, #3353 ) ;
#328 = ORIENTED_EDGE ( 'NONE', *, *, #864, .T. ) ;
#327 = EDGE_CURVE ( 'NONE', #2576, #5332, #3396, .T. ) ;
#329 = VERTEX_POINT ( 'NONE', #7213 ) ;
#330 = CIRCLE ( 'NONE', #5681, 1.500000000000001332 ) ;
#331 = PLANE ( 'NONE',  #7238 ) ;
#332 = AXIS2_PLACEMENT_3D ( 'NONE', #5745, #1603, #2229 ) ;
#333 = DIRECTION ( 'NONE',  ( -0.000000000000000000, 0.000000000000000000, 1.000000000000000000 ) ) ;
#334 = DIRECTION ( 'NONE',  ( 0.8660254037844383745, 0.000000000000000000, 0.5000000000000003331 ) ) ;
#335 = CYLINDRICAL_SURFACE ( 'NONE', #1966, 1.500000000000001332 ) ;
#336 = ORIENTED_EDGE ( 'NONE', *, *, #4876, .T. ) ;
#337 = CIRCLE ( 'NONE', #7073, 0.4629171123669024168 ) ;
#338 = EDGE_LOOP ( 'NONE', ( #4623, #6647, #5286, #1349 ) ) ;
#339 = PRODUCT_DEFINITION_SHAPE ( 'NONE', 'NONE',  #7702 ) ;
#340 = ORIENTED_EDGE ( 'NONE', *, *, #5334, .F. ) ;
#341 = CARTESIAN_POINT ( 'NONE',  ( 0.7500000000000000000, 0.5900000000000001910, -0.5900000000000001910 ) ) ;
#342 = CARTESIAN_POINT ( 'NONE',  ( 24.48302076461956389, 4.486057109949570965, 80.00000000000000000 ) ) ;
#343 = ADVANCED_FACE ( 'NONE', ( #251 ), #4419, .T. ) ;
#344 = ORIENTED_EDGE ( 'NONE', *, *, #1102, .T. ) ;
#345 = DIRECTION ( 'NONE',  ( 0.000000000000000000, 0.000000000000000000, 1.000000000000000000 ) ) ;
#346 = ORIENTED_EDGE ( 'NONE', *, *, #2423, .F. ) ;
#348 = ORIENTED_EDGE ( 'NONE', *, *, #7160, .F. ) ;
#347 = VERTEX_POINT ( 'NONE', #874 ) ;
#349 = APPROVAL_STATUS ( 'not_yet_approved' ) ;
#350 = CARTESIAN_POINT ( 'NONE',  ( -25.70000000000037943, 9.499999999999795719, 80.00000000000000000 ) ) ;
#351 = LINE ( 'NONE', #5147, #6062 ) ;
#352 = PLANE ( 'NONE',  #5319 ) ;
#353 = ORIENTED_EDGE ( 'NONE', *, *, #3155, .T. ) ;
#354 = VECTOR ( 'NONE', #6995, 1000.000000000000000 ) ;
#355 = AXIS2_PLACEMENT_3D ( 'NONE', #2283, #4079, #5838 ) ;
#356 = EDGE_CURVE ( 'NONE', #2129, #1782, #1902, .T. ) ;
#357 = CARTESIAN_POINT ( 'NONE',  ( -15.44535204942018325, 18.33710622225165210, 80.00000000000000000 ) ) ;
#358 = VERTEX_POINT ( 'NONE', #2073 ) ;
#359 = AXIS2_PLACEMENT_3D ( 'NONE', #5153, #946, #7565 ) ;
#360 = DIRECTION ( 'NONE',  ( 1.000000000000000000, -0.000000000000000000, -0.000000000000000000 ) ) ;
#361 = DIRECTION ( 'NONE',  ( -9.637352644317844976E-15, 1.000000000000000000, 0.000000000000000000 ) ) ;
#362 = EDGE_CURVE ( 'NONE', #4439, #4467, #6889, .T. ) ;
#363 = AXIS2_PLACEMENT_3D ( 'NONE', #4487, #4598, #6384 ) ;
#364 = PLANE ( 'NONE',  #246 ) ;
#365 = ORIENTED_EDGE ( 'NONE', *, *, #5070, .F. ) ;
#366 = VECTOR ( 'NONE', #5993, 1000.000000000000000 ) ;
#367 = DATE_AND_TIME ( #6395, #5398 ) ;
#368 = ADVANCED_FACE ( 'NONE', ( #3761 ), #6733, .T. ) ;
#369 = CARTESIAN_POINT ( 'NONE',  ( 25.70000000000045048, 4.486057109949584287, 80.00000000000000000 ) ) ;
#370 = CYLINDRICAL_SURFACE ( 'NONE', #5965, 0.2499999999999134859 ) ;
#371 = EDGE_CURVE ( 'NONE', #5189, #6534, #5152, .T. ) ;
#372 = AXIS2_PLACEMENT_3D ( 'NONE', #1442, #6199, #1982 ) ;
#373 = CARTESIAN_POINT ( 'NONE',  ( -13.00000000000097344, 17.69999999999969020, 0.000000000000000000 ) ) ;
#374 = DIRECTION ( 'NONE',  ( 1.000000000000000000, 0.000000000000000000, 0.000000000000000000 ) ) ;
#375 = ORIENTED_EDGE ( 'NONE', *, *, #2224, .T. ) ;
#376 = VERTEX_POINT ( 'NONE', #2550 ) ;
#377 = SECURITY_CLASSIFICATION ( '', '', #3997 ) ;
#378 = DIRECTION ( 'NONE',  ( -0.000000000000000000, -0.000000000000000000, -1.000000000000000000 ) ) ;
#379 = FACE_OUTER_BOUND ( 'NONE', #6983, .T. ) ;
#380 = CARTESIAN_POINT ( 'NONE',  ( 24.23302076461970955, 0.000000000000000000, 80.00000000000000000 ) ) ;
#381 = EDGE_LOOP ( 'NONE', ( #3591, #4921, #760, #3803 ) ) ;
#382 = LINE ( 'NONE', #7316, #2798 ) ;
#383 = ORIENTED_EDGE ( 'NONE', *, *, #5390, .F. ) ;
#384 = VECTOR ( 'NONE', #1628, 1000.000000000000000 ) ;
#386 = ORIENTED_EDGE ( 'NONE', *, *, #6879, .F. ) ;
#385 = ORIENTED_EDGE ( 'NONE', *, *, #4618, .F. ) ;
#387 = EDGE_CURVE ( 'NONE', #1275, #2127, #7246, .T. ) ;
#388 = PERSON_AND_ORGANIZATION_ROLE ( 'creator' ) ;
#389 = DIRECTION ( 'NONE',  ( -0.000000000000000000, -0.000000000000000000, -1.000000000000000000 ) ) ;
#390 = CARTESIAN_POINT ( 'NONE',  ( -24.22197802197803540, -9.270329670329591210, 0.000000000000000000 ) ) ;
#391 = FACE_OUTER_BOUND ( 'NONE', #2047, .T. ) ;
#392 = ORIENTED_EDGE ( 'NONE', *, *, #1591, .T. ) ;
#393 = CARTESIAN_POINT ( 'NONE',  ( -27.49999999999939249, 6.499999999999669598, 80.00000000000000000 ) ) ;
#394 = EDGE_CURVE ( 'NONE', #5255, #6210, #537, .T. ) ;
#395 = ORIENTED_EDGE ( 'NONE', *, *, #5790, .T. ) ;
#396 = CARTESIAN_POINT ( 'NONE',  ( 26.93333333333339397, 7.500000000000231815, 80.00000000000000000 ) ) ;
#397 = DIRECTION ( 'NONE',  ( 1.000000000000000000, 0.000000000000000000, 0.000000000000000000 ) ) ;
#398 = EDGE_CURVE ( 'NONE', #5356, #2992, #930, .T. ) ;
#399 = EDGE_CURVE ( 'NONE', #6534, #5189, #3767, .T. ) ;
#400 = VERTEX_POINT ( 'NONE', #3723 ) ;
#401 = LINE ( 'NONE', #2186, #906 ) ;
#402 = DIRECTION ( 'NONE',  ( -0.000000000000000000, -0.000000000000000000, -1.000000000000000000 ) ) ;
#403 = CARTESIAN_POINT ( 'NONE',  ( 27.07802197802169886, 6.829670329669523809, -1.000000000000006661 ) ) ;
#404 = CARTESIAN_POINT ( 'NONE',  ( -7.000000000001877609, -7.953125610298192027E-14, 80.00000000000000000 ) ) ;
#405 = ORIENTED_EDGE ( 'NONE', *, *, #7537, .F. ) ;
#406 = EDGE_CURVE ( 'NONE', #1994, #1581, #1405, .T. ) ;
#407 = ORIENTED_EDGE ( 'NONE', *, *, #2253, .F. ) ;
#408 = LINE ( 'NONE', #5166, #1213 ) ;
#409 = CARTESIAN_POINT ( 'NONE',  ( 26.93333333333340462, 6.500000000000230926, 80.00000000000000000 ) ) ;
#410 = CARTESIAN_POINT ( 'NONE',  ( -27.19999999999949836, 4.999999999999639400, 0.000000000000000000 ) ) ;
#411 = VERTEX_POINT ( 'NONE', #2634 ) ;
#412 = AXIS2_PLACEMENT_3D ( 'NONE', #613, #4270, #6013 ) ;
#413 = DIRECTION ( 'NONE',  ( -0.000000000000000000, 0.000000000000000000, 1.000000000000000000 ) ) ;
#414 = ORIENTED_EDGE ( 'NONE', *, *, #1288, .F. ) ;
#415 = AXIS2_PLACEMENT_3D ( 'NONE', #808, #7400, #2598 ) ;
#417 = VERTEX_POINT ( 'NONE', #146 ) ;
#416 = EDGE_LOOP ( 'NONE', ( #4588, #4613, #5377, #5605 ) ) ;
#418 = CC_DESIGN_DATE_AND_TIME_ASSIGNMENT ( #986, #4530, ( #172 ) ) ;
#419 = PERSON_AND_ORGANIZATION ( #2152, #3857 ) ;
#420 = CIRCLE ( 'NONE', #1412, 0.5666666666667812269 ) ;
#421 = CYLINDRICAL_SURFACE ( 'NONE', #5705, 0.4629171123665910548 ) ;
#422 = CARTESIAN_POINT ( 'NONE',  ( 0.7499999999999998890, -0.2899999999999999800, 0.2899999999999999800 ) ) ;
#423 = DIRECTION ( 'NONE',  ( -0.000000000000000000, -0.000000000000000000, -1.000000000000000000 ) ) ;
#424 = LOCAL_TIME ( 15, 21, 11.00000000000000000, #4812 ) ;
#425 = CARTESIAN_POINT ( 'NONE',  ( 17.90000000000072333, 18.42421244450428119, 0.000000000000000000 ) ) ;
#426 = VERTEX_POINT ( 'NONE', #7272 ) ;
#427 = AXIS2_PLACEMENT_3D ( 'NONE', #860, #276, #3270 ) ;
#428 = CARTESIAN_POINT ( 'NONE',  ( -7.445352049421951612, 18.33710622225218856, 80.00000000000000000 ) ) ;
#429 = CC_DESIGN_APPROVAL ( #4645, ( #4899 ) ) ;
#430 = PRODUCT_DEFINITION_SHAPE ( 'NONE', 'NONE',  #7710 ) ;
#431 = VECTOR ( 'NONE', #4878, 1000.000000000000000 ) ;
#432 = CARTESIAN_POINT ( 'NONE',  ( -1.674796664989339049E-13, 17.69999999999961560, 80.00000000000000000 ) ) ;
#433 = CARTESIAN_POINT ( 'NONE',  ( 0.04999999907795427134, 0.000000000000000000, 0.000000000000000000 ) ) ;
#434 = EDGE_LOOP ( 'NONE', ( #1929, #490, #5515, #3448 ) ) ;
#435 =( REPRESENTATION_RELATIONSHIP ('NONE','NONE', #4738, #2602 ) REPRESENTATION_RELATIONSHIP_WITH_TRANSFORMATION ( #3979 )SHAPE_REPRESENTATION_RELATIONSHIP( ) );
#436 = APPROVAL_DATE_TIME ( #6873, #509 ) ;
#437 = LOCAL_TIME ( 15, 21, 11.00000000000000000, #27 ) ;
#438 = DIRECTION ( 'NONE',  ( 0.000000000000000000, 0.000000000000000000, 1.000000000000000000 ) ) ;
#439 = DIRECTION ( 'NONE',  ( -0.000000000000000000, -0.000000000000000000, -1.000000000000000000 ) ) ;
#440 = CARTESIAN_POINT ( 'NONE',  ( -1.674796664989339302E-13, 17.69999999999961915, 0.000000000000000000 ) ) ;
#441 = LINE ( 'NONE', #404, #5600 ) ;
#442 = ADVANCED_FACE ( 'NONE', ( #2672 ), #769, .F. ) ;
#443 = DIRECTION ( 'NONE',  ( -0.000000000000000000, -0.000000000000000000, -1.000000000000000000 ) ) ;
#444 = ORIENTED_EDGE ( 'NONE', *, *, #2770, .T. ) ;
#445 = CIRCLE ( 'NONE', #4049, 0.4629171123666196985 ) ;
#446 = DIRECTION ( 'NONE',  ( 1.037939709735654321E-14, -1.000000000000000000, 0.000000000000000000 ) ) ;
#447 = DIRECTION ( 'NONE',  ( 1.077895816502271275E-14, -1.000000000000000000, 0.000000000000000000 ) ) ;
#448 = DIRECTION ( 'NONE',  ( -1.069075436258897643E-14, 1.000000000000000000, 0.000000000000000000 ) ) ;
#449 = ADVANCED_FACE ( 'NONE', ( #2093 ), #5060, .F. ) ;
#450 = ORIENTED_EDGE ( 'NONE', *, *, #4750, .F. ) ;
#451 = VECTOR ( 'NONE', #71, 1000.000000000000000 ) ;
#452 = CARTESIAN_POINT ( 'NONE',  ( 21.00000000000016698, 17.69999999999982521, 80.00000000000000000 ) ) ;
#453 = ORIENTED_EDGE ( 'NONE', *, *, #5305, .F. ) ;
#455 = ORIENTED_EDGE ( 'NONE', *, *, #3089, .F. ) ;
#454 = ORIENTED_EDGE ( 'NONE', *, *, #5742, .F. ) ;
#456 = APPLICATION_PROTOCOL_DEFINITION ( 'international standard', 'config_control_design', 1994, #2722 ) ;
#457 = AXIS2_PLACEMENT_3D ( 'NONE', #3821, #4955, #160 ) ;
#458 = DIRECTION ( 'NONE',  ( -1.000000000000000000, 0.000000000000000000, 0.000000000000000000 ) ) ;
#459 = CARTESIAN_POINT ( 'NONE',  ( 0.000000000000000000, 9.529670329669892581, -1.500000000000000000 ) ) ;
#460 = PLANE ( 'NONE',  #3550 ) ;
#461 = DIRECTION ( 'NONE',  ( 1.000000000000000000, 0.000000000000000000, 0.000000000000000000 ) ) ;
#462 = VERTEX_POINT ( 'NONE', #7318 ) ;
#463 = PRODUCT_DEFINITION ( '未知', '', #6715, #4926 ) ;
#464 = CARTESIAN_POINT ( 'NONE',  ( -18.99999999999993250, -1.726964418234336011E-13, 0.000000000000000000 ) ) ;
#465 = VECTOR ( 'NONE', #3647, 1000.000000000000000 ) ;
#466 = PLANE ( 'NONE',  #1041 ) ;
#467 = VECTOR ( 'NONE', #6481, 1000.000000000000000 ) ;
#468 = DIRECTION ( 'NONE',  ( 1.000000000000000000, -0.000000000000000000, -0.000000000000000000 ) ) ;
#469 = DIRECTION ( 'NONE',  ( 1.000000000000000000, 0.000000000000000000, 0.000000000000000000 ) ) ;
#470 = AXIS2_PLACEMENT_3D ( 'NONE', #5116, #3937, #6318 ) ;
#471 = VECTOR ( 'NONE', #7202, 1000.000000000000000 ) ;
#472 = VECTOR ( 'NONE', #1446, 1000.000000000000000 ) ;
#473 = ORIENTED_EDGE ( 'NONE', *, *, #3778, .F. ) ;
#474 = ORIENTED_EDGE ( 'NONE', *, *, #3391, .F. ) ;
#475 = PERSON_AND_ORGANIZATION ( #6608, #3644 ) ;
#476 = EDGE_CURVE ( 'NONE', #300, #1430, #1926, .T. ) ;
#477 = LINE ( 'NONE', #2149, #4637 ) ;
#478 = CARTESIAN_POINT ( 'NONE',  ( 24.79999999999976268, 16.09999999999970655, 80.00000000000000000 ) ) ;
#479 = DIRECTION ( 'NONE',  ( -1.000000000000000000, 0.000000000000000000, 0.000000000000000000 ) ) ;
#480 = DIRECTION ( 'NONE',  ( -0.000000000000000000, -0.000000000000000000, -1.000000000000000000 ) ) ;
#481 = ORIENTED_EDGE ( 'NONE', *, *, #2228, .T. ) ;
#482 = AXIS2_PLACEMENT_3D ( 'NONE', #4123, #1128, #6500 ) ;
#483 = ORIENTED_EDGE ( 'NONE', *, *, #199, .F. ) ;
#484 = DIRECTION ( 'NONE',  ( 0.000000000000000000, 0.000000000000000000, 1.000000000000000000 ) ) ;
#485 = LINE ( 'NONE', #4065, #2872 ) ;
#486 = EDGE_CURVE ( 'NONE', #376, #761, #7443, .T. ) ;
#487 = PLANE ( 'NONE',  #5410 ) ;
#488 = ORIENTED_EDGE ( 'NONE', *, *, #3864, .F. ) ;
#489 = LINE ( 'NONE', #3446, #201 ) ;
#490 = ORIENTED_EDGE ( 'NONE', *, *, #3576, .F. ) ;
#492 = EDGE_LOOP ( 'NONE', ( #6299, #3919, #4879, #5120 ) ) ;
#491 = ORIENTED_EDGE ( 'NONE', *, *, #5073, .T. ) ;
#493 = LOCAL_TIME ( 15, 21, 11.00000000000000000, #3102 ) ;
#494 = ADVANCED_FACE ( 'NONE', ( #4939 ), #6776, .T. ) ;
#495 = DATE_TIME_ROLE ( 'classification_date' ) ;
#496 = DIRECTION ( 'NONE',  ( 1.018012715584551900E-14, -1.000000000000000000, 0.000000000000000000 ) ) ;
#497 = CARTESIAN_POINT ( 'NONE',  ( 7.445352049422013785, 18.33710622225111919, 0.000000000000000000 ) ) ;
#498 = DIRECTION ( 'NONE',  ( 0.000000000000000000, 0.000000000000000000, 1.000000000000000000 ) ) ;
#499 = CYLINDRICAL_SURFACE ( 'NONE', #5769, 1.500000000000001332 ) ;
#500 = VERTEX_POINT ( 'NONE', #892 ) ;
#501 = LINE ( 'NONE', #393, #5596 ) ;
#502 = ADVANCED_FACE ( 'NONE', ( #1505 ), #1970, .F. ) ;
#503 = LINE ( 'NONE', #7602, #6635 ) ;
#504 = CC_DESIGN_DATE_AND_TIME_ASSIGNMENT ( #660, #7021, ( #4899 ) ) ;
#505 = CARTESIAN_POINT ( 'NONE',  ( 13.00000000000104095, 18.46341459489379844, 80.00000000000000000 ) ) ;
#506 = DIRECTION ( 'NONE',  ( 1.000000000000000000, 0.000000000000000000, 0.000000000000000000 ) ) ;
#507 = ORIENTED_EDGE ( 'NONE', *, *, #1621, .T. ) ;
#508 = ORIENTED_EDGE ( 'NONE', *, *, #7074, .T. ) ;
#509 = APPROVAL ( #3051, 'UNKNOWN' ) ;
#510 = DATE_TIME_ROLE ( 'classification_date' ) ;
#511 = CIRCLE ( 'NONE', #6737, 1.500000000000001332 ) ;
#512 = EDGE_CURVE ( 'NONE', #3287, #2102, #3885, .T. ) ;
#513 = LINE ( 'NONE', #4098, #2760 ) ;
#514 = CARTESIAN_POINT ( 'NONE',  ( -23.55258382925076788, 2.780329925643896249, 80.00000000000000000 ) ) ;
#515 = VECTOR ( 'NONE', #1125, 1000.000000000000000 ) ;
#516 = EDGE_CURVE ( 'NONE', #949, #1421, #271, .T. ) ;
#517 = CARTESIAN_POINT ( 'NONE',  ( 24.07802197802224597, -6.570329670329666527, -1.000000000000006661 ) ) ;
#518 = PLANE ( 'NONE',  #2721 ) ;
#519 = DIRECTION ( 'NONE',  ( 1.000000000000000000, 0.000000000000000000, 0.000000000000000000 ) ) ;
#520 = VERTEX_POINT ( 'NONE', #4436 ) ;
#521 = AXIS2_PLACEMENT_3D ( 'NONE', #6874, #4569, #3944 ) ;
#522 = DIRECTION ( 'NONE',  ( -1.000000000000000000, -1.140313919232872399E-14, 0.000000000000000000 ) ) ;
#523 = DIRECTION ( 'NONE',  ( -0.000000000000000000, 0.000000000000000000, 1.000000000000000000 ) ) ;
#524 = CYLINDRICAL_SURFACE ( 'NONE', #1664, 2.499999999999974243 ) ;
#525 = ORIENTED_EDGE ( 'NONE', *, *, #6216, .F. ) ;
#526 = ADVANCED_FACE ( 'NONE', ( #5489 ), #7363, .F. ) ;
#527 = CARTESIAN_POINT ( 'NONE',  ( 27.50000000000025580, 4.500000000000236255, 80.00000000000000000 ) ) ;
#528 = ORIENTED_EDGE ( 'NONE', *, *, #5296, .T. ) ;
#530 = ORIENTED_EDGE ( 'NONE', *, *, #864, .F. ) ;
#529 = ORIENTED_EDGE ( 'NONE', *, *, #3562, .T. ) ;
#531 = CALENDAR_DATE ( 2020, 16, 10 ) ;
#532 = CARTESIAN_POINT ( 'NONE',  ( -11.00000000000142286, 18.46341459489513070, 80.00000000000000000 ) ) ;
#533 = DIRECTION ( 'NONE',  ( -0.7071067811865482389, 8.659560562354941486E-17, 0.7071067811865469066 ) ) ;
#534 = DIRECTION ( 'NONE',  ( -0.000000000000000000, 0.000000000000000000, 1.000000000000000000 ) ) ;
#535 = DIRECTION ( 'NONE',  ( -0.000000000000000000, 0.000000000000000000, 1.000000000000000000 ) ) ;
#536 = ORIENTED_EDGE ( 'NONE', *, *, #2139, .T. ) ;
#537 = CIRCLE ( 'NONE', #294, 0.5666666666667812269 ) ;
#538 = CARTESIAN_POINT ( 'NONE',  ( 0.000000000000000000, 2.200000000000000178, 0.2899999999999999800 ) ) ;
#539 = EDGE_CURVE ( 'NONE', #1113, #4962, #1644, .T. ) ;
#540 = CIRCLE ( 'NONE', #5658, 1.250000000000000000 ) ;
#541 = AXIS2_PLACEMENT_3D ( 'NONE', #805, #6730, #2010 ) ;
#542 = CARTESIAN_POINT ( 'NONE',  ( 0.000000000000000000, -0.5900000000000001910, -0.2900000000000000910 ) ) ;
#543 = CARTESIAN_POINT ( 'NONE',  ( -24.22197802197803540, 9.529670329669892581, -1.500000000000000000 ) ) ;
#544 = DIRECTION ( 'NONE',  ( 1.000000000000000000, 0.000000000000000000, 0.000000000000000000 ) ) ;
#545 = VECTOR ( 'NONE', #2319, 1000.000000000000000 ) ;
#546 = EDGE_CURVE ( 'NONE', #5725, #4638, #3873, .T. ) ;
#547 = ORGANIZATION ( 'NAUO-ORG9', 'UNSPECIFIED', 'UNSPECIFIED' ) ;
#548 = VERTEX_POINT ( 'NONE', #2778 ) ;
#549 = APPROVAL_ROLE ( '' ) ;
#550 = SECURITY_CLASSIFICATION ( '', '', #85 ) ;
#551 = DIRECTION ( 'NONE',  ( -1.000000000000000000, 0.000000000000000000, 0.000000000000000000 ) ) ;
#552 = PLANE ( 'NONE',  #5773 ) ;
#553 = EDGE_CURVE ( 'NONE', #2479, #1240, #7658, .T. ) ;
#554 = EDGE_CURVE ( 'NONE', #7423, #6904, #757, .T. ) ;
#555 = FACE_OUTER_BOUND ( 'NONE', #4699, .T. ) ;
#556 = CARTESIAN_POINT ( 'NONE',  ( 24.23302076461970955, 4.236057109949596722, 0.000000000000000000 ) ) ;
#557 = DIRECTION ( 'NONE',  ( -0.000000000000000000, 0.000000000000000000, 1.000000000000000000 ) ) ;
#558 = EDGE_LOOP ( 'NONE', ( #7510, #5829, #942, #1827 ) ) ;
#559 = DIRECTION ( 'NONE',  ( 1.000000000000000000, 0.000000000000000000, 0.000000000000000000 ) ) ;
#560 = CARTESIAN_POINT ( 'NONE',  ( 0.000000000000000000, -1.449999999999999956, 0.2899999999999998690 ) ) ;
#561 = CIRCLE ( 'NONE', #7414, 0.5666666666667361518 ) ;
#562 = DIRECTION ( 'NONE',  ( 1.000000000000000000, 0.000000000000000000, 0.000000000000000000 ) ) ;
#563 = EDGE_LOOP ( 'NONE', ( #7380, #607, #3326, #272 ) ) ;
#564 = CARTESIAN_POINT ( 'NONE',  ( 25.77802197802195394, -6.770329670329644500, 0.000000000000000000 ) ) ;
#565 = ORIENTED_EDGE ( 'NONE', *, *, #4469, .F. ) ;
#567 = VERTEX_POINT ( 'NONE', #7033 ) ;
#566 = ORIENTED_EDGE ( 'NONE', *, *, #2294, .F. ) ;
#568 = VECTOR ( 'NONE', #1148, 1000.000000000000000 ) ;
#569 = APPROVAL_ROLE ( '' ) ;
#570 = DIRECTION ( 'NONE',  ( 0.8660254037844380415, 0.000000000000000000, 0.5000000000000009992 ) ) ;
#571 = ADVANCED_FACE ( 'NONE', ( #1573 ), #1012, .F. ) ;
#572 = DIRECTION ( 'NONE',  ( 1.000000000000000000, 1.047444401652940164E-14, 0.000000000000000000 ) ) ;
#573 = CARTESIAN_POINT ( 'NONE',  ( 24.23302076461970955, 0.000000000000000000, 80.00000000000000000 ) ) ;
#574 = VECTOR ( 'NONE', #6645, 1000.000000000000000 ) ;
#575 = DIRECTION ( 'NONE',  ( 0.000000000000000000, 0.000000000000000000, 1.000000000000000000 ) ) ;
#576 = ORIENTED_EDGE ( 'NONE', *, *, #4605, .T. ) ;
#577 = VECTOR ( 'NONE', #11, 1000.000000000000000 ) ;
#578 = DIRECTION ( 'NONE',  ( -1.000000000000000000, -1.047674664616666168E-14, 0.000000000000000000 ) ) ;
#579 = AXIS2_PLACEMENT_3D ( 'NONE', #7333, #4372, #4332 ) ;
#580 = DIRECTION ( 'NONE',  ( 1.000000000000000000, 1.136160801467550522E-14, -0.000000000000000000 ) ) ;
#581 = CARTESIAN_POINT ( 'NONE',  ( -27.19999999999953744, 8.999999999999637623, 0.000000000000000000 ) ) ;
#582 = CARTESIAN_POINT ( 'NONE',  ( 19.90000000000037161, 9.533389665948485318E-14, 0.000000000000000000 ) ) ;
#583 = ADVANCED_FACE ( 'NONE', ( #4582 ), #2234, .T. ) ;
#584 = APPLICATION_CONTEXT ( 'configuration controlled 3d designs of mechanical parts and assemblies' ) ;
#585 = EDGE_LOOP ( 'NONE', ( #7402, #6890, #957, #2788 ) ) ;
#586 = VECTOR ( 'NONE', #2916, 1000.000000000000000 ) ;
#587 = AXIS2_PLACEMENT_3D ( 'NONE', #6346, #3348, #5732 ) ;
#588 = APPROVAL_STATUS ( 'not_yet_approved' ) ;
#589 = ADVANCED_FACE ( 'NONE', ( #2855 ), #5241, .T. ) ;
#590 = AXIS2_PLACEMENT_3D ( 'NONE', #78, #239, #1395 ) ;
#591 = PLANE ( 'NONE',  #7116 ) ;
#592 = CYLINDRICAL_SURFACE ( 'NONE', #3151, 0.4629171123673361254 ) ;
#593 = AXIS2_PLACEMENT_3D ( 'NONE', #3955, #1680, #559 ) ;
#594 = DIRECTION ( 'NONE',  ( -1.141910841581602195E-14, 1.000000000000000000, 0.000000000000000000 ) ) ;
#595 = DIRECTION ( 'NONE',  ( 1.000000000000000000, 0.000000000000000000, 0.000000000000000000 ) ) ;
#596 = LINE ( 'NONE', #5273, #654 ) ;
#597 = ORIENTED_EDGE ( 'NONE', *, *, #3211, .F. ) ;
#598 = EDGE_CURVE ( 'NONE', #2900, #4305, #5719, .T. ) ;
#599 = CC_DESIGN_PERSON_AND_ORGANIZATION_ASSIGNMENT ( #2018, #2751, ( #7475 ) ) ;
#600 = DIRECTION ( 'NONE',  ( -0.000000000000000000, -0.000000000000000000, -1.000000000000000000 ) ) ;
#601 = DIRECTION ( 'NONE',  ( 1.000000000000000000, 9.462128050783640364E-15, 0.000000000000000000 ) ) ;
#602 = ORIENTED_EDGE ( 'NONE', *, *, #1549, .F. ) ;
#603 = AXIS2_PLACEMENT_3D ( 'NONE', #6763, #5127, #4384 ) ;
#604 = CARTESIAN_POINT ( 'NONE',  ( 28.07802197802170596, 6.829670329669523809, 0.000000000000000000 ) ) ;
#605 = ORIENTED_EDGE ( 'NONE', *, *, #5512, .F. ) ;
#607 = ORIENTED_EDGE ( 'NONE', *, *, #266, .T. ) ;
#606 = VERTEX_POINT ( 'NONE', #3989 ) ;
#608 = ITEM_DEFINED_TRANSFORMATION ( 'NONE', 'NONE', #5727,  #2222 ) ;
#609 = CARTESIAN_POINT ( 'NONE',  ( -26.93333333333270829, 11.49999999999967315, 80.00000000000000000 ) ) ;
#610 = ADVANCED_FACE ( 'NONE', ( #1681 ), #6368, .F. ) ;
#611 = LINE ( 'NONE', #1657, #3072 ) ;
#612 = CARTESIAN_POINT ( 'NONE',  ( -3.449999999964178610, 18.79999999999945004, 80.00000000000000000 ) ) ;
#613 = CARTESIAN_POINT ( 'NONE',  ( -7.000000000001877609, -7.953125610298192027E-14, 80.00000000000000000 ) ) ;
#614 = ORIENTED_EDGE ( 'NONE', *, *, #5004, .T. ) ;
#615 = ORIENTED_EDGE ( 'NONE', *, *, #4359, .T. ) ;
#616 = CC_DESIGN_SECURITY_CLASSIFICATION ( #1235, ( #1721 ) ) ;
#617 = ADVANCED_FACE ( 'NONE', ( #379 ), #1031, .F. ) ;
#618 = DIRECTION ( 'NONE',  ( -0.000000000000000000, 0.000000000000000000, 1.000000000000000000 ) ) ;
#619 = DIRECTION ( 'NONE',  ( 0.000000000000000000, 1.000000000000000000, -0.000000000000000000 ) ) ;
#620 = CARTESIAN_POINT ( 'NONE',  ( -5.000000000002077449, 17.69999999999977547, 80.00000000000000000 ) ) ;
#621 = ORIENTED_EDGE ( 'NONE', *, *, #3571, .F. ) ;
#622 = EDGE_CURVE ( 'NONE', #2879, #1950, #6996, .T. ) ;
#623 = CIRCLE ( 'NONE', #1367, 0.4629171123669006960 ) ;
#624 = VERTEX_POINT ( 'NONE', #2816 ) ;
#625 = EDGE_CURVE ( 'NONE', #177, #624, #5134, .T. ) ;
#626 = APPROVAL_STATUS ( 'not_yet_approved' ) ;
#627 = LINE ( 'NONE', #1711, #2493 ) ;
#628 = CARTESIAN_POINT ( 'NONE',  ( 7.000000000002374101, 17.69999999999967955, 80.00000000000000000 ) ) ;
#629 = ADVANCED_FACE ( 'NONE', ( #1069 ), #1538, .F. ) ;
#630 = CARTESIAN_POINT ( 'NONE',  ( -24.38654285052914616, 14.92159925438559931, 80.00000000000000000 ) ) ;
#631 = DIRECTION ( 'NONE',  ( 1.136160801470065095E-14, -1.000000000000000000, 0.000000000000000000 ) ) ;
#632 = LINE ( 'NONE', #4686, #6759 ) ;
#633 = VECTOR ( 'NONE', #7545, 1000.000000000000000 ) ;
#634 = EDGE_LOOP ( 'NONE', ( #7607, #6562, #7457, #4073 ) ) ;
#635 = VERTEX_POINT ( 'NONE', #4691 ) ;
#636 = DIRECTION ( 'NONE',  ( 0.000000000000000000, 1.000000000000000000, 1.869314090492250044E-16 ) ) ;
#637 = DIRECTION ( 'NONE',  ( 1.000000000000000000, 0.000000000000000000, 0.000000000000000000 ) ) ;
#638 = ORIENTED_EDGE ( 'NONE', *, *, #2331, .F. ) ;
#639 = EDGE_CURVE ( 'NONE', #1116, #2803, #485, .T. ) ;
#640 = CARTESIAN_POINT ( 'NONE',  ( 27.20000000000051799, 14.00000000000009592, 80.00000000000000000 ) ) ;
#641 = ORIENTED_EDGE ( 'NONE', *, *, #7499, .F. ) ;
#643 = ORIENTED_EDGE ( 'NONE', *, *, #876, .T. ) ;
#642 = ORIENTED_EDGE ( 'NONE', *, *, #6976, .F. ) ;
#644 = CIRCLE ( 'NONE', #1017, 1.000000000000014655 ) ;
#645 = CALENDAR_DATE ( 2020, 16, 10 ) ;
#646 = DIRECTION ( 'NONE',  ( -0.000000000000000000, -0.000000000000000000, -1.000000000000000000 ) ) ;
#647 = FACE_OUTER_BOUND ( 'NONE', #838, .T. ) ;
#648 = CARTESIAN_POINT ( 'NONE',  ( 27.20000000000026574, 7.000000000000157208, 0.000000000000000000 ) ) ;
#649 = LINE ( 'NONE', #3098, #1892 ) ;
#650 = ORIENTED_EDGE ( 'NONE', *, *, #1677, .T. ) ;
#651 = ORIENTED_EDGE ( 'NONE', *, *, #3917, .F. ) ;
#652 = EDGE_CURVE ( 'NONE', #196, #674, #511, .T. ) ;
#653 = DIRECTION ( 'NONE',  ( 1.000000000000000000, 0.000000000000000000, 0.000000000000000000 ) ) ;
#654 = VECTOR ( 'NONE', #2266, 1000.000000000000000 ) ;
#655 = CYLINDRICAL_SURFACE ( 'NONE', #1947, 0.2500000000000314193 ) ;
#656 = FACE_OUTER_BOUND ( 'NONE', #5321, .T. ) ;
#657 = ORIENTED_EDGE ( 'NONE', *, *, #6826, .F. ) ;
#658 = AXIS2_PLACEMENT_3D ( 'NONE', #1620, #4002, #6381 ) ;
#659 = VERTEX_POINT ( 'NONE', #3003 ) ;
#660 = DATE_AND_TIME ( #5989, #1051 ) ;
#661 = AXIS2_PLACEMENT_3D ( 'NONE', #3025, #6652, #4236 ) ;
#662 = DIRECTION ( 'NONE',  ( 1.000000000000000000, 0.000000000000000000, 0.000000000000000000 ) ) ;
#663 = CC_DESIGN_APPROVAL ( #509, ( #5659 ) ) ;
#664 = DIRECTION ( 'NONE',  ( -0.000000000000000000, 0.000000000000000000, 1.000000000000000000 ) ) ;
#665 = DIRECTION ( 'NONE',  ( 0.000000000000000000, -0.000000000000000000, 1.000000000000000000 ) ) ;
#666 = CARTESIAN_POINT ( 'NONE',  ( 7.000000000002575717, 7.953125610293380607E-14, 80.00000000000000000 ) ) ;
#667 = DIRECTION ( 'NONE',  ( 1.018012715584551900E-14, -1.000000000000000000, 0.000000000000000000 ) ) ;
#668 = ORIENTED_EDGE ( 'NONE', *, *, #5231, .T. ) ;
#669 = ORIENTED_EDGE ( 'NONE', *, *, #5118, .T. ) ;
#670 = ORIENTED_EDGE ( 'NONE', *, *, #6114, .T. ) ;
#671 = CIRCLE ( 'NONE', #5040, 0.4629171123663819998 ) ;
#672 = CARTESIAN_POINT ( 'NONE',  ( -26.93333333333269763, 10.49999999999967315, 80.00000000000000000 ) ) ;
#673 = DIRECTION ( 'NONE',  ( 1.000000000000000000, 9.985890108384416240E-15, 0.000000000000000000 ) ) ;
#674 = VERTEX_POINT ( 'NONE', #7181 ) ;
#675 = EDGE_CURVE ( 'NONE', #6938, #7614, #5354, .T. ) ;
#676 = FACE_OUTER_BOUND ( 'NONE', #5418, .T. ) ;
#677 = ORIENTED_EDGE ( 'NONE', *, *, #4174, .F. ) ;
#679 = ORIENTED_EDGE ( 'NONE', *, *, #7372, .T. ) ;
#678 = VERTEX_POINT ( 'NONE', #7216 ) ;
#680 = ITEM_DEFINED_TRANSFORMATION ( 'NONE', 'NONE', #4219,  #2222 ) ;
#681 = DIRECTION ( 'NONE',  ( 1.000000000000000000, 0.000000000000000000, 0.000000000000000000 ) ) ;
#682 = CARTESIAN_POINT ( 'NONE',  ( 11.90000000000160618, 18.42421244450422080, 80.00000000000000000 ) ) ;
#683 = CARTESIAN_POINT ( 'NONE',  ( -15.00000000000053113, 17.69999999999967244, 80.00000000000000000 ) ) ;
#684 = LINE ( 'NONE', #5485, #4016 ) ;
#685 = ORIENTED_EDGE ( 'NONE', *, *, #7579, .F. ) ;
#686 = ORIENTED_EDGE ( 'NONE', *, *, #4678, .F. ) ;
#687 = APPROVAL_ROLE ( '' ) ;
#688 = FACE_OUTER_BOUND ( 'NONE', #3747, .T. ) ;
#689 = CARTESIAN_POINT ( 'NONE',  ( -24.48302076461965626, 4.236057109949086019, 80.00000000000000000 ) ) ;
#690 = FACE_OUTER_BOUND ( 'NONE', #6333, .T. ) ;
#691 = CIRCLE ( 'NONE', #6917, 2.499999999999974243 ) ;
#692 = VECTOR ( 'NONE', #4059, 1000.000000000000000 ) ;
#693 = EDGE_CURVE ( 'NONE', #6317, #7315, #6482, .T. ) ;
#694 = VERTEX_POINT ( 'NONE', #2969 ) ;
#695 = VECTOR ( 'NONE', #5221, 1000.000000000000000 ) ;
#696 = ORIENTED_EDGE ( 'NONE', *, *, #6982, .F. ) ;
#697 = FACE_OUTER_BOUND ( 'NONE', #6375, .T. ) ;
#698 = LINE ( 'NONE', #7330, #5809 ) ;
#699 = AXIS2_PLACEMENT_3D ( 'NONE', #6161, #6118, #1989 ) ;
#700 = FACE_OUTER_BOUND ( 'NONE', #2984, .T. ) ;
#701 = LINE ( 'NONE', #3618, #1162 ) ;
#702 = CARTESIAN_POINT ( 'NONE',  ( 13.90000000000133973, 1.331800164388389202E-13, 80.00000000000000000 ) ) ;
#703 = DIRECTION ( 'NONE',  ( -1.000000000000000000, -9.462128050787431630E-15, 0.000000000000000000 ) ) ;
#704 = CARTESIAN_POINT ( 'NONE',  ( 24.79999999999990479, 2.700000000000517986, 0.000000000000000000 ) ) ;
#705 = VECTOR ( 'NONE', #4090, 1000.000000000000000 ) ;
#706 = EDGE_CURVE ( 'NONE', #4952, #6374, #7143, .T. ) ;
#707 = EDGE_LOOP ( 'NONE', ( #2941, #34, #5476, #3838 ) ) ;
#708 = FACE_OUTER_BOUND ( 'NONE', #3467, .T. ) ;
#709 = AXIS2_PLACEMENT_3D ( 'NONE', #2629, #302, #848 ) ;
#710 = VECTOR ( 'NONE', #7493, 1000.000000000000000 ) ;
#711 = DIRECTION ( 'NONE',  ( -0.000000000000000000, 0.000000000000000000, 1.000000000000000000 ) ) ;
#712 = VERTEX_POINT ( 'NONE', #60 ) ;
#713 = AXIS2_PLACEMENT_3D ( 'NONE', #1314, #732, #3684 ) ;
#714 = VERTEX_POINT ( 'NONE', #1867 ) ;
#715 = LINE ( 'NONE', #7221, #1927 ) ;
#716 = CARTESIAN_POINT ( 'NONE',  ( 22.92226674140372822, 1.400000000000530154, 0.000000000000000000 ) ) ;
#717 = ORIENTED_EDGE ( 'NONE', *, *, #2913, .T. ) ;
#718 = EDGE_CURVE ( 'NONE', #6806, #2683, #6602, .T. ) ;
#719 = EDGE_LOOP ( 'NONE', ( #6045, #392, #3849, #4225 ) ) ;
#720 = PERSON_AND_ORGANIZATION_ROLE ( 'classification_officer' ) ;
#721 = ADVANCED_FACE ( 'NONE', ( #6555 ), #6040, .T. ) ;
#722 = FACE_OUTER_BOUND ( 'NONE', #4698, .T. ) ;
#723 = DIRECTION ( 'NONE',  ( -0.000000000000000000, 0.000000000000000000, 1.000000000000000000 ) ) ;
#724 = CARTESIAN_POINT ( 'NONE',  ( 22.92226674140372822, 1.400000000000530154, 80.00000000000000000 ) ) ;
#725 = DIRECTION ( 'NONE',  ( 1.061827927506645323E-14, -1.000000000000000000, 0.000000000000000000 ) ) ;
#726 = ORIENTED_EDGE ( 'NONE', *, *, #6920, .F. ) ;
#727 = VERTEX_POINT ( 'NONE', #17 ) ;
#728 = EDGE_CURVE ( 'NONE', #1233, #1782, #2376, .T. ) ;
#729 = VECTOR ( 'NONE', #1750, 1000.000000000000000 ) ;
#730 = PERSON_AND_ORGANIZATION ( #2152, #3857 ) ;
#731 = LINE ( 'NONE', #149, #4890 ) ;
#732 = DIRECTION ( 'NONE',  ( -0.000000000000000000, 0.000000000000000000, 1.000000000000000000 ) ) ;
#733 = CARTESIAN_POINT ( 'NONE',  ( 9.900000000002048495, 18.42421244450419948, 80.00000000000000000 ) ) ;
#734 = EDGE_LOOP ( 'NONE', ( #642, #1578, #679, #3831 ) ) ;
#735 = LOCAL_TIME ( 15, 21, 11.00000000000000000, #3416 ) ;
#736 = DIRECTION ( 'NONE',  ( -2.740448166684200283E-17, 4.400722932270904413E-18, -1.000000000000000000 ) ) ;
#737 = EDGE_CURVE ( 'NONE', #2748, #1391, #15, .T. ) ;
#738 = ORIENTED_EDGE ( 'NONE', *, *, #6726, .T. ) ;
#739 = CC_DESIGN_SECURITY_CLASSIFICATION ( #7475, ( #1489 ) ) ;
#740 = CARTESIAN_POINT ( 'NONE',  ( 13.00000000000104095, 18.46341459489379844, 80.00000000000000000 ) ) ;
#741 = DIRECTION ( 'NONE',  ( 0.000000000000000000, 0.000000000000000000, 1.000000000000000000 ) ) ;
#742 = PLANE ( 'NONE',  #2369 ) ;
#743 = DIRECTION ( 'NONE',  ( -1.000000000000000000, -1.084202172485920164E-14, 0.000000000000000000 ) ) ;
#744 = CIRCLE ( 'NONE', #6978, 1.000000000000042633 ) ;
#745 = CARTESIAN_POINT ( 'NONE',  ( 5.000000000002553513, 5.112723606618786400E-14, 80.00000000000000000 ) ) ;
#746 = CARTESIAN_POINT ( 'NONE',  ( 25.57802197802224597, -6.570329670329666527, -1.000000000000006661 ) ) ;
#747 = DIRECTION ( 'NONE',  ( -9.581296146679602814E-15, 1.000000000000000000, 0.000000000000000000 ) ) ;
#748 = CC_DESIGN_PERSON_AND_ORGANIZATION_ASSIGNMENT ( #7687, #1671, ( #4899 ) ) ;
#749 = ADVANCED_FACE ( 'NONE', ( #4253 ), #5930, .T. ) ;
#750 = VERTEX_POINT ( 'NONE', #7070 ) ;
#751 = VERTEX_POINT ( 'NONE', #1292 ) ;
#752 = DIRECTION ( 'NONE',  ( 9.581296146678135533E-15, -1.000000000000000000, 0.000000000000000000 ) ) ;
#753 = CYLINDRICAL_SURFACE ( 'NONE', #7095, 0.5666666666666042573 ) ;
#754 = ADVANCED_FACE ( 'NONE', ( #1829 ), #1720, .T. ) ;
#755 = ORIENTED_EDGE ( 'NONE', *, *, #5781, .T. ) ;
#756 = ORIENTED_EDGE ( 'NONE', *, *, #5559, .F. ) ;
#757 = CIRCLE ( 'NONE', #3253, 0.2999999999999999334 ) ;
#758 = FACE_OUTER_BOUND ( 'NONE', #66, .T. ) ;
#759 = DIRECTION ( 'NONE',  ( 1.000000000000000000, 0.000000000000000000, 0.000000000000000000 ) ) ;
#760 = ORIENTED_EDGE ( 'NONE', *, *, #6001, .T. ) ;
#761 = VERTEX_POINT ( 'NONE', #4803 ) ;
#762 = PRODUCT ( 'YG-J03A-0000-001', 'YG-J03A-0000-001', '', ( #5865 ) ) ;
#763 = COORDINATED_UNIVERSAL_TIME_OFFSET ( 8, 0, .AHEAD. ) ;
#764 = CARTESIAN_POINT ( 'NONE',  ( -26.93333333333265855, 6.499999999999669598, 80.00000000000000000 ) ) ;
#765 = LINE ( 'NONE', #3137, #2920 ) ;
#766 = DIRECTION ( 'NONE',  ( -0.000000000000000000, 0.000000000000000000, 1.000000000000000000 ) ) ;
#767 = DIRECTION ( 'NONE',  ( -1.000000000000000000, 0.000000000000000000, 0.000000000000000000 ) ) ;
#768 = VERTEX_POINT ( 'NONE', #5317 ) ;
#769 = PLANE ( 'NONE',  #2394 ) ;
#770 = VECTOR ( 'NONE', #4717, 1000.000000000000000 ) ;
#771 = ORIENTED_EDGE ( 'NONE', *, *, #1276, .T. ) ;
#772 = DIRECTION ( 'NONE',  ( -0.000000000000000000, -0.000000000000000000, -1.000000000000000000 ) ) ;
#773 = CARTESIAN_POINT ( 'NONE',  ( -24.02197802197775189, -6.570329670329666527, -0.9999999999999859002 ) ) ;
#774 = CARTESIAN_POINT ( 'NONE',  ( 0.7499999999999997780, -1.016987298107779658, -0.2899999999999999800 ) ) ;
#775 = AXIS2_PLACEMENT_3D ( 'NONE', #8, #1211, #5990 ) ;
#776 = VECTOR ( 'NONE', #3250, 1000.000000000000000 ) ;
#777 = ORIENTED_EDGE ( 'NONE', *, *, #728, .T. ) ;
#778 = DIRECTION ( 'NONE',  ( 1.000000000000000000, 0.000000000000000000, 0.000000000000000000 ) ) ;
#779 = EDGE_LOOP ( 'NONE', ( #2930, #530, #7483, #5963 ) ) ;
#780 = DIRECTION ( 'NONE',  ( 1.000000000000000000, 0.000000000000000000, 0.000000000000000000 ) ) ;
#781 = LINE ( 'NONE', #2567, #7555 ) ;
#782 = EDGE_CURVE ( 'NONE', #6669, #177, #4141, .T. ) ;
#783 = CYLINDRICAL_SURFACE ( 'NONE', #4749, 2.499999999999950262 ) ;
#784 = VECTOR ( 'NONE', #2653, 1000.000000000000114 ) ;
#785 = DIRECTION ( 'NONE',  ( -1.136160801470065253E-14, 1.000000000000000000, 0.000000000000000000 ) ) ;
#786 = FACE_OUTER_BOUND ( 'NONE', #7261, .T. ) ;
#787 = CARTESIAN_POINT ( 'NONE',  ( 27.20000000000029416, 5.000000000000169642, 80.00000000000000000 ) ) ;
#788 = EDGE_LOOP ( 'NONE', ( #3665, #2670, #816, #4438 ) ) ;
#789 = ORIENTED_EDGE ( 'NONE', *, *, #3349, .T. ) ;
#790 = VECTOR ( 'NONE', #162, 1000.000000000000000 ) ;
#791 = CC_DESIGN_SECURITY_CLASSIFICATION ( #2396, ( #7704 ) ) ;
#792 = CARTESIAN_POINT ( 'NONE',  ( 25.77802197802195394, 7.029670329669723827, 0.000000000000000000 ) ) ;
#793 = LINE ( 'NONE', #295, #6351 ) ;
#794 = ADVANCED_FACE ( 'NONE', ( #708 ), #274, .F. ) ;
#795 = CARTESIAN_POINT ( 'NONE',  ( 24.48302076461957100, 3.909141912406911779, 80.00000000000000000 ) ) ;
#796 = CARTESIAN_POINT ( 'NONE',  ( 24.13302076462028012, 14.31394289005064380, 80.00000000000000000 ) ) ;
#797 = VERTEX_POINT ( 'NONE', #3588 ) ;
#798 = ORIENTED_EDGE ( 'NONE', *, *, #7089, .T. ) ;
#799 = CIRCLE ( 'NONE', #2166, 0.2499999999999759359 ) ;
#800 = EDGE_LOOP ( 'NONE', ( #4224, #2193, #5487, #4381 ) ) ;
#801 = SECURITY_CLASSIFICATION_LEVEL ( 'unclassified' ) ;
#802 = CARTESIAN_POINT ( 'NONE',  ( -1.674796664989363031E-13, 17.69999999999981455, 80.00000000000000000 ) ) ;
#803 = LINE ( 'NONE', #3179, #3039 ) ;
#804 = CARTESIAN_POINT ( 'NONE',  ( -11.00000000000121325, -1.249776881614443357E-13, 80.00000000000000000 ) ) ;
#805 = CARTESIAN_POINT ( 'NONE',  ( -26.93333333333270829, 11.49999999999967315, 80.00000000000000000 ) ) ;
#806 = ORIENTED_EDGE ( 'NONE', *, *, #2263, .F. ) ;
#807 = DIRECTION ( 'NONE',  ( 1.000000000000000000, 0.000000000000000000, 0.000000000000000000 ) ) ;
#808 = CARTESIAN_POINT ( 'NONE',  ( 25.57802197802169886, 6.829670329669523809, 0.000000000000000000 ) ) ;
#810 = EDGE_LOOP ( 'NONE', ( #7057, #5601, #1452, #6717 ) ) ;
#809 = VERTEX_POINT ( 'NONE', #560 ) ;
#811 = ADVANCED_FACE ( 'NONE', ( #4178 ), #5966, .T. ) ;
#812 = APPROVAL_STATUS ( 'not_yet_approved' ) ;
#813 = CARTESIAN_POINT ( 'NONE',  ( 17.90000000000072333, 18.42421244450428119, 80.00000000000000000 ) ) ;
#814 = CARTESIAN_POINT ( 'NONE',  ( 26.50000000000041567, 2.925374589033688990E-13, 80.00000000000000000 ) ) ;
#815 = DIRECTION ( 'NONE',  ( 1.000000000000000000, 1.140313919232872242E-14, 0.000000000000000000 ) ) ;
#816 = ORIENTED_EDGE ( 'NONE', *, *, #2758, .F. ) ;
#817 = CIRCLE ( 'NONE', #5175, 0.5666666666668297436 ) ;
#818 =( NAMED_UNIT ( * ) PLANE_ANGLE_UNIT ( ) SI_UNIT ( $, .RADIAN. ) );
#819 = EDGE_CURVE ( 'NONE', #6629, #6563, #4728, .T. ) ;
#820 = EDGE_LOOP ( 'NONE', ( #833, #6599, #5685, #976 ) ) ;
#821 = CIRCLE ( 'NONE', #4796, 1.000000000000042633 ) ;
#822 = ADVANCED_FACE ( 'NONE', ( #3624 ), #7108, .T. ) ;
#823 = FACE_OUTER_BOUND ( 'NONE', #7106, .T. ) ;
#824 = CYLINDRICAL_SURFACE ( 'NONE', #457, 0.5666666666667812269 ) ;
#825 = CARTESIAN_POINT ( 'NONE',  ( -27.49999999999942446, 5.499999999999665157, 80.00000000000000000 ) ) ;
#826 = AXIS2_PLACEMENT_3D ( 'NONE', #2059, #1478, #317 ) ;
#827 = VECTOR ( 'NONE', #7342, 1000.000000000000000 ) ;
#828 = CARTESIAN_POINT ( 'NONE',  ( -22.92226674140376730, 2.780329925644124511, 0.000000000000000000 ) ) ;
#829 = DIRECTION ( 'NONE',  ( 1.000000000000000000, 1.156482317317998613E-14, -0.000000000000000000 ) ) ;
#830 = CARTESIAN_POINT ( 'NONE',  ( -17.00000000000054357, 18.46341459489507741, 80.00000000000000000 ) ) ;
#831 = EDGE_CURVE ( 'NONE', #5740, #1047, #6797, .T. ) ;
#832 = ORIENTED_EDGE ( 'NONE', *, *, #3115, .F. ) ;
#833 = ORIENTED_EDGE ( 'NONE', *, *, #2609, .F. ) ;
#834 = CIRCLE ( 'NONE', #5306, 1.500000000000001332 ) ;
#835 = CARTESIAN_POINT ( 'NONE',  ( -1.674796664989354953E-13, 17.69999999999981100, 80.00000000000000000 ) ) ;
#836 = CARTESIAN_POINT ( 'NONE',  ( 5.000000000002553513, 5.112723606618786400E-14, 80.00000000000000000 ) ) ;
#837 = VECTOR ( 'NONE', #5846, 1000.000000000000000 ) ;
#838 = EDGE_LOOP ( 'NONE', ( #2323, #6773, #3714, #3377 ) ) ;
#839 = LINE ( 'NONE', #219, #5684 ) ;
#840 = CARTESIAN_POINT ( 'NONE',  ( -27.19999999999953033, 7.999999999999694467, 80.00000000000000000 ) ) ;
#841 = VERTEX_POINT ( 'NONE', #5510 ) ;
#842 = EDGE_CURVE ( 'NONE', #3031, #750, #174, .T. ) ;
#843 = ORIENTED_EDGE ( 'NONE', *, *, #3108, .T. ) ;
#844 = CC_DESIGN_PERSON_AND_ORGANIZATION_ASSIGNMENT ( #76, #4824, ( #1721 ) ) ;
#845 = ORIENTED_EDGE ( 'NONE', *, *, #4058, .F. ) ;
#846 = AXIS2_PLACEMENT_3D ( 'NONE', #5440, #6643, #5482 ) ;
#847 = CIRCLE ( 'NONE', #590, 0.2999999999999999889 ) ;
#848 = DIRECTION ( 'NONE',  ( -1.000000000000000000, 0.000000000000000000, 0.000000000000000000 ) ) ;
#849 = AXIS2_PLACEMENT_3D ( 'NONE', #5252, #1767, #1123 ) ;
#850 = DIRECTION ( 'NONE',  ( -0.000000000000000000, -0.000000000000000000, -1.000000000000000000 ) ) ;
#851 = LINE ( 'NONE', #342, #5998 ) ;
#852 = ORIENTED_EDGE ( 'NONE', *, *, #1745, .T. ) ;
#853 = CARTESIAN_POINT ( 'NONE',  ( -5.000000000001875833, -5.680804007351526597E-14, 80.00000000000000000 ) ) ;
#854 = AXIS2_PLACEMENT_3D ( 'NONE', #4867, #159, #2523 ) ;
#855 = DIRECTION ( 'NONE',  ( 0.000000000000000000, 0.000000000000000000, -1.000000000000000000 ) ) ;
#857 = VERTEX_POINT ( 'NONE', #7296 ) ;
#856 = ORIENTED_EDGE ( 'NONE', *, *, #4823, .F. ) ;
#858 = EDGE_CURVE ( 'NONE', #4579, #6008, #5047, .T. ) ;
#859 = APPROVAL_STATUS ( 'not_yet_approved' ) ;
#860 = CARTESIAN_POINT ( 'NONE',  ( 26.93333333333341528, 5.500000000000230038, 80.00000000000000000 ) ) ;
#861 = LINE ( 'NONE', #6234, #2705 ) ;
#862 = DIRECTION ( 'NONE',  ( -1.090397613471117676E-14, 1.000000000000000000, 0.000000000000000000 ) ) ;
#863 = EDGE_LOOP ( 'NONE', ( #7465, #180 ) ) ;
#864 = EDGE_CURVE ( 'NONE', #5239, #4669, #4338, .T. ) ;
#865 = CARTESIAN_POINT ( 'NONE',  ( -14.38084171769589759, -44.32923252781439061, 50.39293988232974897 ) ) ;
#866 = VECTOR ( 'NONE', #2952, 1000.000000000000000 ) ;
#867 = ORIENTED_EDGE ( 'NONE', *, *, #3389, .T. ) ;
#868 = CARTESIAN_POINT ( 'NONE',  ( -4.795933461900512157E-14, 4.486057109949308952, 80.00000000000000000 ) ) ;
#869 = CARTESIAN_POINT ( 'NONE',  ( -27.49999999999963762, -2.862293735361688792E-13, 80.00000000000000000 ) ) ;
#870 = DIRECTION ( 'NONE',  ( -0.5000000000000009992, 0.000000000000000000, -0.8660254037844380415 ) ) ;
#871 = EDGE_CURVE ( 'NONE', #1874, #3996, #3502, .T. ) ;
#872 = DIRECTION ( 'NONE',  ( -1.000000000000000000, 0.000000000000000000, 0.000000000000000000 ) ) ;
#873 = DIRECTION ( 'NONE',  ( -1.000000000000000000, 0.000000000000000000, 0.000000000000000000 ) ) ;
#874 = CARTESIAN_POINT ( 'NONE',  ( -25.70000000000037943, 9.499999999999795719, 0.000000000000000000 ) ) ;
#875 = AXIS2_PLACEMENT_3D ( 'NONE', #1937, #4904, #3772 ) ;
#876 = EDGE_CURVE ( 'NONE', #1689, #6965, #3886, .T. ) ;
#877 = VERTEX_POINT ( 'NONE', #1373 ) ;
#878 = ORIENTED_EDGE ( 'NONE', *, *, #871, .F. ) ;
#879 = DIRECTION ( 'NONE',  ( 1.049281959313052198E-14, -1.000000000000000000, 0.000000000000000000 ) ) ;
#880 = CARTESIAN_POINT ( 'NONE',  ( 15.90000000000134328, 1.523426087321952418E-13, 80.00000000000000000 ) ) ;
#881 = DIRECTION ( 'NONE',  ( 1.000000000000000000, 0.000000000000000000, 0.000000000000000000 ) ) ;
#882 = CARTESIAN_POINT ( 'NONE',  ( 25.57802197802169886, 6.829670329669523809, -1.500000000000000000 ) ) ;
#883 = VERTEX_POINT ( 'NONE', #3744 ) ;
#884 = ORIENTED_EDGE ( 'NONE', *, *, #944, .F. ) ;
#885 = CIRCLE ( 'NONE', #2240, 0.4629171123669006960 ) ;
#886 = VERTEX_POINT ( 'NONE', #5597 ) ;
#887 = CARTESIAN_POINT ( 'NONE',  ( 24.46641661169641324, 15.15727940350896930, 80.00000000000000000 ) ) ;
#888 = LINE ( 'NONE', #2744, #7011 ) ;
#889 = EDGE_CURVE ( 'NONE', #4903, #5457, #1262, .T. ) ;
#890 = ORIENTED_EDGE ( 'NONE', *, *, #4425, .F. ) ;
#891 = FACE_OUTER_BOUND ( 'NONE', #3626, .T. ) ;
#892 = CARTESIAN_POINT ( 'NONE',  ( 3.899999999996942801, 17.69999999999964757, 80.00000000000000000 ) ) ;
#893 = UNCERTAINTY_MEASURE_WITH_UNIT (LENGTH_MEASURE( 1.000000000000000082E-05 ), #3681, 'distance_accuracy_value', 'NONE');
#895 = VERTEX_POINT ( 'NONE', #6213 ) ;
#894 = ORIENTED_EDGE ( 'NONE', *, *, #5973, .T. ) ;
#896 = AXIS2_PLACEMENT_3D ( 'NONE', #3552, #4218, #6632 ) ;
#897 = APPROVAL_STATUS ( 'not_yet_approved' ) ;
#898 = DIRECTION ( 'NONE',  ( 0.000000000000000000, 0.000000000000000000, 1.000000000000000000 ) ) ;
#899 = CARTESIAN_POINT ( 'NONE',  ( 28.27802197802195394, 0.000000000000000000, -1.500000000000000000 ) ) ;
#900 = DIRECTION ( 'NONE',  ( -1.156482317317998613E-14, 1.000000000000000000, 0.000000000000000000 ) ) ;
#901 = PRODUCT_DEFINITION_SHAPE ( 'NONE', 'NONE',  #4745 ) ;
#902 = VERTEX_POINT ( 'NONE', #6122 ) ;
#903 = ADVANCED_FACE ( 'NONE', ( #3870 ), #3168, .T. ) ;
#904 = CARTESIAN_POINT ( 'NONE',  ( -38.40281973967373119, -37.75890285748501185, 50.39293988232976318 ) ) ;
#905 = ORIENTED_EDGE ( 'NONE', *, *, #3701, .T. ) ;
#906 = VECTOR ( 'NONE', #5815, 1000.000000000000000 ) ;
#907 = DIRECTION ( 'NONE',  ( -0.000000000000000000, -0.000000000000000000, -1.000000000000000000 ) ) ;
#908 = CARTESIAN_POINT ( 'NONE',  ( -1.268516541808556671E-13, 11.70000000000027640, 80.00000000000000000 ) ) ;
#909 = CARTESIAN_POINT ( 'NONE',  ( -26.93333333333271895, 12.49999999999967493, 80.00000000000000000 ) ) ;
#910 =( NAMED_UNIT ( * ) PLANE_ANGLE_UNIT ( ) SI_UNIT ( $, .RADIAN. ) );
#911 = EDGE_LOOP ( 'NONE', ( #2719, #3869, #777, #3165 ) ) ;
#912 = VERTEX_POINT ( 'NONE', #2579 ) ;
#913 = EDGE_CURVE ( 'NONE', #3221, #2127, #7339, .T. ) ;
#914 = DIRECTION ( 'NONE',  ( -0.000000000000000000, -0.000000000000000000, -1.000000000000000000 ) ) ;
#915 = CIRCLE ( 'NONE', #1526, 0.5666666666667361518 ) ;
#916 = DIRECTION ( 'NONE',  ( -0.000000000000000000, -0.000000000000000000, -1.000000000000000000 ) ) ;
#917 = DIRECTION ( 'NONE',  ( 1.040834085586082363E-14, -1.000000000000000000, 0.000000000000000000 ) ) ;
#918 = LINE ( 'NONE', #3875, #3083 ) ;
#919 = VERTEX_POINT ( 'NONE', #1995 ) ;
#920 = CIRCLE ( 'NONE', #2898, 0.5666666666667776742 ) ;
#921 = ORIENTED_EDGE ( 'NONE', *, *, #1133, .F. ) ;
#922 = EDGE_LOOP ( 'NONE', ( #5247, #2473, #2441, #4973 ) ) ;
#923 = CYLINDRICAL_SURFACE ( 'NONE', #6437, 0.4629171123666196985 ) ;
#924 = ADVANCED_FACE ( 'NONE', ( #4378 ), #1414, .T. ) ;
#925 = VECTOR ( 'NONE', #1700, 1000.000000000000000 ) ;
#926 = DIRECTION ( 'NONE',  ( -0.000000000000000000, -0.000000000000000000, -1.000000000000000000 ) ) ;
#927 = ORIENTED_EDGE ( 'NONE', *, *, #1437, .T. ) ;
#928 = SECURITY_CLASSIFICATION ( '', '', #7500 ) ;
#929 = CARTESIAN_POINT ( 'NONE',  ( 26.50000000000031264, 9.500000000000341061, 80.00000000000000000 ) ) ;
#930 = LINE ( 'NONE', #5648, #1773 ) ;
#932 = ORIENTED_EDGE ( 'NONE', *, *, #1840, .F. ) ;
#931 = ORIENTED_EDGE ( 'NONE', *, *, #4700, .T. ) ;
#933 = ADVANCED_FACE ( 'NONE', ( #7424 ), #3833, .T. ) ;
#934 = PERSON_AND_ORGANIZATION_ROLE ( 'creator' ) ;
#935 = CC_DESIGN_APPROVAL ( #990, ( #550 ) ) ;
#936 = FACE_OUTER_BOUND ( 'NONE', #3702, .T. ) ;
#937 = DIRECTION ( 'NONE',  ( -1.000000000000000000, -9.963444908065059041E-15, 0.000000000000000000 ) ) ;
#938 = AXIS2_PLACEMENT_3D ( 'NONE', #3990, #6369, #6337 ) ;
#939 = LINE ( 'NONE', #2754, #1803 ) ;
#940 = VERTEX_POINT ( 'NONE', #5635 ) ;
#941 = DIRECTION ( 'NONE',  ( 9.089286411759694353E-15, -1.000000000000000000, 0.000000000000000000 ) ) ;
#943 = EDGE_CURVE ( 'NONE', #5149, #5426, #3705, .T. ) ;
#942 = ORIENTED_EDGE ( 'NONE', *, *, #1363, .F. ) ;
#944 = EDGE_CURVE ( 'NONE', #5172, #4528, #6116, .T. ) ;
#945 = CIRCLE ( 'NONE', #2055, 1.500000000000001332 ) ;
#946 = DIRECTION ( 'NONE',  ( -0.000000000000000000, -0.000000000000000000, -1.000000000000000000 ) ) ;
#947 = CARTESIAN_POINT ( 'NONE',  ( 27.50000000000028777, 2.650271977187435412E-13, 80.00000000000000000 ) ) ;
#948 = VECTOR ( 'NONE', #1649, 1000.000000000000000 ) ;
#949 = VERTEX_POINT ( 'NONE', #1493 ) ;
#950 = CIRCLE ( 'NONE', #3677, 0.4629171123673361254 ) ;
#951 = DIRECTION ( 'NONE',  ( -1.000000000000000000, -9.462128050783611965E-15, 0.000000000000000000 ) ) ;
#952 = VECTOR ( 'NONE', #6801, 1000.000000000000000 ) ;
#953 = CARTESIAN_POINT ( 'NONE',  ( 23.79999999999986215, 2.700000000000517986, 0.000000000000000000 ) ) ;
#954 = ADVANCED_FACE ( 'NONE', ( #5669 ), #331, .F. ) ;
#955 = DIRECTION ( 'NONE',  ( -0.000000000000000000, -0.000000000000000000, -1.000000000000000000 ) ) ;
#956 = CARTESIAN_POINT ( 'NONE',  ( 24.48302076461956389, 4.486057109949570965, 80.00000000000000000 ) ) ;
#957 = ORIENTED_EDGE ( 'NONE', *, *, #4446, .T. ) ;
#958 = VECTOR ( 'NONE', #594, 1000.000000000000000 ) ;
#959 = ORIENTED_EDGE ( 'NONE', *, *, #943, .T. ) ;
#960 = DIRECTION ( 'NONE',  ( -1.000000000000000000, -9.462128050783640364E-15, 0.000000000000000000 ) ) ;
#961 = DIRECTION ( 'NONE',  ( -1.000000000000000000, -1.141910841581592571E-14, 0.000000000000000000 ) ) ;
#962 = VECTOR ( 'NONE', #4675, 1000.000000000000000 ) ;
#963 = DIRECTION ( 'NONE',  ( -1.000000000000000000, 0.000000000000000000, 0.000000000000000000 ) ) ;
#964 = VERTEX_POINT ( 'NONE', #3123 ) ;
#965 = ADVANCED_FACE ( 'NONE', ( #2768 ), #6434, .T. ) ;
#966 = CARTESIAN_POINT ( 'NONE',  ( -17.90000000000066294, 18.42421244450401829, 80.00000000000000000 ) ) ;
#967 = ORIENTED_EDGE ( 'NONE', *, *, #4807, .T. ) ;
#969 = VERTEX_POINT ( 'NONE', #5778 ) ;
#968 = ORIENTED_EDGE ( 'NONE', *, *, #2864, .F. ) ;
#970 = VECTOR ( 'NONE', #3855, 1000.000000000000000 ) ;
#971 = EDGE_CURVE ( 'NONE', #191, #3774, #3395, .T. ) ;
#972 = APPROVAL_DATE_TIME ( #4481, #5316 ) ;
#973 = DIRECTION ( 'NONE',  ( 1.000000000000000000, 1.136160801467550522E-14, -0.000000000000000000 ) ) ;
#974 = FACE_OUTER_BOUND ( 'NONE', #5862, .T. ) ;
#975 = DIRECTION ( 'NONE',  ( 1.000000000000000000, 1.156482317317998613E-14, -0.000000000000000000 ) ) ;
#976 = ORIENTED_EDGE ( 'NONE', *, *, #6117, .F. ) ;
#977 = AXIS2_PLACEMENT_3D ( 'NONE', #2890, #1719, #7657 ) ;
#978 = ADVANCED_FACE ( 'NONE', ( #5232 ), #2261, .T. ) ;
#979 = LINE ( 'NONE', #464, #6701 ) ;
#980 = VERTEX_POINT ( 'NONE', #7573 ) ;
#981 = FACE_OUTER_BOUND ( 'NONE', #74, .T. ) ;
#982 = FACE_OUTER_BOUND ( 'NONE', #2723, .T. ) ;
#983 = AXIS2_PLACEMENT_3D ( 'NONE', #7678, #3749, #4084 ) ;
#984 = EDGE_CURVE ( 'NONE', #258, #4566, #3266, .T. ) ;
#985 = VERTEX_POINT ( 'NONE', #6327 ) ;
#986 = DATE_AND_TIME ( #5707, #1045 ) ;
#987 = CARTESIAN_POINT ( 'NONE',  ( -4.795933461901400099E-14, 4.486057109949321386, 80.00000000000000000 ) ) ;
#988 = CARTESIAN_POINT ( 'NONE',  ( 24.79999999999990479, 2.700000000000517986, 80.00000000000000000 ) ) ;
#989 = APPROVAL_PERSON_ORGANIZATION ( #5902, #1823, #1729 ) ;
#990 = APPROVAL ( #626, 'UNKNOWN' ) ;
#991 = EDGE_CURVE ( 'NONE', #4216, #4528, #7468, .T. ) ;
#992 = DIRECTION ( 'NONE',  ( -0.000000000000000000, -0.000000000000000000, -1.000000000000000000 ) ) ;
#993 = CARTESIAN_POINT ( 'NONE',  ( 23.80206706340067768, 2.764263940515570894, 80.00000000000000000 ) ) ;
#994 = ORIENTED_EDGE ( 'NONE', *, *, #68, .T. ) ;
#995 = ORIENTED_EDGE ( 'NONE', *, *, #2977, .T. ) ;
#996 = DIRECTION ( 'NONE',  ( -0.000000000000000000, 0.000000000000000000, 1.000000000000000000 ) ) ;
#997 = DIRECTION ( 'NONE',  ( 0.000000000000000000, 0.000000000000000000, 1.000000000000000000 ) ) ;
#998 = CARTESIAN_POINT ( 'NONE',  ( -25.00000000000011013, 18.79999999999944293, 80.00000000000000000 ) ) ;
#999 = ORIENTED_EDGE ( 'NONE', *, *, #2840, .F. ) ;
#1000 = DIRECTION ( 'NONE',  ( 1.000000000000000000, 0.000000000000000000, 0.000000000000000000 ) ) ;
#1001 = VERTEX_POINT ( 'NONE', #3362 ) ;
#1002 = AXIS2_PLACEMENT_3D ( 'NONE', #4965, #7384, #215 ) ;
#1004 = VERTEX_POINT ( 'NONE', #3432 ) ;
#1003 = VERTEX_POINT ( 'NONE', #7534 ) ;
#1005 = APPROVAL_STATUS ( 'not_yet_approved' ) ;
#1006 = CARTESIAN_POINT ( 'NONE',  ( -23.80206706340053913, 2.764263940515070406, 0.000000000000000000 ) ) ;
#1007 = DIRECTION ( 'NONE',  ( -0.000000000000000000, -2.803971135738379997E-16, 1.000000000000000000 ) ) ;
#1008 = DIRECTION ( 'NONE',  ( 1.000000000000000000, 0.000000000000000000, 0.000000000000000000 ) ) ;
#1009 = DIRECTION ( 'NONE',  ( 1.000000000000000000, 0.000000000000000000, 0.000000000000000000 ) ) ;
#1010 = EDGE_LOOP ( 'NONE', ( #3343, #2901, #3368, #454 ) ) ;
#1011 = CARTESIAN_POINT ( 'NONE',  ( -24.22197802197803540, -9.270329670329591210, -1.500000000000000000 ) ) ;
#1012 = CONICAL_SURFACE ( 'NONE', #2991, 1.500000000000001332, 0.7853981633974491672 ) ;
#1013 = EDGE_CURVE ( 'NONE', #3392, #6404, #4630, .T. ) ;
#1014 = DIRECTION ( 'NONE',  ( -1.000000000000000000, -9.462128050787461607E-15, 0.000000000000000000 ) ) ;
#1015 = CYLINDRICAL_SURFACE ( 'NONE', #4319, 0.5666666666667152796 ) ;
#1016 = EDGE_CURVE ( 'NONE', #1473, #33, #2733, .T. ) ;
#1017 = AXIS2_PLACEMENT_3D ( 'NONE', #7675, #1696, #461 ) ;
#1018 = VERTEX_POINT ( 'NONE', #3908 ) ;
#1019 = CALENDAR_DATE ( 2020, 16, 10 ) ;
#1020 = EDGE_CURVE ( 'NONE', #7315, #6742, #401, .T. ) ;
#1021 = CARTESIAN_POINT ( 'NONE',  ( -26.72197802197803895, -6.770329670329644500, 0.000000000000000000 ) ) ;
#1022 = DIRECTION ( 'NONE',  ( -0.000000000000000000, -0.000000000000000000, -1.000000000000000000 ) ) ;
#1023 = CARTESIAN_POINT ( 'NONE',  ( 11.90000000000161329, 17.69999999999972928, 80.00000000000000000 ) ) ;
#1024 = DIRECTION ( 'NONE',  ( -0.000000000000000000, -0.000000000000000000, -1.000000000000000000 ) ) ;
#1025 = ORIENTED_EDGE ( 'NONE', *, *, #2491, .F. ) ;
#1026 = ORIENTED_EDGE ( 'NONE', *, *, #4922, .F. ) ;
#1027 = EDGE_CURVE ( 'NONE', #33, #7020, #7610, .T. ) ;
#1028 = AXIS2_PLACEMENT_3D ( 'NONE', #1216, #5994, #519 ) ;
#1029 = PLANE ( 'NONE',  #1953 ) ;
#1030 = EDGE_CURVE ( 'NONE', #1003, #4035, #477, .T. ) ;
#1031 = PLANE ( 'NONE',  #4739 ) ;
#1032 = CARTESIAN_POINT ( 'NONE',  ( -26.93333333333269763, 10.49999999999967315, 80.00000000000000000 ) ) ;
#1033 = ORIENTED_EDGE ( 'NONE', *, *, #6242, .T. ) ;
#1034 = VECTOR ( 'NONE', #926, 1000.000000000000000 ) ;
#1035 = FACE_OUTER_BOUND ( 'NONE', #2759, .T. ) ;
#1036 = ORIENTED_EDGE ( 'NONE', *, *, #1016, .F. ) ;
#1037 = VECTOR ( 'NONE', #4394, 1000.000000000000000 ) ;
#1039 = ORIENTED_EDGE ( 'NONE', *, *, #3858, .T. ) ;
#1038 = ORIENTED_EDGE ( 'NONE', *, *, #476, .F. ) ;
#1040 = PERSON_AND_ORGANIZATION_ROLE ( 'creator' ) ;
#1041 = AXIS2_PLACEMENT_3D ( 'NONE', #2837, #1394, #5577 ) ;
#1042 = FACE_OUTER_BOUND ( 'NONE', #6130, .T. ) ;
#1043 = CARTESIAN_POINT ( 'NONE',  ( -19.00000000000009948, 18.46341459489342540, 80.00000000000000000 ) ) ;
#1044 = FACE_OUTER_BOUND ( 'NONE', #634, .T. ) ;
#1045 = LOCAL_TIME ( 15, 21, 11.00000000000000000, #7608 ) ;
#1046 = DIRECTION ( 'NONE',  ( 1.000000000000000000, 0.000000000000000000, 0.000000000000000000 ) ) ;
#1047 = VERTEX_POINT ( 'NONE', #6910 ) ;
#1048 = CIRCLE ( 'NONE', #3157, 2.499999999999950262 ) ;
#1049 = FACE_OUTER_BOUND ( 'NONE', #5557, .T. ) ;
#1050 = EDGE_CURVE ( 'NONE', #4216, #3058, #1754, .T. ) ;
#1051 = LOCAL_TIME ( 15, 21, 11.00000000000000000, #3616 ) ;
#1052 = CARTESIAN_POINT ( 'NONE',  ( -1.674796664988666309E-13, 17.69999999999962625, 80.00000000000000000 ) ) ;
#1053 = DIRECTION ( 'NONE',  ( -0.000000000000000000, -0.000000000000000000, -1.000000000000000000 ) ) ;
#1054 = DIRECTION ( 'NONE',  ( -1.000000000000000000, -1.090397613471117676E-14, 0.000000000000000000 ) ) ;
#1055 = VERTEX_POINT ( 'NONE', #1021 ) ;
#1056 = ORIENTED_EDGE ( 'NONE', *, *, #3005, .F. ) ;
#1057 = EDGE_CURVE ( 'NONE', #6340, #2900, #4532, .T. ) ;
#1058 = CONTEXT_DEPENDENT_SHAPE_REPRESENTATION ( #6159, #2136 ) ;
#1059 = PLANE ( 'NONE',  #6498 ) ;
#1060 = FACE_OUTER_BOUND ( 'NONE', #5615, .T. ) ;
#1061 = EDGE_CURVE ( 'NONE', #6742, #5897, #2225, .T. ) ;
#1062 = CARTESIAN_POINT ( 'NONE',  ( -19.44535204941996298, 18.33710622225161657, 80.00000000000000000 ) ) ;
#1063 = DIRECTION ( 'NONE',  ( 1.000000000000000000, 0.000000000000000000, 0.000000000000000000 ) ) ;
#1064 = ORIENTED_EDGE ( 'NONE', *, *, #7264, .F. ) ;
#1065 = ORIENTED_EDGE ( 'NONE', *, *, #7250, .F. ) ;
#1066 = VECTOR ( 'NONE', #1612, 1000.000000000000000 ) ;
#1067 = VECTOR ( 'NONE', #5010, 1000.000000000000000 ) ;
#1068 = CARTESIAN_POINT ( 'NONE',  ( -7.900000000001810463, -7.569223955878621244E-14, 80.00000000000000000 ) ) ;
#1069 = FACE_OUTER_BOUND ( 'NONE', #338, .T. ) ;
#1070 = DIRECTION ( 'NONE',  ( 9.462128050787431630E-15, -1.000000000000000000, 0.000000000000000000 ) ) ;
#1071 = ORIENTED_EDGE ( 'NONE', *, *, #4535, .T. ) ;
#1072 = VECTOR ( 'NONE', #7121, 1000.000000000000000 ) ;
#1073 = ADVANCED_FACE ( 'NONE', ( #1635 ), #1059, .T. ) ;
#1074 = LINE ( 'NONE', #1115, #4919 ) ;
#1075 = ORIENTED_EDGE ( 'NONE', *, *, #5611, .T. ) ;
#1076 = CC_DESIGN_DATE_AND_TIME_ASSIGNMENT ( #5490, #3061, ( #4745 ) ) ;
#1078 = ORIENTED_EDGE ( 'NONE', *, *, #5413, .F. ) ;
#1077 = ORIENTED_EDGE ( 'NONE', *, *, #6583, .F. ) ;
#1079 = DATE_AND_TIME ( #2903, #7088 ) ;
#1080 = AXIS2_PLACEMENT_3D ( 'NONE', #165, #7289, #785 ) ;
#1081 = CARTESIAN_POINT ( 'NONE',  ( -23.80258382925074301, 2.780329925643896249, 80.00000000000000000 ) ) ;
#1082 = CARTESIAN_POINT ( 'NONE',  ( 0.7500000000000000000, 0.2899999999999999800, 0.2899999999999999800 ) ) ;
#1083 = DIRECTION ( 'NONE',  ( 1.000000000000000000, 0.000000000000000000, 0.000000000000000000 ) ) ;
#1084 = DIRECTION ( 'NONE',  ( 1.000000000000000000, 1.090397613471117676E-14, 0.000000000000000000 ) ) ;
#1085 = VERTEX_POINT ( 'NONE', #5851 ) ;
#1086 = LINE ( 'NONE', #5735, #5835 ) ;
#1087 = VECTOR ( 'NONE', #3273, 1000.000000000000000 ) ;
#1088 = CARTESIAN_POINT ( 'NONE',  ( 7.000000000002365219, 18.46341459489340764, 80.00000000000000000 ) ) ;
#1089 = AXIS2_PLACEMENT_3D ( 'NONE', #4388, #2048, #2668 ) ;
#1090 = CARTESIAN_POINT ( 'NONE',  ( -7.900000000001980105, 17.69999999999974349, 80.00000000000000000 ) ) ;
#1091 = CARTESIAN_POINT ( 'NONE',  ( -17.90000000000048530, -1.715052010255695368E-13, 80.00000000000000000 ) ) ;
#1092 = VECTOR ( 'NONE', #6504, 1000.000000000000000 ) ;
#1093 = EDGE_CURVE ( 'NONE', #857, #5831, #2695, .T. ) ;
#1094 = AXIS2_PLACEMENT_3D ( 'NONE', #6458, #3455, #5943 ) ;
#1095 = ORIENTED_EDGE ( 'NONE', *, *, #7059, .F. ) ;
#1096 = VERTEX_POINT ( 'NONE', #369 ) ;
#1097 = COORDINATED_UNIVERSAL_TIME_OFFSET ( 8, 0, .AHEAD. ) ;
#1098 = ADVANCED_FACE ( 'NONE', ( #3328 ), #5124, .T. ) ;
#1099 = DIRECTION ( 'NONE',  ( 1.000000000000000000, 0.000000000000000000, 0.000000000000000000 ) ) ;
#1100 = ORIENTED_EDGE ( 'NONE', *, *, #6651, .F. ) ;
#1101 = LINE ( 'NONE', #6288, #1241 ) ;
#1102 = EDGE_CURVE ( 'NONE', #4072, #1534, #5381, .T. ) ;
#1103 = CARTESIAN_POINT ( 'NONE',  ( 22.92226674140373888, 2.304596517118111597E-13, 80.00000000000000000 ) ) ;
#1104 = DIRECTION ( 'NONE',  ( 0.000000000000000000, -0.000000000000000000, -1.000000000000000000 ) ) ;
#1105 = CYLINDRICAL_SURFACE ( 'NONE', #3390, 0.2499999999998545053 ) ;
#1106 = AXIS2_PLACEMENT_3D ( 'NONE', #4558, #3462, #4631 ) ;
#1107 = ORIENTED_EDGE ( 'NONE', *, *, #6989, .F. ) ;
#1108 = CARTESIAN_POINT ( 'NONE',  ( -25.80352208590870688, 16.09999999999919140, 80.00000000000000000 ) ) ;
#1109 = EDGE_CURVE ( 'NONE', #5831, #4259, #49, .T. ) ;
#1110 = CARTESIAN_POINT ( 'NONE',  ( 5.900000000002686207, 6.359585317366296714E-14, 0.000000000000000000 ) ) ;
#1111 = CIRCLE ( 'NONE', #3708, 1.000000000000014655 ) ;
#1112 = CARTESIAN_POINT ( 'NONE',  ( -23.55258382925076788, 2.780329925643896249, 80.00000000000000000 ) ) ;
#1113 = VERTEX_POINT ( 'NONE', #7134 ) ;
#1114 = EDGE_CURVE ( 'NONE', #358, #567, #7172, .T. ) ;
#1115 = CARTESIAN_POINT ( 'NONE',  ( 4.515812910881320086, 2.694222958124177006E-16, 2.200000000000000178 ) ) ;
#1116 = VERTEX_POINT ( 'NONE', #2961 ) ;
#1118 = ORIENTED_EDGE ( 'NONE', *, *, #4086, .F. ) ;
#1117 = ORIENTED_EDGE ( 'NONE', *, *, #6786, .T. ) ;
#1119 = APPROVAL_PERSON_ORGANIZATION ( #5728, #4834, #3232 ) ;
#1120 = DATE_AND_TIME ( #531, #4349 ) ;
#1121 = DIRECTION ( 'NONE',  ( -0.000000000000000000, 0.000000000000000000, 1.000000000000000000 ) ) ;
#1122 = EDGE_CURVE ( 'NONE', #2683, #3958, #513, .T. ) ;
#1123 = DIRECTION ( 'NONE',  ( 1.000000000000000000, 0.000000000000000000, 0.000000000000000000 ) ) ;
#1124 = DIRECTION ( 'NONE',  ( -1.000000000000000000, 0.000000000000000000, 0.000000000000000000 ) ) ;
#1125 = DIRECTION ( 'NONE',  ( -0.000000000000000000, -0.000000000000000000, -1.000000000000000000 ) ) ;
#1126 = ORIENTED_EDGE ( 'NONE', *, *, #1361, .T. ) ;
#1127 = VECTOR ( 'NONE', #916, 1000.000000000000000 ) ;
#1128 = DIRECTION ( 'NONE',  ( -1.000000000000000000, -1.103914939257867076E-14, 0.000000000000000000 ) ) ;
#1129 = CYLINDRICAL_SURFACE ( 'NONE', #2774, 1.000000000000014655 ) ;
#1130 = EDGE_CURVE ( 'NONE', #6888, #3449, #2406, .T. ) ;
#1131 = LINE ( 'NONE', #3, #2826 ) ;
#1132 = FACE_OUTER_BOUND ( 'NONE', #1451, .T. ) ;
#1133 = EDGE_CURVE ( 'NONE', #6598, #1047, #4794, .T. ) ;
#1134 = PERSON ( 'NAUO-PER9', 'UNSPECIFIED', 'UNSPECIFIED', ('UNSPECIFIED'), ('UNSPECIFIED'), ('UNSPECIFIED') ) ;
#1135 = EDGE_LOOP ( 'NONE', ( #4003, #6209 ) ) ;
#1136 = DIRECTION ( 'NONE',  ( 1.000000000000000000, 0.000000000000000000, 0.000000000000000000 ) ) ;
#1137 = DIRECTION ( 'NONE',  ( 1.000000000000000000, 0.000000000000000000, 0.000000000000000000 ) ) ;
#1138 = CIRCLE ( 'NONE', #1390, 0.2499999999999134859 ) ;
#1139 = DIRECTION ( 'NONE',  ( -1.000000000000000000, 0.000000000000000000, 0.000000000000000000 ) ) ;
#1140 = CARTESIAN_POINT ( 'NONE',  ( 7.000000000002365219, 18.46341459489340764, 0.000000000000000000 ) ) ;
#1141 = DIRECTION ( 'NONE',  ( -0.000000000000000000, -0.000000000000000000, -1.000000000000000000 ) ) ;
#1142 = EDGE_CURVE ( 'NONE', #7552, #7219, #1514, .T. ) ;
#1143 = VERTEX_POINT ( 'NONE', #7099 ) ;
#1144 = CARTESIAN_POINT ( 'NONE',  ( -17.90000000000048530, -1.715052010255695368E-13, 80.00000000000000000 ) ) ;
#1145 = CARTESIAN_POINT ( 'NONE',  ( -1.674796664988666309E-13, 17.69999999999962625, 80.00000000000000000 ) ) ;
#1146 = CARTESIAN_POINT ( 'NONE',  ( 26.93333333333341528, 5.500000000000230038, 80.00000000000000000 ) ) ;
#1147 = VERTEX_POINT ( 'NONE', #1746 ) ;
#1148 = DIRECTION ( 'NONE',  ( -0.000000000000000000, -0.000000000000000000, -1.000000000000000000 ) ) ;
#1149 = ORIENTED_EDGE ( 'NONE', *, *, #6920, .T. ) ;
#1150 = ADVANCED_FACE ( 'NONE', ( #6474 ), #2996, .F. ) ;
#1152 = ORIENTED_EDGE ( 'NONE', *, *, #3839, .F. ) ;
#1151 = VERTEX_POINT ( 'NONE', #3654 ) ;
#1153 = DATE_AND_TIME ( #6455, #735 ) ;
#1154 = EDGE_CURVE ( 'NONE', #964, #3041, #2883, .T. ) ;
#1155 = CARTESIAN_POINT ( 'NONE',  ( 3.899999999997122657, 3.970249590776823450E-14, 80.00000000000000000 ) ) ;
#1156 = FACE_OUTER_BOUND ( 'NONE', #4694, .T. ) ;
#1157 = DIRECTION ( 'NONE',  ( -0.000000000000000000, 0.000000000000000000, 1.000000000000000000 ) ) ;
#1158 = CYLINDRICAL_SURFACE ( 'NONE', #5266, 0.5666666666667776742 ) ;
#1159 = ORIENTED_EDGE ( 'NONE', *, *, #3351, .F. ) ;
#1160 = VECTOR ( 'NONE', #5592, 1000.000000000000000 ) ;
#1161 = CARTESIAN_POINT ( 'NONE',  ( 7.000000000002575717, 7.953125610293380607E-14, 0.000000000000000000 ) ) ;
#1162 = VECTOR ( 'NONE', #5991, 1000.000000000000000 ) ;
#1163 = LOCAL_TIME ( 15, 21, 11.00000000000000000, #5813 ) ;
#1164 = DIRECTION ( 'NONE',  ( -0.000000000000000000, 0.000000000000000000, 1.000000000000000000 ) ) ;
#1165 = CARTESIAN_POINT ( 'NONE',  ( 23.17226674140379217, 3.030329925644357658, 0.000000000000000000 ) ) ;
#1166 = LINE ( 'NONE', #2956, #5575 ) ;
#1167 = AXIS2_PLACEMENT_3D ( 'NONE', #3812, #4442, #6860 ) ;
#1168 = EDGE_CURVE ( 'NONE', #7179, #5356, #1245, .T. ) ;
#1169 = VECTOR ( 'NONE', #4617, 1000.000000000000000 ) ;
#1171 = ORIENTED_EDGE ( 'NONE', *, *, #2096, .F. ) ;
#1170 = CC_DESIGN_PERSON_AND_ORGANIZATION_ASSIGNMENT ( #1654, #6528, ( #4095 ) ) ;
#1172 = PERSON_AND_ORGANIZATION ( #1134, #547 ) ;
#1173 = DIRECTION ( 'NONE',  ( -0.000000000000000000, 0.000000000000000000, 1.000000000000000000 ) ) ;
#1174 = CARTESIAN_POINT ( 'NONE',  ( -5.445352049421949836, 18.33710622225176579, 80.00000000000000000 ) ) ;
#1175 = LINE ( 'NONE', #5925, #958 ) ;
#1176 = DIRECTION ( 'NONE',  ( -9.581296146679602814E-15, 1.000000000000000000, 0.000000000000000000 ) ) ;
#1177 = CARTESIAN_POINT ( 'NONE',  ( 0.000000000000000000, 2.200000000000000178, -0.2899999999999999800 ) ) ;
#1178 = EDGE_CURVE ( 'NONE', #6471, #1790, #5496, .T. ) ;
#1179 = ORIENTED_EDGE ( 'NONE', *, *, #4553, .T. ) ;
#1180 = DIRECTION ( 'NONE',  ( 1.000000000000000000, 0.000000000000000000, 0.000000000000000000 ) ) ;
#1181 = VECTOR ( 'NONE', #307, 1000.000000000000000 ) ;
#1182 = CARTESIAN_POINT ( 'NONE',  ( 13.90000000000117097, 17.69999999999975060, 0.000000000000000000 ) ) ;
#1183 = EDGE_CURVE ( 'NONE', #5275, #5356, #5346, .T. ) ;
#1184 = ORIENTED_EDGE ( 'NONE', *, *, #4672, .T. ) ;
#1185 = CARTESIAN_POINT ( 'NONE',  ( -3.900000000003086331, 17.69999999999978613, 80.00000000000000000 ) ) ;
#1186 = ORIENTED_EDGE ( 'NONE', *, *, #5844, .T. ) ;
#1188 = ORIENTED_EDGE ( 'NONE', *, *, #2034, .F. ) ;
#1187 = ORIENTED_EDGE ( 'NONE', *, *, #2424, .F. ) ;
#1189 = AXIS2_PLACEMENT_3D ( 'NONE', #2380, #5433, #5477 ) ;
#1190 = APPROVAL_ROLE ( '' ) ;
#1191 = LINE ( 'NONE', #6378, #3526 ) ;
#1192 = CYLINDRICAL_SURFACE ( 'NONE', #355, 0.4629171123669006960 ) ;
#1193 = CARTESIAN_POINT ( 'NONE',  ( -23.55258382925076788, 2.780329925643896249, 0.000000000000000000 ) ) ;
#1194 = AXIS2_PLACEMENT_3D ( 'NONE', #573, #1776, #5367 ) ;
#1195 = LINE ( 'NONE', #3639, #3016 ) ;
#1196 = ADVANCED_FACE ( 'NONE', ( #2299 ), #7060, .T. ) ;
#1197 = VERTEX_POINT ( 'NONE', #2446 ) ;
#1198 = ORIENTED_EDGE ( 'NONE', *, *, #4471, .F. ) ;
#1199 = AXIS2_PLACEMENT_3D ( 'NONE', #2771, #1638, #7026 ) ;
#1200 = EDGE_CURVE ( 'NONE', #6302, #4660, #627, .T. ) ;
#1201 = CARTESIAN_POINT ( 'NONE',  ( -19.00000000000009948, 18.46341459489342540, 80.00000000000000000 ) ) ;
#1202 = DIRECTION ( 'NONE',  ( 4.790648073340857692E-15, -1.000000000000000000, 0.000000000000000000 ) ) ;
#1203 = CARTESIAN_POINT ( 'NONE',  ( 25.70000000000035101, 14.31394289005065978, 0.000000000000000000 ) ) ;
#1204 = EDGE_CURVE ( 'NONE', #3602, #1854, #2876, .T. ) ;
#1205 = ORIENTED_EDGE ( 'NONE', *, *, #1610, .T. ) ;
#1206 = AXIS2_PLACEMENT_3D ( 'NONE', #3260, #6179, #6296 ) ;
#1207 = VECTOR ( 'NONE', #194, 1000.000000000000000 ) ;
#1208 = APPROVAL_ROLE ( '' ) ;
#1209 = CIRCLE ( 'NONE', #1302, 0.4629171123665919430 ) ;
#1210 = EDGE_CURVE ( 'NONE', #6350, #4993, #3124, .T. ) ;
#1211 = DIRECTION ( 'NONE',  ( -0.000000000000000000, -0.000000000000000000, -1.000000000000000000 ) ) ;
#1212 = DIRECTION ( 'NONE',  ( -0.000000000000000000, -0.000000000000000000, -1.000000000000000000 ) ) ;
#1213 = VECTOR ( 'NONE', #2233, 1000.000000000000000 ) ;
#1214 = CARTESIAN_POINT ( 'NONE',  ( -24.02197802197775189, -6.570329670329666527, -0.9999999999999859002 ) ) ;
#1215 = CARTESIAN_POINT ( 'NONE',  ( -3.900000000003086331, 17.69999999999978613, 0.000000000000000000 ) ) ;
#1216 = CARTESIAN_POINT ( 'NONE',  ( 5.445352049422234053, 18.33710622225209619, 80.00000000000000000 ) ) ;
#1217 = ORIENTED_EDGE ( 'NONE', *, *, #6630, .T. ) ;
#1218 = DIRECTION ( 'NONE',  ( 9.089286411759198948E-15, -1.000000000000000000, 0.000000000000000000 ) ) ;
#1219 = CARTESIAN_POINT ( 'NONE',  ( 17.00000000000076383, 1.545178689996162785E-13, 80.00000000000000000 ) ) ;
#1220 = ADVANCED_FACE ( 'NONE', ( #3542 ), #591, .T. ) ;
#1221 = ORIENTED_EDGE ( 'NONE', *, *, #2400, .F. ) ;
#1222 = VECTOR ( 'NONE', #3911, 1000.000000000000000 ) ;
#1223 = CARTESIAN_POINT ( 'NONE',  ( -26.93333333333265855, 6.499999999999669598, 80.00000000000000000 ) ) ;
#1224 = EDGE_LOOP ( 'NONE', ( #5417, #5733, #474, #4184 ) ) ;
#1226 = ORIENTED_EDGE ( 'NONE', *, *, #3317, .T. ) ;
#1225 = VERTEX_POINT ( 'NONE', #4957 ) ;
#1227 = COORDINATED_UNIVERSAL_TIME_OFFSET ( 8, 0, .AHEAD. ) ;
#1228 = AXIS2_PLACEMENT_3D ( 'NONE', #2728, #7377, #6834 ) ;
#1229 = CARTESIAN_POINT ( 'NONE',  ( 0.000000000000000000, 0.000000000000000000, 80.00000000000000000 ) ) ;
#1230 = CARTESIAN_POINT ( 'NONE',  ( -24.02197802197775189, 6.829670329669523809, -1.500000000000000000 ) ) ;
#1231 = CARTESIAN_POINT ( 'NONE',  ( -17.00000000000053646, 17.69999999999965112, 0.000000000000000000 ) ) ;
#1232 = DIRECTION ( 'NONE',  ( 0.7071067811865482389, 0.000000000000000000, 0.7071067811865469066 ) ) ;
#1233 = VERTEX_POINT ( 'NONE', #2069 ) ;
#1234 = ORIENTED_EDGE ( 'NONE', *, *, #6826, .T. ) ;
#1235 = SECURITY_CLASSIFICATION ( '', '', #5532 ) ;
#1236 = APPROVAL_STATUS ( 'not_yet_approved' ) ;
#1237 = LINE ( 'NONE', #3607, #1890 ) ;
#1238 = CARTESIAN_POINT ( 'NONE',  ( 7.900000000002052936, 17.69999999999968665, 80.00000000000000000 ) ) ;
#1239 = CARTESIAN_POINT ( 'NONE',  ( 4.515812910881320086, 0.000000000000000000, -1.250000000000000000 ) ) ;
#1240 = VERTEX_POINT ( 'NONE', #286 ) ;
#1241 = VECTOR ( 'NONE', #2262, 1000.000000000000000 ) ;
#1242 = ORIENTED_EDGE ( 'NONE', *, *, #4636, .T. ) ;
#1243 = SECURITY_CLASSIFICATION_LEVEL ( 'unclassified' ) ;
#1244 = EDGE_CURVE ( 'NONE', #3219, #4903, #3695, .T. ) ;
#1245 = LINE ( 'NONE', #5923, #6366 ) ;
#1246 = CARTESIAN_POINT ( 'NONE',  ( 24.07802197802169530, 6.829670329669523809, -1.500000000000000000 ) ) ;
#1247 = DIRECTION ( 'NONE',  ( -0.000000000000000000, -0.000000000000000000, -1.000000000000000000 ) ) ;
#1248 = LINE ( 'NONE', #3547, #366 ) ;
#1249 = CARTESIAN_POINT ( 'NONE',  ( 25.57802197802224597, -6.570329670329666527, -1.000000000000006661 ) ) ;
#1250 = ADVANCED_FACE ( 'NONE', ( #4454 ), #6832, .F. ) ;
#1251 = VECTOR ( 'NONE', #6447, 999.9999999999998863 ) ;
#1252 = VERTEX_POINT ( 'NONE', #1487 ) ;
#1253 = VERTEX_POINT ( 'NONE', #124 ) ;
#1254 = EDGE_LOOP ( 'NONE', ( #1260, #5540, #6411, #6294 ) ) ;
#1255 = DIRECTION ( 'NONE',  ( -1.000000000000000000, 0.000000000000000000, 0.000000000000000000 ) ) ;
#1256 = LINE ( 'NONE', #3045, #6150 ) ;
#1257 = ORIENTED_EDGE ( 'NONE', *, *, #4397, .F. ) ;
#1258 = CARTESIAN_POINT ( 'NONE',  ( -24.80352208590858254, 16.09999999999919140, 80.00000000000000000 ) ) ;
#1259 = ORIENTED_EDGE ( 'NONE', *, *, #2864, .T. ) ;
#1261 = ORIENTED_EDGE ( 'NONE', *, *, #7372, .F. ) ;
#1260 = ORIENTED_EDGE ( 'NONE', *, *, #4287, .F. ) ;
#1262 = CIRCLE ( 'NONE', #2258, 2.500000000000085265 ) ;
#1263 = CC_DESIGN_PERSON_AND_ORGANIZATION_ASSIGNMENT ( #1691, #6492, ( #6715 ) ) ;
#1264 = DATE_TIME_ROLE ( 'classification_date' ) ;
#1265 = CARTESIAN_POINT ( 'NONE',  ( -26.72197802197803895, -6.770329670329644500, -1.500000000000000000 ) ) ;
#1266 = DIRECTION ( 'NONE',  ( 1.000000000000000000, 0.000000000000000000, 0.000000000000000000 ) ) ;
#1267 = FACE_OUTER_BOUND ( 'NONE', #5138, .T. ) ;
#1268 = CARTESIAN_POINT ( 'NONE',  ( 0.7500000000000000000, -0.5900000000000001910, 0.5900000000000001910 ) ) ;
#1269 = ORIENTED_EDGE ( 'NONE', *, *, #5231, .F. ) ;
#1270 = ORIENTED_EDGE ( 'NONE', *, *, #5486, .T. ) ;
#1271 = PERSON_AND_ORGANIZATION ( #2152, #3857 ) ;
#1272 = CARTESIAN_POINT ( 'NONE',  ( -1.029992063861348488E-13, 9.500000000000053291, 80.00000000000000000 ) ) ;
#1273 = DIRECTION ( 'NONE',  ( -0.000000000000000000, -0.000000000000000000, -1.000000000000000000 ) ) ;
#1274 = PLANE ( 'NONE',  #3442 ) ;
#1275 = VERTEX_POINT ( 'NONE', #3824 ) ;
#1276 = EDGE_CURVE ( 'NONE', #6404, #714, #5039, .T. ) ;
#1277 = VECTOR ( 'NONE', #6099, 1000.000000000000000 ) ;
#1278 = ORIENTED_EDGE ( 'NONE', *, *, #1840, .T. ) ;
#1279 = DIRECTION ( 'NONE',  ( 0.000000000000000000, 0.000000000000000000, 1.000000000000000000 ) ) ;
#1280 = AXIS2_PLACEMENT_3D ( 'NONE', #3463, #2326, #2 ) ;
#1281 = DIRECTION ( 'NONE',  ( 1.040834085586082363E-14, -1.000000000000000000, 0.000000000000000000 ) ) ;
#1282 = DIRECTION ( 'NONE',  ( -0.000000000000000000, -0.000000000000000000, -1.000000000000000000 ) ) ;
#1283 = APPROVAL_PERSON_ORGANIZATION ( #3754, #6282, #4640 ) ;
#1284 = FACE_OUTER_BOUND ( 'NONE', #4894, .T. ) ;
#1285 = PLANE ( 'NONE',  #4182 ) ;
#1286 = LINE ( 'NONE', #6551, #5720 ) ;
#1287 = CARTESIAN_POINT ( 'NONE',  ( -1.674796664988687261E-13, 17.69999999999982165, 0.000000000000000000 ) ) ;
#1288 = EDGE_CURVE ( 'NONE', #6340, #188, #4869, .T. ) ;
#1289 = VERTEX_POINT ( 'NONE', #825 ) ;
#1290 = ORIENTED_EDGE ( 'NONE', *, *, #6950, .F. ) ;
#1291 = CIRCLE ( 'NONE', #6519, 0.5666666666667152796 ) ;
#1292 = CARTESIAN_POINT ( 'NONE',  ( -24.13654285052884063, 14.92159925438560286, 80.00000000000000000 ) ) ;
#1293 = CARTESIAN_POINT ( 'NONE',  ( -22.52197802197775189, -6.570329670329666527, -0.9999999999999859002 ) ) ;
#1294 = ADVANCED_FACE ( 'NONE', ( #6113 ), #6791, .T. ) ;
#1295 = VERTEX_POINT ( 'NONE', #6029 ) ;
#1296 = EDGE_LOOP ( 'NONE', ( #7392, #2232, #5431, #3009 ) ) ;
#1297 = DIRECTION ( 'NONE',  ( -0.000000000000000000, -0.000000000000000000, -1.000000000000000000 ) ) ;
#1298 = DIRECTION ( 'NONE',  ( -0.000000000000000000, -0.000000000000000000, -1.000000000000000000 ) ) ;
#1299 = VERTEX_POINT ( 'NONE', #2526 ) ;
#1300 = ORIENTED_EDGE ( 'NONE', *, *, #1030, .T. ) ;
#1301 = APPROVAL_STATUS ( 'not_yet_approved' ) ;
#1302 = AXIS2_PLACEMENT_3D ( 'NONE', #497, #2906, #7082 ) ;
#1303 = CYLINDRICAL_SURFACE ( 'NONE', #2327, 0.5666666666667812269 ) ;
#1304 = CARTESIAN_POINT ( 'NONE',  ( 0.000000000000000000, 0.2899999999999998690, 0.000000000000000000 ) ) ;
#1305 = CARTESIAN_POINT ( 'NONE',  ( 17.90000000000073044, 17.69999999999979323, 80.00000000000000000 ) ) ;
#1306 = DIRECTION ( 'NONE',  ( -0.000000000000000000, -0.000000000000000000, -1.000000000000000000 ) ) ;
#1307 = ADVANCED_FACE ( 'NONE', ( #1402 ), #783, .T. ) ;
#1308 = ORIENTED_EDGE ( 'NONE', *, *, #7620, .F. ) ;
#1309 = ORIENTED_EDGE ( 'NONE', *, *, #3300, .T. ) ;
#1310 = CC_DESIGN_DATE_AND_TIME_ASSIGNMENT ( #2543, #2845, ( #5659 ) ) ;
#1311 = COORDINATED_UNIVERSAL_TIME_OFFSET ( 8, 0, .AHEAD. ) ;
#1312 = AXIS2_PLACEMENT_3D ( 'NONE', #5799, #4667, #1083 ) ;
#1313 = LINE ( 'NONE', #5491, #7642 ) ;
#1314 = CARTESIAN_POINT ( 'NONE',  ( -24.38654285052914616, 14.92159925438559931, 80.00000000000000000 ) ) ;
#1315 = CARTESIAN_POINT ( 'NONE',  ( 0.7500000000000000000, 0.2899999999999998690, 0.5900000000000001910 ) ) ;
#1316 = CIRCLE ( 'NONE', #6926, 2.499999999999988454 ) ;
#1317 = PRODUCT_DEFINITION_SHAPE ( 'NONE', 'NONE',  #6463 ) ;
#1318 = ORIENTED_EDGE ( 'NONE', *, *, #6153, .T. ) ;
#1319 = APPROVAL ( #1301, 'UNKNOWN' ) ;
#1320 = CARTESIAN_POINT ( 'NONE',  ( -38.40281973967358198, -51.15890285748414357, 133.3929398823297561 ) ) ;
#1321 = CIRCLE ( 'NONE', #6183, 0.4629171123669006960 ) ;
#1322 = ORIENTED_EDGE ( 'NONE', *, *, #6835, .F. ) ;
#1323 = EDGE_CURVE ( 'NONE', #1252, #2900, #7244, .T. ) ;
#1324 = DIRECTION ( 'NONE',  ( 1.000000000000000000, 0.000000000000000000, 0.000000000000000000 ) ) ;
#1325 = CARTESIAN_POINT ( 'NONE',  ( 22.92226674140372822, 1.400000000000530154, 80.00000000000000000 ) ) ;
#1326 = CIRCLE ( 'NONE', #2433, 2.499999999999835687 ) ;
#1327 = DIRECTION ( 'NONE',  ( -0.000000000000000000, -0.000000000000000000, -1.000000000000000000 ) ) ;
#1328 = FACE_BOUND ( 'NONE', #2316, .T. ) ;
#1329 = DIRECTION ( 'NONE',  ( -0.000000000000000000, 0.000000000000000000, 1.000000000000000000 ) ) ;
#1330 = LINE ( 'NONE', #666, #4340 ) ;
#1331 = DIRECTION ( 'NONE',  ( 1.000000000000000000, 0.000000000000000000, 0.000000000000000000 ) ) ;
#1332 = AXIS2_PLACEMENT_3D ( 'NONE', #117, #4277, #1850 ) ;
#1333 = ORIENTED_EDGE ( 'NONE', *, *, #3426, .T. ) ;
#1334 = ORIENTED_EDGE ( 'NONE', *, *, #3778, .T. ) ;
#1335 = CARTESIAN_POINT ( 'NONE',  ( 9.900000000002224354, 9.485483185213485995E-14, 80.00000000000000000 ) ) ;
#1336 = AXIS2_PLACEMENT_3D ( 'NONE', #3798, #2088, #4470 ) ;
#1337 = DIRECTION ( 'NONE',  ( -0.000000000000000000, -0.000000000000000000, -1.000000000000000000 ) ) ;
#1338 = ORIENTED_EDGE ( 'NONE', *, *, #706, .F. ) ;
#1339 = DIRECTION ( 'NONE',  ( -0.000000000000000000, 0.000000000000000000, 1.000000000000000000 ) ) ;
#1340 = PLANE ( 'NONE',  #7700 ) ;
#1341 = VERTEX_POINT ( 'NONE', #1943 ) ;
#1342 = ORIENTED_EDGE ( 'NONE', *, *, #3935, .T. ) ;
#1343 = APPROVAL_DATE_TIME ( #3012, #7428 ) ;
#1344 = DIRECTION ( 'NONE',  ( -1.047444401652940164E-14, 1.000000000000000000, 0.000000000000000000 ) ) ;
#1345 = DIRECTION ( 'NONE',  ( -0.000000000000000000, 0.000000000000000000, 1.000000000000000000 ) ) ;
#1346 = ADVANCED_FACE ( 'NONE', ( #700 ), #5589, .F. ) ;
#1347 = DIRECTION ( 'NONE',  ( 1.000000000000000000, 0.000000000000000000, 0.000000000000000000 ) ) ;
#1348 = CARTESIAN_POINT ( 'NONE',  ( 9.000000000002135181, 1.022544721322827055E-13, 80.00000000000000000 ) ) ;
#1349 = ORIENTED_EDGE ( 'NONE', *, *, #1404, .T. ) ;
#1350 = DIRECTION ( 'NONE',  ( -1.000000000000000000, 0.000000000000000000, 0.000000000000000000 ) ) ;
#1351 = ORIENTED_EDGE ( 'NONE', *, *, #4382, .F. ) ;
#1352 = VECTOR ( 'NONE', #3510, 1000.000000000000000 ) ;
#1353 = EDGE_CURVE ( 'NONE', #4063, #2576, #7375, .T. ) ;
#1354 = DIRECTION ( 'NONE',  ( -0.000000000000000000, -0.000000000000000000, -1.000000000000000000 ) ) ;
#1355 = CARTESIAN_POINT ( 'NONE',  ( -26.50000000000006750, 9.499999999999786837, 80.00000000000000000 ) ) ;
#1356 = FACE_OUTER_BOUND ( 'NONE', #3001, .T. ) ;
#1357 = ORIENTED_EDGE ( 'NONE', *, *, #5425, .F. ) ;
#1358 = AXIS2_PLACEMENT_3D ( 'NONE', #6743, #1480, #3275 ) ;
#1359 = DIRECTION ( 'NONE',  ( 1.000000000000000000, 0.000000000000000000, 0.000000000000000000 ) ) ;
#1361 = EDGE_CURVE ( 'NONE', #7252, #7196, #1138, .T. ) ;
#1360 = ORIENTED_EDGE ( 'NONE', *, *, #4044, .F. ) ;
#1362 = LOCAL_TIME ( 15, 21, 11.00000000000000000, #4115 ) ;
#1363 = EDGE_CURVE ( 'NONE', #964, #5740, #26, .T. ) ;
#1364 = CYLINDRICAL_SURFACE ( 'NONE', #7570, 0.5666666666667742325 ) ;
#1365 = FACE_OUTER_BOUND ( 'NONE', #1718, .T. ) ;
#1366 = CARTESIAN_POINT ( 'NONE',  ( -9.445352049421510188, 18.33710622225171960, 80.00000000000000000 ) ) ;
#1367 = AXIS2_PLACEMENT_3D ( 'NONE', #4057, #6436, #5234 ) ;
#1368 = DIRECTION ( 'NONE',  ( 0.8660254037844380415, 0.5000000000000009992, -0.000000000000000000 ) ) ;
#1369 = DIRECTION ( 'NONE',  ( -0.000000000000000000, -0.000000000000000000, -1.000000000000000000 ) ) ;
#1370 = CARTESIAN_POINT ( 'NONE',  ( 17.00000000000059686, 18.46341459489508807, 0.000000000000000000 ) ) ;
#1371 = VERTEX_POINT ( 'NONE', #3738 ) ;
#1372 = ORIENTED_EDGE ( 'NONE', *, *, #6962, .T. ) ;
#1373 = CARTESIAN_POINT ( 'NONE',  ( -15.90000000000110347, 18.42421244450403961, 80.00000000000000000 ) ) ;
#1374 = CARTESIAN_POINT ( 'NONE',  ( 27.50000000000030198, 2.862293735361757959E-13, 80.00000000000000000 ) ) ;
#1375 = EDGE_CURVE ( 'NONE', #6050, #5899, #2029, .T. ) ;
#1376 = VECTOR ( 'NONE', #4028, 1000.000000000000000 ) ;
#1377 = LINE ( 'NONE', #5638, #4437 ) ;
#1378 = LINE ( 'NONE', #2462, #4472 ) ;
#1379 = ORIENTED_EDGE ( 'NONE', *, *, #6389, .F. ) ;
#1380 = ORIENTED_EDGE ( 'NONE', *, *, #6899, .T. ) ;
#1381 = ORIENTED_EDGE ( 'NONE', *, *, #2216, .F. ) ;
#1382 = APPROVAL_DATE_TIME ( #4974, #6282 ) ;
#1383 = FACE_OUTER_BOUND ( 'NONE', #5686, .T. ) ;
#1384 = CARTESIAN_POINT ( 'NONE',  ( -1.674796664989354953E-13, 17.69999999999981100, 80.00000000000000000 ) ) ;
#1385 = LINE ( 'NONE', #4190, #2556 ) ;
#1386 = DIRECTION ( 'NONE',  ( 1.000000000000000000, 0.000000000000000000, 0.000000000000000000 ) ) ;
#1387 = ORIENTED_EDGE ( 'NONE', *, *, #1852, .F. ) ;
#1388 = CARTESIAN_POINT ( 'NONE',  ( -7.000000000002079226, 17.69999999999975415, 80.00000000000000000 ) ) ;
#1389 = DIRECTION ( 'NONE',  ( -1.136160801465180469E-14, 1.000000000000000000, 0.000000000000000000 ) ) ;
#1390 = AXIS2_PLACEMENT_3D ( 'NONE', #4371, #3159, #2485 ) ;
#1392 = ORIENTED_EDGE ( 'NONE', *, *, #4287, .T. ) ;
#1391 = VERTEX_POINT ( 'NONE', #5544 ) ;
#1393 = ADVANCED_FACE ( 'NONE', ( #4285 ), #742, .T. ) ;
#1394 = DIRECTION ( 'NONE',  ( -1.000000000000000000, -9.581296146679602814E-15, 0.000000000000000000 ) ) ;
#1395 = DIRECTION ( 'NONE',  ( 0.000000000000000000, 0.000000000000000000, 1.000000000000000000 ) ) ;
#1396 = DIRECTION ( 'NONE',  ( -0.000000000000000000, -0.000000000000000000, -1.000000000000000000 ) ) ;
#1397 = VERTEX_POINT ( 'NONE', #5000 ) ;
#1398 = ORIENTED_EDGE ( 'NONE', *, *, #554, .T. ) ;
#1399 = CIRCLE ( 'NONE', #5765, 1.500000000000001332 ) ;
#1400 = CARTESIAN_POINT ( 'NONE',  ( -1.674796664988665047E-13, 17.69999999999961204, 80.00000000000000000 ) ) ;
#1401 = CARTESIAN_POINT ( 'NONE',  ( 19.90000000000028990, 17.69999999999981455, 0.000000000000000000 ) ) ;
#1402 = FACE_OUTER_BOUND ( 'NONE', #6237, .T. ) ;
#1403 = VECTOR ( 'NONE', #3225, 1000.000000000000000 ) ;
#1404 = EDGE_CURVE ( 'NONE', #1581, #5434, #1448, .T. ) ;
#1405 = CIRCLE ( 'NONE', #5770, 2.499999999999943157 ) ;
#1406 = ADVANCED_FACE ( 'NONE', ( #5291 ), #6419, .T. ) ;
#1407 = CARTESIAN_POINT ( 'NONE',  ( -9.445352049421510188, 18.33710622225171960, 0.000000000000000000 ) ) ;
#1408 = CARTESIAN_POINT ( 'NONE',  ( -26.72197802197803895, 7.029670329669723827, 0.000000000000000000 ) ) ;
#1409 = DIRECTION ( 'NONE',  ( -0.000000000000000000, 0.000000000000000000, 1.000000000000000000 ) ) ;
#1410 = ORIENTED_EDGE ( 'NONE', *, *, #6676, .T. ) ;
#1411 = ORIENTED_EDGE ( 'NONE', *, *, #42, .F. ) ;
#1412 = AXIS2_PLACEMENT_3D ( 'NONE', #1739, #2361, #6502 ) ;
#1413 = APPROVAL_PERSON_ORGANIZATION ( #2731, #509, #5741 ) ;
#1414 = PLANE ( 'NONE',  #2878 ) ;
#1415 = CARTESIAN_POINT ( 'NONE',  ( -25.52197802197775189, 6.829670329669523809, -1.500000000000000000 ) ) ;
#1416 = AXIS2_PLACEMENT_3D ( 'NONE', #5690, #6192, #5618 ) ;
#1417 = ORIENTED_EDGE ( 'NONE', *, *, #2990, .T. ) ;
#1418 = EDGE_CURVE ( 'NONE', #3523, #358, #6994, .T. ) ;
#1419 = DIRECTION ( 'NONE',  ( 0.8660254037844380415, 0.5000000000000009992, 0.000000000000000000 ) ) ;
#1420 = CARTESIAN_POINT ( 'NONE',  ( -1.674796664989354953E-13, 17.69999999999981100, 80.00000000000000000 ) ) ;
#1421 = VERTEX_POINT ( 'NONE', #4596 ) ;
#1422 = VERTEX_POINT ( 'NONE', #5800 ) ;
#1423 = VECTOR ( 'NONE', #4843, 1000.000000000000000 ) ;
#1424 = VERTEX_POINT ( 'NONE', #4742 ) ;
#1425 = LINE ( 'NONE', #3222, #5446 ) ;
#1426 = EDGE_CURVE ( 'NONE', #235, #3058, #7122, .T. ) ;
#1427 = LINE ( 'NONE', #6181, #5293 ) ;
#1428 = LINE ( 'NONE', #6770, #2305 ) ;
#1429 = CARTESIAN_POINT ( 'NONE',  ( -27.49999999999945999, 12.49999999999967493, 80.00000000000000000 ) ) ;
#1430 = VERTEX_POINT ( 'NONE', #7045 ) ;
#1431 = DIRECTION ( 'NONE',  ( -0.000000000000000000, 0.000000000000000000, 1.000000000000000000 ) ) ;
#1432 = CARTESIAN_POINT ( 'NONE',  ( -7.445352049421951612, 18.33710622225218856, 80.00000000000000000 ) ) ;
#1434 = ORIENTED_EDGE ( 'NONE', *, *, #1753, .F. ) ;
#1433 = VERTEX_POINT ( 'NONE', #1733 ) ;
#1435 = MECHANICAL_CONTEXT ( 'NONE', #584, 'mechanical' ) ;
#1436 = DIRECTION ( 'NONE',  ( 1.136160801470865474E-14, -1.000000000000000000, 0.000000000000000000 ) ) ;
#1437 = EDGE_CURVE ( 'NONE', #7096, #3057, #644, .T. ) ;
#1438 = DIRECTION ( 'NONE',  ( -1.000000000000000000, 0.000000000000000000, 0.000000000000000000 ) ) ;
#1439 = LINE ( 'NONE', #4947, #2697 ) ;
#1440 = ORIENTED_EDGE ( 'NONE', *, *, #7184, .F. ) ;
#1441 = EDGE_CURVE ( 'NONE', #6700, #2346, #5254, .T. ) ;
#1442 = CARTESIAN_POINT ( 'NONE',  ( 0.000000000000000000, 0.000000000000000000, 0.000000000000000000 ) ) ;
#1443 = VERTEX_POINT ( 'NONE', #4121 ) ;
#1444 = VECTOR ( 'NONE', #3007, 1000.000000000000000 ) ;
#1445 = EDGE_CURVE ( 'NONE', #2231, #3679, #4128, .T. ) ;
#1446 = DIRECTION ( 'NONE',  ( -1.000000000000000000, -1.069075436258702637E-14, 0.000000000000000000 ) ) ;
#1447 = LINE ( 'NONE', #3777, #1692 ) ;
#1448 = LINE ( 'NONE', #4628, #6746 ) ;
#1449 = CARTESIAN_POINT ( 'NONE',  ( 0.000000000000000000, -1.449999999999999956, 0.2899999999999997025 ) ) ;
#1450 = DIRECTION ( 'NONE',  ( -0.000000000000000000, -1.000000000000000000, -0.000000000000000000 ) ) ;
#1451 = EDGE_LOOP ( 'NONE', ( #641, #7214, #6866, #336 ) ) ;
#1452 = ORIENTED_EDGE ( 'NONE', *, *, #7030, .T. ) ;
#1453 = VECTOR ( 'NONE', #6033, 1000.000000000000000 ) ;
#1454 = EDGE_CURVE ( 'NONE', #761, #2378, #1660, .T. ) ;
#1455 = CARTESIAN_POINT ( 'NONE',  ( -7.900000000001987210, 18.42421244450412487, 80.00000000000000000 ) ) ;
#1456 = LINE ( 'NONE', #3789, #1127 ) ;
#1457 = AXIS2_PLACEMENT_3D ( 'NONE', #6319, #3322, #2725 ) ;
#1458 = DIRECTION ( 'NONE',  ( -1.000000000000000000, -9.462128050787461607E-15, 0.000000000000000000 ) ) ;
#1459 = CARTESIAN_POINT ( 'NONE',  ( -15.44535204942018325, 18.33710622225165210, 0.000000000000000000 ) ) ;
#1460 = ORIENTED_EDGE ( 'NONE', *, *, #3071, .F. ) ;
#1461 = VERTEX_POINT ( 'NONE', #2833 ) ;
#1462 = ORIENTED_EDGE ( 'NONE', *, *, #819, .T. ) ;
#1463 = CONICAL_SURFACE ( 'NONE', #96, 1.500000000000001332, 0.7853981633974491672 ) ;
#1464 = CIRCLE ( 'NONE', #3828, 0.5666666666667014018 ) ;
#1465 = CARTESIAN_POINT ( 'NONE',  ( -27.49999999999940670, 8.499999999999667821, 0.000000000000000000 ) ) ;
#1466 = EDGE_CURVE ( 'NONE', #877, #606, #2286, .T. ) ;
#1467 = AXIS2_PLACEMENT_3D ( 'NONE', #6933, #2679, #1586 ) ;
#1468 = DIRECTION ( 'NONE',  ( -0.000000000000000000, -0.000000000000000000, -1.000000000000000000 ) ) ;
#1469 = VERTEX_POINT ( 'NONE', #7597 ) ;
#1470 = CYLINDRICAL_SURFACE ( 'NONE', #7536, 2.499999999999974243 ) ;
#1471 = AXIS2_PLACEMENT_3D ( 'NONE', #5542, #2611, #4996 ) ;
#1472 = CARTESIAN_POINT ( 'NONE',  ( -26.72197802197803895, 0.000000000000000000, -1.500000000000000000 ) ) ;
#1474 = VERTEX_POINT ( 'NONE', #5331 ) ;
#1473 = VERTEX_POINT ( 'NONE', #6460 ) ;
#1475 = DATE_TIME_ROLE ( 'creation_date' ) ;
#1476 = CARTESIAN_POINT ( 'NONE',  ( -21.50000000000004974, 18.79999999999948201, 80.00000000000000000 ) ) ;
#1477 = CARTESIAN_POINT ( 'NONE',  ( 0.000000000000000000, 2.200000000000000178, -1.449999999999999956 ) ) ;
#1478 = DIRECTION ( 'NONE',  ( -0.000000000000000000, -0.000000000000000000, -1.000000000000000000 ) ) ;
#1479 = ORIENTED_EDGE ( 'NONE', *, *, #4432, .F. ) ;
#1480 = DIRECTION ( 'NONE',  ( 1.000000000000000000, 1.089406342913434855E-14, -7.718416323690786345E-17 ) ) ;
#1481 = CIRCLE ( 'NONE', #983, 0.4999999999999449329 ) ;
#1482 = ADVANCED_FACE ( 'NONE', ( #5219 ), #6244, .T. ) ;
#1483 = ORIENTED_EDGE ( 'NONE', *, *, #5249, .T. ) ;
#1484 = DIRECTION ( 'NONE',  ( 1.000000000000000000, 0.000000000000000000, 0.000000000000000000 ) ) ;
#1485 = DIRECTION ( 'NONE',  ( 1.000000000000000000, 0.000000000000000000, 0.000000000000000000 ) ) ;
#1486 = AXIS2_PLACEMENT_3D ( 'NONE', #1945, #5666, #873 ) ;
#1487 = CARTESIAN_POINT ( 'NONE',  ( 7.000000000002374101, 17.69999999999967955, 0.000000000000000000 ) ) ;
#1488 = DIRECTION ( 'NONE',  ( 0.000000000000000000, 0.000000000000000000, 1.000000000000000000 ) ) ;
#1489 = PRODUCT_DEFINITION_FORMATION_WITH_SPECIFIED_SOURCE ( '任何', '', #4797, .NOT_KNOWN. ) ;
#1490 = ORIENTED_EDGE ( 'NONE', *, *, #4600, .F. ) ;
#1491 = ORIENTED_EDGE ( 'NONE', *, *, #4700, .F. ) ;
#1492 = ADVANCED_FACE ( 'NONE', ( #3420 ), #499, .F. ) ;
#1493 = CARTESIAN_POINT ( 'NONE',  ( -27.19999999999958717, 12.99999999999965006, 80.00000000000000000 ) ) ;
#1494 = CARTESIAN_POINT ( 'NONE',  ( -11.44535204942106787, 18.33710622225169828, 80.00000000000000000 ) ) ;
#1495 = DIRECTION ( 'NONE',  ( 0.000000000000000000, 0.000000000000000000, -1.000000000000000000 ) ) ;
#1496 = FACE_OUTER_BOUND ( 'NONE', #6597, .T. ) ;
#1497 = ORIENTED_EDGE ( 'NONE', *, *, #285, .T. ) ;
#1498 = VERTEX_POINT ( 'NONE', #2322 ) ;
#1499 = ORIENTED_EDGE ( 'NONE', *, *, #5987, .F. ) ;
#1500 = FACE_OUTER_BOUND ( 'NONE', #5494, .T. ) ;
#1501 = LINE ( 'NONE', #2594, #1403 ) ;
#1502 = ORIENTED_EDGE ( 'NONE', *, *, #6989, .T. ) ;
#1503 = EDGE_CURVE ( 'NONE', #6172, #7001, #5763, .T. ) ;
#1504 = CARTESIAN_POINT ( 'NONE',  ( 0.000000000000000000, -0.5900000000000001910, 0.5900000000000001910 ) ) ;
#1505 = FACE_OUTER_BOUND ( 'NONE', #2693, .T. ) ;
#1506 = CC_DESIGN_PERSON_AND_ORGANIZATION_ASSIGNMENT ( #2863, #5287, ( #463 ) ) ;
#1508 = ORIENTED_EDGE ( 'NONE', *, *, #5559, .T. ) ;
#1507 = VERTEX_POINT ( 'NONE', #425 ) ;
#1509 = APPLICATION_PROTOCOL_DEFINITION ( 'international standard', 'config_control_design', 1994, #1766 ) ;
#1510 = DIRECTION ( 'NONE',  ( 1.000000000000000000, 1.136160801467550522E-14, -0.000000000000000000 ) ) ;
#1511 = LINE ( 'NONE', #5761, #6824 ) ;
#1512 = CARTESIAN_POINT ( 'NONE',  ( -1.674796664989339049E-13, 17.69999999999961560, 80.00000000000000000 ) ) ;
#1513 = ORIENTED_EDGE ( 'NONE', *, *, #6285, .T. ) ;
#1514 = CIRCLE ( 'NONE', #2014, 0.4629171123666231402 ) ;
#1515 = CARTESIAN_POINT ( 'NONE',  ( -5.000000000002077449, 17.69999999999977547, 0.000000000000000000 ) ) ;
#1516 = ORIENTED_EDGE ( 'NONE', *, *, #3598, .T. ) ;
#1517 = VECTOR ( 'NONE', #2533, 1000.000000000000000 ) ;
#1518 = CYLINDRICAL_SURFACE ( 'NONE', #1582, 0.5666666666668297436 ) ;
#1519 = LINE ( 'NONE', #3899, #1699 ) ;
#1520 = ADVANCED_FACE ( 'NONE', ( #2793 ), #1158, .T. ) ;
#1521 = CARTESIAN_POINT ( 'NONE',  ( 7.900000000002052936, 17.69999999999968665, 0.000000000000000000 ) ) ;
#1522 =( NAMED_UNIT ( * ) SI_UNIT ( $, .STERADIAN. ) SOLID_ANGLE_UNIT ( ) );
#1523 = VERTEX_POINT ( 'NONE', #1659 ) ;
#1524 = COORDINATED_UNIVERSAL_TIME_OFFSET ( 8, 0, .AHEAD. ) ;
#1525 = DIRECTION ( 'NONE',  ( -0.000000000000000000, 0.000000000000000000, 1.000000000000000000 ) ) ;
#1526 = AXIS2_PLACEMENT_3D ( 'NONE', #7291, #3700, #1991 ) ;
#1527 = CARTESIAN_POINT ( 'NONE',  ( -25.70000000000032614, 4.486057109949046051, 0.000000000000000000 ) ) ;
#1528 = ADVANCED_FACE ( 'NONE', ( #5180 ), #7560, .T. ) ;
#1529 = CARTESIAN_POINT ( 'NONE',  ( -27.49999999999944933, 7.499999999999670486, 0.000000000000000000 ) ) ;
#1530 = CARTESIAN_POINT ( 'NONE',  ( -26.93333333333269763, 10.49999999999967315, 80.00000000000000000 ) ) ;
#1531 = LINE ( 'NONE', #3912, #2268 ) ;
#1532 = VECTOR ( 'NONE', #2557, 1000.000000000000000 ) ;
#1533 = CIRCLE ( 'NONE', #6765, 2.200000000000000178 ) ;
#1534 = VERTEX_POINT ( 'NONE', #4231 ) ;
#1535 = ORGANIZATION ( 'NAUO-ORG4', 'UNSPECIFIED', 'UNSPECIFIED' ) ;
#1536 = FACE_OUTER_BOUND ( 'NONE', #1632, .T. ) ;
#1537 = ADVANCED_FACE ( 'NONE', ( #3678 ), #3139, .T. ) ;
#1538 = PLANE ( 'NONE',  #6243 ) ;
#1539 = AXIS2_PLACEMENT_3D ( 'NONE', #5903, #7627, #2281 ) ;
#1540 = CARTESIAN_POINT ( 'NONE',  ( -27.19999999999950546, 5.999999999999687361, 80.00000000000000000 ) ) ;
#1541 = ORIENTED_EDGE ( 'NONE', *, *, #5413, .T. ) ;
#1542 = CC_DESIGN_SECURITY_CLASSIFICATION ( #4899, ( #7712 ) ) ;
#1543 = DIRECTION ( 'NONE',  ( -0.000000000000000000, 0.000000000000000000, 1.000000000000000000 ) ) ;
#1544 = ORIENTED_EDGE ( 'NONE', *, *, #3819, .F. ) ;
#1546 = ORIENTED_EDGE ( 'NONE', *, *, #7557, .T. ) ;
#1545 = ORIENTED_EDGE ( 'NONE', *, *, #512, .F. ) ;
#1547 = APPROVAL_ROLE ( '' ) ;
#1548 = CARTESIAN_POINT ( 'NONE',  ( 6.000000000000000000, 1.530808498934191571E-16, 1.250000000000000000 ) ) ;
#1549 = EDGE_CURVE ( 'NONE', #6172, #1461, #4780, .T. ) ;
#1550 = DIRECTION ( 'NONE',  ( 0.000000000000000000, 1.000000000000000000, -0.000000000000000000 ) ) ;
#1551 = FACE_BOUND ( 'NONE', #6881, .T. ) ;
#1552 = EDGE_LOOP ( 'NONE', ( #5280, #6827, #1592, #2496 ) ) ;
#1553 = DIRECTION ( 'NONE',  ( -0.000000000000000000, -0.000000000000000000, -1.000000000000000000 ) ) ;
#1554 = ORIENTED_EDGE ( 'NONE', *, *, #3508, .F. ) ;
#1555 = VECTOR ( 'NONE', #7480, 1000.000000000000000 ) ;
#1556 = DIRECTION ( 'NONE',  ( 0.000000000000000000, 0.000000000000000000, 1.000000000000000000 ) ) ;
#1557 = DIRECTION ( 'NONE',  ( 0.000000000000000000, 0.000000000000000000, 1.000000000000000000 ) ) ;
#1558 = EDGE_CURVE ( 'NONE', #329, #309, #1195, .T. ) ;
#1559 = VECTOR ( 'NONE', #2899, 1000.000000000000000 ) ;
#1560 = ORIENTED_EDGE ( 'NONE', *, *, #4605, .F. ) ;
#1561 = APPROVAL_ROLE ( '' ) ;
#1562 = VECTOR ( 'NONE', #1768, 1000.000000000000000 ) ;
#1563 = CARTESIAN_POINT ( 'NONE',  ( 15.90000000000134328, 1.523426087321952418E-13, 0.000000000000000000 ) ) ;
#1564 = AXIS2_PLACEMENT_3D ( 'NONE', #795, #6217, #2118 ) ;
#1565 = CARTESIAN_POINT ( 'NONE',  ( 0.7500000000000000000, 0.2899999999999999800, 0.2899999999999999800 ) ) ;
#1566 = DIRECTION ( 'NONE',  ( 0.000000000000000000, 1.000000000000000000, -0.000000000000000000 ) ) ;
#1567 = DIRECTION ( 'NONE',  ( -0.000000000000000000, -0.000000000000000000, -1.000000000000000000 ) ) ;
#1568 = LINE ( 'NONE', #3986, #163 ) ;
#1569 = AXIS2_PLACEMENT_3D ( 'NONE', #7376, #6792, #872 ) ;
#1570 = EDGE_CURVE ( 'NONE', #3680, #4012, #2470, .T. ) ;
#1571 = ORIENTED_EDGE ( 'NONE', *, *, #1375, .T. ) ;
#1572 = DIRECTION ( 'NONE',  ( 1.000000000000000000, 9.089286411741724101E-15, -0.000000000000000000 ) ) ;
#1573 = FACE_OUTER_BOUND ( 'NONE', #2401, .T. ) ;
#1574 = CONICAL_SURFACE ( 'NONE', #7563, 2.199999999106694304, 0.7853981624999207822 ) ;
#1575 = FACE_OUTER_BOUND ( 'NONE', #7036, .T. ) ;
#1576 = VERTEX_POINT ( 'NONE', #6688 ) ;
#1577 = CARTESIAN_POINT ( 'NONE',  ( 13.44535204942090978, 18.33710622225218501, 80.00000000000000000 ) ) ;
#1578 = ORIENTED_EDGE ( 'NONE', *, *, #2620, .F. ) ;
#1579 = EDGE_CURVE ( 'NONE', #5457, #919, #4191, .T. ) ;
#1581 = VERTEX_POINT ( 'NONE', #6571 ) ;
#1580 = ORIENTED_EDGE ( 'NONE', *, *, #1102, .F. ) ;
#1582 = AXIS2_PLACEMENT_3D ( 'NONE', #396, #5771, #4562 ) ;
#1583 = DATE_AND_TIME ( #3889, #4486 ) ;
#1584 = VECTOR ( 'NONE', #7450, 1000.000000000000000 ) ;
#1585 = CARTESIAN_POINT ( 'NONE',  ( -13.00000000000077094, -1.477009041907903195E-13, 80.00000000000000000 ) ) ;
#1586 = DIRECTION ( 'NONE',  ( 0.8660254037844380415, -0.5000000000000009992, 0.000000000000000000 ) ) ;
#1587 = DIRECTION ( 'NONE',  ( -1.000000000000000000, 0.000000000000000000, 0.000000000000000000 ) ) ;
#1588 = ORIENTED_EDGE ( 'NONE', *, *, #7669, .T. ) ;
#1589 = VECTOR ( 'NONE', #5203, 1000.000000000000000 ) ;
#1590 = CARTESIAN_POINT ( 'NONE',  ( -24.48302076461965626, 4.236057109949086019, 80.00000000000000000 ) ) ;
#1591 = EDGE_CURVE ( 'NONE', #1371, #3164, #1533, .T. ) ;
#1592 = ORIENTED_EDGE ( 'NONE', *, *, #113, .F. ) ;
#1593 = CARTESIAN_POINT ( 'NONE',  ( -19.90000000000013003, -9.533389665946998473E-14, 0.000000000000000000 ) ) ;
#1594 = CARTESIAN_POINT ( 'NONE',  ( 0.7499999999999998890, -0.5900000000000001910, -0.2900000000000000355 ) ) ;
#1595 = VECTOR ( 'NONE', #3496, 1000.000000000000000 ) ;
#1597 = ORIENTED_EDGE ( 'NONE', *, *, #6052, .F. ) ;
#1596 = EDGE_CURVE ( 'NONE', #2463, #7553, #1881, .T. ) ;
#1598 = AXIS2_PLACEMENT_3D ( 'NONE', #166, #4912, #595 ) ;
#1599 = DATE_TIME_ROLE ( 'classification_date' ) ;
#1600 = CARTESIAN_POINT ( 'NONE',  ( -1.674796664989347380E-13, 17.69999999999962270, 0.000000000000000000 ) ) ;
#1601 = CARTESIAN_POINT ( 'NONE',  ( -2.049947513325670233E-13, 18.79999999999971649, 0.000000000000000000 ) ) ;
#1602 = CC_DESIGN_APPROVAL ( #2541, ( #4745 ) ) ;
#1603 = DIRECTION ( 'NONE',  ( -0.000000000000000000, 0.000000000000000000, 1.000000000000000000 ) ) ;
#1604 = CARTESIAN_POINT ( 'NONE',  ( -25.70000000000032614, 4.486057109949046051, 80.00000000000000000 ) ) ;
#1605 = ORIENTED_EDGE ( 'NONE', *, *, #7178, .F. ) ;
#1606 = ORIENTED_EDGE ( 'NONE', *, *, #2096, .T. ) ;
#1607 = LINE ( 'NONE', #1108, #6828 ) ;
#1608 = DIRECTION ( 'NONE',  ( -1.077895816502271275E-14, 1.000000000000000000, 0.000000000000000000 ) ) ;
#1609 = CARTESIAN_POINT ( 'NONE',  ( -23.17226674140363230, 3.030329925643872713, 80.00000000000000000 ) ) ;
#1610 = EDGE_CURVE ( 'NONE', #462, #400, #649, .T. ) ;
#1611 = ORIENTED_EDGE ( 'NONE', *, *, #7089, .F. ) ;
#1612 = DIRECTION ( 'NONE',  ( -9.581296146678135533E-15, 1.000000000000000000, 0.000000000000000000 ) ) ;
#1613 = ORIENTED_EDGE ( 'NONE', *, *, #5973, .F. ) ;
#1615 = ORIENTED_EDGE ( 'NONE', *, *, #486, .T. ) ;
#1614 = ORIENTED_EDGE ( 'NONE', *, *, #5225, .T. ) ;
#1616 = DATE_AND_TIME ( #5250, #2729 ) ;
#1617 = CARTESIAN_POINT ( 'NONE',  ( -27.19999999999957296, 13.99999999999969980, 80.00000000000000000 ) ) ;
#1618 = CARTESIAN_POINT ( 'NONE',  ( -9.000000000001858069, 17.69999999999973284, 0.000000000000000000 ) ) ;
#1619 = CARTESIAN_POINT ( 'NONE',  ( -25.52197802197775189, 6.829670329669523809, -0.9999999999999859002 ) ) ;
#1620 = CARTESIAN_POINT ( 'NONE',  ( 0.7500000000000000000, 0.2899999999999999800, -0.2899999999999999800 ) ) ;
#1621 = EDGE_CURVE ( 'NONE', #5408, #5189, #5407, .T. ) ;
#1622 = ORIENTED_EDGE ( 'NONE', *, *, #5118, .F. ) ;
#1623 = ADVANCED_FACE ( 'NONE', ( #3017 ), #6605, .T. ) ;
#1624 = LINE ( 'NONE', #5842, #4592 ) ;
#1625 =( REPRESENTATION_RELATIONSHIP ('NONE','NONE', #4738, #2602 ) REPRESENTATION_RELATIONSHIP_WITH_TRANSFORMATION ( #5920 )SHAPE_REPRESENTATION_RELATIONSHIP( ) );
#1626 = AXIS2_PLACEMENT_3D ( 'NONE', #2492, #6520, #3043 ) ;
#1627 = DIRECTION ( 'NONE',  ( 1.000000000000000000, 9.462128050735879570E-15, 0.000000000000000000 ) ) ;
#1628 = DIRECTION ( 'NONE',  ( -0.000000000000000000, -0.000000000000000000, -1.000000000000000000 ) ) ;
#1629 = PLANE ( 'NONE',  #3822 ) ;
#1630 = EDGE_CURVE ( 'NONE', #5409, #7068, #684, .T. ) ;
#1631 = AXIS2_PLACEMENT_3D ( 'NONE', #3075, #4331, #204 ) ;
#1632 = EDGE_LOOP ( 'NONE', ( #3610, #7540, #884, #615 ) ) ;
#1633 = CONTEXT_DEPENDENT_SHAPE_REPRESENTATION ( #5767, #5071 ) ;
#1634 = EDGE_CURVE ( 'NONE', #4300, #4995, #6058, .T. ) ;
#1635 = FACE_OUTER_BOUND ( 'NONE', #299, .T. ) ;
#1636 = LINE ( 'NONE', #5194, #5737 ) ;
#1637 = CC_DESIGN_PERSON_AND_ORGANIZATION_ASSIGNMENT ( #6191, #6343, ( #1489 ) ) ;
#1638 = DIRECTION ( 'NONE',  ( 1.000000000000000000, 0.000000000000000000, 0.000000000000000000 ) ) ;
#1639 = CARTESIAN_POINT ( 'NONE',  ( -24.46993869760521534, 15.15727940350822323, 0.000000000000000000 ) ) ;
#1640 = ORIENTED_EDGE ( 'NONE', *, *, #5751, .T. ) ;
#1641 = EDGE_LOOP ( 'NONE', ( #3726, #2001, #5823, #7341 ) ) ;
#1642 = VECTOR ( 'NONE', #1141, 1000.000000000000000 ) ;
#1643 = CARTESIAN_POINT ( 'NONE',  ( 24.46641661169641324, 15.15727940350896930, 0.000000000000000000 ) ) ;
#1644 = LINE ( 'NONE', #6297, #1251 ) ;
#1645 = DIRECTION ( 'NONE',  ( -0.000000000000000000, -0.000000000000000000, -1.000000000000000000 ) ) ;
#1646 = EDGE_CURVE ( 'NONE', #500, #4256, #6646, .T. ) ;
#1647 = VERTEX_POINT ( 'NONE', #5945 ) ;
#1648 = VECTOR ( 'NONE', #1306, 1000.000000000000000 ) ;
#1649 = DIRECTION ( 'NONE',  ( -0.7071067818211953515, 0.000000000000000000, 0.7071067805518996829 ) ) ;
#1650 = ORIENTED_EDGE ( 'NONE', *, *, #7467, .F. ) ;
#1652 = ORIENTED_EDGE ( 'NONE', *, *, #5499, .F. ) ;
#1651 = ORIENTED_EDGE ( 'NONE', *, *, #7631, .T. ) ;
#1653 = EDGE_CURVE ( 'NONE', #5426, #6371, #5443, .T. ) ;
#1654 = PERSON_AND_ORGANIZATION ( #2152, #3857 ) ;
#1655 = CIRCLE ( 'NONE', #6137, 0.2500000000002950973 ) ;
#1656 = DIRECTION ( 'NONE',  ( -0.000000000000000000, -0.000000000000000000, -1.000000000000000000 ) ) ;
#1657 = CARTESIAN_POINT ( 'NONE',  ( 0.000000000000000000, 0.000000000000000000, 80.00000000000000000 ) ) ;
#1658 = CARTESIAN_POINT ( 'NONE',  ( 7.900000000002222578, 7.569223955877856364E-14, 80.00000000000000000 ) ) ;
#1659 = CARTESIAN_POINT ( 'NONE',  ( -11.00000000000142286, 18.46341459489513070, 80.00000000000000000 ) ) ;
#1660 = LINE ( 'NONE', #2212, #5985 ) ;
#1661 = ORIENTED_EDGE ( 'NONE', *, *, #1204, .F. ) ;
#1662 = DIRECTION ( 'NONE',  ( 1.000000000000000000, 0.000000000000000000, 0.000000000000000000 ) ) ;
#1663 = EDGE_CURVE ( 'NONE', #6669, #1725, #6532, .T. ) ;
#1664 = AXIS2_PLACEMENT_3D ( 'NONE', #4693, #7071, #3516 ) ;
#1665 = FACE_OUTER_BOUND ( 'NONE', #7115, .T. ) ;
#1666 = DIRECTION ( 'NONE',  ( 0.000000000000000000, 0.000000000000000000, 1.000000000000000000 ) ) ;
#1667 = LINE ( 'NONE', #7092, #2197 ) ;
#1668 = EDGE_CURVE ( 'NONE', #4063, #5831, #4892, .T. ) ;
#1669 = EDGE_LOOP ( 'NONE', ( #4494, #2393, #223, #7413 ) ) ;
#1670 = ORIENTED_EDGE ( 'NONE', *, *, #3683, .F. ) ;
#1671 = PERSON_AND_ORGANIZATION_ROLE ( 'classification_officer' ) ;
#1672 = DIRECTION ( 'NONE',  ( -9.462128050783626165E-15, 1.000000000000000000, 0.000000000000000000 ) ) ;
#1673 = DIRECTION ( 'NONE',  ( -0.000000000000000000, -0.000000000000000000, -1.000000000000000000 ) ) ;
#1674 = CARTESIAN_POINT ( 'NONE',  ( -11.00000000000142286, 18.46341459489513070, 0.000000000000000000 ) ) ;
#1675 = CARTESIAN_POINT ( 'NONE',  ( 19.00000000000016342, 17.69999999999980389, 80.00000000000000000 ) ) ;
#1676 = DIRECTION ( 'NONE',  ( 0.000000000000000000, 0.000000000000000000, 1.000000000000000000 ) ) ;
#1677 = EDGE_CURVE ( 'NONE', #2095, #5457, #5368, .T. ) ;
#1678 = ORIENTED_EDGE ( 'NONE', *, *, #5023, .F. ) ;
#1679 = CIRCLE ( 'NONE', #7677, 2.499999999999988454 ) ;
#1680 = DIRECTION ( 'NONE',  ( -0.000000000000000000, 0.000000000000000000, 1.000000000000000000 ) ) ;
#1681 = FACE_OUTER_BOUND ( 'NONE', #3267, .T. ) ;
#1682 = FACE_OUTER_BOUND ( 'NONE', #5675, .T. ) ;
#1683 = ORIENTED_EDGE ( 'NONE', *, *, #3586, .F. ) ;
#1684 = CIRCLE ( 'NONE', #7050, 0.2500000000000314193 ) ;
#1685 = DIRECTION ( 'NONE',  ( 1.000000000000000000, 0.000000000000000000, 0.000000000000000000 ) ) ;
#1686 = ORIENTED_EDGE ( 'NONE', *, *, #1884, .F. ) ;
#1687 = ADVANCED_FACE ( 'NONE', ( #187 ), #2548, .F. ) ;
#1689 = VERTEX_POINT ( 'NONE', #5569 ) ;
#1688 = VERTEX_POINT ( 'NONE', #7478 ) ;
#1690 = EDGE_CURVE ( 'NONE', #7667, #7432, #3918, .T. ) ;
#1691 = PERSON_AND_ORGANIZATION ( #2152, #3857 ) ;
#1692 = VECTOR ( 'NONE', #5588, 1000.000000000000000 ) ;
#1693 = DIRECTION ( 'NONE',  ( -0.000000000000000000, 0.000000000000000000, 1.000000000000000000 ) ) ;
#1694 = DIRECTION ( 'NONE',  ( 0.000000000000000000, 2.803971135738370136E-16, -1.000000000000000000 ) ) ;
#1695 = CARTESIAN_POINT ( 'NONE',  ( 0.000000000000000000, 0.000000000000000000, 0.000000000000000000 ) ) ;
#1696 = DIRECTION ( 'NONE',  ( -0.000000000000000000, 0.000000000000000000, 1.000000000000000000 ) ) ;
#1697 = ORIENTED_EDGE ( 'NONE', *, *, #7680, .T. ) ;
#1698 = CARTESIAN_POINT ( 'NONE',  ( -27.19999999999953744, 8.999999999999637623, 80.00000000000000000 ) ) ;
#1699 = VECTOR ( 'NONE', #324, 1000.000000000000000 ) ;
#1700 = DIRECTION ( 'NONE',  ( 1.000000000000000000, 1.090397613471117676E-14, 0.000000000000000000 ) ) ;
#1701 = CIRCLE ( 'NONE', #1089, 0.4629171123666231402 ) ;
#1702 = PLANE ( 'NONE',  #7454 ) ;
#1703 = LINE ( 'NONE', #582, #6315 ) ;
#1704 = CIRCLE ( 'NONE', #713, 0.2500000000001494360 ) ;
#1705 = EDGE_CURVE ( 'NONE', #7252, #3603, #851, .T. ) ;
#1706 = CIRCLE ( 'NONE', #3834, 0.5666666666667812269 ) ;
#1707 = ORIENTED_EDGE ( 'NONE', *, *, #4564, .T. ) ;
#1708 = ORIENTED_EDGE ( 'NONE', *, *, #7094, .T. ) ;
#1709 = CALENDAR_DATE ( 2020, 16, 10 ) ;
#1710 = VECTOR ( 'NONE', #5163, 1000.000000000000000 ) ;
#1711 = CARTESIAN_POINT ( 'NONE',  ( -24.23302076461957100, 0.000000000000000000, 80.00000000000000000 ) ) ;
#1712 = CARTESIAN_POINT ( 'NONE',  ( 26.93333333333339397, 7.500000000000231815, 0.000000000000000000 ) ) ;
#1713 = DIRECTION ( 'NONE',  ( -9.581296146678135533E-15, 1.000000000000000000, 0.000000000000000000 ) ) ;
#1714 = DIRECTION ( 'NONE',  ( -0.000000000000000000, -0.000000000000000000, -1.000000000000000000 ) ) ;
#1715 = EDGE_CURVE ( 'NONE', #1689, #1854, #1501, .T. ) ;
#1716 = DIRECTION ( 'NONE',  ( -0.000000000000000000, -0.000000000000000000, -1.000000000000000000 ) ) ;
#1717 = AXIS2_PLACEMENT_3D ( 'NONE', #53, #3079, #4758 ) ;
#1718 = EDGE_LOOP ( 'NONE', ( #4149, #181, #1580, #3239 ) ) ;
#1719 = DIRECTION ( 'NONE',  ( -1.000000000000000000, -1.141910841581602195E-14, 0.000000000000000000 ) ) ;
#1720 = CYLINDRICAL_SURFACE ( 'NONE', #2623, 0.4629171123670255961 ) ;
#1721 = PRODUCT_DEFINITION_FORMATION_WITH_SPECIFIED_SOURCE ( '任何', '', #3258, .NOT_KNOWN. ) ;
#1722 = DIRECTION ( 'NONE',  ( -0.000000000000000000, 0.000000000000000000, 1.000000000000000000 ) ) ;
#1723 = EDGE_LOOP ( 'NONE', ( #1100, #2540, #1372, #353 ) ) ;
#1724 = CARTESIAN_POINT ( 'NONE',  ( 26.93333333333310264, 14.50000000000012967, 0.000000000000000000 ) ) ;
#1725 = VERTEX_POINT ( 'NONE', #3802 ) ;
#1727 = ORIENTED_EDGE ( 'NONE', *, *, #7292, .F. ) ;
#1726 = EDGE_LOOP ( 'NONE', ( #6166, #5756, #4629, #1261 ) ) ;
#1728 = CC_DESIGN_APPROVAL ( #4264, ( #377 ) ) ;
#1729 = APPROVAL_ROLE ( '' ) ;
#1730 = CARTESIAN_POINT ( 'NONE',  ( 26.93333333333333712, 13.50000000000023981, 0.000000000000000000 ) ) ;
#1731 = CARTESIAN_POINT ( 'NONE',  ( -3.449999999964178610, 18.79999999999945004, 0.000000000000000000 ) ) ;
#1732 = DIRECTION ( 'NONE',  ( 1.000000000000000000, -0.000000000000000000, -0.000000000000000000 ) ) ;
#1733 = CARTESIAN_POINT ( 'NONE',  ( -27.19999999999952323, 6.999999999999642952, 80.00000000000000000 ) ) ;
#1734 = EDGE_CURVE ( 'NONE', #4952, #3640, #888, .T. ) ;
#1735 = ORIENTED_EDGE ( 'NONE', *, *, #3576, .T. ) ;
#1736 = VECTOR ( 'NONE', #3291, 1000.000000000000000 ) ;
#1737 = CC_DESIGN_PERSON_AND_ORGANIZATION_ASSIGNMENT ( #237, #2639, ( #1979 ) ) ;
#1738 = DIRECTION ( 'NONE',  ( -0.000000000000000000, -0.000000000000000000, -1.000000000000000000 ) ) ;
#1739 = CARTESIAN_POINT ( 'NONE',  ( -26.93333333333270829, 11.49999999999967315, 80.00000000000000000 ) ) ;
#1740 = CARTESIAN_POINT ( 'NONE',  ( -27.19999999999955165, 9.999999999999692690, 0.000000000000000000 ) ) ;
#1741 = DIRECTION ( 'NONE',  ( -0.000000000000000000, -0.000000000000000000, -1.000000000000000000 ) ) ;
#1742 = VECTOR ( 'NONE', #2456, 1000.000000000000000 ) ;
#1743 = ORIENTED_EDGE ( 'NONE', *, *, #155, .F. ) ;
#1744 = PERSON_AND_ORGANIZATION_ROLE ( 'classification_officer' ) ;
#1745 = EDGE_CURVE ( 'NONE', #4272, #7196, #2049, .T. ) ;
#1746 = CARTESIAN_POINT ( 'NONE',  ( 28.27802197802195394, -6.770329670329866545, -1.500000000000000000 ) ) ;
#1747 = DIRECTION ( 'NONE',  ( -0.000000000000000000, -0.000000000000000000, -1.000000000000000000 ) ) ;
#1748 = AXIS2_PLACEMENT_3D ( 'NONE', #4832, #1173, #7689 ) ;
#1749 = CARTESIAN_POINT ( 'NONE',  ( -2.049947513325670233E-13, 18.79999999999971649, 80.00000000000000000 ) ) ;
#1750 = DIRECTION ( 'NONE',  ( -0.000000000000000000, -0.000000000000000000, -1.000000000000000000 ) ) ;
#1751 = CARTESIAN_POINT ( 'NONE',  ( 0.000000000000000000, 0.2899999999999999245, -1.449999999999999956 ) ) ;
#1752 = ORIENTED_EDGE ( 'NONE', *, *, #2228, .F. ) ;
#1753 = EDGE_CURVE ( 'NONE', #7337, #902, #4641, .T. ) ;
#1754 = CIRCLE ( 'NONE', #7124, 2.499999999999950262 ) ;
#1755 = CARTESIAN_POINT ( 'NONE',  ( -1.426161814022067550E-13, 14.31394289005040221, 80.00000000000000000 ) ) ;
#1756 = ADVANCED_FACE ( 'NONE', ( #5610 ), #5679, .T. ) ;
#1757 = DIRECTION ( 'NONE',  ( -1.000000000000000000, 0.000000000000000000, 0.000000000000000000 ) ) ;
#1758 = VERTEX_POINT ( 'NONE', #4507 ) ;
#1759 = CARTESIAN_POINT ( 'NONE',  ( 0.000000000000000000, 0.2899999999999998690, 1.449999999999999956 ) ) ;
#1760 = ORIENTED_EDGE ( 'NONE', *, *, #285, .F. ) ;
#1762 = ORIENTED_EDGE ( 'NONE', *, *, #3876, .T. ) ;
#1761 = VERTEX_POINT ( 'NONE', #1429 ) ;
#1763 = ADVANCED_FACE ( 'NONE', ( #5721 ), #2124, .T. ) ;
#1764 = APPROVAL_STATUS ( 'not_yet_approved' ) ;
#1765 = CARTESIAN_POINT ( 'NONE',  ( -3.900000000003093881, 18.42421244450427764, 80.00000000000000000 ) ) ;
#1766 = APPLICATION_CONTEXT ( 'configuration controlled 3d designs of mechanical parts and assemblies' ) ;
#1767 = DIRECTION ( 'NONE',  ( -0.000000000000000000, 0.000000000000000000, 1.000000000000000000 ) ) ;
#1768 = DIRECTION ( 'NONE',  ( 1.000000000000000000, 9.462128050783626165E-15, 0.000000000000000000 ) ) ;
#1769 = CIRCLE ( 'NONE', #541, 0.5666666666667812269 ) ;
#1770 = CARTESIAN_POINT ( 'NONE',  ( 9.000000000002135181, 1.022544721322827055E-13, 80.00000000000000000 ) ) ;
#1771 = EDGE_LOOP ( 'NONE', ( #5325, #1188, #4614, #5650 ) ) ;
#1772 = ORIENTED_EDGE ( 'NONE', *, *, #5611, .F. ) ;
#1773 = VECTOR ( 'NONE', #6854, 1000.000000000000000 ) ;
#1774 = AXIS2_PLACEMENT_3D ( 'NONE', #1052, #6466, #5843 ) ;
#1775 = EDGE_CURVE ( 'NONE', #5084, #727, #6883, .T. ) ;
#1776 = DIRECTION ( 'NONE',  ( -1.000000000000000000, 0.000000000000000000, 0.000000000000000000 ) ) ;
#1777 = FACE_OUTER_BOUND ( 'NONE', #3065, .T. ) ;
#1778 = DIRECTION ( 'NONE',  ( 0.000000000000000000, 0.000000000000000000, -1.000000000000000000 ) ) ;
#1779 = LINE ( 'NONE', #5261, #7177 ) ;
#1780 = AXIS2_PLACEMENT_3D ( 'NONE', #6457, #4625, #3491 ) ;
#1781 = AXIS2_PLACEMENT_3D ( 'NONE', #4142, #98, #4220 ) ;
#1782 = VERTEX_POINT ( 'NONE', #4353 ) ;
#1783 = CALENDAR_DATE ( 2020, 16, 10 ) ;
#1784 = ADVANCED_FACE ( 'NONE', ( #7440 ), #3845, .F. ) ;
#1785 = CARTESIAN_POINT ( 'NONE',  ( 9.445352049421790852, 18.33710622225214237, 0.000000000000000000 ) ) ;
#1786 = DIRECTION ( 'NONE',  ( -0.000000000000000000, -0.000000000000000000, -1.000000000000000000 ) ) ;
#1787 = CYLINDRICAL_SURFACE ( 'NONE', #6044, 0.2500000000001494360 ) ;
#1788 = LINE ( 'NONE', #128, #4838 ) ;
#1789 = CARTESIAN_POINT ( 'NONE',  ( 24.13302076462028012, 14.31394289005064380, 80.00000000000000000 ) ) ;
#1790 = VERTEX_POINT ( 'NONE', #7313 ) ;
#1791 = CARTESIAN_POINT ( 'NONE',  ( 25.57802197802224597, -6.570329670329666527, -1.000000000000006661 ) ) ;
#1792 = VECTOR ( 'NONE', #5723, 1000.000000000000000 ) ;
#1793 = DIRECTION ( 'NONE',  ( -0.000000000000000000, 0.000000000000000000, 1.000000000000000000 ) ) ;
#1794 = EDGE_LOOP ( 'NONE', ( #6922, #3566, #1727, #3002 ) ) ;
#1795 = LINE ( 'NONE', #4183, #5061 ) ;
#1796 = ORIENTED_EDGE ( 'NONE', *, *, #199, .T. ) ;
#1798 = ORIENTED_EDGE ( 'NONE', *, *, #1375, .F. ) ;
#1797 = ORIENTED_EDGE ( 'NONE', *, *, #1122, .T. ) ;
#1799 = AXIS2_PLACEMENT_3D ( 'NONE', #1223, #7186, #7259 ) ;
#1800 = CARTESIAN_POINT ( 'NONE',  ( -27.49999999999987210, -2.650271977187063322E-13, 80.00000000000000000 ) ) ;
#1801 = DIRECTION ( 'NONE',  ( -9.089286411759198948E-15, 1.000000000000000000, 0.000000000000000000 ) ) ;
#1802 = CARTESIAN_POINT ( 'NONE',  ( -26.93333333333270829, 11.49999999999967315, 0.000000000000000000 ) ) ;
#1803 = VECTOR ( 'NONE', #2718, 1000.000000000000000 ) ;
#1804 = CARTESIAN_POINT ( 'NONE',  ( -1.674796664990036781E-13, 17.69999999999982521, 80.00000000000000000 ) ) ;
#1805 = ORIENTED_EDGE ( 'NONE', *, *, #4110, .F. ) ;
#1806 = ORIENTED_EDGE ( 'NONE', *, *, #6509, .F. ) ;
#1807 = EDGE_CURVE ( 'NONE', #7553, #2919, #7637, .T. ) ;
#1808 = EDGE_CURVE ( 'NONE', #5084, #1289, #920, .T. ) ;
#1809 = COORDINATED_UNIVERSAL_TIME_OFFSET ( 8, 0, .AHEAD. ) ;
#1810 = CARTESIAN_POINT ( 'NONE',  ( -21.00000000000009237, 17.69999999999960849, 80.00000000000000000 ) ) ;
#1811 = CARTESIAN_POINT ( 'NONE',  ( 23.55258382925115512, 2.780329925644389188, 0.000000000000000000 ) ) ;
#1812 = DIRECTION ( 'NONE',  ( -4.790648073340857692E-15, 1.000000000000000000, 0.000000000000000000 ) ) ;
#1813 = ORIENTED_EDGE ( 'NONE', *, *, #1928, .T. ) ;
#1814 = VECTOR ( 'NONE', #1396, 1000.000000000000000 ) ;
#1815 = EDGE_CURVE ( 'NONE', #2174, #2879, #1769, .T. ) ;
#1816 = ORIENTED_EDGE ( 'NONE', *, *, #4125, .T. ) ;
#1817 = CIRCLE ( 'NONE', #470, 0.2500000000001494360 ) ;
#1818 = COORDINATED_UNIVERSAL_TIME_OFFSET ( 8, 0, .AHEAD. ) ;
#1819 = AXIS2_PLACEMENT_3D ( 'NONE', #2947, #1905, #5366 ) ;
#1820 = DIRECTION ( 'NONE',  ( -1.000000000000000000, -1.049281959313052198E-14, 0.000000000000000000 ) ) ;
#1821 = CARTESIAN_POINT ( 'NONE',  ( 24.23302076461970955, 4.236057109949596722, 80.00000000000000000 ) ) ;
#1822 = EDGE_CURVE ( 'NONE', #912, #243, #4761, .T. ) ;
#1823 = APPROVAL ( #5759, '未指定' ) ;
#1824 = CARTESIAN_POINT ( 'NONE',  ( 24.07802197802169530, 6.829670329669523809, -1.000000000000006661 ) ) ;
#1825 = DIRECTION ( 'NONE',  ( 1.000000000000000000, 0.000000000000000000, 0.000000000000000000 ) ) ;
#1826 = CARTESIAN_POINT ( 'NONE',  ( 1.000000000000000000, 0.000000000000000000, 0.000000000000000000 ) ) ;
#1827 = ORIENTED_EDGE ( 'NONE', *, *, #3615, .T. ) ;
#1828 = ORIENTED_EDGE ( 'NONE', *, *, #1441, .T. ) ;
#1829 = FACE_OUTER_BOUND ( 'NONE', #4139, .T. ) ;
#1830 = LINE ( 'NONE', #2971, #5160 ) ;
#1831 = VERTEX_POINT ( 'NONE', #3758 ) ;
#1832 = CIRCLE ( 'NONE', #6212, 2.500000000000009326 ) ;
#1833 = DIRECTION ( 'NONE',  ( -0.000000000000000000, 0.000000000000000000, 1.000000000000000000 ) ) ;
#1834 = ORIENTED_EDGE ( 'NONE', *, *, #3545, .T. ) ;
#1836 = ORIENTED_EDGE ( 'NONE', *, *, #944, .T. ) ;
#1835 = ORIENTED_EDGE ( 'NONE', *, *, #6726, .F. ) ;
#1837 = PERSON_AND_ORGANIZATION ( #3825, #7522 ) ;
#1838 =( GEOMETRIC_REPRESENTATION_CONTEXT ( 3 ) GLOBAL_UNCERTAINTY_ASSIGNED_CONTEXT ( ( #4547 ) ) GLOBAL_UNIT_ASSIGNED_CONTEXT ( ( #4951, #3152, #6154 ) ) REPRESENTATION_CONTEXT ( 'NONE', 'WORKASPACE' ) );
#1839 = CYLINDRICAL_SURFACE ( 'NONE', #6691, 0.5666666666667361518 ) ;
#1840 = EDGE_CURVE ( 'NONE', #6634, #6846, #4891, .T. ) ;
#1841 = PLANE ( 'NONE',  #322 ) ;
#1842 = CARTESIAN_POINT ( 'NONE',  ( -26.93333333333340462, 14.49999999999989519, 80.00000000000000000 ) ) ;
#1843 = DIRECTION ( 'NONE',  ( -0.000000000000000000, -0.000000000000000000, -1.000000000000000000 ) ) ;
#1844 = ORIENTED_EDGE ( 'NONE', *, *, #6869, .T. ) ;
#1845 = ORIENTED_EDGE ( 'NONE', *, *, #2782, .F. ) ;
#1846 = PERSON_AND_ORGANIZATION ( #2152, #3857 ) ;
#1847 = DIRECTION ( 'NONE',  ( 9.637352644316638018E-15, -1.000000000000000000, 0.000000000000000000 ) ) ;
#1848 = EDGE_CURVE ( 'NONE', #1397, #5789, #6138, .T. ) ;
#1849 = DIRECTION ( 'NONE',  ( -9.581296146679602814E-15, 1.000000000000000000, 0.000000000000000000 ) ) ;
#1850 = DIRECTION ( 'NONE',  ( 1.000000000000000000, 0.000000000000000000, 0.000000000000000000 ) ) ;
#1851 = ORIENTED_EDGE ( 'NONE', *, *, #1244, .F. ) ;
#1852 = EDGE_CURVE ( 'NONE', #6371, #6927, #6851, .T. ) ;
#1853 = VECTOR ( 'NONE', #439, 1000.000000000000000 ) ;
#1854 = VERTEX_POINT ( 'NONE', #410 ) ;
#1855 = EDGE_CURVE ( 'NONE', #4112, #1725, #2198, .T. ) ;
#1856 = DIRECTION ( 'NONE',  ( -1.000000000000000000, -9.462128050783626165E-15, 0.000000000000000000 ) ) ;
#1857 = DIRECTION ( 'NONE',  ( 1.000000000000000000, 1.136160801469574582E-14, -0.000000000000000000 ) ) ;
#1858 = DIRECTION ( 'NONE',  ( -9.462128050787461607E-15, 1.000000000000000000, 0.000000000000000000 ) ) ;
#1859 = CARTESIAN_POINT ( 'NONE',  ( -5.445352049421949836, 18.33710622225176579, 80.00000000000000000 ) ) ;
#1860 = PERSON ( 'NAUO-PER2', 'UNSPECIFIED', 'UNSPECIFIED', ('UNSPECIFIED'), ('UNSPECIFIED'), ('UNSPECIFIED') ) ;
#1861 = CARTESIAN_POINT ( 'NONE',  ( -21.50000000000004974, 18.79999999999948201, 0.000000000000000000 ) ) ;
#1862 = LINE ( 'NONE', #4872, #3087 ) ;
#1863 = FACE_OUTER_BOUND ( 'NONE', #4159, .T. ) ;
#1864 = EDGE_LOOP ( 'NONE', ( #6735, #7389, #1983, #3594 ) ) ;
#1865 = ORIENTED_EDGE ( 'NONE', *, *, #2727, .T. ) ;
#1866 = EDGE_CURVE ( 'NONE', #5064, #3230, #7546, .T. ) ;
#1867 = CARTESIAN_POINT ( 'NONE',  ( -23.80853464880189563, 16.19999999999974349, 80.00000000000000000 ) ) ;
#1868 = VECTOR ( 'NONE', #5500, 1000.000000000000000 ) ;
#1869 = LINE ( 'NONE', #3664, #316 ) ;
#1870 = ORIENTED_EDGE ( 'NONE', *, *, #5314, .T. ) ;
#1871 = ORIENTED_EDGE ( 'NONE', *, *, #1050, .T. ) ;
#1872 = LINE ( 'NONE', #5936, #3427 ) ;
#1873 = LINE ( 'NONE', #2870, #2333 ) ;
#1874 = VERTEX_POINT ( 'NONE', #3372 ) ;
#1875 = ORIENTED_EDGE ( 'NONE', *, *, #1130, .F. ) ;
#1876 = COORDINATED_UNIVERSAL_TIME_OFFSET ( 8, 0, .AHEAD. ) ;
#1877 = CARTESIAN_POINT ( 'NONE',  ( -24.22197802197803540, -9.270329670329591210, -1.500000000000000000 ) ) ;
#1878 = ADVANCED_FACE ( 'NONE', ( #7584 ), #7661, .F. ) ;
#1879 = LINE ( 'NONE', #2468, #3310 ) ;
#1880 = DIRECTION ( 'NONE',  ( -1.005396430953922299E-14, 1.000000000000000000, 0.000000000000000000 ) ) ;
#1881 = LINE ( 'NONE', #4855, #6129 ) ;
#1882 = ORIENTED_EDGE ( 'NONE', *, *, #2520, .F. ) ;
#1883 = VERTEX_POINT ( 'NONE', #1609 ) ;
#1884 = EDGE_CURVE ( 'NONE', #4387, #3010, #6997, .T. ) ;
#1885 = CARTESIAN_POINT ( 'NONE',  ( 26.93333333333335489, 11.50000000000023803, 0.000000000000000000 ) ) ;
#1886 = CARTESIAN_POINT ( 'NONE',  ( 0.7500000000000000000, -0.2899999999999999800, -0.2899999999999999800 ) ) ;
#1887 = FACE_BOUND ( 'NONE', #111, .T. ) ;
#1888 = CONICAL_SURFACE ( 'NONE', #5649, 1.500000000000001332, 0.7853981633974491672 ) ;
#1889 = EDGE_LOOP ( 'NONE', ( #6766, #1554, #1171, #5507 ) ) ;
#1890 = VECTOR ( 'NONE', #3682, 1000.000000000000000 ) ;
#1891 = CARTESIAN_POINT ( 'NONE',  ( 11.19718026032627911, -37.75890285748447184, 50.39293988232977028 ) ) ;
#1892 = VECTOR ( 'NONE', #3565, 1000.000000000000000 ) ;
#1893 = ORIENTED_EDGE ( 'NONE', *, *, #6216, .T. ) ;
#1894 = DIRECTION ( 'NONE',  ( 1.000000000000000000, 0.000000000000000000, 0.000000000000000000 ) ) ;
#1895 = VECTOR ( 'NONE', #5533, 1000.000000000000000 ) ;
#1896 = DIRECTION ( 'NONE',  ( -1.000000000000000000, -1.084202172485924897E-14, 0.000000000000000000 ) ) ;
#1897 = DIRECTION ( 'NONE',  ( -0.000000000000000000, -0.000000000000000000, -1.000000000000000000 ) ) ;
#1898 = CC_DESIGN_SECURITY_CLASSIFICATION ( #5276, ( #7709 ) ) ;
#1899 = CARTESIAN_POINT ( 'NONE',  ( 23.17226674140379572, 2.780329925644607680, 80.00000000000000000 ) ) ;
#1900 = DIRECTION ( 'NONE',  ( -0.000000000000000000, 0.000000000000000000, 1.000000000000000000 ) ) ;
#1901 = DIRECTION ( 'NONE',  ( 1.000000000000000000, 0.000000000000000000, 0.000000000000000000 ) ) ;
#1902 = LINE ( 'NONE', #289, #784 ) ;
#1903 = VERTEX_POINT ( 'NONE', #4067 ) ;
#1904 = EDGE_LOOP ( 'NONE', ( #6967, #1865, #1686, #3846, #3651, #3428, #3921, #5856, #6175, #4597, #7320, #1956, #5947, #4936, #7344, #1499, #7513, #6564, #2137, #2853, #291, #696, #7615, #4181, #7224, #1036, #1257, #6391, #7444, #4226, #2508, #5400, #2632, #2296, #4474, #1835, #2115, #1460, #6658, #6259, #832, #3797, #217, #6278, #651, #131, #1221, #2588, #281, #4805, #230, #4905, #5103, #473, #190, #4883, #1661, #7215, #4560, #6382, #6757, #1993, #7356, #1743, #878, #4185, #2016, #6155, #4513, #5537, #5212, #2665, #1479, #4584, #3334, #5072, #7625, #5036, #5694, #7113, #6059, #94, #4449, #1149, #3622, #5811, #3107, #5211, #3741, #6409, #1605, #3194, #4336, #1640, #4657, #3437, #104, #5586, #1752, #3840, #2857, #2157, #7258, #4271, #5938, #4751, #4278, #3040, #5359, #5229, #5758, #2430, #4521, #6518, #1308, #576, #932 ) ) ;
#1905 = DIRECTION ( 'NONE',  ( -0.000000000000000000, 0.000000000000000000, 1.000000000000000000 ) ) ;
#1906 = ORIENTED_EDGE ( 'NONE', *, *, #7418, .F. ) ;
#1907 = VECTOR ( 'NONE', #5135, 1000.000000000000000 ) ;
#1908 = CARTESIAN_POINT ( 'NONE',  ( 26.93333333333310264, 14.50000000000012967, 80.00000000000000000 ) ) ;
#1909 = FACE_OUTER_BOUND ( 'NONE', #922, .T. ) ;
#1910 = ORIENTED_EDGE ( 'NONE', *, *, #7074, .F. ) ;
#1911 = ORIENTED_EDGE ( 'NONE', *, *, #2595, .T. ) ;
#1912 = ADVANCED_FACE ( 'NONE', ( #2780 ), #2272, .T. ) ;
#1913 = CARTESIAN_POINT ( 'NONE',  ( 24.46641661169641324, 15.15727940350896930, 80.00000000000000000 ) ) ;
#1914 = CARTESIAN_POINT ( 'NONE',  ( 15.90000000000116742, 18.42421244450426343, 0.000000000000000000 ) ) ;
#1915 = EDGE_LOOP ( 'NONE', ( #488, #4165, #7077, #2586 ) ) ;
#1916 = ORIENTED_EDGE ( 'NONE', *, *, #399, .T. ) ;
#1917 = COORDINATED_UNIVERSAL_TIME_OFFSET ( 8, 0, .AHEAD. ) ;
#1918 = AXIS2_PLACEMENT_3D ( 'NONE', #4119, #2504, #1266 ) ;
#1919 = LINE ( 'NONE', #4851, #3335 ) ;
#1920 = DIRECTION ( 'NONE',  ( 0.000000000000000000, 0.000000000000000000, 1.000000000000000000 ) ) ;
#1921 = CARTESIAN_POINT ( 'NONE',  ( -24.80352208590858254, 16.09999999999919140, 80.00000000000000000 ) ) ;
#1922 = CARTESIAN_POINT ( 'NONE',  ( 7.900000000002052936, 17.69999999999968665, 80.00000000000000000 ) ) ;
#1923 = ORIENTED_EDGE ( 'NONE', *, *, #4192, .F. ) ;
#1924 = ORIENTED_EDGE ( 'NONE', *, *, #5818, .F. ) ;
#1925 = ADVANCED_FACE ( 'NONE', ( #5828 ), #6921, .T. ) ;
#1926 = LINE ( 'NONE', #6265, #2270 ) ;
#1927 = VECTOR ( 'NONE', #5396, 1000.000000000000000 ) ;
#1928 = EDGE_CURVE ( 'NONE', #3893, #7303, #2818, .T. ) ;
#1929 = ORIENTED_EDGE ( 'NONE', *, *, #218, .T. ) ;
#1930 = CALENDAR_DATE ( 2020, 16, 10 ) ;
#1931 = AXIS2_PLACEMENT_3D ( 'NONE', #1193, #534, #7083 ) ;
#1932 = LINE ( 'NONE', #6695, #1532 ) ;
#1933 = CARTESIAN_POINT ( 'NONE',  ( -15.00000000000032863, -1.704241202197807985E-13, 0.000000000000000000 ) ) ;
#1934 = DIRECTION ( 'NONE',  ( 9.581296146679602814E-15, -1.000000000000000000, 0.000000000000000000 ) ) ;
#1935 = VECTOR ( 'NONE', #4684, 1000.000000000000000 ) ;
#1936 = EDGE_LOOP ( 'NONE', ( #6852, #1961, #2060, #1735 ) ) ;
#1937 = CARTESIAN_POINT ( 'NONE',  ( 11.19718026032574087, -37.75890285748447184, 133.3929398823297561 ) ) ;
#1938 = VECTOR ( 'NONE', #5590, 1000.000000000000000 ) ;
#1939 = ORIENTED_EDGE ( 'NONE', *, *, #1848, .F. ) ;
#1940 = DIRECTION ( 'NONE',  ( 1.000000000000000000, 0.000000000000000000, 0.000000000000000000 ) ) ;
#1941 = LINE ( 'NONE', #869, #3195 ) ;
#1942 = CIRCLE ( 'NONE', #4692, 1.500000000000001332 ) ;
#1943 = CARTESIAN_POINT ( 'NONE',  ( 11.90000000000161329, 17.69999999999972928, 0.000000000000000000 ) ) ;
#1944 = CARTESIAN_POINT ( 'NONE',  ( -17.90000000000066294, 18.42421244450401829, 0.000000000000000000 ) ) ;
#1945 = CARTESIAN_POINT ( 'NONE',  ( -26.93333333333267632, 8.499999999999667821, 80.00000000000000000 ) ) ;
#1946 = LINE ( 'NONE', #7335, #5879 ) ;
#1947 = AXIS2_PLACEMENT_3D ( 'NONE', #689, #1273, #151 ) ;
#1948 = VECTOR ( 'NONE', #4595, 1000.000000000000000 ) ;
#1949 = ORIENTED_EDGE ( 'NONE', *, *, #362, .T. ) ;
#1950 = VERTEX_POINT ( 'NONE', #4029 ) ;
#1951 = EDGE_CURVE ( 'NONE', #6364, #5899, #5168, .T. ) ;
#1952 = CARTESIAN_POINT ( 'NONE',  ( 11.90000000000160618, 18.42421244450422080, 80.00000000000000000 ) ) ;
#1953 = AXIS2_PLACEMENT_3D ( 'NONE', #4064, #7069, #522 ) ;
#1954 = CARTESIAN_POINT ( 'NONE',  ( -25.00000000000008171, 16.29999999999950333, 0.000000000000000000 ) ) ;
#1955 = ADVANCED_FACE ( 'NONE', ( #3443 ), #3408, .T. ) ;
#1956 = ORIENTED_EDGE ( 'NONE', *, *, #1142, .F. ) ;
#1957 = LINE ( 'NONE', #6090, #952 ) ;
#1958 = CARTESIAN_POINT ( 'NONE',  ( -24.02197802197775189, -6.570329670329666527, -1.500000000000000000 ) ) ;
#1959 = ORIENTED_EDGE ( 'NONE', *, *, #5826, .T. ) ;
#1960 = ORIENTED_EDGE ( 'NONE', *, *, #6168, .F. ) ;
#1961 = ORIENTED_EDGE ( 'NONE', *, *, #7198, .F. ) ;
#1962 = FACE_OUTER_BOUND ( 'NONE', #1771, .T. ) ;
#1963 = ADVANCED_FACE ( 'NONE', ( #2162 ), #487, .T. ) ;
#1964 = CARTESIAN_POINT ( 'NONE',  ( 0.7499999999999997780, -0.2899999999999999800, -0.2899999999999999800 ) ) ;
#1965 = DIRECTION ( 'NONE',  ( -1.000000000000000000, 0.000000000000000000, 0.000000000000000000 ) ) ;
#1966 = AXIS2_PLACEMENT_3D ( 'NONE', #882, #4427, #374 ) ;
#1967 = DIRECTION ( 'NONE',  ( -0.000000000000000000, 0.000000000000000000, 1.000000000000000000 ) ) ;
#1968 = ORIENTED_EDGE ( 'NONE', *, *, #2830, .T. ) ;
#1969 = CARTESIAN_POINT ( 'NONE',  ( 13.44535204942090978, 18.33710622225218501, 0.000000000000000000 ) ) ;
#1970 = CYLINDRICAL_SURFACE ( 'NONE', #7609, 1.000000000000014655 ) ;
#1972 = ORIENTED_EDGE ( 'NONE', *, *, #1753, .T. ) ;
#1971 = VERTEX_POINT ( 'NONE', #6448 ) ;
#1973 = AXIS2_PLACEMENT_3D ( 'NONE', #746, #7248, #2409 ) ;
#1974 = DATE_AND_TIME ( #6694, #1981 ) ;
#1975 = LINE ( 'NONE', #1272, #3900 ) ;
#1976 = ADVANCED_FACE ( 'NONE', ( #1682 ), #4655, .T. ) ;
#1977 = DIRECTION ( 'NONE',  ( -1.000000000000000000, -1.103914939257978464E-14, 0.000000000000000000 ) ) ;
#1978 = CARTESIAN_POINT ( 'NONE',  ( 25.77802197802195394, 7.029670329669723827, -1.500000000000000000 ) ) ;
#1979 = PRODUCT_DEFINITION ( '未知', '', #1489, #4147 ) ;
#1980 = ORIENTED_EDGE ( 'NONE', *, *, #3145, .T. ) ;
#1981 = LOCAL_TIME ( 15, 21, 11.00000000000000000, #7321 ) ;
#1982 = DIRECTION ( 'NONE',  ( 1.000000000000000000, 0.000000000000000000, 0.000000000000000000 ) ) ;
#1983 = ORIENTED_EDGE ( 'NONE', *, *, #1775, .T. ) ;
#1984 = LINE ( 'NONE', #1400, #6201 ) ;
#1985 = LINE ( 'NONE', #6620, #3438 ) ;
#1986 = EDGE_CURVE ( 'NONE', #3166, #2481, #799, .T. ) ;
#1987 = DIRECTION ( 'NONE',  ( -1.000000000000000000, 0.000000000000000000, 0.000000000000000000 ) ) ;
#1988 = VECTOR ( 'NONE', #6360, 1000.000000000000000 ) ;
#1989 = DIRECTION ( 'NONE',  ( 1.000000000000000000, 0.000000000000000000, 0.000000000000000000 ) ) ;
#1990 = DIRECTION ( 'NONE',  ( -1.061827927506735726E-14, 1.000000000000000000, 0.000000000000000000 ) ) ;
#1991 = DIRECTION ( 'NONE',  ( 1.000000000000000000, 0.000000000000000000, 0.000000000000000000 ) ) ;
#1992 = ADVANCED_FACE ( 'NONE', ( #1575 ), #524, .T. ) ;
#1993 = ORIENTED_EDGE ( 'NONE', *, *, #7477, .F. ) ;
#1994 = VERTEX_POINT ( 'NONE', #998 ) ;
#1995 = CARTESIAN_POINT ( 'NONE',  ( -24.22197802197803540, 9.529670329669892581, 0.000000000000000000 ) ) ;
#1996 = CARTESIAN_POINT ( 'NONE',  ( -21.50000000000004974, 18.79999999999948201, 80.00000000000000000 ) ) ;
#1997 = ORIENTED_EDGE ( 'NONE', *, *, #3894, .T. ) ;
#1998 = AXIS2_PLACEMENT_3D ( 'NONE', #5391, #3515, #4107 ) ;
#1999 = CARTESIAN_POINT ( 'NONE',  ( -13.00000000000097344, 17.69999999999969020, 80.00000000000000000 ) ) ;
#2000 = LINE ( 'NONE', #5713, #114 ) ;
#2001 = ORIENTED_EDGE ( 'NONE', *, *, #7022, .T. ) ;
#2002 = EDGE_CURVE ( 'NONE', #5897, #329, #6398, .T. ) ;
#2003 = VERTEX_POINT ( 'NONE', #1293 ) ;
#2004 = ORIENTED_EDGE ( 'NONE', *, *, #3586, .T. ) ;
#2005 = ITEM_DEFINED_TRANSFORMATION ( 'NONE', 'NONE', #875,  #2222 ) ;
#2006 = EDGE_CURVE ( 'NONE', #5754, #3585, #2935, .T. ) ;
#2007 = DIRECTION ( 'NONE',  ( -9.462128050783640364E-15, 1.000000000000000000, 0.000000000000000000 ) ) ;
#2008 = PLANE ( 'NONE',  #3177 ) ;
#2009 = DIRECTION ( 'NONE',  ( 1.000000000000000000, 9.462128050787417430E-15, 0.000000000000000000 ) ) ;
#2010 = DIRECTION ( 'NONE',  ( 1.000000000000000000, 0.000000000000000000, 0.000000000000000000 ) ) ;
#2011 = ORIENTED_EDGE ( 'NONE', *, *, #4010, .F. ) ;
#2012 = CARTESIAN_POINT ( 'NONE',  ( -26.93333333333270829, 11.49999999999967315, 0.000000000000000000 ) ) ;
#2013 = DIRECTION ( 'NONE',  ( -0.000000000000000000, 0.000000000000000000, 1.000000000000000000 ) ) ;
#2014 = AXIS2_PLACEMENT_3D ( 'NONE', #1785, #2334, #2993 ) ;
#2015 = EDGE_CURVE ( 'NONE', #919, #7645, #4783, .T. ) ;
#2017 = ORIENTED_EDGE ( 'NONE', *, *, #7370, .F. ) ;
#2016 = ORIENTED_EDGE ( 'NONE', *, *, #277, .F. ) ;
#2018 = PERSON_AND_ORGANIZATION ( #2152, #3857 ) ;
#2019 = LINE ( 'NONE', #314, #6779 ) ;
#2020 = DIRECTION ( 'NONE',  ( -0.000000000000000000, -0.000000000000000000, -1.000000000000000000 ) ) ;
#2021 = LINE ( 'NONE', #733, #5190 ) ;
#2022 = ORIENTED_EDGE ( 'NONE', *, *, #3202, .F. ) ;
#2023 = EDGE_CURVE ( 'NONE', #3449, #6100, #1291, .T. ) ;
#2024 = EDGE_LOOP ( 'NONE', ( #2610, #3299, #2655, #3067 ) ) ;
#2025 = VECTOR ( 'NONE', #5386, 1000.000000000000000 ) ;
#2026 = DIRECTION ( 'NONE',  ( -1.000000000000000000, -0.000000000000000000, -0.000000000000000000 ) ) ;
#2027 = CARTESIAN_POINT ( 'NONE',  ( 17.90000000000072333, 18.42421244450428119, 80.00000000000000000 ) ) ;
#2028 =( REPRESENTATION_RELATIONSHIP ('NONE','NONE', #4738, #2602 ) REPRESENTATION_RELATIONSHIP_WITH_TRANSFORMATION ( #680 )SHAPE_REPRESENTATION_RELATIONSHIP( ) );
#2029 = LINE ( 'NONE', #2649, #6871 ) ;
#2030 = VECTOR ( 'NONE', #7084, 1000.000000000000000 ) ;
#2031 = LINE ( 'NONE', #3161, #7295 ) ;
#2032 = DIRECTION ( 'NONE',  ( -0.000000000000000000, 0.000000000000000000, 1.000000000000000000 ) ) ;
#2033 = DIRECTION ( 'NONE',  ( -0.000000000000000000, 0.000000000000000000, 1.000000000000000000 ) ) ;
#2035 = ORIENTED_EDGE ( 'NONE', *, *, #7326, .F. ) ;
#2034 = EDGE_CURVE ( 'NONE', #3088, #912, #3590, .T. ) ;
#2036 = ORIENTED_EDGE ( 'NONE', *, *, #68, .F. ) ;
#2037 = VECTOR ( 'NONE', #5982, 1000.000000000000000 ) ;
#2038 = CC_DESIGN_SECURITY_CLASSIFICATION ( #5659, ( #7705 ) ) ;
#2039 = CARTESIAN_POINT ( 'NONE',  ( -1.699836774087143753E-13, 16.19999999999999218, 80.00000000000000000 ) ) ;
#2040 = DIRECTION ( 'NONE',  ( 1.000000000000000000, 0.000000000000000000, 0.000000000000000000 ) ) ;
#2041 = ORIENTED_EDGE ( 'NONE', *, *, #7119, .T. ) ;
#2042 = PLANE ( 'NONE',  #6303 ) ;
#2043 = DIRECTION ( 'NONE',  ( -1.000000000000000000, -9.462128050787417430E-15, 0.000000000000000000 ) ) ;
#2044 = ORIENTED_EDGE ( 'NONE', *, *, #1690, .T. ) ;
#2045 = ORIENTED_EDGE ( 'NONE', *, *, #2206, .F. ) ;
#2046 = AXIS2_PLACEMENT_3D ( 'NONE', #1146, #5859, #7035 ) ;
#2047 = EDGE_LOOP ( 'NONE', ( #2972, #310, #4586, #5901, #6221, #3305, #4041, #4242 ) ) ;
#2048 = DIRECTION ( 'NONE',  ( -0.000000000000000000, 0.000000000000000000, 1.000000000000000000 ) ) ;
#2049 = LINE ( 'NONE', #380, #3638 ) ;
#2050 = EDGE_LOOP ( 'NONE', ( #2420, #3554, #4375, #5900 ) ) ;
#2051 = CARTESIAN_POINT ( 'NONE',  ( 21.00000000000015987, 18.29999999999975913, 80.00000000000000000 ) ) ;
#2052 = DIRECTION ( 'NONE',  ( -0.000000000000000000, -0.000000000000000000, -1.000000000000000000 ) ) ;
#2054 = ORIENTED_EDGE ( 'NONE', *, *, #4509, .F. ) ;
#2053 = VERTEX_POINT ( 'NONE', #4729 ) ;
#2055 = AXIS2_PLACEMENT_3D ( 'NONE', #1230, #723, #3096 ) ;
#2056 = CALENDAR_DATE ( 2020, 16, 10 ) ;
#2057 = CARTESIAN_POINT ( 'NONE',  ( -11.00000000000121325, -1.249776881614443357E-13, 80.00000000000000000 ) ) ;
#2058 = CARTESIAN_POINT ( 'NONE',  ( 27.20000000000021956, 12.00000000000027356, 0.000000000000000000 ) ) ;
#2059 = CARTESIAN_POINT ( 'NONE',  ( -26.93333333333272961, 13.49999999999967137, 80.00000000000000000 ) ) ;
#2060 = ORIENTED_EDGE ( 'NONE', *, *, #4866, .F. ) ;
#2061 = EDGE_CURVE ( 'NONE', #3256, #4669, #671, .T. ) ;
#2062 = DIRECTION ( 'NONE',  ( 1.000000000000000222, 1.090620649346618620E-14, -2.256090464651694167E-17 ) ) ;
#2063 = ORIENTED_EDGE ( 'NONE', *, *, #1027, .T. ) ;
#2064 = AXIS2_PLACEMENT_3D ( 'NONE', #3628, #6004, #6047 ) ;
#2065 = VECTOR ( 'NONE', #2081, 1000.000000000000000 ) ;
#2066 = DIRECTION ( 'NONE',  ( -0.000000000000000000, 0.000000000000000000, 1.000000000000000000 ) ) ;
#2067 = CARTESIAN_POINT ( 'NONE',  ( -13.44535204942062556, 18.33710622225167342, 80.00000000000000000 ) ) ;
#2068 = EDGE_CURVE ( 'NONE', #7232, #300, #6017, .T. ) ;
#2069 = CARTESIAN_POINT ( 'NONE',  ( 0.7499999999999997780, 1.016987298107779658, -0.2899999999999999800 ) ) ;
#2070 = CIRCLE ( 'NONE', #4441, 2.199999999106694304 ) ;
#2071 = LINE ( 'NONE', #6751, #6671 ) ;
#2072 = PLANE ( 'NONE',  #7331 ) ;
#2073 = CARTESIAN_POINT ( 'NONE',  ( 23.80501256289329959, 16.20000000000024087, 0.000000000000000000 ) ) ;
#2074 = EDGE_LOOP ( 'NONE', ( #3712, #3987, #6803, #5006 ) ) ;
#2075 = ORIENTED_EDGE ( 'NONE', *, *, #2562, .F. ) ;
#2076 = AXIS2_PLACEMENT_3D ( 'NONE', #3653, #284, #2612 ) ;
#2077 = DIRECTION ( 'NONE',  ( 1.000000000000000000, 1.049281959313052198E-14, 0.000000000000000000 ) ) ;
#2078 = DIRECTION ( 'NONE',  ( 1.000000000000000000, 0.000000000000000000, 0.000000000000000000 ) ) ;
#2079 = CC_DESIGN_DATE_AND_TIME_ASSIGNMENT ( #4148, #2353, ( #377 ) ) ;
#2080 = AXIS2_PLACEMENT_3D ( 'NONE', #5952, #2363, #506 ) ;
#2081 = DIRECTION ( 'NONE',  ( 1.000000000000000000, 9.985890108384416240E-15, 0.000000000000000000 ) ) ;
#2082 = CARTESIAN_POINT ( 'NONE',  ( -24.99999999999991118, -2.618611004132341055E-13, 0.000000000000000000 ) ) ;
#2083 = ORIENTED_EDGE ( 'NONE', *, *, #7326, .T. ) ;
#2084 = VERTEX_POINT ( 'NONE', #6000 ) ;
#2085 = ORIENTED_EDGE ( 'NONE', *, *, #2880, .T. ) ;
#2086 = AXIS2_PLACEMENT_3D ( 'NONE', #2123, #2007, #960 ) ;
#2087 = VECTOR ( 'NONE', #4634, 1000.000000000000000 ) ;
#2088 = DIRECTION ( 'NONE',  ( -0.000000000000000000, -0.000000000000000000, -1.000000000000000000 ) ) ;
#2089 = CARTESIAN_POINT ( 'NONE',  ( 0.7500000000000000000, 0.5900000000000001910, -0.5900000000000001910 ) ) ;
#2090 = ORIENTED_EDGE ( 'NONE', *, *, #3574, .F. ) ;
#2091 = DIRECTION ( 'NONE',  ( 1.000000000000000000, 9.089286411759694353E-15, -0.000000000000000000 ) ) ;
#2092 = AXIS2_PLACEMENT_3D ( 'NONE', #7373, #2026, #6703 ) ;
#2093 = FACE_OUTER_BOUND ( 'NONE', #6745, .T. ) ;
#2095 = VERTEX_POINT ( 'NONE', #6087 ) ;
#2094 = VERTEX_POINT ( 'NONE', #2377 ) ;
#2096 = EDGE_CURVE ( 'NONE', #329, #4845, #133, .T. ) ;
#2097 = APPROVAL_DATE_TIME ( #4440, #4834 ) ;
#2098 = CIRCLE ( 'NONE', #4087, 1.500000000000001332 ) ;
#2099 = CARTESIAN_POINT ( 'NONE',  ( -13.90000000000109637, 17.69999999999967955, 80.00000000000000000 ) ) ;
#2100 = DIRECTION ( 'NONE',  ( 1.000000000000000000, 0.000000000000000000, 0.000000000000000000 ) ) ;
#2101 = DIRECTION ( 'NONE',  ( 0.000000000000000000, 0.000000000000000000, 1.000000000000000000 ) ) ;
#2102 = VERTEX_POINT ( 'NONE', #1182 ) ;
#2103 = CARTESIAN_POINT ( 'NONE',  ( -1.674796664989339302E-13, 17.69999999999961915, 0.000000000000000000 ) ) ;
#2104 = VECTOR ( 'NONE', #3218, 1000.000000000000000 ) ;
#2105 = ADVANCED_FACE ( 'NONE', ( #3553 ), #62, .T. ) ;
#2106 = ORIENTED_EDGE ( 'NONE', *, *, #4180, .F. ) ;
#2107 = PLANE ( 'NONE',  #4821 ) ;
#2108 = FACE_OUTER_BOUND ( 'NONE', #3403, .T. ) ;
#2109 = EDGE_CURVE ( 'NONE', #3041, #411, #1869, .T. ) ;
#2110 = CARTESIAN_POINT ( 'NONE',  ( -22.92226674140373888, -2.304596517118111597E-13, 80.00000000000000000 ) ) ;
#2111 =( LENGTH_UNIT ( ) NAMED_UNIT ( * ) SI_UNIT ( .MILLI., .METRE. ) );
#2112 = LOCAL_TIME ( 15, 21, 11.00000000000000000, #7404 ) ;
#2113 = EDGE_CURVE ( 'NONE', #5012, #6195, #6042, .T. ) ;
#2114 = ORIENTED_EDGE ( 'NONE', *, *, #639, .T. ) ;
#2115 = ORIENTED_EDGE ( 'NONE', *, *, #2682, .T. ) ;
#2116 = DIRECTION ( 'NONE',  ( 1.000000000000000000, 0.000000000000000000, 0.000000000000000000 ) ) ;
#2117 = DIRECTION ( 'NONE',  ( 1.040834085586082363E-14, -1.000000000000000000, 0.000000000000000000 ) ) ;
#2118 = DIRECTION ( 'NONE',  ( 1.000000000000000000, 0.000000000000000000, 0.000000000000000000 ) ) ;
#2119 = CARTESIAN_POINT ( 'NONE',  ( -13.00000000000098055, 18.46341459489510939, 0.000000000000000000 ) ) ;
#2120 = CARTESIAN_POINT ( 'NONE',  ( 27.20000000000026574, 7.000000000000157208, 80.00000000000000000 ) ) ;
#2121 = EDGE_CURVE ( 'NONE', #3868, #6634, #7698, .T. ) ;
#2122 = ORIENTED_EDGE ( 'NONE', *, *, #2439, .T. ) ;
#2123 = CARTESIAN_POINT ( 'NONE',  ( -1.674796664988687261E-13, 17.69999999999982165, 80.00000000000000000 ) ) ;
#2124 = CYLINDRICAL_SURFACE ( 'NONE', #3283, 0.5666666666666008156 ) ;
#2125 = ORIENTED_EDGE ( 'NONE', *, *, #2034, .T. ) ;
#2126 = DIRECTION ( 'NONE',  ( 0.000000000000000000, 0.000000000000000000, 1.000000000000000000 ) ) ;
#2127 = VERTEX_POINT ( 'NONE', #6674 ) ;
#2129 = VERTEX_POINT ( 'NONE', #3004 ) ;
#2128 = ORIENTED_EDGE ( 'NONE', *, *, #1030, .F. ) ;
#2130 = CC_DESIGN_PERSON_AND_ORGANIZATION_ASSIGNMENT ( #2444, #4792, ( #5664 ) ) ;
#2131 = EDGE_CURVE ( 'NONE', #1831, #5996, #2494, .T. ) ;
#2132 = APPROVAL_ROLE ( '' ) ;
#2133 = FACE_OUTER_BOUND ( 'NONE', #4760, .T. ) ;
#2134 = LINE ( 'NONE', #459, #4460 ) ;
#2135 = CARTESIAN_POINT ( 'NONE',  ( 25.77802197802200723, -9.270329670329591210, -1.500000000000000000 ) ) ;
#2136 = PRODUCT_DEFINITION_SHAPE ( 'NONE', 'NONE',  #7707 ) ;
#2137 = ORIENTED_EDGE ( 'NONE', *, *, #7403, .F. ) ;
#2138 = VECTOR ( 'NONE', #6706, 1000.000000000000000 ) ;
#2139 = EDGE_CURVE ( 'NONE', #4421, #7464, #5392, .T. ) ;
#2140 = DIRECTION ( 'NONE',  ( -0.000000000000000000, -0.000000000000000000, -1.000000000000000000 ) ) ;
#2141 = EDGE_LOOP ( 'NONE', ( #4875, #6731, #7401, #7319 ) ) ;
#2142 = VECTOR ( 'NONE', #6986, 1000.000000000000000 ) ;
#2143 = AXIS2_PLACEMENT_3D ( 'NONE', #5159, #1525, #1099 ) ;
#2144 = LINE ( 'NONE', #4602, #384 ) ;
#2145 = LINE ( 'NONE', #4009, #6190 ) ;
#2146 = EDGE_CURVE ( 'NONE', #7445, #6060, #1830, .T. ) ;
#2147 = ORIENTED_EDGE ( 'NONE', *, *, #1114, .T. ) ;
#2148 = COORDINATED_UNIVERSAL_TIME_OFFSET ( 8, 0, .AHEAD. ) ;
#2149 = CARTESIAN_POINT ( 'NONE',  ( -3.455527394077856983E-14, 3.030329925644093425, 0.000000000000000000 ) ) ;
#2150 = VECTOR ( 'NONE', #3119, 1000.000000000000000 ) ;
#2151 = CARTESIAN_POINT ( 'NONE',  ( 24.48302076461956744, 4.236057109949599386, 80.00000000000000000 ) ) ;
#2152 = PERSON ( '未指定', '未指定', '未指定', ('未指定'), ('未指定'), ('未指定') ) ;
#2153 = CARTESIAN_POINT ( 'NONE',  ( -24.02197802197775189, -6.570329670329666527, 0.000000000000000000 ) ) ;
#2154 = CARTESIAN_POINT ( 'NONE',  ( -9.900000000001980993, 17.69999999999972218, 80.00000000000000000 ) ) ;
#2155 = DIRECTION ( 'NONE',  ( 0.000000000000000000, 0.000000000000000000, 1.000000000000000000 ) ) ;
#2156 = VECTOR ( 'NONE', #4099, 999.9999999999998863 ) ;
#2157 = ORIENTED_EDGE ( 'NONE', *, *, #1133, .T. ) ;
#2158 = CARTESIAN_POINT ( 'NONE',  ( 19.00000000000015632, 18.46341459489364212, 80.00000000000000000 ) ) ;
#2159 = DIRECTION ( 'NONE',  ( -0.000000000000000000, -0.000000000000000000, -1.000000000000000000 ) ) ;
#2160 = DIRECTION ( 'NONE',  ( 1.000000000000000000, 0.000000000000000000, 0.000000000000000000 ) ) ;
#2161 = VECTOR ( 'NONE', #4482, 1000.000000000000000 ) ;
#2162 = FACE_OUTER_BOUND ( 'NONE', #2861, .T. ) ;
#2163 = EDGE_CURVE ( 'NONE', #1421, #6350, #6649, .T. ) ;
#2164 = ORIENTED_EDGE ( 'NONE', *, *, #1596, .T. ) ;
#2165 = DIRECTION ( 'NONE',  ( 1.000000000000000000, 0.000000000000000000, 0.000000000000000000 ) ) ;
#2166 = AXIS2_PLACEMENT_3D ( 'NONE', #1112, #2311, #3483 ) ;
#2167 = ORIENTED_EDGE ( 'NONE', *, *, #2582, .T. ) ;
#2169 = EDGE_LOOP ( 'NONE', ( #4839, #4539, #756, #529 ) ) ;
#2168 = ORIENTED_EDGE ( 'NONE', *, *, #4753, .T. ) ;
#2170 = APPROVAL_DATE_TIME ( #5653, #6699 ) ;
#2171 = CARTESIAN_POINT ( 'NONE',  ( -26.93333333333268698, 9.499999999999667821, 80.00000000000000000 ) ) ;
#2172 = LINE ( 'NONE', #7558, #6944 ) ;
#2173 = FACE_BOUND ( 'NONE', #6015, .T. ) ;
#2174 = VERTEX_POINT ( 'NONE', #6594 ) ;
#2175 = EDGE_CURVE ( 'NONE', #1474, #6268, #1256, .T. ) ;
#2176 = DIRECTION ( 'NONE',  ( 1.000000000000000000, 0.000000000000000000, 0.000000000000000000 ) ) ;
#2177 = ORIENTED_EDGE ( 'NONE', *, *, #6685, .T. ) ;
#2178 = AXIS2_PLACEMENT_3D ( 'NONE', #1504, #6264, #345 ) ;
#2179 = CARTESIAN_POINT ( 'NONE',  ( 3.899999999996942801, 17.69999999999964757, 0.000000000000000000 ) ) ;
#2180 = CARTESIAN_POINT ( 'NONE',  ( -2.049947513325670233E-13, 18.79999999999971649, 80.00000000000000000 ) ) ;
#2181 = VECTOR ( 'NONE', #4808, 1000.000000000000000 ) ;
#2182 = ORIENTED_EDGE ( 'NONE', *, *, #3983, .F. ) ;
#2183 = CALENDAR_DATE ( 2020, 16, 10 ) ;
#2184 = EDGE_CURVE ( 'NONE', #659, #4428, #7217, .T. ) ;
#2185 = VECTOR ( 'NONE', #2867, 1000.000000000000000 ) ;
#2186 = CARTESIAN_POINT ( 'NONE',  ( -1.674796664989347380E-13, 17.69999999999962270, 80.00000000000000000 ) ) ;
#2187 = VECTOR ( 'NONE', #955, 1000.000000000000000 ) ;
#2188 = CARTESIAN_POINT ( 'NONE',  ( 0.7499999999999997780, 0.2899999999999999800, -1.016987298107780102 ) ) ;
#2189 = CARTESIAN_POINT ( 'NONE',  ( -27.50000000000002842, 16.29999999999947491, 0.000000000000000000 ) ) ;
#2190 = LINE ( 'NONE', #2886, #6336 ) ;
#2191 = VERTEX_POINT ( 'NONE', #7255 ) ;
#2192 = CIRCLE ( 'NONE', #6546, 1.500000000000001332 ) ;
#2193 = ORIENTED_EDGE ( 'NONE', *, *, #7128, .F. ) ;
#2194 = DIRECTION ( 'NONE',  ( -1.000000000000000000, 0.000000000000000000, 0.000000000000000000 ) ) ;
#2195 = DIRECTION ( 'NONE',  ( -1.000000000000000000, 0.000000000000000000, 0.000000000000000000 ) ) ;
#2196 = ADVANCED_FACE ( 'NONE', ( #1909 ), #2534, .T. ) ;
#2197 = VECTOR ( 'NONE', #2329, 1000.000000000000000 ) ;
#2198 = LINE ( 'NONE', #2894, #3160 ) ;
#2199 = ORIENTED_EDGE ( 'NONE', *, *, #7398, .T. ) ;
#2200 = CARTESIAN_POINT ( 'NONE',  ( -24.80352208590858254, 16.09999999999919140, 80.00000000000000000 ) ) ;
#2201 = ORIENTED_EDGE ( 'NONE', *, *, #1951, .T. ) ;
#2203 = ORIENTED_EDGE ( 'NONE', *, *, #7298, .F. ) ;
#2202 = VERTEX_POINT ( 'NONE', #1996 ) ;
#2204 = VECTOR ( 'NONE', #6054, 1000.000000000000000 ) ;
#2205 = AXIS2_PLACEMENT_3D ( 'NONE', #4490, #1053, #4523 ) ;
#2206 = EDGE_CURVE ( 'NONE', #3230, #7580, #6253, .T. ) ;
#2207 = PERSON_AND_ORGANIZATION ( #2152, #3857 ) ;
#2208 = VECTOR ( 'NONE', #6273, 1000.000000000000000 ) ;
#2209 = LINE ( 'NONE', #7556, #7140 ) ;
#2210 = LINE ( 'NONE', #2641, #2445 ) ;
#2211 = DIRECTION ( 'NONE',  ( 1.156482317317998771E-14, -1.000000000000000000, 0.000000000000000000 ) ) ;
#2212 = CARTESIAN_POINT ( 'NONE',  ( 15.00000000000080824, 1.704241202200867503E-13, 0.000000000000000000 ) ) ;
#2213 = ORIENTED_EDGE ( 'NONE', *, *, #1061, .T. ) ;
#2214 = VECTOR ( 'NONE', #3480, 1000.000000000000000 ) ;
#2215 = DIRECTION ( 'NONE',  ( -1.000000000000000000, -9.462128050787431630E-15, 0.000000000000000000 ) ) ;
#2216 = EDGE_CURVE ( 'NONE', #5136, #243, #5511, .T. ) ;
#2217 = EDGE_CURVE ( 'NONE', #6258, #6302, #4281, .T. ) ;
#2218 = DIRECTION ( 'NONE',  ( 0.000000000000000000, 1.000000000000000000, -0.000000000000000000 ) ) ;
#2219 = FACE_OUTER_BOUND ( 'NONE', #3413, .T. ) ;
#2220 = AXIS2_PLACEMENT_3D ( 'NONE', #7260, #7635, #4302 ) ;
#2221 = ORIENTED_EDGE ( 'NONE', *, *, #2995, .T. ) ;
#2222 = AXIS2_PLACEMENT_3D ( 'NONE', #5546, #3940, #7496 ) ;
#2223 = PERSON_AND_ORGANIZATION_ROLE ( 'classification_officer' ) ;
#2224 = EDGE_CURVE ( 'NONE', #980, #6497, #4920, .T. ) ;
#2225 = LINE ( 'NONE', #4017, #2142 ) ;
#2226 = DIRECTION ( 'NONE',  ( -0.000000000000000000, -0.000000000000000000, -1.000000000000000000 ) ) ;
#2227 = LOCAL_TIME ( 15, 21, 11.00000000000000000, #5981 ) ;
#2228 = EDGE_CURVE ( 'NONE', #5436, #4104, #885, .T. ) ;
#2229 = DIRECTION ( 'NONE',  ( 1.000000000000000000, 0.000000000000000000, 0.000000000000000000 ) ) ;
#2230 = CARTESIAN_POINT ( 'NONE',  ( -5.900000000002200373, 17.69999999999976481, 80.00000000000000000 ) ) ;
#2231 = VERTEX_POINT ( 'NONE', #4380 ) ;
#2232 = ORIENTED_EDGE ( 'NONE', *, *, #6976, .T. ) ;
#2233 = DIRECTION ( 'NONE',  ( -0.000000000000000000, -0.000000000000000000, -1.000000000000000000 ) ) ;
#2234 = CYLINDRICAL_SURFACE ( 'NONE', #4240, 0.5666666666666909657 ) ;
#2235 = CARTESIAN_POINT ( 'NONE',  ( 5.000000000002553513, 5.112723606618786400E-14, 0.000000000000000000 ) ) ;
#2236 = ORIENTED_EDGE ( 'NONE', *, *, #3768, .T. ) ;
#2237 = EDGE_CURVE ( 'NONE', #5680, #5434, #2734, .T. ) ;
#2238 = LINE ( 'NONE', #4620, #948 ) ;
#2239 = ORIENTED_EDGE ( 'NONE', *, *, #4988, .T. ) ;
#2240 = AXIS2_PLACEMENT_3D ( 'NONE', #2581, #256, #7297 ) ;
#2242 = ORIENTED_EDGE ( 'NONE', *, *, #4910, .T. ) ;
#2241 = EDGE_LOOP ( 'NONE', ( #3559, #182, #1797, #241 ) ) ;
#2243 = EDGE_CURVE ( 'NONE', #4995, #857, #1456, .T. ) ;
#2244 = DATE_TIME_ROLE ( 'creation_date' ) ;
#2245 = DIRECTION ( 'NONE',  ( -0.000000000000000000, -0.000000000000000000, -1.000000000000000000 ) ) ;
#2246 = DIRECTION ( 'NONE',  ( 1.000000000000000000, 1.037939709735654321E-14, -0.000000000000000000 ) ) ;
#2247 = CARTESIAN_POINT ( 'NONE',  ( 24.38302076462079526, 14.92159925438610912, 80.00000000000000000 ) ) ;
#2248 = CARTESIAN_POINT ( 'NONE',  ( -2.049947513325643979E-13, 18.79999999999947491, 80.00000000000000000 ) ) ;
#2249 = ORIENTED_EDGE ( 'NONE', *, *, #3787, .F. ) ;
#2250 = PERSON ( 'NAUO-PER8', 'UNSPECIFIED', 'UNSPECIFIED', ('UNSPECIFIED'), ('UNSPECIFIED'), ('UNSPECIFIED') ) ;
#2251 = PLANE ( 'NONE',  #1106 ) ;
#2252 = AXIS2_PLACEMENT_3D ( 'NONE', #5787, #3956, #6335 ) ;
#2253 = EDGE_CURVE ( 'NONE', #2278, #4840, #6171, .T. ) ;
#2254 = DIRECTION ( 'NONE',  ( -0.000000000000000000, -0.000000000000000000, -1.000000000000000000 ) ) ;
#2255 = DIRECTION ( 'NONE',  ( -0.000000000000000000, -1.000000000000000000, -2.803971135738370136E-16 ) ) ;
#2256 = CARTESIAN_POINT ( 'NONE',  ( -24.54641661169580402, 3.667313529925184667, 80.00000000000000000 ) ) ;
#2257 = ADVANCED_FACE ( 'NONE', ( #6840 ), #753, .T. ) ;
#2258 = AXIS2_PLACEMENT_3D ( 'NONE', #792, #6758, #255 ) ;
#2259 = ORIENTED_EDGE ( 'NONE', *, *, #842, .F. ) ;
#2260 = CALENDAR_DATE ( 2020, 16, 10 ) ;
#2261 = CYLINDRICAL_SURFACE ( 'NONE', #521, 0.4629171123666196985 ) ;
#2262 = DIRECTION ( 'NONE',  ( -0.000000000000000000, -0.000000000000000000, -1.000000000000000000 ) ) ;
#2263 = EDGE_CURVE ( 'NONE', #3170, #3129, #6799, .T. ) ;
#2264 = DIRECTION ( 'NONE',  ( 0.000000000000000000, 0.000000000000000000, 1.000000000000000000 ) ) ;
#2265 = LINE ( 'NONE', #7653, #2466 ) ;
#2266 = DIRECTION ( 'NONE',  ( 1.000000000000000000, 9.462128050787417430E-15, 0.000000000000000000 ) ) ;
#2267 = ORIENTED_EDGE ( 'NONE', *, *, #1361, .F. ) ;
#2268 = VECTOR ( 'NONE', #2155, 1000.000000000000000 ) ;
#2269 = CARTESIAN_POINT ( 'NONE',  ( -23.17226674140362874, 2.780329925644121847, 0.000000000000000000 ) ) ;
#2270 = VECTOR ( 'NONE', #189, 1000.000000000000000 ) ;
#2271 = DIRECTION ( 'NONE',  ( 1.000000000000000000, 0.000000000000000000, 0.000000000000000000 ) ) ;
#2272 = CYLINDRICAL_SURFACE ( 'NONE', #5283, 0.5666666666667361518 ) ;
#2273 = VERTEX_POINT ( 'NONE', #6716 ) ;
#2274 = AXIS2_PLACEMENT_3D ( 'NONE', #6184, #3262, #5018 ) ;
#2275 = LINE ( 'NONE', #3992, #7425 ) ;
#2276 = ORIENTED_EDGE ( 'NONE', *, *, #991, .T. ) ;
#2278 = VERTEX_POINT ( 'NONE', #7469 ) ;
#2277 = ORIENTED_EDGE ( 'NONE', *, *, #4525, .F. ) ;
#2279 = COORDINATED_UNIVERSAL_TIME_OFFSET ( 8, 0, .AHEAD. ) ;
#2280 = AXIS2_PLACEMENT_3D ( 'NONE', #6664, #2527, #3696 ) ;
#2281 = DIRECTION ( 'NONE',  ( 1.000000000000000000, 0.000000000000000000, 0.000000000000000000 ) ) ;
#2282 = EDGE_CURVE ( 'NONE', #5031, #4903, #3746, .T. ) ;
#2283 = CARTESIAN_POINT ( 'NONE',  ( -9.445352049421510188, 18.33710622225171960, 80.00000000000000000 ) ) ;
#2284 = FACE_OUTER_BOUND ( 'NONE', #1904, .T. ) ;
#2285 = AXIS2_PLACEMENT_3D ( 'NONE', #4799, #5350, #1825 ) ;
#2286 = LINE ( 'NONE', #3863, #515 ) ;
#2287 = ORIENTED_EDGE ( 'NONE', *, *, #4866, .T. ) ;
#2288 = CYLINDRICAL_SURFACE ( 'NONE', #5335, 1.500000000000001332 ) ;
#2289 = VECTOR ( 'NONE', #1337, 1000.000000000000000 ) ;
#2290 = LINE ( 'NONE', #5337, #7133 ) ;
#2291 = ADVANCED_FACE ( 'NONE', ( #6214 ), #6123, .F. ) ;
#2292 = CARTESIAN_POINT ( 'NONE',  ( 28.27802197802195394, 0.000000000000000000, -1.500000000000000000 ) ) ;
#2293 = LINE ( 'NONE', #7683, #4567 ) ;
#2294 = EDGE_CURVE ( 'NONE', #2896, #1233, #793, .T. ) ;
#2295 = ORIENTED_EDGE ( 'NONE', *, *, #706, .T. ) ;
#2296 = ORIENTED_EDGE ( 'NONE', *, *, #6205, .F. ) ;
#2297 = CIRCLE ( 'NONE', #6164, 0.4629171123664956311 ) ;
#2298 = EDGE_CURVE ( 'NONE', #548, #1433, #3981, .T. ) ;
#2299 = FACE_OUTER_BOUND ( 'NONE', #4589, .T. ) ;
#2300 = LINE ( 'NONE', #2807, #1988 ) ;
#2301 = CARTESIAN_POINT ( 'NONE',  ( 0.7500000000000000000, -0.5900000000000001910, 0.5900000000000001910 ) ) ;
#2302 = CARTESIAN_POINT ( 'NONE',  ( -21.52197802197776255, -6.570329670329666527, 0.000000000000000000 ) ) ;
#2303 = CARTESIAN_POINT ( 'NONE',  ( -25.52197802197775189, -6.570329670329666527, -1.500000000000000000 ) ) ;
#2304 = ORIENTED_EDGE ( 'NONE', *, *, #3598, .F. ) ;
#2305 = VECTOR ( 'NONE', #2009, 1000.000000000000000 ) ;
#2306 = ADVANCED_FACE ( 'NONE', ( #5048 ), #4464, .T. ) ;
#2307 = AXIS2_PLACEMENT_3D ( 'NONE', #6255, #4465, #3217 ) ;
#2308 = LINE ( 'NONE', #5315, #4327 ) ;
#2309 = CC_DESIGN_PERSON_AND_ORGANIZATION_ASSIGNMENT ( #2827, #3525, ( #1 ) ) ;
#2310 = CARTESIAN_POINT ( 'NONE',  ( 25.57802197802169886, 6.829670329669523809, -1.000000000000006661 ) ) ;
#2311 = DIRECTION ( 'NONE',  ( -0.000000000000000000, 0.000000000000000000, 1.000000000000000000 ) ) ;
#2312 = EDGE_LOOP ( 'NONE', ( #3495, #1875, #1772, #3667 ) ) ;
#2313 = CARTESIAN_POINT ( 'NONE',  ( -25.70000000000042562, 14.31394289005012155, 0.000000000000000000 ) ) ;
#2314 = EDGE_LOOP ( 'NONE', ( #7338, #2090, #4773, #3842 ) ) ;
#2316 = EDGE_LOOP ( 'NONE', ( #6639, #2349, #4511, #2787, #6579, #1870, #4502, #3512, #4857, #6648, #2712, #4386, #273, #4915, #1380, #221, #4261, #5058, #4830, #670, #2842, #4802, #3969, #4033, #6961, #2746, #6891, #4829, #3459, #3903, #3109, #7589, #2654, #2054, #3277, #2834, #253, #1126, #3941, #3878, #1924, #6412, #5164, #755 ) ) ;
#2315 = EDGE_LOOP ( 'NONE', ( #3359, #16, #4315, #5646 ) ) ;
#2317 = PERSON_AND_ORGANIZATION ( #2152, #3857 ) ;
#2318 = AXIS2_PLACEMENT_3D ( 'NONE', #6830, #7460, #3938 ) ;
#2319 = DIRECTION ( 'NONE',  ( -0.000000000000000000, -0.000000000000000000, -1.000000000000000000 ) ) ;
#2320 = DIRECTION ( 'NONE',  ( -0.000000000000000000, 0.000000000000000000, 1.000000000000000000 ) ) ;
#2321 = CARTESIAN_POINT ( 'NONE',  ( -24.48302076461965981, 4.486057109949059374, 80.00000000000000000 ) ) ;
#2322 = CARTESIAN_POINT ( 'NONE',  ( 25.70000000000040075, 9.500000000000332179, 0.000000000000000000 ) ) ;
#2323 = ORIENTED_EDGE ( 'NONE', *, *, #6636, .F. ) ;
#2324 = LINE ( 'NONE', #7048, #866 ) ;
#2325 = EDGE_CURVE ( 'NONE', #4579, #5409, #4234, .T. ) ;
#2326 = DIRECTION ( 'NONE',  ( -1.000000000000000000, -9.581296146679602814E-15, 0.000000000000000000 ) ) ;
#2327 = AXIS2_PLACEMENT_3D ( 'NONE', #609, #140, #7226 ) ;
#2328 = CARTESIAN_POINT ( 'NONE',  ( 0.7499999999999998890, 0.2899999999999999800, 0.2899999999999999800 ) ) ;
#2329 = DIRECTION ( 'NONE',  ( 1.037939709735654321E-14, -1.000000000000000000, 0.000000000000000000 ) ) ;
#2330 = VERTEX_POINT ( 'NONE', #1527 ) ;
#2331 = EDGE_CURVE ( 'NONE', #6420, #6100, #3909, .T. ) ;
#2332 = DATE_TIME_ROLE ( 'classification_date' ) ;
#2333 = VECTOR ( 'NONE', #136, 1000.000000000000000 ) ;
#2334 = DIRECTION ( 'NONE',  ( -0.000000000000000000, 0.000000000000000000, 1.000000000000000000 ) ) ;
#2335 = DIRECTION ( 'NONE',  ( -0.000000000000000000, 0.000000000000000000, 1.000000000000000000 ) ) ;
#2336 = EDGE_CURVE ( 'NONE', #1523, #4714, #623, .T. ) ;
#2337 = CARTESIAN_POINT ( 'NONE',  ( -11.90000000000136993, -1.140174241455003954E-13, 0.000000000000000000 ) ) ;
#2338 = LINE ( 'NONE', #7102, #729 ) ;
#2339 = CARTESIAN_POINT ( 'NONE',  ( -27.19999999999957296, 13.99999999999969980, 0.000000000000000000 ) ) ;
#2340 = VECTOR ( 'NONE', #5746, 1000.000000000000000 ) ;
#2341 = ORIENTED_EDGE ( 'NONE', *, *, #4069, .T. ) ;
#2342 = FACE_OUTER_BOUND ( 'NONE', #1889, .T. ) ;
#2343 = CARTESIAN_POINT ( 'NONE',  ( 0.7499999999999996669, 1.016987298107779658, -0.2899999999999999800 ) ) ;
#2344 =( GEOMETRIC_REPRESENTATION_CONTEXT ( 3 ) GLOBAL_UNCERTAINTY_ASSIGNED_CONTEXT ( ( #893 ) ) GLOBAL_UNIT_ASSIGNED_CONTEXT ( ( #3681, #6064, #3643 ) ) REPRESENTATION_CONTEXT ( 'NONE', 'WORKASPACE' ) );
#2345 = CARTESIAN_POINT ( 'NONE',  ( 3.899999999997122657, 3.970249590776823450E-14, 0.000000000000000000 ) ) ;
#2346 = VERTEX_POINT ( 'NONE', #953 ) ;
#2347 = EDGE_CURVE ( 'NONE', #6302, #300, #1636, .T. ) ;
#2348 = DIRECTION ( 'NONE',  ( -0.000000000000000000, 0.000000000000000000, 1.000000000000000000 ) ) ;
#2349 = ORIENTED_EDGE ( 'NONE', *, *, #2676, .T. ) ;
#2351 = ORIENTED_EDGE ( 'NONE', *, *, #6583, .T. ) ;
#2350 = ORIENTED_EDGE ( 'NONE', *, *, #101, .F. ) ;
#2352 = CC_DESIGN_APPROVAL ( #2646, ( #6715 ) ) ;
#2353 = DATE_TIME_ROLE ( 'classification_date' ) ;
#2354 = LINE ( 'NONE', #4078, #4153 ) ;
#2355 = CARTESIAN_POINT ( 'NONE',  ( -19.90000000000021529, 18.42421244450394369, 80.00000000000000000 ) ) ;
#2356 = LINE ( 'NONE', #4741, #1562 ) ;
#2357 = CARTESIAN_POINT ( 'NONE',  ( 24.79999999999976268, 16.09999999999970655, 0.000000000000000000 ) ) ;
#2358 = ORIENTED_EDGE ( 'NONE', *, *, #2243, .F. ) ;
#2359 = AXIS2_PLACEMENT_3D ( 'NONE', #478, #2226, #3397 ) ;
#2360 = PRODUCT_RELATED_PRODUCT_CATEGORY ( 'detail', '', ( #762 ) ) ;
#2361 = DIRECTION ( 'NONE',  ( -0.000000000000000000, 0.000000000000000000, 1.000000000000000000 ) ) ;
#2362 = DIRECTION ( 'NONE',  ( -0.000000000000000000, 0.000000000000000000, 1.000000000000000000 ) ) ;
#2363 = DIRECTION ( 'NONE',  ( 0.000000000000000000, -0.000000000000000000, -1.000000000000000000 ) ) ;
#2364 = AXIS2_PLACEMENT_3D ( 'NONE', #5204, #961, #3337 ) ;
#2365 = ORIENTED_EDGE ( 'NONE', *, *, #5348, .T. ) ;
#2366 = DATE_AND_TIME ( #7132, #7405 ) ;
#2367 = CARTESIAN_POINT ( 'NONE',  ( -1.699836774087143753E-13, 16.19999999999999218, 0.000000000000000000 ) ) ;
#2368 = DIRECTION ( 'NONE',  ( -0.000000000000000000, -0.000000000000000000, -1.000000000000000000 ) ) ;
#2369 = AXIS2_PLACEMENT_3D ( 'NONE', #248, #2569, #2613 ) ;
#2370 = CARTESIAN_POINT ( 'NONE',  ( 0.7499999999999998890, 0.2899999999999999800, -0.2899999999999999800 ) ) ;
#2371 = CARTESIAN_POINT ( 'NONE',  ( -11.90000000000154579, 18.42421244450408224, 80.00000000000000000 ) ) ;
#2372 = LINE ( 'NONE', #2303, #3632 ) ;
#2373 = ORIENTED_EDGE ( 'NONE', *, *, #5235, .T. ) ;
#2374 = VECTOR ( 'NONE', #914, 1000.000000000000000 ) ;
#2375 = ADVANCED_FACE ( 'NONE', ( #4644 ), #3329, .F. ) ;
#2376 = LINE ( 'NONE', #2343, #5975 ) ;
#2377 = CARTESIAN_POINT ( 'NONE',  ( -21.00000000000009237, 17.69999999999960849, 0.000000000000000000 ) ) ;
#2378 = VERTEX_POINT ( 'NONE', #5780 ) ;
#2379 = EDGE_CURVE ( 'NONE', #4810, #2862, #7574, .T. ) ;
#2380 = CARTESIAN_POINT ( 'NONE',  ( -26.93333333333272961, 13.49999999999967137, 80.00000000000000000 ) ) ;
#2381 = ORIENTED_EDGE ( 'NONE', *, *, #2936, .F. ) ;
#2383 = ORIENTED_EDGE ( 'NONE', *, *, #4535, .F. ) ;
#2382 = EDGE_LOOP ( 'NONE', ( #3751, #4916, #6880, #5342 ) ) ;
#2384 = CIRCLE ( 'NONE', #4262, 0.4629171123670567933 ) ;
#2385 = APPROVAL_DATE_TIME ( #139, #1319 ) ;
#2386 = CARTESIAN_POINT ( 'NONE',  ( -23.55258382925077143, 3.030329925643868272, 0.000000000000000000 ) ) ;
#2387 = ADVANCED_FACE ( 'NONE', ( #5161 ), #4683, .T. ) ;
#2388 = CARTESIAN_POINT ( 'NONE',  ( -25.52197802197775189, -6.570329670329666527, -0.9999999999999859002 ) ) ;
#2389 = DIRECTION ( 'NONE',  ( 1.000000000000000000, 0.000000000000000000, 0.000000000000000000 ) ) ;
#2390 = VECTOR ( 'NONE', #7230, 1000.000000000000000 ) ;
#2391 = DIRECTION ( 'NONE',  ( -1.136160801469538452E-14, 1.000000000000000000, 0.000000000000000000 ) ) ;
#2392 = VERTEX_POINT ( 'NONE', #7611 ) ;
#2393 = ORIENTED_EDGE ( 'NONE', *, *, #7386, .F. ) ;
#2394 = AXIS2_PLACEMENT_3D ( 'NONE', #308, #6228, #4983 ) ;
#2395 = PERSON_AND_ORGANIZATION_ROLE ( 'creator' ) ;
#2396 = SECURITY_CLASSIFICATION ( '', '', #2422 ) ;
#2397 = CARTESIAN_POINT ( 'NONE',  ( 27.50000000000013145, 16.29999999999982663, 80.00000000000000000 ) ) ;
#2398 = DIRECTION ( 'NONE',  ( 1.000000000000000000, 0.000000000000000000, -0.000000000000000000 ) ) ;
#2399 = LINE ( 'NONE', #4788, #837 ) ;
#2400 = EDGE_CURVE ( 'NONE', #6761, #1275, #5233, .T. ) ;
#2401 = EDGE_LOOP ( 'NONE', ( #6641, #6084, #507, #3973 ) ) ;
#2402 = VECTOR ( 'NONE', #1436, 1000.000000000000000 ) ;
#2403 = LOCAL_TIME ( 15, 21, 11.00000000000000000, #1818 ) ;
#2404 = VERTEX_POINT ( 'NONE', #2188 ) ;
#2405 = DATE_TIME_ROLE ( 'classification_date' ) ;
#2406 = LINE ( 'NONE', #5419, #770 ) ;
#2407 = CARTESIAN_POINT ( 'NONE',  ( 1.000000000000000000, 0.000000000000000000, 0.000000000000000000 ) ) ;
#2408 = CARTESIAN_POINT ( 'NONE',  ( -24.79999999999973781, 2.699999999999997513, 80.00000000000000000 ) ) ;
#2409 = DIRECTION ( 'NONE',  ( 1.000000000000000000, 0.000000000000000000, 0.000000000000000000 ) ) ;
#2410 = CARTESIAN_POINT ( 'NONE',  ( -24.02197802197775189, 6.829670329669523809, -0.9999999999999859002 ) ) ;
#2411 = EDGE_CURVE ( 'NONE', #2683, #1143, #5, .T. ) ;
#2412 = ORIENTED_EDGE ( 'NONE', *, *, #7438, .F. ) ;
#2413 = EDGE_LOOP ( 'NONE', ( #6250, #6507, #5111, #5238 ) ) ;
#2414 = DIRECTION ( 'NONE',  ( -0.000000000000000000, 0.000000000000000000, 1.000000000000000000 ) ) ;
#2415 = DIRECTION ( 'NONE',  ( 1.000000000000000000, 0.000000000000000000, 0.000000000000000000 ) ) ;
#2416 = EDGE_LOOP ( 'NONE', ( #2239, #3759, #1910, #7644 ) ) ;
#2417 = CARTESIAN_POINT ( 'NONE',  ( -27.19999999999950546, 5.999999999999687361, 80.00000000000000000 ) ) ;
#2418 = ORIENTED_EDGE ( 'NONE', *, *, #5751, .F. ) ;
#2420 = ORIENTED_EDGE ( 'NONE', *, *, #4774, .F. ) ;
#2419 = ORIENTED_EDGE ( 'NONE', *, *, #3999, .T. ) ;
#2421 = AXIS2_PLACEMENT_3D ( 'NONE', #4732, #2348, #102 ) ;
#2422 = SECURITY_CLASSIFICATION_LEVEL ( 'unclassified' ) ;
#2423 = EDGE_CURVE ( 'NONE', #3661, #4357, #1101, .T. ) ;
#2424 = EDGE_CURVE ( 'NONE', #4023, #5012, #3473, .T. ) ;
#2425 = DIRECTION ( 'NONE',  ( -1.000000000000000000, 0.000000000000000000, 0.000000000000000000 ) ) ;
#2426 = CARTESIAN_POINT ( 'NONE',  ( -26.49999999999996447, -2.925374589033343658E-13, 0.000000000000000000 ) ) ;
#2427 = DIRECTION ( 'NONE',  ( 0.000000000000000000, 1.000000000000000000, -0.000000000000000000 ) ) ;
#2428 = AXIS2_PLACEMENT_3D ( 'NONE', #7525, #1553, #5074 ) ;
#2429 = DIRECTION ( 'NONE',  ( 0.000000000000000000, 0.000000000000000000, -1.000000000000000000 ) ) ;
#2430 = ORIENTED_EDGE ( 'NONE', *, *, #4678, .T. ) ;
#2431 = ORIENTED_EDGE ( 'NONE', *, *, #4471, .T. ) ;
#2432 = EDGE_CURVE ( 'NONE', #6268, #4035, #7025, .T. ) ;
#2433 = AXIS2_PLACEMENT_3D ( 'NONE', #6660, #3074, #6748 ) ;
#2434 = MECHANICAL_CONTEXT ( 'NONE', #6959, 'mechanical' ) ;
#2435 = DIRECTION ( 'NONE',  ( 0.000000000000000000, 0.000000000000000000, -1.000000000000000000 ) ) ;
#2436 = CARTESIAN_POINT ( 'NONE',  ( 27.20000000000019824, 13.00000000000021316, 80.00000000000000000 ) ) ;
#2437 = CARTESIAN_POINT ( 'NONE',  ( -27.49999999999943512, 10.49999999999967315, 0.000000000000000000 ) ) ;
#2438 = ORIENTED_EDGE ( 'NONE', *, *, #3497, .T. ) ;
#2439 = EDGE_CURVE ( 'NONE', #1096, #1971, #2300, .T. ) ;
#2441 = ORIENTED_EDGE ( 'NONE', *, *, #1210, .T. ) ;
#2440 = EDGE_CURVE ( 'NONE', #5560, #5680, #4570, .T. ) ;
#2442 = CIRCLE ( 'NONE', #5326, 1.000000000000014655 ) ;
#2443 = AXIS2_PLACEMENT_3D ( 'NONE', #3572, #2362, #3499 ) ;
#2444 = PERSON_AND_ORGANIZATION ( #4571, #2914 ) ;
#2445 = VECTOR ( 'NONE', #3381, 1000.000000000000000 ) ;
#2446 = CARTESIAN_POINT ( 'NONE',  ( -26.52197802197774124, -6.570329670329666527, 0.000000000000000000 ) ) ;
#2447 = CARTESIAN_POINT ( 'NONE',  ( 9.445352049421790852, 18.33710622225214237, 80.00000000000000000 ) ) ;
#2448 = CIRCLE ( 'NONE', #6565, 0.5666666666667395935 ) ;
#2449 = DIRECTION ( 'NONE',  ( 1.000000000000000000, 0.000000000000000000, 0.000000000000000000 ) ) ;
#2450 = FACE_OUTER_BOUND ( 'NONE', #6992, .T. ) ;
#2451 = CARTESIAN_POINT ( 'NONE',  ( 7.445352049422013785, 18.33710622225111919, 80.00000000000000000 ) ) ;
#2452 = CC_DESIGN_PERSON_AND_ORGANIZATION_ASSIGNMENT ( #6682, #6009, ( #2396 ) ) ;
#2453 = ADVANCED_FACE ( 'NONE', ( #7650 ), #6911, .T. ) ;
#2454 = EDGE_LOOP ( 'NONE', ( #2775, #5015, #7029, #7145 ) ) ;
#2455 = ORIENTED_EDGE ( 'NONE', *, *, #7152, .T. ) ;
#2456 = DIRECTION ( 'NONE',  ( 1.000000000000000000, 5.034967257642723031E-16, 0.000000000000000000 ) ) ;
#2457 = DIRECTION ( 'NONE',  ( -1.000000000000000000, -1.140313919232206601E-14, 0.000000000000000000 ) ) ;
#2458 = ADVANCED_FACE ( 'NONE', ( #2884 ), #370, .T. ) ;
#2459 = ORIENTED_EDGE ( 'NONE', *, *, #3261, .F. ) ;
#2460 = AXIS2_PLACEMENT_3D ( 'NONE', #1530, #7388, #2662 ) ;
#2461 = CARTESIAN_POINT ( 'NONE',  ( 0.000000000000000000, -0.2900000000000003131, 1.449999999999999956 ) ) ;
#2462 = CARTESIAN_POINT ( 'NONE',  ( 3.899999999996942801, 17.69999999999964757, 80.00000000000000000 ) ) ;
#2463 = VERTEX_POINT ( 'NONE', #5268 ) ;
#2464 = ORIENTED_EDGE ( 'NONE', *, *, #3627, .F. ) ;
#2465 = APPROVAL_DATE_TIME ( #6642, #4264 ) ;
#2466 = VECTOR ( 'NONE', #4060, 1000.000000000000000 ) ;
#2467 = FACE_OUTER_BOUND ( 'NONE', #734, .T. ) ;
#2468 = CARTESIAN_POINT ( 'NONE',  ( -24.23302076461957100, 4.236057109949088684, 80.00000000000000000 ) ) ;
#2469 = PLANE ( 'NONE',  #205 ) ;
#2470 = LINE ( 'NONE', #4312, #2390 ) ;
#2471 = ADVANCED_FACE ( 'NONE', ( #1060 ), #3433, .T. ) ;
#2472 = ORIENTED_EDGE ( 'NONE', *, *, #1183, .T. ) ;
#2473 = ORIENTED_EDGE ( 'NONE', *, *, #4058, .T. ) ;
#2474 = APPROVAL_PERSON_ORGANIZATION ( #6610, #2541, #687 ) ;
#2475 = EDGE_CURVE ( 'NONE', #883, #6700, #744, .T. ) ;
#2476 = FACE_OUTER_BOUND ( 'NONE', #2312, .T. ) ;
#2477 = CARTESIAN_POINT ( 'NONE',  ( 26.93333333333334423, 12.50000000000023803, 0.000000000000000000 ) ) ;
#2478 = CARTESIAN_POINT ( 'NONE',  ( -1.674796664989339049E-13, 17.69999999999961560, 0.000000000000000000 ) ) ;
#2479 = VERTEX_POINT ( 'NONE', #3035 ) ;
#2480 = ADVANCED_FACE ( 'NONE', ( #3655 ), #4134, .T. ) ;
#2481 = VERTEX_POINT ( 'NONE', #4833 ) ;
#2482 = DIRECTION ( 'NONE',  ( -0.000000000000000000, 0.000000000000000000, 1.000000000000000000 ) ) ;
#2483 = CARTESIAN_POINT ( 'NONE',  ( 17.90000000000090097, 1.715052010255472467E-13, 80.00000000000000000 ) ) ;
#2484 = EDGE_CURVE ( 'NONE', #6966, #1299, #5347, .T. ) ;
#2485 = DIRECTION ( 'NONE',  ( 1.000000000000000000, 0.000000000000000000, 0.000000000000000000 ) ) ;
#2486 = CARTESIAN_POINT ( 'NONE',  ( 5.445352049422234053, 18.33710622225209619, 80.00000000000000000 ) ) ;
#2487 = CARTESIAN_POINT ( 'NONE',  ( 26.93333333333337976, 9.500000000000238032, 80.00000000000000000 ) ) ;
#2488 = PLANE ( 'NONE',  #5467 ) ;
#2489 = CARTESIAN_POINT ( 'NONE',  ( -7.900000000001810463, -7.569223955878621244E-14, 0.000000000000000000 ) ) ;
#2490 = VERTEX_POINT ( 'NONE', #1246 ) ;
#2491 = EDGE_CURVE ( 'NONE', #6675, #2976, #5463, .T. ) ;
#2492 = CARTESIAN_POINT ( 'NONE',  ( 4.515812910881320086, 0.000000000000000000, 0.000000000000000000 ) ) ;
#2493 = VECTOR ( 'NONE', #3617, 1000.000000000000000 ) ;
#2494 = LINE ( 'NONE', #4766, #4659 ) ;
#2495 = ADVANCED_FACE ( 'NONE', ( #6548 ), #3507, .T. ) ;
#2496 = ORIENTED_EDGE ( 'NONE', *, *, #2243, .T. ) ;
#2497 = LINE ( 'NONE', #1185, #2181 ) ;
#2498 = CARTESIAN_POINT ( 'NONE',  ( 11.00000000000149036, 17.69999999999971863, 80.00000000000000000 ) ) ;
#2499 = ORIENTED_EDGE ( 'NONE', *, *, #3851, .T. ) ;
#2500 = ORIENTED_EDGE ( 'NONE', *, *, #1808, .T. ) ;
#2501 = AXIS2_PLACEMENT_3D ( 'NONE', #2039, #879, #2077 ) ;
#2502 = CONTEXT_DEPENDENT_SHAPE_REPRESENTATION ( #5121, #339 ) ;
#2503 = CYLINDRICAL_SURFACE ( 'NONE', #3450, 0.5666666666667395935 ) ;
#2504 = DIRECTION ( 'NONE',  ( -0.000000000000000000, 0.000000000000000000, 1.000000000000000000 ) ) ;
#2505 = DIRECTION ( 'NONE',  ( 1.000000000000000000, 1.005396430953922299E-14, -0.000000000000000000 ) ) ;
#2506 = DIRECTION ( 'NONE',  ( 0.000000000000000000, 0.000000000000000000, 1.000000000000000000 ) ) ;
#2507 = VERTEX_POINT ( 'NONE', #5420 ) ;
#2508 = ORIENTED_EDGE ( 'NONE', *, *, #6242, .F. ) ;
#2509 = DIRECTION ( 'NONE',  ( 1.000000000000000000, 1.136160801465180469E-14, -0.000000000000000000 ) ) ;
#2510 = PERSON_AND_ORGANIZATION_ROLE ( 'design_supplier' ) ;
#2511 = CARTESIAN_POINT ( 'NONE',  ( 0.7500000000000000000, 0.5900000000000001910, -0.2899999999999999800 ) ) ;
#2512 = CLOSED_SHELL ( 'NONE', ( #1406, #5144, #3641, #7641, #3044, #5703, #5916, #2196, #3713, #7013, #6041, #5192, #502, #2716, #2453, #7411, #5814, #6744, #7098, #6322, #5201, #3489, #3662, #5549, #4091, #2957, #4117, #1955, #1756, #6226, #7049, #2630, #7688, #126, #610, #5583, #7526, #933, #2375, #6576, #3519, #822, #4488, #2387, #4138, #7449, #4495, #5262, #2458, #6650, #3823, #1346, #3136, #4221, #7063, #343, #19, #7016, #4765, #2554, #4048, #1073, #1623, #494, #589, #3458, #2732, #4450, #2704, #3906, #2943, #2306, #6376, #5300, #3042, #6014, #6929, #1220, #368, #2522, #2805, #7148, #749, #1098, #6180, #924, #4852, #5469, #5087, #3249, #6480, #86, #5623, #3444, #629, #2257, #6523, #3324, #3307, #1912, #5907, #6501, #2105, #3252, #1520, #1925, #4723, #6024, #3325, #6696, #1963, #1763, #1976, #583, #3872, #6864, #2871, #6056, #4940, #6396, #1196, #3386, #6039, #1307, #6429, #3867, #7636, #2688, #4053, #3470, #4632, #3029, #5874, #754, #3613, #7694, #2291, #2801, #7593, #1878, #5866, #978, #5878, #2860, #1250, #6616, #442, #3882, #954, #2480, #1687, #1784, #6568, #3216, #5687, #5475, #617, #2495, #5711, #1393, #75, #2660, #6590 ) ) ;
#2513 = DIRECTION ( 'NONE',  ( 1.103914939257978464E-14, -1.000000000000000000, 0.000000000000000000 ) ) ;
#2514 = DIRECTION ( 'NONE',  ( -1.000000000000000000, -9.462128050787431630E-15, 0.000000000000000000 ) ) ;
#2515 = AXIS2_PLACEMENT_3D ( 'NONE', #2617, #4873, #3740 ) ;
#2516 = ORIENTED_EDGE ( 'NONE', *, *, #5808, .T. ) ;
#2517 = AXIS2_PLACEMENT_3D ( 'NONE', #1885, #3062, #4900 ) ;
#2518 = VECTOR ( 'NONE', #725, 1000.000000000000000 ) ;
#2519 = CC_DESIGN_SECURITY_CLASSIFICATION ( #5035, ( #7706 ) ) ;
#2520 = EDGE_CURVE ( 'NONE', #5801, #1225, #4718, .T. ) ;
#2521 = ORIENTED_EDGE ( 'NONE', *, *, #2002, .T. ) ;
#2522 = ADVANCED_FACE ( 'NONE', ( #7136 ), #592, .T. ) ;
#2523 = DIRECTION ( 'NONE',  ( 1.000000000000000000, 0.000000000000000000, 0.000000000000000000 ) ) ;
#2524 = VECTOR ( 'NONE', #7118, 1000.000000000000000 ) ;
#2525 = CARTESIAN_POINT ( 'NONE',  ( 11.44535204942135209, 18.33710622225216369, 0.000000000000000000 ) ) ;
#2526 = CARTESIAN_POINT ( 'NONE',  ( -27.50000000000001066, 14.49999999999966960, 0.000000000000000000 ) ) ;
#2527 = DIRECTION ( 'NONE',  ( -0.000000000000000000, 0.000000000000000000, 1.000000000000000000 ) ) ;
#2528 = LINE ( 'NONE', #2615, #3323 ) ;
#2529 = CARTESIAN_POINT ( 'NONE',  ( -24.80352208590858254, 16.09999999999919140, 80.00000000000000000 ) ) ;
#2530 = CARTESIAN_POINT ( 'NONE',  ( -24.23302076461957100, 3.909141912406401076, 0.000000000000000000 ) ) ;
#2531 = ORIENTED_EDGE ( 'NONE', *, *, #158, .T. ) ;
#2532 = ORIENTED_EDGE ( 'NONE', *, *, #7568, .F. ) ;
#2533 = DIRECTION ( 'NONE',  ( -1.000000000000000000, -1.084202172485924897E-14, 0.000000000000000000 ) ) ;
#2534 = CYLINDRICAL_SURFACE ( 'NONE', #6783, 0.5666666666667395935 ) ;
#2535 = ORIENTED_EDGE ( 'NONE', *, *, #1057, .F. ) ;
#2536 = CARTESIAN_POINT ( 'NONE',  ( -25.00000000000011013, 18.79999999999944293, 80.00000000000000000 ) ) ;
#2537 = CARTESIAN_POINT ( 'NONE',  ( -23.79999999999972360, 2.699999999999997513, 0.000000000000000000 ) ) ;
#2538 = ORIENTED_EDGE ( 'NONE', *, *, #4823, .T. ) ;
#2539 = EDGE_CURVE ( 'NONE', #727, #3602, #5032, .T. ) ;
#2540 = ORIENTED_EDGE ( 'NONE', *, *, #2880, .F. ) ;
#2541 = APPROVAL ( #1236, '未指定' ) ;
#2542 = ORIENTED_EDGE ( 'NONE', *, *, #2439, .F. ) ;
#2543 = DATE_AND_TIME ( #3134, #4274 ) ;
#2544 = CIRCLE ( 'NONE', #6656, 0.4629171123666196985 ) ;
#2545 = CARTESIAN_POINT ( 'NONE',  ( -24.79999999999973781, 2.699999999999997513, 0.000000000000000000 ) ) ;
#2546 = DIRECTION ( 'NONE',  ( 1.000000000000000000, 9.462128050787417430E-15, 0.000000000000000000 ) ) ;
#2547 = CARTESIAN_POINT ( 'NONE',  ( 0.000000000000000000, 2.200000000000000178, -0.2899999999999999800 ) ) ;
#2548 = PLANE ( 'NONE',  #6271 ) ;
#2549 = EDGE_LOOP ( 'NONE', ( #1300, #6305, #5488, #2236 ) ) ;
#2550 = CARTESIAN_POINT ( 'NONE',  ( 15.00000000000059863, 18.46341459489542558, 80.00000000000000000 ) ) ;
#2551 = CIRCLE ( 'NONE', #5299, 0.5666666666670483465 ) ;
#2553 = ORIENTED_EDGE ( 'NONE', *, *, #1441, .F. ) ;
#2552 = VERTEX_POINT ( 'NONE', #89 ) ;
#2554 = ADVANCED_FACE ( 'NONE', ( #1284 ), #7100, .T. ) ;
#2555 = PERSON_AND_ORGANIZATION_ROLE ( 'classification_officer' ) ;
#2556 = VECTOR ( 'NONE', #109, 1000.000000000000000 ) ;
#2557 = DIRECTION ( 'NONE',  ( -0.000000000000000000, -0.000000000000000000, -1.000000000000000000 ) ) ;
#2558 = DIRECTION ( 'NONE',  ( 1.000000000000000000, 0.000000000000000000, 0.000000000000000000 ) ) ;
#2559 = CARTESIAN_POINT ( 'NONE',  ( -9.000000000001858069, 17.69999999999973284, 80.00000000000000000 ) ) ;
#2560 = CIRCLE ( 'NONE', #206, 1.000000000000014655 ) ;
#2561 = ORIENTED_EDGE ( 'NONE', *, *, #3914, .F. ) ;
#2562 = EDGE_CURVE ( 'NONE', #7196, #7391, #5382, .T. ) ;
#2563 = DIRECTION ( 'NONE',  ( -2.356312021729246673E-17, -7.986317778187561826E-17, -1.000000000000000000 ) ) ;
#2564 = VECTOR ( 'NONE', #1247, 1000.000000000000000 ) ;
#2565 = ORIENTED_EDGE ( 'NONE', *, *, #2206, .T. ) ;
#2566 = CARTESIAN_POINT ( 'NONE',  ( 23.55258382925115157, 3.030329925644362099, 80.00000000000000000 ) ) ;
#2567 = CARTESIAN_POINT ( 'NONE',  ( -23.79999999999972360, 2.699999999999997513, 80.00000000000000000 ) ) ;
#2568 = AXIS2_PLACEMENT_3D ( 'NONE', #5692, #6973, #1587 ) ;
#2569 = DIRECTION ( 'NONE',  ( -9.462128050735879570E-15, 1.000000000000000000, 0.000000000000000000 ) ) ;
#2570 = EDGE_CURVE ( 'NONE', #6230, #1252, #3579, .T. ) ;
#2571 = CARTESIAN_POINT ( 'NONE',  ( 0.000000000000000000, -0.2899999999999999245, -1.449999999999999956 ) ) ;
#2572 = DIRECTION ( 'NONE',  ( -0.000000000000000000, -0.000000000000000000, -1.000000000000000000 ) ) ;
#2573 = CARTESIAN_POINT ( 'NONE',  ( 27.50000000000013145, 16.29999999999982663, 0.000000000000000000 ) ) ;
#2574 = VECTOR ( 'NONE', #3765, 1000.000000000000000 ) ;
#2575 = EDGE_CURVE ( 'NONE', #985, #6655, #540, .T. ) ;
#2576 = VERTEX_POINT ( 'NONE', #6585 ) ;
#2577 = ORIENTED_EDGE ( 'NONE', *, *, #1663, .F. ) ;
#2578 = VECTOR ( 'NONE', #2020, 1000.000000000000000 ) ;
#2579 = CARTESIAN_POINT ( 'NONE',  ( 25.00000000000013500, 2.618611004132364279E-13, 0.000000000000000000 ) ) ;
#2580 = CIRCLE ( 'NONE', #232, 0.2999999999999999334 ) ;
#2581 = CARTESIAN_POINT ( 'NONE',  ( -11.44535204942106787, 18.33710622225169828, 0.000000000000000000 ) ) ;
#2582 = EDGE_CURVE ( 'NONE', #5789, #1240, #701, .T. ) ;
#2583 = ORIENTED_EDGE ( 'NONE', *, *, #539, .T. ) ;
#2584 = LINE ( 'NONE', #6762, #6422 ) ;
#2585 = DIRECTION ( 'NONE',  ( 1.000000000000000000, 0.000000000000000000, 0.000000000000000000 ) ) ;
#2586 = ORIENTED_EDGE ( 'NONE', *, *, #7250, .T. ) ;
#2587 = ORIENTED_EDGE ( 'NONE', *, *, #737, .F. ) ;
#2588 = ORIENTED_EDGE ( 'NONE', *, *, #218, .F. ) ;
#2589 = COORDINATED_UNIVERSAL_TIME_OFFSET ( 8, 0, .AHEAD. ) ;
#2590 = CARTESIAN_POINT ( 'NONE',  ( 25.77802197802195394, 7.029670329669723827, -1.500000000000000000 ) ) ;
#2591 = FACE_OUTER_BOUND ( 'NONE', #2851, .T. ) ;
#2592 = LINE ( 'NONE', #7354, #451 ) ;
#2593 = VECTOR ( 'NONE', #7343, 1000.000000000000000 ) ;
#2594 = CARTESIAN_POINT ( 'NONE',  ( -27.19999999999949836, 4.999999999999639400, 80.00000000000000000 ) ) ;
#2595 = EDGE_CURVE ( 'NONE', #520, #2392, #3518, .T. ) ;
#2596 = ORIENTED_EDGE ( 'NONE', *, *, #5695, .F. ) ;
#2597 = CARTESIAN_POINT ( 'NONE',  ( 0.000000000000000000, 2.200000000000000178, 0.000000000000000000 ) ) ;
#2598 = DIRECTION ( 'NONE',  ( 1.000000000000000000, 0.000000000000000000, 0.000000000000000000 ) ) ;
#2600 = EDGE_LOOP ( 'NONE', ( #6263, #2811, #6702, #4707 ) ) ;
#2599 = ORIENTED_EDGE ( 'NONE', *, *, #7568, .T. ) ;
#2601 = CIRCLE ( 'NONE', #119, 0.5666666666667742325 ) ;
#2602 = SHAPE_REPRESENTATION ( 'GB-T-819.1-2000-C-NI-M2.5X6', ( #2222 ), #4975 ) ;
#2603 = CALENDAR_DATE ( 2020, 16, 10 ) ;
#2604 = LINE ( 'NONE', #7004, #55 ) ;
#2605 = CARTESIAN_POINT ( 'NONE',  ( 17.90000000000090097, 1.715052010255472467E-13, 0.000000000000000000 ) ) ;
#2606 = CARTESIAN_POINT ( 'NONE',  ( -17.00000000000054357, 18.46341459489507741, 80.00000000000000000 ) ) ;
#2607 = ORIENTED_EDGE ( 'NONE', *, *, #6618, .T. ) ;
#2608 = CC_DESIGN_SECURITY_CLASSIFICATION ( #1, ( #4095 ) ) ;
#2609 = EDGE_CURVE ( 'NONE', #6497, #4293, #3076, .T. ) ;
#2610 = ORIENTED_EDGE ( 'NONE', *, *, #7055, .T. ) ;
#2611 = DIRECTION ( 'NONE',  ( -0.000000000000000000, -0.000000000000000000, -1.000000000000000000 ) ) ;
#2612 = DIRECTION ( 'NONE',  ( 1.000000000000000000, 0.000000000000000000, 0.000000000000000000 ) ) ;
#2613 = DIRECTION ( 'NONE',  ( -1.000000000000000000, -9.462128050735879570E-15, 0.000000000000000000 ) ) ;
#2614 = AXIS2_PLACEMENT_3D ( 'NONE', #514, #1673, #6399 ) ;
#2615 = CARTESIAN_POINT ( 'NONE',  ( 9.900000000002224354, 9.485483185213485995E-14, 0.000000000000000000 ) ) ;
#2616 = DIRECTION ( 'NONE',  ( 1.000000000000000000, 9.462128050787475806E-15, 0.000000000000000000 ) ) ;
#2617 = CARTESIAN_POINT ( 'NONE',  ( 25.57802197802224597, -6.570329670329666527, 0.000000000000000000 ) ) ;
#2618 = ORIENTED_EDGE ( 'NONE', *, *, #10, .F. ) ;
#2619 = ORIENTED_EDGE ( 'NONE', *, *, #327, .F. ) ;
#2620 = EDGE_CURVE ( 'NONE', #1433, #5495, #170, .T. ) ;
#2621 = CARTESIAN_POINT ( 'NONE',  ( -9.900000000001988099, 18.42421244450410356, 80.00000000000000000 ) ) ;
#2622 = DIRECTION ( 'NONE',  ( 0.000000000000000000, 0.000000000000000000, 1.000000000000000000 ) ) ;
#2623 = AXIS2_PLACEMENT_3D ( 'NONE', #4764, #600, #1255 ) ;
#2624 = CARTESIAN_POINT ( 'NONE',  ( 15.90000000000116742, 18.42421244450426343, 80.00000000000000000 ) ) ;
#2625 = CARTESIAN_POINT ( 'NONE',  ( -27.49999999999940670, 8.499999999999667821, 80.00000000000000000 ) ) ;
#2626 = ORIENTED_EDGE ( 'NONE', *, *, #4425, .T. ) ;
#2627 = ORIENTED_EDGE ( 'NONE', *, *, #718, .T. ) ;
#2628 = ORIENTED_EDGE ( 'NONE', *, *, #737, .T. ) ;
#2629 = CARTESIAN_POINT ( 'NONE',  ( 26.93333333333310264, 14.50000000000012967, 80.00000000000000000 ) ) ;
#2630 = ADVANCED_FACE ( 'NONE', ( #5308 ), #552, .F. ) ;
#2631 = DIRECTION ( 'NONE',  ( 1.000000000000000000, 9.462128050783611965E-15, 0.000000000000000000 ) ) ;
#2632 = ORIENTED_EDGE ( 'NONE', *, *, #6153, .F. ) ;
#2633 = DIRECTION ( 'NONE',  ( -1.136160801469879082E-14, 1.000000000000000000, 0.000000000000000000 ) ) ;
#2634 = CARTESIAN_POINT ( 'NONE',  ( -7.900000000001980105, 17.69999999999974349, 80.00000000000000000 ) ) ;
#2635 = AXIS2_PLACEMENT_3D ( 'NONE', #6511, #5307, #1136 ) ;
#2637 = ORIENTED_EDGE ( 'NONE', *, *, #553, .F. ) ;
#2636 = ORIENTED_EDGE ( 'NONE', *, *, #4541, .T. ) ;
#2638 = EDGE_CURVE ( 'NONE', #4112, #3186, #3114, .T. ) ;
#2639 = PERSON_AND_ORGANIZATION_ROLE ( 'creator' ) ;
#2640 = CARTESIAN_POINT ( 'NONE',  ( 23.07802197802223532, -6.570329670329666527, 0.000000000000000000 ) ) ;
#2641 = CARTESIAN_POINT ( 'NONE',  ( 27.20000000000051799, 14.00000000000009592, 80.00000000000000000 ) ) ;
#2642 = CARTESIAN_POINT ( 'NONE',  ( -26.50000000000009237, 11.69999999999998863, 80.00000000000000000 ) ) ;
#2643 = ORIENTED_EDGE ( 'NONE', *, *, #5448, .F. ) ;
#2644 = ORIENTED_EDGE ( 'NONE', *, *, #7264, .T. ) ;
#2645 = CIRCLE ( 'NONE', #7009, 0.5666666666667291574 ) ;
#2646 = APPROVAL ( #3452, '未指定' ) ;
#2647 = DIRECTION ( 'NONE',  ( -1.000000000000000000, -9.462128050787431630E-15, 0.000000000000000000 ) ) ;
#2648 = FACE_OUTER_BOUND ( 'NONE', #3722, .T. ) ;
#2649 = CARTESIAN_POINT ( 'NONE',  ( -25.70000000000040075, 11.69999999999999751, 80.00000000000000000 ) ) ;
#2650 = VECTOR ( 'NONE', #4935, 1000.000000000000000 ) ;
#2651 = DIRECTION ( 'NONE',  ( -0.000000000000000000, 0.000000000000000000, 1.000000000000000000 ) ) ;
#2652 = CARTESIAN_POINT ( 'NONE',  ( 21.00000000000037303, 2.428612866367840428E-13, 80.00000000000000000 ) ) ;
#2653 = DIRECTION ( 'NONE',  ( 0.8660254037844383745, -0.5000000000000003331, -1.251928832280965942E-16 ) ) ;
#2654 = ORIENTED_EDGE ( 'NONE', *, *, #1855, .F. ) ;
#2655 = ORIENTED_EDGE ( 'NONE', *, *, #7531, .F. ) ;
#2656 = AXIS2_PLACEMENT_3D ( 'NONE', #125, #2335, #4169 ) ;
#2657 = CC_DESIGN_APPROVAL ( #6503, ( #2396 ) ) ;
#2658 = CARTESIAN_POINT ( 'NONE',  ( 27.20000000000023732, 9.000000000000175859, 80.00000000000000000 ) ) ;
#2659 = DIRECTION ( 'NONE',  ( 0.8660254037844380415, -0.5000000000000009992, 0.000000000000000000 ) ) ;
#2660 = ADVANCED_FACE ( 'NONE', ( #4286, #1328 ), #6078, .T. ) ;
#2661 = DIRECTION ( 'NONE',  ( -0.000000000000000000, -0.000000000000000000, -1.000000000000000000 ) ) ;
#2662 = DIRECTION ( 'NONE',  ( 1.000000000000000000, 0.000000000000000000, 0.000000000000000000 ) ) ;
#2663 = ORIENTED_EDGE ( 'NONE', *, *, #3894, .F. ) ;
#2664 = APPROVAL_PERSON_ORGANIZATION ( #1172, #990, #1208 ) ;
#2665 = ORIENTED_EDGE ( 'NONE', *, *, #2163, .F. ) ;
#2666 = AXIS2_PLACEMENT_3D ( 'NONE', #18, #4297, #4804 ) ;
#2667 = VERTEX_POINT ( 'NONE', #4909 ) ;
#2668 = DIRECTION ( 'NONE',  ( 1.000000000000000000, 0.000000000000000000, 0.000000000000000000 ) ) ;
#2669 = DIRECTION ( 'NONE',  ( -0.000000000000000000, -0.000000000000000000, -1.000000000000000000 ) ) ;
#2670 = ORIENTED_EDGE ( 'NONE', *, *, #2913, .F. ) ;
#2671 = CARTESIAN_POINT ( 'NONE',  ( 17.00000000000060396, 17.69999999999978257, 80.00000000000000000 ) ) ;
#2672 = FACE_OUTER_BOUND ( 'NONE', #6325, .T. ) ;
#2674 = ORIENTED_EDGE ( 'NONE', *, *, #3809, .F. ) ;
#2673 = ORIENTED_EDGE ( 'NONE', *, *, #4642, .T. ) ;
#2675 = AXIS2_PLACEMENT_3D ( 'NONE', #2012, #1431, #3304 ) ;
#2676 = EDGE_CURVE ( 'NONE', #6268, #4421, #5155, .T. ) ;
#2677 = APPLICATION_PROTOCOL_DEFINITION ( 'international standard', 'config_control_design', 1994, #584 ) ;
#2678 = PLANE ( 'NONE',  #176 ) ;
#2679 = DIRECTION ( 'NONE',  ( -0.5000000000000009992, -0.8660254037844380415, 0.000000000000000000 ) ) ;
#2680 = LINE ( 'NONE', #1512, #7686 ) ;
#2681 = ORIENTED_EDGE ( 'NONE', *, *, #5652, .F. ) ;
#2682 = EDGE_CURVE ( 'NONE', #212, #1903, #4746, .T. ) ;
#2683 = VERTEX_POINT ( 'NONE', #6425 ) ;
#2684 = VECTOR ( 'NONE', #1419, 1000.000000000000114 ) ;
#2685 = LINE ( 'NONE', #3387, #4949 ) ;
#2686 = LINE ( 'NONE', #7494, #3688 ) ;
#2687 = AXIS2_PLACEMENT_3D ( 'NONE', #1842, #6012, #4352 ) ;
#2688 = ADVANCED_FACE ( 'NONE', ( #4088 ), #4160, .F. ) ;
#2689 = APPROVAL ( #3905, 'UNKNOWN' ) ;
#2690 = CARTESIAN_POINT ( 'NONE',  ( -20.99999999999988631, -2.428612866367784387E-13, 80.00000000000000000 ) ) ;
#2691 = CARTESIAN_POINT ( 'NONE',  ( -3.900000000003093881, 18.42421244450427764, 80.00000000000000000 ) ) ;
#2692 = ORIENTED_EDGE ( 'NONE', *, *, #2967, .T. ) ;
#2693 = EDGE_LOOP ( 'NONE', ( #7078, #3531, #1652, #1650 ) ) ;
#2694 = CIRCLE ( 'NONE', #4311, 0.5666666666667395935 ) ;
#2695 = LINE ( 'NONE', #6287, #3131 ) ;
#2696 = DIRECTION ( 'NONE',  ( -1.000000000000000000, 0.000000000000000000, 0.000000000000000000 ) ) ;
#2697 = VECTOR ( 'NONE', #815, 1000.000000000000000 ) ;
#2698 = CARTESIAN_POINT ( 'NONE',  ( -1.674796664989363031E-13, 17.69999999999981455, 80.00000000000000000 ) ) ;
#2699 = DIRECTION ( 'NONE',  ( 1.000000000000000000, 0.000000000000000000, 0.000000000000000000 ) ) ;
#2700 = ORIENTED_EDGE ( 'NONE', *, *, #6835, .T. ) ;
#2701 = ORIENTED_EDGE ( 'NONE', *, *, #6755, .F. ) ;
#2702 = EDGE_LOOP ( 'NONE', ( #7624, #1939, #1959, #5053 ) ) ;
#2703 = CARTESIAN_POINT ( 'NONE',  ( -24.02197802197775189, -6.570329670329666527, -1.500000000000000000 ) ) ;
#2704 = ADVANCED_FACE ( 'NONE', ( #5259 ), #5295, .T. ) ;
#2705 = VECTOR ( 'NONE', #3313, 1000.000000000000000 ) ;
#2706 = CARTESIAN_POINT ( 'NONE',  ( 0.7500000000000000000, -0.2900000000000002021, 0.5900000000000001910 ) ) ;
#2707 = ORIENTED_EDGE ( 'NONE', *, *, #984, .T. ) ;
#2708 = CARTESIAN_POINT ( 'NONE',  ( 26.93333333333339397, 7.500000000000231815, 80.00000000000000000 ) ) ;
#2709 = VECTOR ( 'NONE', #1279, 1000.000000000000000 ) ;
#2710 = ORIENTED_EDGE ( 'NONE', *, *, #4509, .T. ) ;
#2712 = ORIENTED_EDGE ( 'NONE', *, *, #1178, .F. ) ;
#2711 = ORIENTED_EDGE ( 'NONE', *, *, #1852, .T. ) ;
#2713 = DATE_AND_TIME ( #3311, #4842 ) ;
#2714 = VECTOR ( 'NONE', #480, 1000.000000000000000 ) ;
#2715 = DIRECTION ( 'NONE',  ( 1.000000000000000000, 0.000000000000000000, 0.000000000000000000 ) ) ;
#2716 = ADVANCED_FACE ( 'NONE', ( #1665 ), #1129, .F. ) ;
#2717 = CARTESIAN_POINT ( 'NONE',  ( 11.90000000000178204, 1.140174241454868901E-13, 0.000000000000000000 ) ) ;
#2718 = DIRECTION ( 'NONE',  ( 1.156482317317998771E-14, -1.000000000000000000, 0.000000000000000000 ) ) ;
#2719 = ORIENTED_EDGE ( 'NONE', *, *, #6285, .F. ) ;
#2720 = CARTESIAN_POINT ( 'NONE',  ( -27.50000000000001066, 14.49999999999966960, 80.00000000000000000 ) ) ;
#2721 = AXIS2_PLACEMENT_3D ( 'NONE', #4647, #6991, #4020 ) ;
#2722 = APPLICATION_CONTEXT ( 'configuration controlled 3d designs of mechanical parts and assemblies' ) ;
#2723 = EDGE_LOOP ( 'NONE', ( #6092, #638, #890, #6110 ) ) ;
#2724 = LINE ( 'NONE', #4008, #7190 ) ;
#2725 = DIRECTION ( 'NONE',  ( -1.000000000000000000, 0.000000000000000000, 0.000000000000000000 ) ) ;
#2726 = CC_DESIGN_APPROVAL ( #6940, ( #4095 ) ) ;
#2727 = EDGE_CURVE ( 'NONE', #3868, #3010, #503, .T. ) ;
#2728 = CARTESIAN_POINT ( 'NONE',  ( 26.93333333333365331, 4.500000000000229150, 80.00000000000000000 ) ) ;
#2729 = LOCAL_TIME ( 15, 21, 11.00000000000000000, #5834 ) ;
#2730 = ORIENTED_EDGE ( 'NONE', *, *, #2282, .F. ) ;
#2731 = PERSON_AND_ORGANIZATION ( #6245, #1535 ) ;
#2732 = ADVANCED_FACE ( 'NONE', ( #7681 ), #5912, .T. ) ;
#2733 = LINE ( 'NONE', #1600, #7616 ) ;
#2734 = CIRCLE ( 'NONE', #3363, 2.499999999999943157 ) ;
#2735 = CARTESIAN_POINT ( 'NONE',  ( -26.93333333333268698, 9.499999999999667821, 80.00000000000000000 ) ) ;
#2736 = LINE ( 'NONE', #440, #5561 ) ;
#2737 = LINE ( 'NONE', #796, #6332 ) ;
#2738 = EDGE_LOOP ( 'NONE', ( #4186, #5525, #771, #7206 ) ) ;
#2739 = VERTEX_POINT ( 'NONE', #7125 ) ;
#2740 = EDGE_CURVE ( 'NONE', #4439, #5725, #4673, .T. ) ;
#2741 = LINE ( 'NONE', #802, #6556 ) ;
#2742 = EDGE_CURVE ( 'NONE', #5332, #7369, #5875, .T. ) ;
#2743 = CARTESIAN_POINT ( 'NONE',  ( -27.49999999999948841, 11.49999999999967315, 80.00000000000000000 ) ) ;
#2744 = CARTESIAN_POINT ( 'NONE',  ( 21.00000000000016698, 17.69999999999982521, 80.00000000000000000 ) ) ;
#2745 = VECTOR ( 'NONE', #5472, 1000.000000000000000 ) ;
#2746 = ORIENTED_EDGE ( 'NONE', *, *, #4988, .F. ) ;
#2747 = DIRECTION ( 'NONE',  ( 1.000000000000000000, 0.000000000000000000, 0.000000000000000000 ) ) ;
#2748 = VERTEX_POINT ( 'NONE', #542 ) ;
#2750 = EDGE_LOOP ( 'NONE', ( #3978, #56, #2674, #2823 ) ) ;
#2749 = EDGE_LOOP ( 'NONE', ( #2365, #1357, #685, #5516 ) ) ;
#2751 = PERSON_AND_ORGANIZATION_ROLE ( 'classification_officer' ) ;
#2752 = LINE ( 'NONE', #4399, #5530 ) ;
#2753 = CARTESIAN_POINT ( 'NONE',  ( -1.426161814022067550E-13, 14.31394289005040221, 0.000000000000000000 ) ) ;
#2754 = CARTESIAN_POINT ( 'NONE',  ( -20.99999999999988631, -2.428612866367784387E-13, 0.000000000000000000 ) ) ;
#2755 = ORIENTED_EDGE ( 'NONE', *, *, #1646, .T. ) ;
#2756 = AXIS2_PLACEMENT_3D ( 'NONE', #6749, #7285, #3779 ) ;
#2757 = DIRECTION ( 'NONE',  ( -0.000000000000000000, 0.000000000000000000, 1.000000000000000000 ) ) ;
#2758 = EDGE_CURVE ( 'NONE', #3392, #624, #1655, .T. ) ;
#2759 = EDGE_LOOP ( 'NONE', ( #6693, #346, #5968, #5683 ) ) ;
#2760 = VECTOR ( 'NONE', #1282, 1000.000000000000000 ) ;
#2761 = CYLINDRICAL_SURFACE ( 'NONE', #359, 0.2499999999999238942 ) ;
#2762 = CYLINDRICAL_SURFACE ( 'NONE', #3560, 0.4629171123669024168 ) ;
#2763 = EDGE_CURVE ( 'NONE', #3031, #191, #2290, .T. ) ;
#2764 = ORIENTED_EDGE ( 'NONE', *, *, #7467, .T. ) ;
#2765 = EDGE_CURVE ( 'NONE', #6669, #6120, #4633, .T. ) ;
#2766 = COORDINATED_UNIVERSAL_TIME_OFFSET ( 8, 0, .AHEAD. ) ;
#2767 = AXIS2_PLACEMENT_3D ( 'NONE', #1268, #72, #2506 ) ;
#2768 = FACE_OUTER_BOUND ( 'NONE', #7410, .T. ) ;
#2769 = CARTESIAN_POINT ( 'NONE',  ( 21.00000000000015987, 18.29999999999975913, 80.00000000000000000 ) ) ;
#2770 = EDGE_CURVE ( 'NONE', #258, #1113, #3570, .T. ) ;
#2771 = CARTESIAN_POINT ( 'NONE',  ( 4.515812910881320086, 0.000000000000000000, 0.000000000000000000 ) ) ;
#2772 = CARTESIAN_POINT ( 'NONE',  ( 0.7500000000000000000, 0.5900000000000003020, 0.2900000000000000910 ) ) ;
#2773 = ORIENTED_EDGE ( 'NONE', *, *, #486, .F. ) ;
#2774 = AXIS2_PLACEMENT_3D ( 'NONE', #7012, #3498, #4045 ) ;
#2775 = ORIENTED_EDGE ( 'NONE', *, *, #3851, .F. ) ;
#2776 = CC_DESIGN_APPROVAL ( #6857, ( #928 ) ) ;
#2777 = LINE ( 'NONE', #4652, #1589 ) ;
#2778 = CARTESIAN_POINT ( 'NONE',  ( -27.49999999999944933, 7.499999999999670486, 80.00000000000000000 ) ) ;
#2779 = AXIS2_PLACEMENT_3D ( 'NONE', #1730, #1121, #7594 ) ;
#2780 = FACE_OUTER_BOUND ( 'NONE', #2454, .T. ) ;
#2781 = ORIENTED_EDGE ( 'NONE', *, *, #2282, .T. ) ;
#2782 = EDGE_CURVE ( 'NONE', #2879, #2191, #420, .T. ) ;
#2783 = DIRECTION ( 'NONE',  ( 1.000000000000000000, 0.000000000000000000, 0.000000000000000000 ) ) ;
#2784 = VECTOR ( 'NONE', #5355, 1000.000000000000000 ) ;
#2785 = ORIENTED_EDGE ( 'NONE', *, *, #5404, .F. ) ;
#2786 = CC_DESIGN_PERSON_AND_ORGANIZATION_ASSIGNMENT ( #311, #388, ( #1489 ) ) ;
#2788 = ORIENTED_EDGE ( 'NONE', *, *, #6884, .T. ) ;
#2787 = ORIENTED_EDGE ( 'NONE', *, *, #6969, .F. ) ;
#2789 = COORDINATED_UNIVERSAL_TIME_OFFSET ( 8, 0, .AHEAD. ) ;
#2790 = CARTESIAN_POINT ( 'NONE',  ( 27.50000000000025580, 4.500000000000236255, 80.00000000000000000 ) ) ;
#2791 = DIRECTION ( 'NONE',  ( -0.000000000000000000, -0.000000000000000000, -1.000000000000000000 ) ) ;
#2792 = DIRECTION ( 'NONE',  ( -1.000000000000000000, -9.462128050787431630E-15, 0.000000000000000000 ) ) ;
#2793 = FACE_OUTER_BOUND ( 'NONE', #1864, .T. ) ;
#2794 = ORIENTED_EDGE ( 'NONE', *, *, #5073, .F. ) ;
#2795 = DIRECTION ( 'NONE',  ( -0.000000000000000000, 0.000000000000000000, 1.000000000000000000 ) ) ;
#2796 = ORGANIZATION ( 'NAUO-ORG8', 'UNSPECIFIED', 'UNSPECIFIED' ) ;
#2797 = EDGE_CURVE ( 'NONE', #3603, #7391, #6771, .T. ) ;
#2798 = VECTOR ( 'NONE', #4355, 1000.000000000000000 ) ;
#2799 = LINE ( 'NONE', #1593, #710 ) ;
#2800 = DIRECTION ( 'NONE',  ( -0.000000000000000000, 0.000000000000000000, 1.000000000000000000 ) ) ;
#2801 = ADVANCED_FACE ( 'NONE', ( #1777 ), #2986, .T. ) ;
#2802 = AXIS2_PLACEMENT_3D ( 'NONE', #1258, #1297, #3668 ) ;
#2803 = VERTEX_POINT ( 'NONE', #3423 ) ;
#2804 = AXIS2_PLACEMENT_3D ( 'NONE', #6495, #3419, #2389 ) ;
#2805 = ADVANCED_FACE ( 'NONE', ( #5805 ), #466, .T. ) ;
#2806 = DIRECTION ( 'NONE',  ( -9.581296146678135533E-15, 1.000000000000000000, 0.000000000000000000 ) ) ;
#2807 = CARTESIAN_POINT ( 'NONE',  ( 25.70000000000045048, 4.486057109949584287, 80.00000000000000000 ) ) ;
#2808 = EDGE_CURVE ( 'NONE', #3186, #1253, #6019, .T. ) ;
#2809 = DIRECTION ( 'NONE',  ( 1.000000000000000000, 0.000000000000000000, 0.000000000000000000 ) ) ;
#2810 = CARTESIAN_POINT ( 'NONE',  ( -23.80206706340053913, 2.764263940515070406, 80.00000000000000000 ) ) ;
#2811 = ORIENTED_EDGE ( 'NONE', *, *, #4564, .F. ) ;
#2812 = VECTOR ( 'NONE', #1368, 1000.000000000000000 ) ;
#2813 = ORIENTED_EDGE ( 'NONE', *, *, #2184, .T. ) ;
#2814 = CARTESIAN_POINT ( 'NONE',  ( 25.70000000000049667, 2.667505054020683206E-13, 0.000000000000000000 ) ) ;
#2815 = EDGE_CURVE ( 'NONE', #5633, #4193, #115, .T. ) ;
#2816 = CARTESIAN_POINT ( 'NONE',  ( 24.13302076462027301, 14.92159925438610557, 80.00000000000000000 ) ) ;
#2817 = CIRCLE ( 'NONE', #6683, 0.4629171123669024168 ) ;
#2818 = LINE ( 'NONE', #4108, #1907 ) ;
#2819 = VERTEX_POINT ( 'NONE', #7322 ) ;
#2820 = EDGE_CURVE ( 'NONE', #6100, #4357, #7394, .T. ) ;
#2821 = CARTESIAN_POINT ( 'NONE',  ( -25.70000000000037943, 9.499999999999795719, 80.00000000000000000 ) ) ;
#2822 = VERTEX_POINT ( 'NONE', #77 ) ;
#2824 = ORIENTED_EDGE ( 'NONE', *, *, #5057, .F. ) ;
#2823 = ORIENTED_EDGE ( 'NONE', *, *, #3508, .T. ) ;
#2825 = AXIS2_PLACEMENT_3D ( 'NONE', #2269, #996, #3988 ) ;
#2826 = VECTOR ( 'NONE', #619, 1000.000000000000000 ) ;
#2827 = PERSON_AND_ORGANIZATION ( #2152, #3857 ) ;
#2828 = VECTOR ( 'NONE', #3563, 1000.000000000000000 ) ;
#2829 = CARTESIAN_POINT ( 'NONE',  ( 25.00000000000018474, 16.29999999999979821, 0.000000000000000000 ) ) ;
#2830 = EDGE_CURVE ( 'NONE', #5019, #4849, #1975, .T. ) ;
#2831 = CARTESIAN_POINT ( 'NONE',  ( 15.00000000000060574, 17.69999999999976126, 80.00000000000000000 ) ) ;
#2832 = FACE_OUTER_BOUND ( 'NONE', #788, .T. ) ;
#2833 = CARTESIAN_POINT ( 'NONE',  ( -3.900000000003086331, 17.69999999999978613, 80.00000000000000000 ) ) ;
#2834 = ORIENTED_EDGE ( 'NONE', *, *, #6251, .T. ) ;
#2835 = AXIS2_PLACEMENT_3D ( 'NONE', #3321, #6980, #6867 ) ;
#2836 = CARTESIAN_POINT ( 'NONE',  ( 0.7500000000000000000, 0.2899999999999998690, 0.5900000000000000799 ) ) ;
#2837 = CARTESIAN_POINT ( 'NONE',  ( -15.90000000000092761, -1.523426087322145531E-13, 80.00000000000000000 ) ) ;
#2838 = PLANE ( 'NONE',  #6438 ) ;
#2839 = CARTESIAN_POINT ( 'NONE',  ( -24.02197802197775189, -6.570329670329666527, -1.500000000000000000 ) ) ;
#2840 = EDGE_CURVE ( 'NONE', #5897, #1507, #7201, .T. ) ;
#2841 = AXIS2_PLACEMENT_3D ( 'NONE', #5910, #2912, #578 ) ;
#2842 = ORIENTED_EDGE ( 'NONE', *, *, #3977, .F. ) ;
#2843 = ORIENTED_EDGE ( 'NONE', *, *, #6734, .F. ) ;
#2844 = AXIS2_PLACEMENT_3D ( 'NONE', #4373, #250, #2616 ) ;
#2845 = DATE_TIME_ROLE ( 'classification_date' ) ;
#2846 = DIRECTION ( 'NONE',  ( 1.000000000000000000, 1.069075436258897643E-14, 0.000000000000000000 ) ) ;
#2847 = DIRECTION ( 'NONE',  ( 1.000000000000000000, 1.084202172485628758E-14, 0.000000000000000000 ) ) ;
#2848 = CC_DESIGN_APPROVAL ( #6699, ( #1979 ) ) ;
#2849 = CARTESIAN_POINT ( 'NONE',  ( 11.00000000000148326, 18.46341459489377712, 80.00000000000000000 ) ) ;
#2850 = DIRECTION ( 'NONE',  ( 1.000000000000000000, 1.047674664616666168E-14, 0.000000000000000000 ) ) ;
#2851 = EDGE_LOOP ( 'NONE', ( #1033, #1290, #3923, #3445 ) ) ;
#2852 = EDGE_CURVE ( 'NONE', #4216, #318, #193, .T. ) ;
#2853 = ORIENTED_EDGE ( 'NONE', *, *, #4743, .F. ) ;
#2854 = DIRECTION ( 'NONE',  ( -9.089286411741724101E-15, 1.000000000000000000, 0.000000000000000000 ) ) ;
#2855 = FACE_OUTER_BOUND ( 'NONE', #6805, .T. ) ;
#2856 = CARTESIAN_POINT ( 'NONE',  ( 27.50000000000030198, 2.862293735361757959E-13, 80.00000000000000000 ) ) ;
#2857 = ORIENTED_EDGE ( 'NONE', *, *, #7588, .T. ) ;
#2858 = CARTESIAN_POINT ( 'NONE',  ( -27.19999999999958007, 11.99999999999969447, 0.000000000000000000 ) ) ;
#2859 = EDGE_LOOP ( 'NONE', ( #2304, #605, #3913, #1217 ) ) ;
#2860 = ADVANCED_FACE ( 'NONE', ( #6106 ), #6739, .F. ) ;
#2862 = VERTEX_POINT ( 'NONE', #4200 ) ;
#2861 = EDGE_LOOP ( 'NONE', ( #1381, #7422, #6016, #6071 ) ) ;
#2863 = PERSON_AND_ORGANIZATION ( #2152, #3857 ) ;
#2864 = EDGE_CURVE ( 'NONE', #1430, #4661, #7017, .T. ) ;
#2865 = CARTESIAN_POINT ( 'NONE',  ( 0.000000000000000000, 0.2899999999999999800, -1.449999999999999956 ) ) ;
#2866 = PLANE ( 'NONE',  #4576 ) ;
#2867 = DIRECTION ( 'NONE',  ( -0.000000000000000000, -0.000000000000000000, -1.000000000000000000 ) ) ;
#2868 = DIRECTION ( 'NONE',  ( -0.000000000000000000, -0.000000000000000000, -1.000000000000000000 ) ) ;
#2869 = ORIENTED_EDGE ( 'NONE', *, *, #5013, .T. ) ;
#2870 = CARTESIAN_POINT ( 'NONE',  ( -24.99999999999991118, -2.618611004132341055E-13, 80.00000000000000000 ) ) ;
#2871 = ADVANCED_FACE ( 'NONE', ( #2476 ), #3728, .T. ) ;
#2872 = VECTOR ( 'NONE', #3481, 1000.000000000000000 ) ;
#2873 = DIRECTION ( 'NONE',  ( 1.000000000000000000, 0.000000000000000000, 0.000000000000000000 ) ) ;
#2874 = CARTESIAN_POINT ( 'NONE',  ( -5.900000000002009415, -6.359585317360751968E-14, 80.00000000000000000 ) ) ;
#2875 = LINE ( 'NONE', #6578, #3200 ) ;
#2876 = CIRCLE ( 'NONE', #2635, 0.5666666666667776742 ) ;
#2877 = ADVANCED_FACE ( 'NONE', ( #688 ), #7162, .F. ) ;
#2878 = AXIS2_PLACEMENT_3D ( 'NONE', #835, #3212, #7382 ) ;
#2879 = VERTEX_POINT ( 'NONE', #6147 ) ;
#2881 = ORIENTED_EDGE ( 'NONE', *, *, #2763, .T. ) ;
#2880 = EDGE_CURVE ( 'NONE', #2053, #2094, #3190, .T. ) ;
#2882 = CONTEXT_DEPENDENT_SHAPE_REPRESENTATION ( #6046, #430 ) ;
#2883 = LINE ( 'NONE', #6547, #3501 ) ;
#2884 = FACE_OUTER_BOUND ( 'NONE', #7056, .T. ) ;
#2885 = PLANE ( 'NONE',  #7551 ) ;
#2886 = CARTESIAN_POINT ( 'NONE',  ( -1.466744530463636726E-14, 1.400000000000290123, 0.000000000000000000 ) ) ;
#2887 = CARTESIAN_POINT ( 'NONE',  ( 5.900000000002487255, 18.42421244450349960, 80.00000000000000000 ) ) ;
#2888 = MANIFOLD_SOLID_BREP ( '输入1', #5021 ) ;
#2889 = ORIENTED_EDGE ( 'NONE', *, *, #32, .F. ) ;
#2890 = CARTESIAN_POINT ( 'NONE',  ( 24.13302076462043999, 2.755775805123400705E-13, 80.00000000000000000 ) ) ;
#2891 = VECTOR ( 'NONE', #3206, 1000.000000000000000 ) ;
#2892 = PERSON ( 'NAUO-PER5', 'UNSPECIFIED', 'UNSPECIFIED', ('UNSPECIFIED'), ('UNSPECIFIED'), ('UNSPECIFIED') ) ;
#2893 = CARTESIAN_POINT ( 'NONE',  ( 25.57802197802169886, 6.829670329669523809, -1.000000000000006661 ) ) ;
#2894 = CARTESIAN_POINT ( 'NONE',  ( -1.268516541808189125E-13, 11.70000000000003304, 80.00000000000000000 ) ) ;
#2895 = EDGE_CURVE ( 'NONE', #5434, #1299, #1313, .T. ) ;
#2896 = VERTEX_POINT ( 'NONE', #6575 ) ;
#2897 = VECTOR ( 'NONE', #7235, 1000.000000000000000 ) ;
#2898 = AXIS2_PLACEMENT_3D ( 'NONE', #6262, #1967, #7355 ) ;
#2899 = DIRECTION ( 'NONE',  ( -1.141910841581592571E-14, 1.000000000000000000, 0.000000000000000000 ) ) ;
#2900 = VERTEX_POINT ( 'NONE', #3144 ) ;
#2902 = ORIENTED_EDGE ( 'NONE', *, *, #3532, .F. ) ;
#2901 = ORIENTED_EDGE ( 'NONE', *, *, #2146, .F. ) ;
#2903 = CALENDAR_DATE ( 2020, 16, 10 ) ;
#2904 = AXIS2_PLACEMENT_3D ( 'NONE', #1155, #6971, #496 ) ;
#2905 = FACE_OUTER_BOUND ( 'NONE', #4925, .T. ) ;
#2906 = DIRECTION ( 'NONE',  ( -0.000000000000000000, 0.000000000000000000, 1.000000000000000000 ) ) ;
#2907 = PLANE ( 'NONE',  #83 ) ;
#2908 = CC_DESIGN_APPROVAL ( #4316, ( #5276 ) ) ;
#2909 = DIRECTION ( 'NONE',  ( 1.000000000000000000, 0.000000000000000000, 0.000000000000000000 ) ) ;
#2910 = EDGE_CURVE ( 'NONE', #750, #6341, #6065, .T. ) ;
#2911 = VERTEX_POINT ( 'NONE', #7274 ) ;
#2912 = DIRECTION ( 'NONE',  ( -1.047674664616666168E-14, 1.000000000000000000, 0.000000000000000000 ) ) ;
#2913 = EDGE_CURVE ( 'NONE', #624, #1424, #1237, .T. ) ;
#2914 = ORGANIZATION ( 'NAUO-ORG10', 'UNSPECIFIED', 'UNSPECIFIED' ) ;
#2915 = DIRECTION ( 'NONE',  ( -0.000000000000000000, -0.000000000000000000, -1.000000000000000000 ) ) ;
#2916 = DIRECTION ( 'NONE',  ( -0.000000000000000000, -0.000000000000000000, -1.000000000000000000 ) ) ;
#2917 = CARTESIAN_POINT ( 'NONE',  ( -17.90000000000065583, 17.69999999999964047, 80.00000000000000000 ) ) ;
#2918 = EDGE_CURVE ( 'NONE', #4840, #3010, #731, .T. ) ;
#2919 = VERTEX_POINT ( 'NONE', #2511 ) ;
#2920 = VECTOR ( 'NONE', #5521, 1000.000000000000000 ) ;
#2921 = PERSON_AND_ORGANIZATION ( #2250, #2796 ) ;
#2922 = EDGE_CURVE ( 'NONE', #4300, #7219, #1932, .T. ) ;
#2923 = DIRECTION ( 'NONE',  ( -0.000000000000000000, 0.000000000000000000, 1.000000000000000000 ) ) ;
#2924 = CARTESIAN_POINT ( 'NONE',  ( -1.268516541808556671E-13, 11.70000000000027640, 80.00000000000000000 ) ) ;
#2925 = AXIS2_PLACEMENT_3D ( 'NONE', #2200, #4070, #6451 ) ;
#2926 = DIRECTION ( 'NONE',  ( -0.000000000000000000, 0.000000000000000000, 1.000000000000000000 ) ) ;
#2927 = DIRECTION ( 'NONE',  ( -9.581296146679602814E-15, 1.000000000000000000, 0.000000000000000000 ) ) ;
#2928 = CARTESIAN_POINT ( 'NONE',  ( 23.55258382925115512, 2.780329925644389188, 80.00000000000000000 ) ) ;
#2929 = MANIFOLD_SOLID_BREP ( '倒角1', #6383 ) ;
#2930 = ORIENTED_EDGE ( 'NONE', *, *, #2061, .T. ) ;
#2931 = AXIS2_PLACEMENT_3D ( 'NONE', #1921, #7312, #6098 ) ;
#2932 = CIRCLE ( 'NONE', #332, 0.4629171123666196985 ) ;
#2933 = DIRECTION ( 'NONE',  ( -9.581296146679602814E-15, 1.000000000000000000, 0.000000000000000000 ) ) ;
#2934 = DIRECTION ( 'NONE',  ( 0.000000000000000000, 1.869314090492250044E-16, -1.000000000000000000 ) ) ;
#2935 = LINE ( 'NONE', #6521, #3030 ) ;
#2936 = EDGE_CURVE ( 'NONE', #2202, #5560, #3853, .T. ) ;
#2937 = ORIENTED_EDGE ( 'NONE', *, *, #207, .T. ) ;
#2938 = CIRCLE ( 'NONE', #6808, 0.5666666666668089825 ) ;
#2939 = DIRECTION ( 'NONE',  ( -0.000000000000000000, 0.000000000000000000, 1.000000000000000000 ) ) ;
#2940 = ORIENTED_EDGE ( 'NONE', *, *, #6370, .F. ) ;
#2942 = ORIENTED_EDGE ( 'NONE', *, *, #598, .T. ) ;
#2941 = ORIENTED_EDGE ( 'NONE', *, *, #387, .T. ) ;
#2943 = ADVANCED_FACE ( 'NONE', ( #7365 ), #2678, .T. ) ;
#2944 = PERSON_AND_ORGANIZATION_ROLE ( 'classification_officer' ) ;
#2945 = CIRCLE ( 'NONE', #6677, 0.5666666666667291574 ) ;
#2946 = LINE ( 'NONE', #532, #3776 ) ;
#2947 = CARTESIAN_POINT ( 'NONE',  ( -26.93333333333272961, 13.49999999999967137, 0.000000000000000000 ) ) ;
#2948 = DIRECTION ( 'NONE',  ( -0.000000000000000000, 0.000000000000000000, 1.000000000000000000 ) ) ;
#2949 = DIRECTION ( 'NONE',  ( -1.000000000000000000, 0.000000000000000000, 0.000000000000000000 ) ) ;
#2950 = ORIENTED_EDGE ( 'NONE', *, *, #3537, .F. ) ;
#2951 = AXIS2_PLACEMENT_3D ( 'NONE', #2477, #4362, #4859 ) ;
#2952 = DIRECTION ( 'NONE',  ( -0.000000000000000000, -0.000000000000000000, -1.000000000000000000 ) ) ;
#2953 = CARTESIAN_POINT ( 'NONE',  ( 24.38302076462079526, 14.92159925438610912, 80.00000000000000000 ) ) ;
#2954 = VECTOR ( 'NONE', #446, 1000.000000000000000 ) ;
#2955 = FACE_OUTER_BOUND ( 'NONE', #6239, .T. ) ;
#2956 = CARTESIAN_POINT ( 'NONE',  ( -1.674796664988666309E-13, 17.69999999999962625, 0.000000000000000000 ) ) ;
#2957 = ADVANCED_FACE ( 'NONE', ( #7406 ), #6233, .F. ) ;
#2958 = ORIENTED_EDGE ( 'NONE', *, *, #4688, .T. ) ;
#2959 = APPROVAL_DATE_TIME ( #5304, #990 ) ;
#2960 = AXIS2_PLACEMENT_3D ( 'NONE', #428, #2795, #5696 ) ;
#2961 = CARTESIAN_POINT ( 'NONE',  ( 19.00000000000016342, 17.69999999999980389, 0.000000000000000000 ) ) ;
#2962 = CARTESIAN_POINT ( 'NONE',  ( -27.50000000000001066, 14.49999999999966960, 80.00000000000000000 ) ) ;
#2963 = LINE ( 'NONE', #5349, #2564 ) ;
#2964 = CARTESIAN_POINT ( 'NONE',  ( 13.00000000000104095, 18.46341459489379844, 0.000000000000000000 ) ) ;
#2965 = DIRECTION ( 'NONE',  ( -0.000000000000000000, 0.000000000000000000, 1.000000000000000000 ) ) ;
#2966 = CIRCLE ( 'NONE', #1598, 0.4629171123666196985 ) ;
#2967 = EDGE_CURVE ( 'NONE', #261, #7532, #7524, .T. ) ;
#2968 = ORIENTED_EDGE ( 'NONE', *, *, #2840, .T. ) ;
#2969 = CARTESIAN_POINT ( 'NONE',  ( -11.00000000000141576, 17.69999999999971152, 80.00000000000000000 ) ) ;
#2970 = APPROVAL_PERSON_ORGANIZATION ( #3852, #6940, #2132 ) ;
#2971 = CARTESIAN_POINT ( 'NONE',  ( 0.7500000000000000000, -0.5900000000000001910, 0.2900000000000002021 ) ) ;
#2972 = ORIENTED_EDGE ( 'NONE', *, *, #4414, .F. ) ;
#2973 = CYLINDRICAL_SURFACE ( 'NONE', #2064, 0.2499999999998059330 ) ;
#2974 = ORIENTED_EDGE ( 'NONE', *, *, #13, .T. ) ;
#2976 = VERTEX_POINT ( 'NONE', #5654 ) ;
#2975 = VERTEX_POINT ( 'NONE', #5028 ) ;
#2977 = EDGE_CURVE ( 'NONE', #4256, #6563, #4529, .T. ) ;
#2978 = CALENDAR_DATE ( 2020, 16, 10 ) ;
#2979 = DIRECTION ( 'NONE',  ( 0.000000000000000000, 0.000000000000000000, 1.000000000000000000 ) ) ;
#2980 = LINE ( 'NONE', #3492, #7455 ) ;
#2981 = CARTESIAN_POINT ( 'NONE',  ( 25.57802197802224597, -6.570329670329666527, -1.500000000000000000 ) ) ;
#2982 = CARTESIAN_POINT ( 'NONE',  ( 25.70000000000050377, 2.728897773692131771E-13, 80.00000000000000000 ) ) ;
#2983 = ORIENTED_EDGE ( 'NONE', *, *, #4876, .F. ) ;
#2984 = EDGE_LOOP ( 'NONE', ( #6225, #84, #5706, #1434 ) ) ;
#2985 = VECTOR ( 'NONE', #6987, 1000.000000000000000 ) ;
#2986 = CYLINDRICAL_SURFACE ( 'NONE', #5395, 0.4629171123670585697 ) ;
#2987 = CARTESIAN_POINT ( 'NONE',  ( 0.7500000000000000000, -0.5900000000000001910, -0.2900000000000001465 ) ) ;
#2988 = DIRECTION ( 'NONE',  ( 1.000000000000000000, 0.000000000000000000, 0.000000000000000000 ) ) ;
#2989 = ORIENTED_EDGE ( 'NONE', *, *, #1807, .T. ) ;
#2990 = EDGE_CURVE ( 'NONE', #2003, #7294, #2019, .T. ) ;
#2991 = AXIS2_PLACEMENT_3D ( 'NONE', #2893, #4653, #2160 ) ;
#2992 = VERTEX_POINT ( 'NONE', #3233 ) ;
#2993 = DIRECTION ( 'NONE',  ( 1.000000000000000000, 0.000000000000000000, 0.000000000000000000 ) ) ;
#2994 = DIRECTION ( 'NONE',  ( -1.000000000000000000, 0.000000000000000000, 0.000000000000000000 ) ) ;
#2995 = EDGE_CURVE ( 'NONE', #3259, #2919, #2752, .T. ) ;
#2996 = CONICAL_SURFACE ( 'NONE', #6490, 1.500000000000001332, 0.7853981633974491672 ) ;
#2997 = DIRECTION ( 'NONE',  ( -0.000000000000000000, -0.000000000000000000, -1.000000000000000000 ) ) ;
#2998 = DIRECTION ( 'NONE',  ( -1.000000000000000000, 0.000000000000000000, 0.000000000000000000 ) ) ;
#2999 = EDGE_CURVE ( 'NONE', #3256, #6938, #7448, .T. ) ;
#3000 = DIRECTION ( 'NONE',  ( -0.000000000000000000, -0.000000000000000000, -1.000000000000000000 ) ) ;
#3001 = EDGE_LOOP ( 'NONE', ( #5181, #2730, #130, #650 ) ) ;
#3002 = ORIENTED_EDGE ( 'NONE', *, *, #539, .F. ) ;
#3003 = CARTESIAN_POINT ( 'NONE',  ( -21.00000000000009948, 18.29999999999954241, 80.00000000000000000 ) ) ;
#3004 = CARTESIAN_POINT ( 'NONE',  ( 7.836629005481913527E-33, 1.449999999999999956, 0.2900000000000001465 ) ) ;
#3005 = EDGE_CURVE ( 'NONE', #2976, #4193, #6818, .T. ) ;
#3006 = ORIENTED_EDGE ( 'NONE', *, *, #6473, .T. ) ;
#3007 = DIRECTION ( 'NONE',  ( -0.000000000000000000, -0.000000000000000000, -1.000000000000000000 ) ) ;
#3008 = VERTEX_POINT ( 'NONE', #1548 ) ;
#3010 = VERTEX_POINT ( 'NONE', #3927 ) ;
#3009 = ORIENTED_EDGE ( 'NONE', *, *, #1775, .F. ) ;
#3011 = AXIS2_PLACEMENT_3D ( 'NONE', #4173, #7103, #6552 ) ;
#3012 = DATE_AND_TIME ( #6566, #6640 ) ;
#3013 = DIRECTION ( 'NONE',  ( -1.000000000000000000, 0.000000000000000000, 0.000000000000000000 ) ) ;
#3014 = CARTESIAN_POINT ( 'NONE',  ( 25.57802197802224597, -6.570329670329666527, -1.500000000000000000 ) ) ;
#3015 = CARTESIAN_POINT ( 'NONE',  ( -23.55258382925076788, 2.780329925643896249, 0.000000000000000000 ) ) ;
#3016 = VECTOR ( 'NONE', #1843, 1000.000000000000000 ) ;
#3017 = FACE_OUTER_BOUND ( 'NONE', #6795, .T. ) ;
#3018 = EDGE_CURVE ( 'NONE', #4222, #1647, #3380, .T. ) ;
#3019 = ORIENTED_EDGE ( 'NONE', *, *, #3271, .F. ) ;
#3020 = ORIENTED_EDGE ( 'NONE', *, *, #1020, .F. ) ;
#3021 = CC_DESIGN_DATE_AND_TIME_ASSIGNMENT ( #1583, #7485, ( #7475 ) ) ;
#3022 = VECTOR ( 'NONE', #5451, 1000.000000000000000 ) ;
#3023 = PERSON_AND_ORGANIZATION_ROLE ( 'design_owner' ) ;
#3024 = LOCAL_TIME ( 15, 21, 11.00000000000000000, #1524 ) ;
#3025 = CARTESIAN_POINT ( 'NONE',  ( -1.674796664989339302E-13, 17.69999999999961915, 80.00000000000000000 ) ) ;
#3026 = CARTESIAN_POINT ( 'NONE',  ( 27.50000000000013145, 16.29999999999982663, 80.00000000000000000 ) ) ;
#3027 = FACE_BOUND ( 'NONE', #863, .T. ) ;
#3028 = VERTEX_POINT ( 'NONE', #2640 ) ;
#3029 = ADVANCED_FACE ( 'NONE', ( #936 ), #3312, .F. ) ;
#3030 = VECTOR ( 'NONE', #3706, 1000.000000000000000 ) ;
#3031 = VERTEX_POINT ( 'NONE', #350 ) ;
#3032 = CALENDAR_DATE ( 2020, 16, 10 ) ;
#3033 = EDGE_CURVE ( 'NONE', #235, #4810, #3407, .T. ) ;
#3034 = CARTESIAN_POINT ( 'NONE',  ( 7.900000000002222578, 7.569223955877856364E-14, 0.000000000000000000 ) ) ;
#3035 = CARTESIAN_POINT ( 'NONE',  ( -22.92226674140375309, 1.400000000000050093, 80.00000000000000000 ) ) ;
#3036 = CARTESIAN_POINT ( 'NONE',  ( -1.674796664980213759E-13, 17.69999999999960849, 80.00000000000000000 ) ) ;
#3037 = CARTESIAN_POINT ( 'NONE',  ( -11.90000000000136993, -1.140174241455003954E-13, 80.00000000000000000 ) ) ;
#3038 = CARTESIAN_POINT ( 'NONE',  ( 0.000000000000000000, -1.449999999999999956, 0.000000000000000000 ) ) ;
#3039 = VECTOR ( 'NONE', #227, 1000.000000000000000 ) ;
#3040 = ORIENTED_EDGE ( 'NONE', *, *, #2999, .T. ) ;
#3041 = VERTEX_POINT ( 'NONE', #5108 ) ;
#3042 = ADVANCED_FACE ( 'NONE', ( #2133 ), #4516, .T. ) ;
#3043 = DIRECTION ( 'NONE',  ( 0.000000000000000000, 0.000000000000000000, -1.000000000000000000 ) ) ;
#3044 = ADVANCED_FACE ( 'NONE', ( #5146 ), #7519, .T. ) ;
#3045 = CARTESIAN_POINT ( 'NONE',  ( -3.455527394077856983E-14, 3.030329925644093425, 80.00000000000000000 ) ) ;
#3046 = VERTEX_POINT ( 'NONE', #3966 ) ;
#3047 = CARTESIAN_POINT ( 'NONE',  ( 27.50000000000025580, 4.500000000000236255, 0.000000000000000000 ) ) ;
#3048 = ORIENTED_EDGE ( 'NONE', *, *, #4152, .F. ) ;
#3049 = ORIENTED_EDGE ( 'NONE', *, *, #1579, .T. ) ;
#3050 = CIRCLE ( 'NONE', #4170, 0.5666666666667776742 ) ;
#3051 = APPROVAL_STATUS ( 'not_yet_approved' ) ;
#3052 = LINE ( 'NONE', #6010, #2204 ) ;
#3053 = CARTESIAN_POINT ( 'NONE',  ( 24.48302076461957100, 3.909141912406911779, 0.000000000000000000 ) ) ;
#3054 = CARTESIAN_POINT ( 'NONE',  ( 22.92226674140373888, 2.304596517118111597E-13, 80.00000000000000000 ) ) ;
#3055 = CIRCLE ( 'NONE', #3189, 1.500000000000001332 ) ;
#3056 = DIRECTION ( 'NONE',  ( 1.136160801469538294E-14, -1.000000000000000000, 0.000000000000000000 ) ) ;
#3057 = VERTEX_POINT ( 'NONE', #1006 ) ;
#3058 = VERTEX_POINT ( 'NONE', #238 ) ;
#3059 = CIRCLE ( 'NONE', #5075, 1.000000000000042633 ) ;
#3060 = EDGE_CURVE ( 'NONE', #1018, #6675, #2604, .T. ) ;
#3061 = DATE_TIME_ROLE ( 'creation_date' ) ;
#3062 = DIRECTION ( 'NONE',  ( -0.000000000000000000, 0.000000000000000000, 1.000000000000000000 ) ) ;
#3063 = LINE ( 'NONE', #2605, #5935 ) ;
#3064 = CARTESIAN_POINT ( 'NONE',  ( 0.000000000000000000, 1.449999999999999956, 0.000000000000000000 ) ) ;
#3065 = EDGE_LOOP ( 'NONE', ( #4252, #2773, #386, #4801 ) ) ;
#3066 = CONICAL_SURFACE ( 'NONE', #5812, 2.199999999106694304, 0.7853981624999207822 ) ;
#3068 = EDGE_CURVE ( 'NONE', #3164, #5096, #7042, .T. ) ;
#3067 = ORIENTED_EDGE ( 'NONE', *, *, #2742, .T. ) ;
#3069 = AXIS2_PLACEMENT_3D ( 'NONE', #5565, #7350, #7031 ) ;
#3070 = AXIS2_PLACEMENT_3D ( 'NONE', #5186, #6905, #3355 ) ;
#3071 = EDGE_CURVE ( 'NONE', #318, #1903, #1048, .T. ) ;
#3072 = VECTOR ( 'NONE', #572, 1000.000000000000000 ) ;
#3073 = CARTESIAN_POINT ( 'NONE',  ( 27.20000000000026574, 6.000000000000306422, 0.000000000000000000 ) ) ;
#3074 = DIRECTION ( 'NONE',  ( -0.000000000000000000, 0.000000000000000000, 1.000000000000000000 ) ) ;
#3075 = CARTESIAN_POINT ( 'NONE',  ( 24.79999999999990479, 2.700000000000517986, 80.00000000000000000 ) ) ;
#3076 = LINE ( 'NONE', #4870, #2156 ) ;
#3077 = AXIS2_PLACEMENT_3D ( 'NONE', #6111, #5626, #780 ) ;
#3078 = CARTESIAN_POINT ( 'NONE',  ( 9.900000000002224354, 9.485483185213485995E-14, 80.00000000000000000 ) ) ;
#3079 = DIRECTION ( 'NONE',  ( -0.000000000000000000, 0.000000000000000000, 1.000000000000000000 ) ) ;
#3080 = LINE ( 'NONE', #5506, #4403 ) ;
#3081 = ORIENTED_EDGE ( 'NONE', *, *, #4956, .T. ) ;
#3082 = ORIENTED_EDGE ( 'NONE', *, *, #362, .F. ) ;
#3083 = VECTOR ( 'NONE', #6218, 1000.000000000000000 ) ;
#3084 = DIRECTION ( 'NONE',  ( 0.000000000000000000, 0.000000000000000000, 1.000000000000000000 ) ) ;
#3085 = DIRECTION ( 'NONE',  ( 1.000000000000000000, 0.000000000000000000, 0.000000000000000000 ) ) ;
#3086 = ORIENTED_EDGE ( 'NONE', *, *, #2620, .T. ) ;
#3087 = VECTOR ( 'NONE', #6626, 1000.000000000000000 ) ;
#3088 = VERTEX_POINT ( 'NONE', #3998 ) ;
#3089 = EDGE_CURVE ( 'NONE', #5996, #877, #2354, .T. ) ;
#3090 = DIRECTION ( 'NONE',  ( 1.000000000000000000, 0.000000000000000000, 0.000000000000000000 ) ) ;
#3091 = DIRECTION ( 'NONE',  ( -9.462128050791262338E-15, 1.000000000000000000, 0.000000000000000000 ) ) ;
#3092 = ORIENTED_EDGE ( 'NONE', *, *, #5169, .T. ) ;
#3093 = ORIENTED_EDGE ( 'NONE', *, *, #4977, .T. ) ;
#3094 =( GEOMETRIC_REPRESENTATION_CONTEXT ( 3 ) GLOBAL_UNCERTAINTY_ASSIGNED_CONTEXT ( ( #4477 ) ) GLOBAL_UNIT_ASSIGNED_CONTEXT ( ( #2111, #910, #1522 ) ) REPRESENTATION_CONTEXT ( 'NONE', 'WORKASPACE' ) );
#3095 = CARTESIAN_POINT ( 'NONE',  ( 28.27802197802195394, -6.770329670329866545, 0.000000000000000000 ) ) ;
#3096 = DIRECTION ( 'NONE',  ( 1.000000000000000000, 0.000000000000000000, 0.000000000000000000 ) ) ;
#3097 = CARTESIAN_POINT ( 'NONE',  ( -26.93333333333267632, 8.499999999999667821, 80.00000000000000000 ) ) ;
#3098 = CARTESIAN_POINT ( 'NONE',  ( -27.49999999999950262, 13.49999999999967137, 80.00000000000000000 ) ) ;
#3099 = ORIENTED_EDGE ( 'NONE', *, *, #4591, .T. ) ;
#3100 = VERTEX_POINT ( 'NONE', #4737 ) ;
#3101 = EDGE_CURVE ( 'NONE', #940, #33, #2209, .T. ) ;
#3102 = COORDINATED_UNIVERSAL_TIME_OFFSET ( 8, 0, .AHEAD. ) ;
#3103 = CARTESIAN_POINT ( 'NONE',  ( -24.48302076461965626, 4.236057109949086019, 0.000000000000000000 ) ) ;
#3104 = FACE_OUTER_BOUND ( 'NONE', #3263, .T. ) ;
#3105 = LINE ( 'NONE', #2559, #3327 ) ;
#3106 = AXIS2_PLACEMENT_3D ( 'NONE', #1565, #6328, #5816 ) ;
#3107 = ORIENTED_EDGE ( 'NONE', *, *, #3963, .F. ) ;
#3108 = EDGE_CURVE ( 'NONE', #6258, #6471, #5402, .T. ) ;
#3109 = ORIENTED_EDGE ( 'NONE', *, *, #782, .F. ) ;
#3110 = CARTESIAN_POINT ( 'NONE',  ( -26.93333333333268698, 9.499999999999667821, 80.00000000000000000 ) ) ;
#3111 = DIRECTION ( 'NONE',  ( -1.136160801469574582E-14, 1.000000000000000000, 0.000000000000000000 ) ) ;
#3112 = APPLICATION_CONTEXT ( 'configuration controlled 3d designs of mechanical parts and assemblies' ) ;
#3113 = DIRECTION ( 'NONE',  ( 1.000000000000000000, 0.000000000000000000, 0.000000000000000000 ) ) ;
#3114 = LINE ( 'NONE', #5501, #790 ) ;
#3115 = EDGE_CURVE ( 'NONE', #1647, #2911, #5777, .T. ) ;
#3116 = CC_DESIGN_DATE_AND_TIME_ASSIGNMENT ( #5450, #7200, ( #1235 ) ) ;
#3117 = CARTESIAN_POINT ( 'NONE',  ( 13.90000000000116387, 18.42421244450424211, 80.00000000000000000 ) ) ;
#3118 = CARTESIAN_POINT ( 'NONE',  ( 15.00000000000080824, 1.704241202200867503E-13, 80.00000000000000000 ) ) ;
#3119 = DIRECTION ( 'NONE',  ( -0.000000000000000000, -0.000000000000000000, -1.000000000000000000 ) ) ;
#3120 = ORIENTED_EDGE ( 'NONE', *, *, #4346, .T. ) ;
#3121 = VERTEX_POINT ( 'NONE', #4037 ) ;
#3122 = ORIENTED_EDGE ( 'NONE', *, *, #2217, .F. ) ;
#3123 = CARTESIAN_POINT ( 'NONE',  ( -9.000000000001865175, 18.46341459489515202, 80.00000000000000000 ) ) ;
#3124 = CIRCLE ( 'NONE', #1748, 0.5666666666667395935 ) ;
#3125 = CARTESIAN_POINT ( 'NONE',  ( -26.93333333333271895, 12.49999999999967493, 80.00000000000000000 ) ) ;
#3126 = ORIENTED_EDGE ( 'NONE', *, *, #1621, .F. ) ;
#3127 = DIRECTION ( 'NONE',  ( 1.000000000000000000, 1.069075436258702637E-14, 0.000000000000000000 ) ) ;
#3128 = DIRECTION ( 'NONE',  ( -0.000000000000000000, -1.000000000000000000, 0.000000000000000000 ) ) ;
#3129 = VERTEX_POINT ( 'NONE', #5867 ) ;
#3130 = EDGE_LOOP ( 'NONE', ( #6449, #1545, #2561, #6785 ) ) ;
#3131 = VECTOR ( 'NONE', #951, 1000.000000000000000 ) ;
#3132 = VECTOR ( 'NONE', #3788, 1000.000000000000000 ) ;
#3133 = VERTEX_POINT ( 'NONE', #3454 ) ;
#3134 = CALENDAR_DATE ( 2020, 16, 10 ) ;
#3135 = CARTESIAN_POINT ( 'NONE',  ( 24.07802197802169530, 6.829670329669523809, -1.500000000000000000 ) ) ;
#3136 = ADVANCED_FACE ( 'NONE', ( #6529 ), #5836, .F. ) ;
#3137 = CARTESIAN_POINT ( 'NONE',  ( -5.000000000001875833, -5.680804007351526597E-14, 0.000000000000000000 ) ) ;
#3138 = CARTESIAN_POINT ( 'NONE',  ( 25.70000000000035101, 14.31394289005065978, 80.00000000000000000 ) ) ;
#3139 = CYLINDRICAL_SURFACE ( 'NONE', #2767, 0.2999999999999999334 ) ;
#3140 = VERTEX_POINT ( 'NONE', #1617 ) ;
#3141 = DIRECTION ( 'NONE',  ( -1.000000000000000000, 0.000000000000000000, 0.000000000000000000 ) ) ;
#3142 = EDGE_LOOP ( 'NONE', ( #2889, #4158, #2242, #4538 ) ) ;
#3143 = PERSON_AND_ORGANIZATION ( #2152, #3857 ) ;
#3144 = CARTESIAN_POINT ( 'NONE',  ( 5.900000000002495248, 17.69999999999966889, 0.000000000000000000 ) ) ;
#3145 = EDGE_CURVE ( 'NONE', #1523, #5436, #2946, .T. ) ;
#3146 = DIRECTION ( 'NONE',  ( 0.000000000000000000, 0.000000000000000000, 1.000000000000000000 ) ) ;
#3147 = DIRECTION ( 'NONE',  ( -0.000000000000000000, -0.000000000000000000, -1.000000000000000000 ) ) ;
#3148 = CIRCLE ( 'NONE', #6506, 0.5666666666666909657 ) ;
#3149 = ORIENTED_EDGE ( 'NONE', *, *, #4007, .F. ) ;
#3150 = EDGE_CURVE ( 'NONE', #5409, #6872, #6416, .T. ) ;
#3151 = AXIS2_PLACEMENT_3D ( 'NONE', #7690, #1786, #2994 ) ;
#3152 =( NAMED_UNIT ( * ) PLANE_ANGLE_UNIT ( ) SI_UNIT ( $, .RADIAN. ) );
#3153 = ORGANIZATION ( 'NAUO-ORG5', 'UNSPECIFIED', 'UNSPECIFIED' ) ;
#3154 = ORIENTED_EDGE ( 'NONE', *, *, #1061, .F. ) ;
#3155 = EDGE_CURVE ( 'NONE', #1576, #2739, #4116, .T. ) ;
#3156 = DIRECTION ( 'NONE',  ( 1.000000000000000000, 0.000000000000000000, 0.000000000000000000 ) ) ;
#3157 = AXIS2_PLACEMENT_3D ( 'NONE', #2829, #1693, #5177 ) ;
#3158 = DIRECTION ( 'NONE',  ( 9.581296146678135533E-15, -1.000000000000000000, 0.000000000000000000 ) ) ;
#3159 = DIRECTION ( 'NONE',  ( -0.000000000000000000, 0.000000000000000000, 1.000000000000000000 ) ) ;
#3160 = VECTOR ( 'NONE', #3957, 1000.000000000000000 ) ;
#3161 = CARTESIAN_POINT ( 'NONE',  ( 27.50000000000028777, 2.650271977187435412E-13, 0.000000000000000000 ) ) ;
#3162 = LINE ( 'NONE', #2691, #6465 ) ;
#3163 = DIRECTION ( 'NONE',  ( 1.000000000000000000, 0.000000000000000000, 0.000000000000000000 ) ) ;
#3164 = VERTEX_POINT ( 'NONE', #6493 ) ;
#3165 = ORIENTED_EDGE ( 'NONE', *, *, #356, .F. ) ;
#3166 = VERTEX_POINT ( 'NONE', #1081 ) ;
#3167 = ADVANCED_FACE ( 'NONE', ( #2905 ), #5288, .T. ) ;
#3168 = CYLINDRICAL_SURFACE ( 'NONE', #153, 1.250000000000000000 ) ;
#3169 = DIRECTION ( 'NONE',  ( -1.000000000000000000, 0.000000000000000000, 0.000000000000000000 ) ) ;
#3170 = VERTEX_POINT ( 'NONE', #2790 ) ;
#3171 = DIRECTION ( 'NONE',  ( 1.000000000000000000, 0.000000000000000000, 0.000000000000000000 ) ) ;
#3172 = CARTESIAN_POINT ( 'NONE',  ( -26.93333333333265855, 6.499999999999669598, 0.000000000000000000 ) ) ;
#3173 = EDGE_LOOP ( 'NONE', ( #6088, #1546, #6925, #3373 ) ) ;
#3174 = ORIENTED_EDGE ( 'NONE', *, *, #2999, .F. ) ;
#3175 = ORIENTED_EDGE ( 'NONE', *, *, #1244, .T. ) ;
#3176 = APPROVAL_STATUS ( 'not_yet_approved' ) ;
#3177 = AXIS2_PLACEMENT_3D ( 'NONE', #6769, #5609, #3800 ) ;
#3178 = CYLINDRICAL_SURFACE ( 'NONE', #1336, 2.499999999999943157 ) ;
#3179 = CARTESIAN_POINT ( 'NONE',  ( 15.00000000000080824, 1.704241202200867503E-13, 80.00000000000000000 ) ) ;
#3180 = DIRECTION ( 'NONE',  ( 1.000000000000000000, 0.000000000000000000, 0.000000000000000000 ) ) ;
#3181 = DIRECTION ( 'NONE',  ( -0.000000000000000000, -0.000000000000000000, -1.000000000000000000 ) ) ;
#3182 = ORIENTED_EDGE ( 'NONE', *, *, #6816, .T. ) ;
#3183 = PLANE ( 'NONE',  #6912 ) ;
#3184 = CARTESIAN_POINT ( 'NONE',  ( 26.93333333333338331, 8.500000000000236255, 0.000000000000000000 ) ) ;
#3185 = VECTOR ( 'NONE', #7512, 1000.000000000000000 ) ;
#3187 = ORIENTED_EDGE ( 'NONE', *, *, #4750, .T. ) ;
#3186 = VERTEX_POINT ( 'NONE', #3527 ) ;
#3188 = CALENDAR_DATE ( 2020, 16, 10 ) ;
#3189 = AXIS2_PLACEMENT_3D ( 'NONE', #6380, #2948, #5330 ) ;
#3190 = LINE ( 'NONE', #1810, #2897 ) ;
#3191 = CARTESIAN_POINT ( 'NONE',  ( -27.49999999999944933, 7.499999999999670486, 80.00000000000000000 ) ) ;
#3192 = CARTESIAN_POINT ( 'NONE',  ( -26.50000000000009237, 11.69999999999998863, 0.000000000000000000 ) ) ;
#3193 = AXIS2_PLACEMENT_3D ( 'NONE', #6290, #7612, #2809 ) ;
#3194 = ORIENTED_EDGE ( 'NONE', *, *, #4129, .T. ) ;
#3195 = VECTOR ( 'NONE', #1281, 1000.000000000000000 ) ;
#3196 = EDGE_CURVE ( 'NONE', #6629, #3209, #4897, .T. ) ;
#3197 = ORIENTED_EDGE ( 'NONE', *, *, #2237, .T. ) ;
#3198 = FACE_OUTER_BOUND ( 'NONE', #6813, .T. ) ;
#3199 = DIRECTION ( 'NONE',  ( -1.000000000000000000, -9.581296146678135533E-15, 0.000000000000000000 ) ) ;
#3200 = VECTOR ( 'NONE', #3500, 999.9999999999998863 ) ;
#3201 = CARTESIAN_POINT ( 'NONE',  ( -1.674796664988665047E-13, 17.69999999999961204, 0.000000000000000000 ) ) ;
#3202 = EDGE_CURVE ( 'NONE', #6317, #969, #5328, .T. ) ;
#3203 = LINE ( 'NONE', #6246, #5689 ) ;
#3204 = CYLINDRICAL_SURFACE ( 'NONE', #1486, 0.5666666666667291574 ) ;
#3205 = VECTOR ( 'NONE', #2979, 1000.000000000000000 ) ;
#3206 = DIRECTION ( 'NONE',  ( -1.018012715584551900E-14, 1.000000000000000000, 0.000000000000000000 ) ) ;
#3207 = VECTOR ( 'NONE', #468, 1000.000000000000000 ) ;
#3208 = ORIENTED_EDGE ( 'NONE', *, *, #652, .F. ) ;
#3209 = VERTEX_POINT ( 'NONE', #1765 ) ;
#3210 = VECTOR ( 'NONE', #1550, 1000.000000000000000 ) ;
#3211 = EDGE_CURVE ( 'NONE', #7492, #1469, #1191, .T. ) ;
#3212 = DIRECTION ( 'NONE',  ( -9.462128050787417430E-15, 1.000000000000000000, 0.000000000000000000 ) ) ;
#3213 = VECTOR ( 'NONE', #4244, 1000.000000000000000 ) ;
#3214 = CARTESIAN_POINT ( 'NONE',  ( -26.93333333333340462, 14.49999999999989519, 80.00000000000000000 ) ) ;
#3215 = ORIENTED_EDGE ( 'NONE', *, *, #1690, .F. ) ;
#3216 = ADVANCED_FACE ( 'NONE', ( #1042 ), #421, .T. ) ;
#3217 = DIRECTION ( 'NONE',  ( 1.000000000000000000, 0.000000000000000000, 0.000000000000000000 ) ) ;
#3218 = DIRECTION ( 'NONE',  ( -0.000000000000000000, -0.000000000000000000, -1.000000000000000000 ) ) ;
#3219 = VERTEX_POINT ( 'NONE', #3095 ) ;
#3220 = EDGE_LOOP ( 'NONE', ( #73, #7325, #2824, #3268 ) ) ;
#3221 = VERTEX_POINT ( 'NONE', #4350 ) ;
#3222 = CARTESIAN_POINT ( 'NONE',  ( -15.00000000000053824, 18.46341459489667969, 80.00000000000000000 ) ) ;
#3223 = DIRECTION ( 'NONE',  ( -9.581296146679602814E-15, 1.000000000000000000, 0.000000000000000000 ) ) ;
#3224 = AXIS2_PLACEMENT_3D ( 'NONE', #1459, #3293, #3255 ) ;
#3225 = DIRECTION ( 'NONE',  ( -0.000000000000000000, -0.000000000000000000, -1.000000000000000000 ) ) ;
#3226 = VERTEX_POINT ( 'NONE', #5363 ) ;
#3227 = CARTESIAN_POINT ( 'NONE',  ( 4.515812910881320086, 1.530808498934191571E-16, 1.250000000000000000 ) ) ;
#3228 = DIRECTION ( 'NONE',  ( -0.000000000000000000, -0.000000000000000000, -1.000000000000000000 ) ) ;
#3229 = APPROVAL ( #4785, '未指定' ) ;
#3231 = EDGE_LOOP ( 'NONE', ( #686, #5104, #2168, #6903 ) ) ;
#3230 = VERTEX_POINT ( 'NONE', #2386 ) ;
#3232 = APPROVAL_ROLE ( '' ) ;
#3233 = CARTESIAN_POINT ( 'NONE',  ( -11.90000000000153868, 17.69999999999970086, 0.000000000000000000 ) ) ;
#3234 = DIRECTION ( 'NONE',  ( 0.000000000000000000, 0.000000000000000000, 1.000000000000000000 ) ) ;
#3235 = DIRECTION ( 'NONE',  ( -0.000000000000000000, -0.000000000000000000, -1.000000000000000000 ) ) ;
#3236 = ORIENTED_EDGE ( 'NONE', *, *, #4204, .T. ) ;
#3237 = APPROVAL_PERSON_ORGANIZATION ( #2207, #5661, #569 ) ;
#3238 = DIRECTION ( 'NONE',  ( -2.256090464651825130E-17, 1.203686147139177679E-16, -1.000000000000000000 ) ) ;
#3239 = ORIENTED_EDGE ( 'NONE', *, *, #3674, .T. ) ;
#3240 = LINE ( 'NONE', #740, #3460 ) ;
#3241 = DIRECTION ( 'NONE',  ( -0.000000000000000000, -0.000000000000000000, -1.000000000000000000 ) ) ;
#3242 = EDGE_CURVE ( 'NONE', #7445, #4811, #4886, .T. ) ;
#3243 = DIRECTION ( 'NONE',  ( -0.8660254037844380415, 0.000000000000000000, 0.5000000000000009992 ) ) ;
#3244 = DIRECTION ( 'NONE',  ( 1.000000000000000000, 0.000000000000000000, 0.000000000000000000 ) ) ;
#3245 = DIRECTION ( 'NONE',  ( 0.000000000000000000, -2.803971135738379997E-16, 1.000000000000000000 ) ) ;
#3246 = LINE ( 'NONE', #92, #4140 ) ;
#3247 = VERTEX_POINT ( 'NONE', #7192 ) ;
#3248 = ORIENTED_EDGE ( 'NONE', *, *, #6636, .T. ) ;
#3249 = ADVANCED_FACE ( 'NONE', ( #7153 ), #69, .T. ) ;
#3250 = DIRECTION ( 'NONE',  ( -0.000000000000000000, -0.000000000000000000, -1.000000000000000000 ) ) ;
#3251 = DIRECTION ( 'NONE',  ( -1.000000000000000000, -9.581296146678135533E-15, 0.000000000000000000 ) ) ;
#3252 = ADVANCED_FACE ( 'NONE', ( #2467 ), #1839, .T. ) ;
#3253 = AXIS2_PLACEMENT_3D ( 'NONE', #5752, #2195, #6957 ) ;
#3254 = CARTESIAN_POINT ( 'NONE',  ( -23.17226674140362874, 2.780329925644121847, 80.00000000000000000 ) ) ;
#3255 = DIRECTION ( 'NONE',  ( 1.000000000000000000, 0.000000000000000000, 0.000000000000000000 ) ) ;
#3256 = VERTEX_POINT ( 'NONE', #3635 ) ;
#3257 = ORIENTED_EDGE ( 'NONE', *, *, #5129, .F. ) ;
#3258 = PRODUCT ( 'YG-J03A-0000-000', 'YG-J03A-0000-000', '', ( #2434 ) ) ;
#3259 = VERTEX_POINT ( 'NONE', #4228 ) ;
#3260 = CARTESIAN_POINT ( 'NONE',  ( -24.80352208590858254, 16.09999999999919140, 0.000000000000000000 ) ) ;
#3261 = EDGE_CURVE ( 'NONE', #6563, #6846, #3718, .T. ) ;
#3262 = DIRECTION ( 'NONE',  ( -0.000000000000000000, 0.000000000000000000, 1.000000000000000000 ) ) ;
#3263 = EDGE_LOOP ( 'NONE', ( #7000, #4239, #3122, #5972 ) ) ;
#3264 = CARTESIAN_POINT ( 'NONE',  ( 0.7499999999999997780, -1.016987298107779436, 0.2899999999999997580 ) ) ;
#3265 = DIRECTION ( 'NONE',  ( 1.000000000000000000, 0.000000000000000000, 0.000000000000000000 ) ) ;
#3266 = CIRCLE ( 'NONE', #2143, 1.500000000000001332 ) ;
#3268 = ORIENTED_EDGE ( 'NONE', *, *, #2520, .T. ) ;
#3267 = EDGE_LOOP ( 'NONE', ( #6185, #2532, #1678, #4930 ) ) ;
#3269 = COORDINATED_UNIVERSAL_TIME_OFFSET ( 8, 0, .AHEAD. ) ;
#3270 = DIRECTION ( 'NONE',  ( 1.000000000000000000, 0.000000000000000000, 0.000000000000000000 ) ) ;
#3271 = EDGE_CURVE ( 'NONE', #3140, #45, #3052, .T. ) ;
#3272 = DIRECTION ( 'NONE',  ( -1.141910841581592571E-14, 1.000000000000000000, 0.000000000000000000 ) ) ;
#3273 = DIRECTION ( 'NONE',  ( -0.000000000000000000, -0.000000000000000000, -1.000000000000000000 ) ) ;
#3274 = ORIENTED_EDGE ( 'NONE', *, *, #6962, .F. ) ;
#3275 = DIRECTION ( 'NONE',  ( 7.718416323690650759E-17, 1.267237678136089198E-16, 1.000000000000000000 ) ) ;
#3276 =( REPRESENTATION_RELATIONSHIP ('NONE','NONE', #4738, #2602 ) REPRESENTATION_RELATIONSHIP_WITH_TRANSFORMATION ( #46 )SHAPE_REPRESENTATION_RELATIONSHIP( ) );
#3277 = ORIENTED_EDGE ( 'NONE', *, *, #2830, .F. ) ;
#3278 = AXIS2_PLACEMENT_3D ( 'NONE', #1826, #3582, #4648 ) ;
#3279 = CARTESIAN_POINT ( 'NONE',  ( 23.17226674140379572, 2.780329925644607680, 0.000000000000000000 ) ) ;
#3280 = CYLINDRICAL_SURFACE ( 'NONE', #1457, 2.499999999999835687 ) ;
#3281 = CC_DESIGN_PERSON_AND_ORGANIZATION_ASSIGNMENT ( #2731, #2223, ( #5659 ) ) ;
#3282 = EDGE_CURVE ( 'NONE', #2490, #5563, #107, .T. ) ;
#3283 = AXIS2_PLACEMENT_3D ( 'NONE', #4980, #2669, #268 ) ;
#3284 = FACE_OUTER_BOUND ( 'NONE', #2024, .T. ) ;
#3285 = EDGE_CURVE ( 'NONE', #6965, #635, #7266, .T. ) ;
#3286 = EDGE_LOOP ( 'NONE', ( #1597, #6083, #5651, #5173 ) ) ;
#3287 = VERTEX_POINT ( 'NONE', #28 ) ;
#3288 = AXIS2_PLACEMENT_3D ( 'NONE', #3764, #772, #4786 ) ;
#3289 = LOCAL_TIME ( 15, 21, 11.00000000000000000, #2148 ) ;
#3290 = CARTESIAN_POINT ( 'NONE',  ( 0.000000000000000000, 2.200000000000000178, 1.449999999999999956 ) ) ;
#3291 = DIRECTION ( 'NONE',  ( 1.022544721323234991E-14, -1.000000000000000000, 0.000000000000000000 ) ) ;
#3292 = DIRECTION ( 'NONE',  ( 0.000000000000000000, -0.000000000000000000, -1.000000000000000000 ) ) ;
#3293 = DIRECTION ( 'NONE',  ( -0.000000000000000000, 0.000000000000000000, 1.000000000000000000 ) ) ;
#3294 = ORIENTED_EDGE ( 'NONE', *, *, #2595, .F. ) ;
#3295 = ORGANIZATION ( 'NAUO-ORG11', 'UNSPECIFIED', 'UNSPECIFIED' ) ;
#3296 = EDGE_CURVE ( 'NONE', #3961, #919, #4266, .T. ) ;
#3297 = EDGE_LOOP ( 'NONE', ( #7623, #4985, #3690, #7396 ) ) ;
#3298 = VECTOR ( 'NONE', #5009, 1000.000000000000000 ) ;
#3299 = ORIENTED_EDGE ( 'NONE', *, *, #2570, .F. ) ;
#3300 = EDGE_CURVE ( 'NONE', #3164, #1371, #3691, .T. ) ;
#3301 = CARTESIAN_POINT ( 'NONE',  ( 19.44535204942002338, 18.33710622225202513, 80.00000000000000000 ) ) ;
#3302 = DIRECTION ( 'NONE',  ( 0.000000000000000000, 1.000000000000000000, -0.000000000000000000 ) ) ;
#3303 = ORIENTED_EDGE ( 'NONE', *, *, #6580, .F. ) ;
#3304 = DIRECTION ( 'NONE',  ( 1.000000000000000000, 0.000000000000000000, 0.000000000000000000 ) ) ;
#3305 = ORIENTED_EDGE ( 'NONE', *, *, #4446, .F. ) ;
#3306 = UNCERTAINTY_MEASURE_WITH_UNIT (LENGTH_MEASURE( 1.000000000000000082E-05 ), #4994, 'distance_accuracy_value', 'NONE');
#3307 = ADVANCED_FACE ( 'NONE', ( #5520 ), #1303, .T. ) ;
#3309 = ORIENTED_EDGE ( 'NONE', *, *, #3574, .T. ) ;
#3308 = ORIENTED_EDGE ( 'NONE', *, *, #5057, .T. ) ;
#3310 = VECTOR ( 'NONE', #6055, 1000.000000000000000 ) ;
#3311 = CALENDAR_DATE ( 2020, 16, 10 ) ;
#3312 = PLANE ( 'NONE',  #1416 ) ;
#3313 = DIRECTION ( 'NONE',  ( 1.136160801469538294E-14, -1.000000000000000000, 0.000000000000000000 ) ) ;
#3314 = PLANE ( 'NONE',  #6321 ) ;
#3315 = VERTEX_POINT ( 'NONE', #1265 ) ;
#3316 = CARTESIAN_POINT ( 'NONE',  ( -26.93333333333340462, 14.49999999999989519, 0.000000000000000000 ) ) ;
#3317 = EDGE_CURVE ( 'NONE', #5149, #4485, #1919, .T. ) ;
#3318 = CIRCLE ( 'NONE', #4176, 0.5666666666667812269 ) ;
#3319 = VERTEX_POINT ( 'NONE', #1877 ) ;
#3320 = CIRCLE ( 'NONE', #6543, 0.2499999999998059330 ) ;
#3321 = CARTESIAN_POINT ( 'NONE',  ( 17.44535204942025075, 18.33710622225122577, 0.000000000000000000 ) ) ;
#3322 = DIRECTION ( 'NONE',  ( -0.000000000000000000, -0.000000000000000000, -1.000000000000000000 ) ) ;
#3323 = VECTOR ( 'NONE', #5665, 1000.000000000000000 ) ;
#3324 = ADVANCED_FACE ( 'NONE', ( #722 ), #2503, .T. ) ;
#3326 = ORIENTED_EDGE ( 'NONE', *, *, #6254, .T. ) ;
#3325 = ADVANCED_FACE ( 'NONE', ( #1962 ), #6727, .F. ) ;
#3327 = VECTOR ( 'NONE', #4902, 1000.000000000000000 ) ;
#3328 = FACE_OUTER_BOUND ( 'NONE', #7676, .T. ) ;
#3329 = CYLINDRICAL_SURFACE ( 'NONE', #2359, 0.9999999999999003020 ) ;
#3330 = AXIS2_PLACEMENT_3D ( 'NONE', #5110, #3235, #5620 ) ;
#3331 = DIRECTION ( 'NONE',  ( -1.000000000000000000, 0.000000000000000000, 0.000000000000000000 ) ) ;
#3332 = LINE ( 'NONE', #2154, #7578 ) ;
#3333 = ORIENTED_EDGE ( 'NONE', *, *, #6461, .T. ) ;
#3334 = ORIENTED_EDGE ( 'NONE', *, *, #6939, .F. ) ;
#3335 = VECTOR ( 'NONE', #7309, 1000.000000000000000 ) ;
#3336 = DIRECTION ( 'NONE',  ( -1.000000000000000000, 0.000000000000000000, 0.000000000000000000 ) ) ;
#3337 = DIRECTION ( 'NONE',  ( 1.141910841581592571E-14, -1.000000000000000000, 0.000000000000000000 ) ) ;
#3338 = DIRECTION ( 'NONE',  ( 0.000000000000000000, 0.000000000000000000, 1.000000000000000000 ) ) ;
#3339 = ORIENTED_EDGE ( 'NONE', *, *, #4636, .F. ) ;
#3340 = CARTESIAN_POINT ( 'NONE',  ( -5.000000000001875833, -5.680804007351526597E-14, 80.00000000000000000 ) ) ;
#3341 = ORIENTED_EDGE ( 'NONE', *, *, #1677, .F. ) ;
#3343 = ORIENTED_EDGE ( 'NONE', *, *, #7094, .F. ) ;
#3342 = ORIENTED_EDGE ( 'NONE', *, *, #3361, .F. ) ;
#3344 = PERSON_AND_ORGANIZATION ( #2152, #3857 ) ;
#3345 = AXIS2_PLACEMENT_3D ( 'NONE', #7087, #1738, #6464 ) ;
#3346 = DIRECTION ( 'NONE',  ( -1.136160801467550522E-14, 1.000000000000000000, 0.000000000000000000 ) ) ;
#3347 = LINE ( 'NONE', #6345, #1584 ) ;
#3348 = DIRECTION ( 'NONE',  ( -0.000000000000000000, 0.000000000000000000, 1.000000000000000000 ) ) ;
#3349 = EDGE_CURVE ( 'NONE', #1581, #6966, #184, .T. ) ;
#3350 = EDGE_LOOP ( 'NONE', ( #6485, #4404, #6431, #4146 ) ) ;
#3351 = EDGE_CURVE ( 'NONE', #7232, #1295, #2442, .T. ) ;
#3352 = DIRECTION ( 'NONE',  ( 1.000000000000000000, 9.462128050783626165E-15, 0.000000000000000000 ) ) ;
#3353 = VECTOR ( 'NONE', #5082, 1000.000000000000000 ) ;
#3354 = ORIENTED_EDGE ( 'NONE', *, *, #6293, .T. ) ;
#3355 = DIRECTION ( 'NONE',  ( 0.000000000000000000, 0.000000000000000000, 1.000000000000000000 ) ) ;
#3356 = CARTESIAN_POINT ( 'NONE',  ( -15.90000000000109814, 17.69999999999966178, 80.00000000000000000 ) ) ;
#3357 = LOCAL_TIME ( 15, 21, 11.00000000000000000, #5107 ) ;
#3358 = ADVANCED_FACE ( 'NONE', ( #6223 ), #1463, .F. ) ;
#3359 = ORIENTED_EDGE ( 'NONE', *, *, #3948, .T. ) ;
#3360 = PERSON_AND_ORGANIZATION_ROLE ( 'classification_officer' ) ;
#3361 = EDGE_CURVE ( 'NONE', #3585, #2404, #265, .T. ) ;
#3362 = CARTESIAN_POINT ( 'NONE',  ( -19.00000000000009237, 17.69999999999962981, 80.00000000000000000 ) ) ;
#3363 = AXIS2_PLACEMENT_3D ( 'NONE', #1954, #4339, #2040 ) ;
#3364 = CARTESIAN_POINT ( 'NONE',  ( -25.70000000000042562, 14.31394289005012155, 80.00000000000000000 ) ) ;
#3365 = CC_DESIGN_PERSON_AND_ORGANIZATION_ASSIGNMENT ( #4898, #2555, ( #1235 ) ) ;
#3366 = DIRECTION ( 'NONE',  ( 1.005396430953922299E-14, -1.000000000000000000, 0.000000000000000000 ) ) ;
#3367 = FACE_OUTER_BOUND ( 'NONE', #6916, .T. ) ;
#3368 = ORIENTED_EDGE ( 'NONE', *, *, #3242, .T. ) ;
#3369 = ORIENTED_EDGE ( 'NONE', *, *, #5091, .T. ) ;
#3370 = DIRECTION ( 'NONE',  ( -0.000000000000000000, -0.000000000000000000, -1.000000000000000000 ) ) ;
#3371 = CARTESIAN_POINT ( 'NONE',  ( -19.44535204941996298, 18.33710622225161657, 0.000000000000000000 ) ) ;
#3372 = CARTESIAN_POINT ( 'NONE',  ( -27.49999999999947065, 9.499999999999667821, 0.000000000000000000 ) ) ;
#3373 = ORIENTED_EDGE ( 'NONE', *, *, #1437, .F. ) ;
#3374 = CARTESIAN_POINT ( 'NONE',  ( 28.27802197802195394, 7.029670329669723827, 0.000000000000000000 ) ) ;
#3375 = ORIENTED_EDGE ( 'NONE', *, *, #5774, .T. ) ;
#3377 = ORIENTED_EDGE ( 'NONE', *, *, #2770, .F. ) ;
#3376 = ORIENTED_EDGE ( 'NONE', *, *, #7531, .T. ) ;
#3378 = EDGE_CURVE ( 'NONE', #1018, #3100, #1425, .T. ) ;
#3379 = PERSON_AND_ORGANIZATION ( #2152, #3857 ) ;
#3380 = LINE ( 'NONE', #6270, #5158 ) ;
#3381 = DIRECTION ( 'NONE',  ( -0.000000000000000000, -0.000000000000000000, -1.000000000000000000 ) ) ;
#3382 = CARTESIAN_POINT ( 'NONE',  ( 27.20000000000020890, 11.00000000000019362, 80.00000000000000000 ) ) ;
#3383 = DIRECTION ( 'NONE',  ( -0.000000000000000000, 0.000000000000000000, 1.000000000000000000 ) ) ;
#3384 = ORIENTED_EDGE ( 'NONE', *, *, #4359, .F. ) ;
#3385 = CARTESIAN_POINT ( 'NONE',  ( 0.7500000000000000000, -0.2900000000000000910, 0.5900000000000003020 ) ) ;
#3386 = ADVANCED_FACE ( 'NONE', ( #1536 ), #4976, .T. ) ;
#3387 = CARTESIAN_POINT ( 'NONE',  ( -1.674796664989339302E-13, 17.69999999999961915, 80.00000000000000000 ) ) ;
#3388 = DIRECTION ( 'NONE',  ( -0.000000000000000000, 1.000000000000000000, 0.000000000000000000 ) ) ;
#3389 = EDGE_CURVE ( 'NONE', #5275, #6928, #2741, .T. ) ;
#3390 = AXIS2_PLACEMENT_3D ( 'NONE', #2928, #5311, #7176 ) ;
#3391 = EDGE_CURVE ( 'NONE', #3247, #4300, #1701, .T. ) ;
#3392 = VERTEX_POINT ( 'NONE', #887 ) ;
#3393 = APPROVAL_ROLE ( '' ) ;
#3394 = AXIS2_PLACEMENT_3D ( 'NONE', #3457, #5840, #1046 ) ;
#3395 = LINE ( 'NONE', #987, #5503 ) ;
#3396 = CIRCLE ( 'NONE', #7634, 0.4629171123665919430 ) ;
#3397 = DIRECTION ( 'NONE',  ( -1.000000000000000000, 0.000000000000000000, 0.000000000000000000 ) ) ;
#3398 = LINE ( 'NONE', #1103, #7288 ) ;
#3399 = DIRECTION ( 'NONE',  ( 1.136160801470865474E-14, -1.000000000000000000, 0.000000000000000000 ) ) ;
#3400 = ORIENTED_EDGE ( 'NONE', *, *, #6072, .F. ) ;
#3401 = VECTOR ( 'NONE', #5950, 1000.000000000000000 ) ;
#3402 = ADVANCED_FACE ( 'NONE', ( #6882 ), #4431, .T. ) ;
#3403 = EDGE_LOOP ( 'NONE', ( #5369, #1411, #3879, #2607 ) ) ;
#3404 = CC_DESIGN_SECURITY_CLASSIFICATION ( #928, ( #7707 ) ) ;
#3405 = CARTESIAN_POINT ( 'NONE',  ( 21.00000000000016698, 17.69999999999982521, 0.000000000000000000 ) ) ;
#3406 = CARTESIAN_POINT ( 'NONE',  ( 5.900000000002686207, 6.359585317366296714E-14, 80.00000000000000000 ) ) ;
#3407 = CIRCLE ( 'NONE', #4776, 0.4999999999999449329 ) ;
#3408 = PLANE ( 'NONE',  #5779 ) ;
#3409 = VERTEX_POINT ( 'NONE', #6807 ) ;
#3410 = LINE ( 'NONE', #5755, #568 ) ;
#3411 = AXIS2_PLACEMENT_3D ( 'NONE', #4583, #1070, #4543 ) ;
#3412 = VERTEX_POINT ( 'NONE', #1465 ) ;
#3414 = ORIENTED_EDGE ( 'NONE', *, *, #4044, .T. ) ;
#3413 = EDGE_LOOP ( 'NONE', ( #4251, #2643, #7489, #1342 ) ) ;
#3415 = EDGE_CURVE ( 'NONE', #1576, #4467, #3915, .T. ) ;
#3416 = COORDINATED_UNIVERSAL_TIME_OFFSET ( 8, 0, .AHEAD. ) ;
#3417 = CARTESIAN_POINT ( 'NONE',  ( 7.445352049422013785, 18.33710622225111919, 80.00000000000000000 ) ) ;
#3418 = CARTESIAN_POINT ( 'NONE',  ( -1.029992063861348488E-13, 9.500000000000053291, 0.000000000000000000 ) ) ;
#3419 = DIRECTION ( 'NONE',  ( -0.000000000000000000, 0.000000000000000000, 1.000000000000000000 ) ) ;
#3420 = FACE_OUTER_BOUND ( 'NONE', #7040, .T. ) ;
#3421 = EDGE_LOOP ( 'NONE', ( #2045, #3888, #6777, #2455 ) ) ;
#3422 = CARTESIAN_POINT ( 'NONE',  ( -26.93333333333267632, 8.499999999999667821, 80.00000000000000000 ) ) ;
#3423 = CARTESIAN_POINT ( 'NONE',  ( 17.90000000000073044, 17.69999999999979323, 0.000000000000000000 ) ) ;
#3424 = DIRECTION ( 'NONE',  ( 9.462128050787431630E-15, -1.000000000000000000, 0.000000000000000000 ) ) ;
#3425 = CARTESIAN_POINT ( 'NONE',  ( 26.93333333333336554, 10.50000000000023448, 80.00000000000000000 ) ) ;
#3426 = EDGE_CURVE ( 'NONE', #4789, #7432, #6196, .T. ) ;
#3427 = VECTOR ( 'NONE', #6561, 1000.000000000000000 ) ;
#3428 = ORIENTED_EDGE ( 'NONE', *, *, #1323, .F. ) ;
#3429 = ORIENTED_EDGE ( 'NONE', *, *, #1807, .F. ) ;
#3430 = DATE_AND_TIME ( #1019, #3289 ) ;
#3431 = AXIS2_PLACEMENT_3D ( 'NONE', #3422, #5803, #7456 ) ;
#3432 = CARTESIAN_POINT ( 'NONE',  ( 24.23302076461970955, 3.909141912406909114, 0.000000000000000000 ) ) ;
#3433 = PLANE ( 'NONE',  #3106 ) ;
#3434 = CARTESIAN_POINT ( 'NONE',  ( 0.000000000000000000, -9.270329670329591210, -1.500000000000000000 ) ) ;
#3435 = FACE_OUTER_BOUND ( 'NONE', #154, .T. ) ;
#3436 = EDGE_CURVE ( 'NONE', #5031, #2095, #6323, .T. ) ;
#3437 = ORIENTED_EDGE ( 'NONE', *, *, #1168, .T. ) ;
#3438 = VECTOR ( 'NONE', #6789, 1000.000000000000000 ) ;
#3439 = EDGE_LOOP ( 'NONE', ( #6522, #2499, #3466, #6025 ) ) ;
#3440 = DIRECTION ( 'NONE',  ( -0.000000000000000000, 0.000000000000000000, 1.000000000000000000 ) ) ;
#3441 = DIRECTION ( 'NONE',  ( 1.000000000000000000, 9.637352644316638018E-15, -0.000000000000000000 ) ) ;
#3442 = AXIS2_PLACEMENT_3D ( 'NONE', #152, #7276, #1934 ) ;
#3443 = FACE_OUTER_BOUND ( 'NONE', #1669, .T. ) ;
#3444 = ADVANCED_FACE ( 'NONE', ( #6133 ), #3178, .T. ) ;
#3445 = ORIENTED_EDGE ( 'NONE', *, *, #3202, .T. ) ;
#3446 = CARTESIAN_POINT ( 'NONE',  ( -5.900000000002208367, 18.42421244450414264, 80.00000000000000000 ) ) ;
#3447 = ORIENTED_EDGE ( 'NONE', *, *, #5390, .T. ) ;
#3449 = VERTEX_POINT ( 'NONE', #6850 ) ;
#3448 = ORIENTED_EDGE ( 'NONE', *, *, #4328, .T. ) ;
#3450 = AXIS2_PLACEMENT_3D ( 'NONE', #5974, #4308, #3013 ) ;
#3451 = AXIS2_PLACEMENT_3D ( 'NONE', #7126, #38, #1778 ) ;
#3452 = APPROVAL_STATUS ( 'not_yet_approved' ) ;
#3453 = VECTOR ( 'NONE', #7005, 1000.000000000000000 ) ;
#3454 = CARTESIAN_POINT ( 'NONE',  ( -17.90000000000065583, 17.69999999999964047, 80.00000000000000000 ) ) ;
#3455 = DIRECTION ( 'NONE',  ( 1.000000000000000000, 1.061827927506645323E-14, -0.000000000000000000 ) ) ;
#3456 = CARTESIAN_POINT ( 'NONE',  ( 11.44535204942135209, 18.33710622225216369, 80.00000000000000000 ) ) ;
#3457 = CARTESIAN_POINT ( 'NONE',  ( -24.22197802197803540, 7.029670329669723827, -1.500000000000000000 ) ) ;
#3458 = ADVANCED_FACE ( 'NONE', ( #5133 ), #7507, .T. ) ;
#3459 = ORIENTED_EDGE ( 'NONE', *, *, #2758, .T. ) ;
#3460 = VECTOR ( 'NONE', #6074, 1000.000000000000000 ) ;
#3461 = CC_DESIGN_PERSON_AND_ORGANIZATION_ASSIGNMENT ( #2317, #2944, ( #377 ) ) ;
#3462 = DIRECTION ( 'NONE',  ( -1.000000000000000000, -9.581296146679602814E-15, 0.000000000000000000 ) ) ;
#3463 = CARTESIAN_POINT ( 'NONE',  ( -9.900000000001812239, -9.485483185214542438E-14, 80.00000000000000000 ) ) ;
#3464 = CARTESIAN_POINT ( 'NONE',  ( -25.70000000000027640, -2.728897773692339778E-13, 80.00000000000000000 ) ) ;
#3465 = CARTESIAN_POINT ( 'NONE',  ( 26.93333333333333712, 13.50000000000023981, 80.00000000000000000 ) ) ;
#3466 = ORIENTED_EDGE ( 'NONE', *, *, #277, .T. ) ;
#3467 = EDGE_LOOP ( 'NONE', ( #5292, #7666, #2583, #6554 ) ) ;
#3468 = VECTOR ( 'NONE', #2572, 1000.000000000000000 ) ;
#3469 = APPROVAL_DATE_TIME ( #7, #4645 ) ;
#3470 = ADVANCED_FACE ( 'NONE', ( #1500 ), #923, .T. ) ;
#3471 = DIRECTION ( 'NONE',  ( -0.000000000000000000, -0.000000000000000000, -1.000000000000000000 ) ) ;
#3472 = ORIENTED_EDGE ( 'NONE', *, *, #3935, .F. ) ;
#3473 = LINE ( 'NONE', #3364, #4991 ) ;
#3474 = APPROVAL_PERSON_ORGANIZATION ( #4986, #4164, #6930 ) ;
#3475 = DIRECTION ( 'NONE',  ( -1.000000000000000000, -9.462128050787431630E-15, 0.000000000000000000 ) ) ;
#3476 = CARTESIAN_POINT ( 'NONE',  ( 25.79999999999994742, 2.700000000000517986, 0.000000000000000000 ) ) ;
#3477 = PLANE ( 'NONE',  #3011 ) ;
#3478 = ORIENTED_EDGE ( 'NONE', *, *, #4328, .F. ) ;
#3479 = ADVANCED_FACE ( 'NONE', ( #5678 ), #226, .F. ) ;
#3480 = DIRECTION ( 'NONE',  ( -0.000000000000000000, -0.000000000000000000, -1.000000000000000000 ) ) ;
#3481 = DIRECTION ( 'NONE',  ( -1.000000000000000000, -9.462128050787475806E-15, 0.000000000000000000 ) ) ;
#3482 = ADVANCED_FACE ( 'NONE', ( #1383 ), #3755, .T. ) ;
#3483 = DIRECTION ( 'NONE',  ( 1.000000000000000000, 0.000000000000000000, 0.000000000000000000 ) ) ;
#3484 = EDGE_LOOP ( 'NONE', ( #5246, #677, #2710, #5792 ) ) ;
#3485 = LINE ( 'NONE', #2821, #5915 ) ;
#3486 = ORIENTED_EDGE ( 'NONE', *, *, #6901, .T. ) ;
#3488 = ORIENTED_EDGE ( 'NONE', *, *, #3829, .T. ) ;
#3487 = ORIENTED_EDGE ( 'NONE', *, *, #3068, .F. ) ;
#3489 = ADVANCED_FACE ( 'NONE', ( #5277 ), #1029, .T. ) ;
#3490 = DATE_AND_TIME ( #6377, #7336 ) ;
#3491 = DIRECTION ( 'NONE',  ( 1.000000000000000000, 0.000000000000000000, 0.000000000000000000 ) ) ;
#3492 = CARTESIAN_POINT ( 'NONE',  ( 21.50000000000009948, 18.79999999999970939, 80.00000000000000000 ) ) ;
#3493 = LINE ( 'NONE', #5869, #1072 ) ;
#3494 = DIRECTION ( 'NONE',  ( 1.136160801467183860E-14, -1.000000000000000000, 0.000000000000000000 ) ) ;
#3495 = ORIENTED_EDGE ( 'NONE', *, *, #3917, .T. ) ;
#3496 = DIRECTION ( 'NONE',  ( 1.136160801470065095E-14, -1.000000000000000000, 0.000000000000000000 ) ) ;
#3497 = EDGE_CURVE ( 'NONE', #411, #5239, #6334, .T. ) ;
#3498 = DIRECTION ( 'NONE',  ( -0.000000000000000000, -0.000000000000000000, -1.000000000000000000 ) ) ;
#3499 = DIRECTION ( 'NONE',  ( 1.000000000000000000, 0.000000000000000000, 0.000000000000000000 ) ) ;
#3500 = DIRECTION ( 'NONE',  ( 0.7071067811865482389, 0.000000000000000000, 0.7071067811865469066 ) ) ;
#3501 = VECTOR ( 'NONE', #4682, 1000.000000000000000 ) ;
#3502 = CIRCLE ( 'NONE', #5872, 0.5666666666667812269 ) ;
#3503 = ORIENTED_EDGE ( 'NONE', *, *, #7347, .T. ) ;
#3504 = APPROVAL ( #4132, 'UNKNOWN' ) ;
#3505 = DATE_AND_TIME ( #6472, #4527 ) ;
#3506 = DIRECTION ( 'NONE',  ( 1.000000000000000000, 0.000000000000000000, 0.000000000000000000 ) ) ;
#3507 = CYLINDRICAL_SURFACE ( 'NONE', #5523, 0.4629171123664956311 ) ;
#3508 = EDGE_CURVE ( 'NONE', #4845, #1473, #2308, .T. ) ;
#3509 = DIRECTION ( 'NONE',  ( -0.000000000000000000, -0.000000000000000000, -1.000000000000000000 ) ) ;
#3510 = DIRECTION ( 'NONE',  ( -0.000000000000000000, -0.000000000000000000, -1.000000000000000000 ) ) ;
#3511 = LINE ( 'NONE', #4724, #2025 ) ;
#3512 = ORIENTED_EDGE ( 'NONE', *, *, #5512, .T. ) ;
#3513 = LINE ( 'NONE', #5825, #5940 ) ;
#3514 = AXIS2_PLACEMENT_3D ( 'NONE', #4374, #6208, #4334 ) ;
#3515 = DIRECTION ( 'NONE',  ( -1.000000000000000000, 0.000000000000000000, 0.000000000000000000 ) ) ;
#3516 = DIRECTION ( 'NONE',  ( 1.000000000000000000, 0.000000000000000000, 0.000000000000000000 ) ) ;
#3517 = ORIENTED_EDGE ( 'NONE', *, *, #3914, .T. ) ;
#3518 = CIRCLE ( 'NONE', #4649, 0.4629171123666838694 ) ;
#3519 = ADVANCED_FACE ( 'NONE', ( #7581 ), #5857, .T. ) ;
#3520 = LINE ( 'NONE', #4031, #1066 ) ;
#3521 = ORIENTED_EDGE ( 'NONE', *, *, #4015, .F. ) ;
#3522 = ORGANIZATION ( 'NAUO-ORG7', 'UNSPECIFIED', 'UNSPECIFIED' ) ;
#3524 = EDGE_LOOP ( 'NONE', ( #5724, #1226, #6152, #7685 ) ) ;
#3523 = VERTEX_POINT ( 'NONE', #1643 ) ;
#3525 = PERSON_AND_ORGANIZATION_ROLE ( 'classification_officer' ) ;
#3526 = VECTOR ( 'NONE', #5760, 1000.000000000000000 ) ;
#3527 = CARTESIAN_POINT ( 'NONE',  ( 26.50000000000028777, 11.70000000000032081, 0.000000000000000000 ) ) ;
#3528 = CARTESIAN_POINT ( 'NONE',  ( 25.70000000000049667, 2.667505054020683206E-13, 80.00000000000000000 ) ) ;
#3529 = FACE_OUTER_BOUND ( 'NONE', #6946, .T. ) ;
#3530 = CARTESIAN_POINT ( 'NONE',  ( -26.93333333333264790, 5.499999999999665157, 80.00000000000000000 ) ) ;
#3531 = ORIENTED_EDGE ( 'NONE', *, *, #5933, .T. ) ;
#3532 = EDGE_CURVE ( 'NONE', #1498, #1971, #7696, .T. ) ;
#3533 = FACE_OUTER_BOUND ( 'NONE', #6444, .T. ) ;
#3534 = CARTESIAN_POINT ( 'NONE',  ( -2.049947513325643979E-13, 18.79999999999947491, 0.000000000000000000 ) ) ;
#3535 = LINE ( 'NONE', #1090, #2087 ) ;
#3536 = DIRECTION ( 'NONE',  ( -0.000000000000000000, 0.000000000000000000, 1.000000000000000000 ) ) ;
#3537 = EDGE_CURVE ( 'NONE', #5789, #7580, #3954, .T. ) ;
#3538 = PERSON ( 'NAUO-PER7', 'UNSPECIFIED', 'UNSPECIFIED', ('UNSPECIFIED'), ('UNSPECIFIED'), ('UNSPECIFIED') ) ;
#3539 = ORIENTED_EDGE ( 'NONE', *, *, #5129, .T. ) ;
#3540 = CIRCLE ( 'NONE', #1918, 0.4629171123669006960 ) ;
#3541 = COORDINATED_UNIVERSAL_TIME_OFFSET ( 8, 0, .AHEAD. ) ;
#3542 = FACE_OUTER_BOUND ( 'NONE', #416, .T. ) ;
#3543 = DIRECTION ( 'NONE',  ( -1.084202172485920164E-14, 1.000000000000000000, 0.000000000000000000 ) ) ;
#3544 = CIRCLE ( 'NONE', #1189, 0.5666666666667742325 ) ;
#3545 = EDGE_CURVE ( 'NONE', #5634, #1147, #4580, .T. ) ;
#3546 = DIRECTION ( 'NONE',  ( 0.000000000000000000, 0.000000000000000000, 1.000000000000000000 ) ) ;
#3547 = CARTESIAN_POINT ( 'NONE',  ( -24.13654285052884063, 14.92159925438560286, 80.00000000000000000 ) ) ;
#3548 = DIRECTION ( 'NONE',  ( -1.000000000000000000, -1.018012715584551900E-14, 0.000000000000000000 ) ) ;
#3549 = ORIENTED_EDGE ( 'NONE', *, *, #6148, .F. ) ;
#3550 = AXIS2_PLACEMENT_3D ( 'NONE', #1695, #6459, #5253 ) ;
#3551 = CIRCLE ( 'NONE', #5918, 0.2999999999999999334 ) ;
#3552 = CARTESIAN_POINT ( 'NONE',  ( -17.00000000000037659, -1.545178689995881572E-13, 80.00000000000000000 ) ) ;
#3553 = FACE_OUTER_BOUND ( 'NONE', #2141, .T. ) ;
#3554 = ORIENTED_EDGE ( 'NONE', *, *, #42, .T. ) ;
#3555 = VECTOR ( 'NONE', #90, 1000.000000000000000 ) ;
#3556 = DIRECTION ( 'NONE',  ( 1.000000000000000000, 0.000000000000000000, 0.000000000000000000 ) ) ;
#3557 = ORIENTED_EDGE ( 'NONE', *, *, #5334, .T. ) ;
#3559 = ORIENTED_EDGE ( 'NONE', *, *, #5793, .F. ) ;
#3558 = ORIENTED_EDGE ( 'NONE', *, *, #5539, .T. ) ;
#3560 = AXIS2_PLACEMENT_3D ( 'NONE', #5187, #4603, #6353 ) ;
#3561 = DIRECTION ( 'NONE',  ( -0.000000000000000000, -0.000000000000000000, -1.000000000000000000 ) ) ;
#3562 = EDGE_CURVE ( 'NONE', #5285, #3409, #4690, .T. ) ;
#3563 = DIRECTION ( 'NONE',  ( -0.000000000000000000, -0.000000000000000000, -1.000000000000000000 ) ) ;
#3564 = LINE ( 'NONE', #2321, #2185 ) ;
#3565 = DIRECTION ( 'NONE',  ( -0.000000000000000000, -0.000000000000000000, -1.000000000000000000 ) ) ;
#3566 = ORIENTED_EDGE ( 'NONE', *, *, #4279, .T. ) ;
#3567 = ORIENTED_EDGE ( 'NONE', *, *, #652, .T. ) ;
#3568 = CIRCLE ( 'NONE', #6557, 0.5666666666668089825 ) ;
#3569 = VECTOR ( 'NONE', #1007, 1000.000000000000000 ) ;
#3570 = LINE ( 'NONE', #4710, #7253 ) ;
#3571 = EDGE_CURVE ( 'NONE', #3133, #426, #4615, .T. ) ;
#3572 = CARTESIAN_POINT ( 'NONE',  ( -17.44535204942018325, 18.33710622225163434, 0.000000000000000000 ) ) ;
#3573 = CARTESIAN_POINT ( 'NONE',  ( -1.029992063861636769E-13, 9.500000000000074607, 80.00000000000000000 ) ) ;
#3574 = EDGE_CURVE ( 'NONE', #261, #2231, #2777, .T. ) ;
#3575 = ORIENTED_EDGE ( 'NONE', *, *, #7600, .T. ) ;
#3576 = EDGE_CURVE ( 'NONE', #6, #6761, #3513, .T. ) ;
#3577 = VECTOR ( 'NONE', #5639, 1000.000000000000000 ) ;
#3578 = DIRECTION ( 'NONE',  ( 0.000000000000000000, 0.000000000000000000, 1.000000000000000000 ) ) ;
#3579 = LINE ( 'NONE', #628, #4144 ) ;
#3580 = CYLINDRICAL_SURFACE ( 'NONE', #6308, 1.000000000000014655 ) ;
#3581 = CARTESIAN_POINT ( 'NONE',  ( 22.92226674140371401, 2.780329925644605016, 0.000000000000000000 ) ) ;
#3582 = DIRECTION ( 'NONE',  ( 1.000000000000000000, 0.000000000000000000, 0.000000000000000000 ) ) ;
#3583 = CIRCLE ( 'NONE', #1228, 0.5666666666666008156 ) ;
#3584 = ORIENTED_EDGE ( 'NONE', *, *, #5249, .F. ) ;
#3585 = VERTEX_POINT ( 'NONE', #4026 ) ;
#3586 = EDGE_CURVE ( 'NONE', #7699, #895, #2580, .T. ) ;
#3587 = CC_DESIGN_PERSON_AND_ORGANIZATION_ASSIGNMENT ( #6415, #5214, ( #762 ) ) ;
#3588 = CARTESIAN_POINT ( 'NONE',  ( -26.50000000000006750, 9.499999999999786837, 0.000000000000000000 ) ) ;
#3589 = AXIS2_PLACEMENT_3D ( 'NONE', #865, #3238, #2062 ) ;
#3590 = LINE ( 'NONE', #7183, #1423 ) ;
#3591 = ORIENTED_EDGE ( 'NONE', *, *, #622, .F. ) ;
#3592 = LINE ( 'NONE', #2461, #6170 ) ;
#3593 = ORIENTED_EDGE ( 'NONE', *, *, #7168, .T. ) ;
#3595 = ORIENTED_EDGE ( 'NONE', *, *, #3018, .F. ) ;
#3594 = ORIENTED_EDGE ( 'NONE', *, *, #2539, .T. ) ;
#3596 = ITEM_DEFINED_TRANSFORMATION ( 'NONE', 'NONE', #5343,  #2222 ) ;
#3597 = DIRECTION ( 'NONE',  ( 9.637352644316638018E-15, -1.000000000000000000, 0.000000000000000000 ) ) ;
#3598 = EDGE_CURVE ( 'NONE', #3166, #6124, #408, .T. ) ;
#3599 = CARTESIAN_POINT ( 'NONE',  ( -1.674796664990036781E-13, 17.69999999999982521, 0.000000000000000000 ) ) ;
#3600 = DIRECTION ( 'NONE',  ( -0.000000000000000000, -0.000000000000000000, -1.000000000000000000 ) ) ;
#3601 = CARTESIAN_POINT ( 'NONE',  ( 0.000000000000000000, 9.529670329669892581, 0.000000000000000000 ) ) ;
#3602 = VERTEX_POINT ( 'NONE', #7543 ) ;
#3603 = VERTEX_POINT ( 'NONE', #5893 ) ;
#3604 = VECTOR ( 'NONE', #51, 1000.000000000000000 ) ;
#3605 = EDGE_CURVE ( 'NONE', #3523, #1424, #4820, .T. ) ;
#3606 = APPROVAL_ROLE ( '' ) ;
#3607 = CARTESIAN_POINT ( 'NONE',  ( 24.13302076462027301, 14.92159925438610557, 80.00000000000000000 ) ) ;
#3608 = DIRECTION ( 'NONE',  ( 1.000000000000000000, 0.000000000000000000, 0.000000000000000000 ) ) ;
#3609 = DIRECTION ( 'NONE',  ( -1.000000000000000000, -9.581296146679602814E-15, 0.000000000000000000 ) ) ;
#3610 = ORIENTED_EDGE ( 'NONE', *, *, #5034, .T. ) ;
#3611 = APPLICATION_CONTEXT ( 'configuration controlled 3d designs of mechanical parts and assemblies' ) ;
#3612 = VECTOR ( 'NONE', #1218, 1000.000000000000000 ) ;
#3613 = ADVANCED_FACE ( 'NONE', ( #2342 ), #4581, .F. ) ;
#3614 = ORIENTED_EDGE ( 'NONE', *, *, #3532, .T. ) ;
#3615 = EDGE_CURVE ( 'NONE', #964, #7251, #6956, .T. ) ;
#3616 = COORDINATED_UNIVERSAL_TIME_OFFSET ( 8, 0, .AHEAD. ) ;
#3617 = DIRECTION ( 'NONE',  ( 0.000000000000000000, 1.000000000000000000, -0.000000000000000000 ) ) ;
#3618 = CARTESIAN_POINT ( 'NONE',  ( -22.92226674140373888, -2.304596517118111597E-13, 0.000000000000000000 ) ) ;
#3619 = LINE ( 'NONE', #3036, #3555 ) ;
#3620 = CARTESIAN_POINT ( 'NONE',  ( -1.674796664989339302E-13, 17.69999999999961915, 80.00000000000000000 ) ) ;
#3621 = FACE_OUTER_BOUND ( 'NONE', #5445, .T. ) ;
#3622 = ORIENTED_EDGE ( 'NONE', *, *, #6858, .T. ) ;
#3623 = ORIENTED_EDGE ( 'NONE', *, *, #2379, .F. ) ;
#3624 = FACE_OUTER_BOUND ( 'NONE', #1254, .T. ) ;
#3625 = CARTESIAN_POINT ( 'NONE',  ( -7.445352049421951612, 18.33710622225218856, 0.000000000000000000 ) ) ;
#3626 = EDGE_LOOP ( 'NONE', ( #264, #138 ) ) ;
#3627 = EDGE_CURVE ( 'NONE', #886, #4789, #1607, .T. ) ;
#3628 = CARTESIAN_POINT ( 'NONE',  ( -23.17226674140362874, 2.780329925644121847, 80.00000000000000000 ) ) ;
#3629 = EDGE_LOOP ( 'NONE', ( #395, #6392, #6231, #4034 ) ) ;
#3631 = ORIENTED_EDGE ( 'NONE', *, *, #4292, .F. ) ;
#3630 = ORIENTED_EDGE ( 'NONE', *, *, #7429, .F. ) ;
#3632 = VECTOR ( 'NONE', #6588, 1000.000000000000000 ) ;
#3633 = ADVANCED_BREP_SHAPE_REPRESENTATION ( '', ( #2888, #2222 ), #4975 ) ;
#3634 = APPROVAL_ROLE ( '' ) ;
#3635 = CARTESIAN_POINT ( 'NONE',  ( -7.000000000002088107, 18.46341459489294579, 0.000000000000000000 ) ) ;
#3636 = DIRECTION ( 'NONE',  ( 1.000000000000000000, 9.462128050791262338E-15, 0.000000000000000000 ) ) ;
#3637 = DIRECTION ( 'NONE',  ( 0.000000000000000000, 0.000000000000000000, 1.000000000000000000 ) ) ;
#3638 = VECTOR ( 'NONE', #3302, 1000.000000000000000 ) ;
#3639 = CARTESIAN_POINT ( 'NONE',  ( 17.00000000000059686, 18.46341459489508807, 80.00000000000000000 ) ) ;
#3640 = VERTEX_POINT ( 'NONE', #3405 ) ;
#3641 = ADVANCED_FACE ( 'NONE', ( #5786 ), #4329, .T. ) ;
#3642 = AXIS2_PLACEMENT_3D ( 'NONE', #3103, #3645, #653 ) ;
#3643 =( NAMED_UNIT ( * ) SI_UNIT ( $, .STERADIAN. ) SOLID_ANGLE_UNIT ( ) );
#3644 = ORGANIZATION ( 'NAUO-ORG6', 'UNSPECIFIED', 'UNSPECIFIED' ) ;
#3645 = DIRECTION ( 'NONE',  ( -0.000000000000000000, 0.000000000000000000, 1.000000000000000000 ) ) ;
#3646 = DIRECTION ( 'NONE',  ( -1.000000000000000000, 0.000000000000000000, 0.000000000000000000 ) ) ;
#3647 = DIRECTION ( 'NONE',  ( 1.000000000000000000, 0.000000000000000000, 0.000000000000000000 ) ) ;
#3648 = ORIENTED_EDGE ( 'NONE', *, *, #1579, .F. ) ;
#3649 = APPROVAL_PERSON_ORGANIZATION ( #7687, #4645, #4752 ) ;
#3650 = AXIS2_PLACEMENT_3D ( 'NONE', #6558, #5967, #637 ) ;
#3651 = ORIENTED_EDGE ( 'NONE', *, *, #598, .F. ) ;
#3652 = DIRECTION ( 'NONE',  ( -1.000000000000000000, 0.000000000000000000, 0.000000000000000000 ) ) ;
#3653 = CARTESIAN_POINT ( 'NONE',  ( 26.93333333333334423, 12.50000000000023803, 80.00000000000000000 ) ) ;
#3654 = CARTESIAN_POINT ( 'NONE',  ( -27.49999999999939249, 6.499999999999669598, 0.000000000000000000 ) ) ;
#3655 = FACE_OUTER_BOUND ( 'NONE', #1224, .T. ) ;
#3656 = DIRECTION ( 'NONE',  ( 1.000000000000000000, 0.000000000000000000, 0.000000000000000000 ) ) ;
#3657 = DIRECTION ( 'NONE',  ( -0.000000000000000000, -0.000000000000000000, -1.000000000000000000 ) ) ;
#3658 = DIRECTION ( 'NONE',  ( -1.000000000000000000, 0.000000000000000000, 0.000000000000000000 ) ) ;
#3659 = VECTOR ( 'NONE', #4229, 1000.000000000000000 ) ;
#3660 = ORIENTED_EDGE ( 'NONE', *, *, #5486, .F. ) ;
#3661 = VERTEX_POINT ( 'NONE', #6157 ) ;
#3662 = ADVANCED_FACE ( 'NONE', ( #7107 ), #122, .T. ) ;
#3663 = CARTESIAN_POINT ( 'NONE',  ( -1.426161814022067550E-13, 14.31394289005040221, 80.00000000000000000 ) ) ;
#3664 = CARTESIAN_POINT ( 'NONE',  ( -1.674796664988687261E-13, 17.69999999999982165, 80.00000000000000000 ) ) ;
#3665 = ORIENTED_EDGE ( 'NONE', *, *, #3605, .T. ) ;
#3666 = EDGE_CURVE ( 'NONE', #949, #1761, #2448, .T. ) ;
#3667 = ORIENTED_EDGE ( 'NONE', *, *, #913, .T. ) ;
#3668 = DIRECTION ( 'NONE',  ( -1.000000000000000000, 0.000000000000000000, 0.000000000000000000 ) ) ;
#3669 = PLANE ( 'NONE',  #482 ) ;
#3670 = ORIENTED_EDGE ( 'NONE', *, *, #6483, .T. ) ;
#3671 = ORIENTED_EDGE ( 'NONE', *, *, #5848, .T. ) ;
#3672 = PERSON_AND_ORGANIZATION_ROLE ( 'classification_officer' ) ;
#3673 = CARTESIAN_POINT ( 'NONE',  ( 0.000000000000000000, 0.000000000000000000, 0.000000000000000000 ) ) ;
#3674 = EDGE_CURVE ( 'NONE', #4072, #7605, #3240, .T. ) ;
#3675 = CARTESIAN_POINT ( 'NONE',  ( -19.90000000000021529, 18.42421244450394369, 0.000000000000000000 ) ) ;
#3676 = DIRECTION ( 'NONE',  ( 1.136160801467550522E-14, -1.000000000000000000, 0.000000000000000000 ) ) ;
#3677 = AXIS2_PLACEMENT_3D ( 'NONE', #357, #7599, #6865 ) ;
#3678 = FACE_OUTER_BOUND ( 'NONE', #4122, .T. ) ;
#3679 = VERTEX_POINT ( 'NONE', #3073 ) ;
#3680 = VERTEX_POINT ( 'NONE', #4369 ) ;
#3681 =( LENGTH_UNIT ( ) NAMED_UNIT ( * ) SI_UNIT ( .MILLI., .METRE. ) );
#3682 = DIRECTION ( 'NONE',  ( -0.000000000000000000, -0.000000000000000000, -1.000000000000000000 ) ) ;
#3683 = EDGE_CURVE ( 'NONE', #5747, #3008, #106, .T. ) ;
#3684 = DIRECTION ( 'NONE',  ( 1.000000000000000000, 0.000000000000000000, 0.000000000000000000 ) ) ;
#3685 = LINE ( 'NONE', #4363, #4813 ) ;
#3686 = CC_DESIGN_DATE_AND_TIME_ASSIGNMENT ( #5688, #1475, ( #6463 ) ) ;
#3687 = ORIENTED_EDGE ( 'NONE', *, *, #4553, .F. ) ;
#3688 = VECTOR ( 'NONE', #7566, 1000.000000000000000 ) ;
#3689 = DIRECTION ( 'NONE',  ( -1.000000000000000000, -9.797718192317006469E-15, 0.000000000000000000 ) ) ;
#3690 = ORIENTED_EDGE ( 'NONE', *, *, #5922, .F. ) ;
#3691 = CIRCLE ( 'NONE', #5083, 2.200000000000000178 ) ;
#3692 = VECTOR ( 'NONE', #3272, 1000.000000000000000 ) ;
#3693 = CARTESIAN_POINT ( 'NONE',  ( -24.22197802197803540, -6.770329670329644500, 0.000000000000000000 ) ) ;
#3694 = PLANE ( 'NONE',  #5432 ) ;
#3695 = LINE ( 'NONE', #6160, #4004 ) ;
#3696 = DIRECTION ( 'NONE',  ( 1.000000000000000000, 0.000000000000000000, 0.000000000000000000 ) ) ;
#3697 = CIRCLE ( 'NONE', #2835, 0.4629171123670255961 ) ;
#3698 = CARTESIAN_POINT ( 'NONE',  ( 21.00000000000037303, 2.428612866367840428E-13, 0.000000000000000000 ) ) ;
#3699 = CARTESIAN_POINT ( 'NONE',  ( -24.79999999999973781, 2.699999999999997513, 80.00000000000000000 ) ) ;
#3700 = DIRECTION ( 'NONE',  ( -0.000000000000000000, 0.000000000000000000, 1.000000000000000000 ) ) ;
#3701 = EDGE_CURVE ( 'NONE', #1143, #4767, #1706, .T. ) ;
#3702 = EDGE_LOOP ( 'NONE', ( #2114, #5284, #3020, #6177 ) ) ;
#3703 = ORIENTED_EDGE ( 'NONE', *, *, #1634, .F. ) ;
#3704 = CIRCLE ( 'NONE', #2960, 0.4629171123663819998 ) ;
#3705 = LINE ( 'NONE', #3290, #5140 ) ;
#3706 = DIRECTION ( 'NONE',  ( 0.8660254037844380415, 0.000000000000000000, 0.5000000000000009992 ) ) ;
#3707 = EDGE_LOOP ( 'NONE', ( #6143, #1440, #5399, #717 ) ) ;
#3708 = AXIS2_PLACEMENT_3D ( 'NONE', #3699, #6587, #7290 ) ;
#3709 = VERTEX_POINT ( 'NONE', #202 ) ;
#3710 = DIRECTION ( 'NONE',  ( 1.000000000000000000, 0.000000000000000000, 0.000000000000000000 ) ) ;
#3711 = CARTESIAN_POINT ( 'NONE',  ( -24.02197802197775189, 6.829670329669523809, -0.9999999999999859002 ) ) ;
#3712 = ORIENTED_EDGE ( 'NONE', *, *, #1418, .F. ) ;
#3713 = ADVANCED_FACE ( 'NONE', ( #823 ), #1364, .T. ) ;
#3714 = ORIENTED_EDGE ( 'NONE', *, *, #5718, .T. ) ;
#3715 = PERSON_AND_ORGANIZATION ( #1860, #5156 ) ;
#3716 = LOCAL_TIME ( 15, 21, 11.00000000000000000, #6892 ) ;
#3717 = EDGE_CURVE ( 'NONE', #5495, #5084, #5452, .T. ) ;
#3718 = LINE ( 'NONE', #4814, #7453 ) ;
#3719 = DIRECTION ( 'NONE',  ( 1.000000000000000000, 0.000000000000000000, 0.000000000000000000 ) ) ;
#3720 = CARTESIAN_POINT ( 'NONE',  ( 27.07802197802169886, 6.829670329669523809, -1.500000000000000000 ) ) ;
#3721 = CARTESIAN_POINT ( 'NONE',  ( 25.77802197802195394, 9.529670329669892581, -1.500000000000000000 ) ) ;
#3722 = EDGE_LOOP ( 'NONE', ( #7701, #999, #3154, #1186 ) ) ;
#3723 = CARTESIAN_POINT ( 'NONE',  ( -27.49999999999950262, 13.49999999999967137, 0.000000000000000000 ) ) ;
#3724 = APPROVAL_PERSON_ORGANIZATION ( #419, #2646, #4701 ) ;
#3725 = ADVANCED_FACE ( 'NONE', ( #3198 ), #6027, .F. ) ;
#3726 = ORIENTED_EDGE ( 'NONE', *, *, #5027, .F. ) ;
#3727 = CARTESIAN_POINT ( 'NONE',  ( 0.000000000000000000, 0.000000000000000000, 0.000000000000000000 ) ) ;
#3728 = CYLINDRICAL_SURFACE ( 'NONE', #3288, 0.5666666666668089825 ) ;
#3729 = LINE ( 'NONE', #6697, #1207 ) ;
#3730 = FACE_BOUND ( 'NONE', #4948, .T. ) ;
#3731 = ORIENTED_EDGE ( 'NONE', *, *, #7218, .F. ) ;
#3732 = EDGE_CURVE ( 'NONE', #3958, #1874, #5202, .T. ) ;
#3734 = ORIENTED_EDGE ( 'NONE', *, *, #7511, .F. ) ;
#3733 = CC_DESIGN_PERSON_AND_ORGANIZATION_ASSIGNMENT ( #3715, #3672, ( #6006 ) ) ;
#3735 = CARTESIAN_POINT ( 'NONE',  ( -23.55258382925076788, 2.780329925643896249, 80.00000000000000000 ) ) ;
#3736 = DIRECTION ( 'NONE',  ( -0.000000000000000000, -0.000000000000000000, -1.000000000000000000 ) ) ;
#3737 = VECTOR ( 'NONE', #5614, 1000.000000000000000 ) ;
#3738 = CARTESIAN_POINT ( 'NONE',  ( 0.000000000000000000, 2.694222958124177006E-16, 2.200000000000000178 ) ) ;
#3739 = DIRECTION ( 'NONE',  ( 1.000000000000000000, 0.000000000000000000, 0.000000000000000000 ) ) ;
#3740 = DIRECTION ( 'NONE',  ( 1.000000000000000000, 0.000000000000000000, 0.000000000000000000 ) ) ;
#3741 = ORIENTED_EDGE ( 'NONE', *, *, #150, .T. ) ;
#3742 = ORIENTED_EDGE ( 'NONE', *, *, #4730, .T. ) ;
#3743 = EDGE_LOOP ( 'NONE', ( #5128, #7189, #6435, #7345 ) ) ;
#3744 = CARTESIAN_POINT ( 'NONE',  ( 23.80206706340067768, 2.764263940515570894, 80.00000000000000000 ) ) ;
#3745 = AXIS2_PLACEMENT_3D ( 'NONE', #6204, #870, #3243 ) ;
#3746 = LINE ( 'NONE', #3835, #6094 ) ;
#3747 = EDGE_LOOP ( 'NONE', ( #2011, #7123, #93, #3429, #6628, #3342, #2106, #3048, #5455, #211, #4367, #1078, #1351, #3930, #3850, #4364 ) ) ;
#3748 = FACE_OUTER_BOUND ( 'NONE', #5102, .T. ) ;
#3749 = DIRECTION ( 'NONE',  ( -0.000000000000000000, 0.000000000000000000, 1.000000000000000000 ) ) ;
#3750 = ORIENTED_EDGE ( 'NONE', *, *, #6630, .F. ) ;
#3751 = ORIENTED_EDGE ( 'NONE', *, *, #7347, .F. ) ;
#3752 = VECTOR ( 'NONE', #4877, 1000.000000000000000 ) ;
#3753 = ORIENTED_EDGE ( 'NONE', *, *, #3115, .T. ) ;
#3754 = PERSON_AND_ORGANIZATION ( #3538, #3522 ) ;
#3755 = CYLINDRICAL_SURFACE ( 'NONE', #3069, 0.2999999999999999334 ) ;
#3756 = DIRECTION ( 'NONE',  ( 1.000000000000000000, 0.000000000000000000, 0.000000000000000000 ) ) ;
#3757 = DIRECTION ( 'NONE',  ( -0.000000000000000000, 0.000000000000000000, 1.000000000000000000 ) ) ;
#3758 = CARTESIAN_POINT ( 'NONE',  ( -17.00000000000053646, 17.69999999999965112, 80.00000000000000000 ) ) ;
#3759 = ORIENTED_EDGE ( 'NONE', *, *, #3627, .T. ) ;
#3760 = FACE_OUTER_BOUND ( 'NONE', #3231, .T. ) ;
#3761 = FACE_OUTER_BOUND ( 'NONE', #5100, .T. ) ;
#3763 = ORIENTED_EDGE ( 'NONE', *, *, #6969, .T. ) ;
#3762 = ORIENTED_EDGE ( 'NONE', *, *, #5027, .T. ) ;
#3764 = CARTESIAN_POINT ( 'NONE',  ( 26.93333333333337976, 9.500000000000238032, 80.00000000000000000 ) ) ;
#3765 = DIRECTION ( 'NONE',  ( -0.000000000000000000, -0.000000000000000000, -1.000000000000000000 ) ) ;
#3766 = LINE ( 'NONE', #4238, #6553 ) ;
#3767 = CIRCLE ( 'NONE', #415, 2.500000000000009326 ) ;
#3768 = EDGE_CURVE ( 'NONE', #1474, #1003, #7329, .T. ) ;
#3769 = EDGE_LOOP ( 'NONE', ( #7169, #4377, #1039, #7598 ) ) ;
#3770 = EDGE_CURVE ( 'NONE', #6230, #6340, #1984, .T. ) ;
#3771 = VECTOR ( 'NONE', #2915, 1000.000000000000000 ) ;
#3772 = DIRECTION ( 'NONE',  ( 2.968671808333055702E-16, -1.289979299010301061E-16, -1.000000000000000000 ) ) ;
#3773 = LOCAL_TIME ( 15, 21, 11.00000000000000000, #763 ) ;
#3774 = VERTEX_POINT ( 'NONE', #4283 ) ;
#3775 = CARTESIAN_POINT ( 'NONE',  ( -24.99999999999993960, 2.499999999999682920, 0.000000000000000000 ) ) ;
#3776 = VECTOR ( 'NONE', #2245, 1000.000000000000000 ) ;
#3777 = CARTESIAN_POINT ( 'NONE',  ( 17.90000000000073044, 17.69999999999979323, 80.00000000000000000 ) ) ;
#3778 = EDGE_CURVE ( 'NONE', #4012, #7223, #7458, .T. ) ;
#3779 = DIRECTION ( 'NONE',  ( 9.581296146678135533E-15, -1.000000000000000000, 0.000000000000000000 ) ) ;
#3780 = CC_DESIGN_SECURITY_CLASSIFICATION ( #550, ( #7710 ) ) ;
#3781 = VECTOR ( 'NONE', #673, 1000.000000000000000 ) ;
#3782 = PLANE ( 'NONE',  #1080 ) ;
#3783 = LINE ( 'NONE', #6162, #3468 ) ;
#3784 = CARTESIAN_POINT ( 'NONE',  ( 27.50000000000027711, 2.500000000000233147, 0.000000000000000000 ) ) ;
#3785 = ORIENTED_EDGE ( 'NONE', *, *, #2742, .F. ) ;
#3786 = ORIENTED_EDGE ( 'NONE', *, *, #4243, .F. ) ;
#3787 = EDGE_CURVE ( 'NONE', #1096, #7252, #6788, .T. ) ;
#3788 = DIRECTION ( 'NONE',  ( -0.000000000000000000, -0.000000000000000000, -1.000000000000000000 ) ) ;
#3789 = CARTESIAN_POINT ( 'NONE',  ( 9.000000000001932676, 17.69999999999969731, 80.00000000000000000 ) ) ;
#3790 = EDGE_CURVE ( 'NONE', #1055, #4396, #5089, .T. ) ;
#3791 = ORIENTED_EDGE ( 'NONE', *, *, #3963, .T. ) ;
#3792 = CC_DESIGN_APPROVAL ( #1319, ( #4771 ) ) ;
#3793 = DIRECTION ( 'NONE',  ( 1.000000000000000000, 0.000000000000000000, 0.000000000000000000 ) ) ;
#3794 = DIRECTION ( 'NONE',  ( -9.581296146678135533E-15, 1.000000000000000000, 0.000000000000000000 ) ) ;
#3795 = ORIENTED_EDGE ( 'NONE', *, *, #1288, .T. ) ;
#3796 = EDGE_LOOP ( 'NONE', ( #4299, #3584, #3400, #4544 ) ) ;
#3797 = ORIENTED_EDGE ( 'NONE', *, *, #4125, .F. ) ;
#3798 = CARTESIAN_POINT ( 'NONE',  ( -25.00000000000008171, 16.29999999999950333, 80.00000000000000000 ) ) ;
#3799 = PRODUCT_DEFINITION_SHAPE ( 'NONE', 'NONE',  #7711 ) ;
#3800 = DIRECTION ( 'NONE',  ( -1.040834085586082363E-14, 1.000000000000000000, 0.000000000000000000 ) ) ;
#3801 = DIRECTION ( 'NONE',  ( 1.000000000000000000, 0.000000000000000000, 0.000000000000000000 ) ) ;
#3802 = CARTESIAN_POINT ( 'NONE',  ( 25.70000000000037943, 11.70000000000031193, 80.00000000000000000 ) ) ;
#3803 = ORIENTED_EDGE ( 'NONE', *, *, #6661, .T. ) ;
#3804 = CARTESIAN_POINT ( 'NONE',  ( 25.70000000000040075, 9.500000000000332179, 80.00000000000000000 ) ) ;
#3805 = CARTESIAN_POINT ( 'NONE',  ( 13.90000000000117097, 17.69999999999975060, 80.00000000000000000 ) ) ;
#3806 = CIRCLE ( 'NONE', #6421, 0.5666666666667951047 ) ;
#3808 = EDGE_LOOP ( 'NONE', ( #340, #67, #2881, #5677 ) ) ;
#3807 = ORIENTED_EDGE ( 'NONE', *, *, #5652, .T. ) ;
#3809 = EDGE_CURVE ( 'NONE', #4845, #940, #3820, .T. ) ;
#3810 = PERSON_AND_ORGANIZATION_ROLE ( 'design_owner' ) ;
#3811 = AXIS2_PLACEMENT_3D ( 'NONE', #6687, #766, #228 ) ;
#3812 = CARTESIAN_POINT ( 'NONE',  ( 3.445352049416459117, 18.33710622225185460, 80.00000000000000000 ) ) ;
#3813 = CARTESIAN_POINT ( 'NONE',  ( 7.900000000002045830, 18.42421244450417817, 0.000000000000000000 ) ) ;
#3814 = CARTESIAN_POINT ( 'NONE',  ( 19.90000000000028990, 17.69999999999981455, 80.00000000000000000 ) ) ;
#3815 = ORIENTED_EDGE ( 'NONE', *, *, #7141, .T. ) ;
#3816 = SHAPE_REPRESENTATION_RELATIONSHIP ( 'NONE' , 'NONE' ,  #2602, #3633 ) ;
#3817 = AXIS2_PLACEMENT_3D ( 'NONE', #2483, #3199, #5627 ) ;
#3818 = EDGE_LOOP ( 'NONE', ( #7142, #3182, #5810, #3126 ) ) ;
#3819 = EDGE_CURVE ( 'NONE', #674, #2003, #283, .T. ) ;
#3820 = LINE ( 'NONE', #6202, #3213 ) ;
#3821 = CARTESIAN_POINT ( 'NONE',  ( -26.93333333333270829, 11.49999999999967315, 80.00000000000000000 ) ) ;
#3822 = AXIS2_PLACEMENT_3D ( 'NONE', #947, #5701, #361 ) ;
#3823 = ADVANCED_FACE ( 'NONE', ( #697 ), #2761, .T. ) ;
#3824 = CARTESIAN_POINT ( 'NONE',  ( 27.20000000000026219, 8.000000000000309086, 0.000000000000000000 ) ) ;
#3825 = PERSON ( 'NAUO-PER1', 'UNSPECIFIED', 'UNSPECIFIED', ('UNSPECIFIED'), ('UNSPECIFIED'), ('UNSPECIFIED') ) ;
#3826 = DIRECTION ( 'NONE',  ( 1.000000000000000000, 1.022544721323234991E-14, -0.000000000000000000 ) ) ;
#3827 = CARTESIAN_POINT ( 'NONE',  ( -25.70000000000032614, 4.486057109949046051, 80.00000000000000000 ) ) ;
#3828 = AXIS2_PLACEMENT_3D ( 'NONE', #4451, #6829, #1484 ) ;
#3829 = EDGE_CURVE ( 'NONE', #1507, #309, #3697, .T. ) ;
#3830 = ORIENTED_EDGE ( 'NONE', *, *, #5080, .T. ) ;
#3831 = ORIENTED_EDGE ( 'NONE', *, *, #7279, .T. ) ;
#3832 = CIRCLE ( 'NONE', #6198, 2.499999999999974243 ) ;
#3833 = PLANE ( 'NONE',  #2501 ) ;
#3834 = AXIS2_PLACEMENT_3D ( 'NONE', #3110, #2482, #1894 ) ;
#3835 = CARTESIAN_POINT ( 'NONE',  ( 28.27802197802195394, 7.029670329669723827, -1.500000000000000000 ) ) ;
#3836 = CARTESIAN_POINT ( 'NONE',  ( -24.02197802197775189, 6.829670329669523809, 0.000000000000000000 ) ) ;
#3837 = DIRECTION ( 'NONE',  ( -0.000000000000000000, -0.000000000000000000, -1.000000000000000000 ) ) ;
#3838 = ORIENTED_EDGE ( 'NONE', *, *, #7198, .T. ) ;
#3839 = EDGE_CURVE ( 'NONE', #1004, #7391, #2724, .T. ) ;
#3840 = ORIENTED_EDGE ( 'NONE', *, *, #6672, .T. ) ;
#3841 = CC_DESIGN_PERSON_AND_ORGANIZATION_ASSIGNMENT ( #4273, #3023, ( #3258 ) ) ;
#3842 = ORIENTED_EDGE ( 'NONE', *, *, #4999, .T. ) ;
#3843 = CARTESIAN_POINT ( 'NONE',  ( -19.90000000000013003, -9.533389665946998473E-14, 80.00000000000000000 ) ) ;
#3844 = AXIS2_PLACEMENT_3D ( 'NONE', #6679, #3091, #5478 ) ;
#3845 = PLANE ( 'NONE',  #3901 ) ;
#3846 = ORIENTED_EDGE ( 'NONE', *, *, #4672, .F. ) ;
#3847 = PLANE ( 'NONE',  #197 ) ;
#3848 = DIRECTION ( 'NONE',  ( -0.000000000000000000, 0.000000000000000000, 1.000000000000000000 ) ) ;
#3850 = ORIENTED_EDGE ( 'NONE', *, *, #4313, .F. ) ;
#3849 = ORIENTED_EDGE ( 'NONE', *, *, #3068, .T. ) ;
#3851 = EDGE_CURVE ( 'NONE', #6806, #6365, #2144, .T. ) ;
#3852 = PERSON_AND_ORGANIZATION ( #2152, #3857 ) ;
#3853 = LINE ( 'NONE', #1476, #5882 ) ;
#3854 = DIRECTION ( 'NONE',  ( 9.089286411741724101E-15, -1.000000000000000000, 0.000000000000000000 ) ) ;
#3855 = DIRECTION ( 'NONE',  ( 0.000000000000000000, 0.000000000000000000, 1.000000000000000000 ) ) ;
#3856 = VERTEX_POINT ( 'NONE', #323 ) ;
#3857 = ORGANIZATION ( '未指定', '未指定', '' ) ;
#3858 = EDGE_CURVE ( 'NONE', #5096, #6955, #5582, .T. ) ;
#3859 = DIRECTION ( 'NONE',  ( -1.107447467063593649E-14, 1.000000000000000000, 1.757915971925496724E-16 ) ) ;
#3860 = ORIENTED_EDGE ( 'NONE', *, *, #2765, .T. ) ;
#3861 = CARTESIAN_POINT ( 'NONE',  ( 0.04999999907795427134, 0.000000000000000000, 0.000000000000000000 ) ) ;
#3862 = LINE ( 'NONE', #908, #4943 ) ;
#3863 = CARTESIAN_POINT ( 'NONE',  ( -15.90000000000110347, 18.42421244450403961, 80.00000000000000000 ) ) ;
#3864 = EDGE_CURVE ( 'NONE', #2739, #4638, #2799, .T. ) ;
#3865 = PLANE ( 'NONE',  #6428 ) ;
#3866 = FACE_OUTER_BOUND ( 'NONE', #4344, .T. ) ;
#3867 = ADVANCED_FACE ( 'NONE', ( #7529 ), #6387, .T. ) ;
#3868 = VERTEX_POINT ( 'NONE', #2179 ) ;
#3869 = ORIENTED_EDGE ( 'NONE', *, *, #2294, .T. ) ;
#3870 = FACE_OUTER_BOUND ( 'NONE', #2050, .T. ) ;
#3871 = DIRECTION ( 'NONE',  ( -0.000000000000000000, -0.000000000000000000, -1.000000000000000000 ) ) ;
#3872 = ADVANCED_FACE ( 'NONE', ( #6280 ), #1518, .T. ) ;
#3873 = CIRCLE ( 'NONE', #5243, 0.4629171123666682153 ) ;
#3874 = CARTESIAN_POINT ( 'NONE',  ( 0.000000000000000000, -1.449999999999999956, -0.2899999999999999800 ) ) ;
#3875 = CARTESIAN_POINT ( 'NONE',  ( -23.80853464880189563, 16.19999999999974349, 80.00000000000000000 ) ) ;
#3876 = EDGE_CURVE ( 'NONE', #2463, #3259, #5447, .T. ) ;
#3877 = ORIENTED_EDGE ( 'NONE', *, *, #4896, .T. ) ;
#3878 = ORIENTED_EDGE ( 'NONE', *, *, #5305, .T. ) ;
#3879 = ORIENTED_EDGE ( 'NONE', *, *, #5016, .T. ) ;
#3880 = CARTESIAN_POINT ( 'NONE',  ( -24.02197802197775189, 6.829670329669523809, -0.9999999999999859002 ) ) ;
#3881 = CARTESIAN_POINT ( 'NONE',  ( -22.92226674140376730, 2.780329925644124511, 80.00000000000000000 ) ) ;
#3882 = ADVANCED_FACE ( 'NONE', ( #5700 ), #5738, .F. ) ;
#3883 = VERTEX_POINT ( 'NONE', #6352 ) ;
#3884 = CARTESIAN_POINT ( 'NONE',  ( 25.57802197802224597, -6.570329670329666527, -1.500000000000000000 ) ) ;
#3885 = LINE ( 'NONE', #3805, #3737 ) ;
#3886 = CIRCLE ( 'NONE', #6614, 0.5666666666668263019 ) ;
#3888 = ORIENTED_EDGE ( 'NONE', *, *, #1866, .F. ) ;
#3887 = ORIENTED_EDGE ( 'NONE', *, *, #1986, .F. ) ;
#3889 = CALENDAR_DATE ( 2020, 16, 10 ) ;
#3890 = DIRECTION ( 'NONE',  ( 0.7071067811865482389, 0.000000000000000000, 0.7071067811865469066 ) ) ;
#3891 = CARTESIAN_POINT ( 'NONE',  ( 0.7500000000000000000, 0.2899999999999999800, 0.2899999999999999800 ) ) ;
#3892 = CARTESIAN_POINT ( 'NONE',  ( -26.72197802197803895, 7.029670329669723827, -1.500000000000000000 ) ) ;
#3893 = VERTEX_POINT ( 'NONE', #5806 ) ;
#3894 = EDGE_CURVE ( 'NONE', #2507, #7432, #1817, .T. ) ;
#3895 = DIRECTION ( 'NONE',  ( -0.000000000000000000, 0.000000000000000000, 1.000000000000000000 ) ) ;
#3896 = ORIENTED_EDGE ( 'NONE', *, *, #6672, .F. ) ;
#3897 = AXIS2_PLACEMENT_3D ( 'NONE', #3184, #5572, #4895 ) ;
#3898 = DIRECTION ( 'NONE',  ( 1.000000000000000000, 0.000000000000000000, 0.000000000000000000 ) ) ;
#3899 = CARTESIAN_POINT ( 'NONE',  ( -27.19999999999958007, 11.99999999999969447, 80.00000000000000000 ) ) ;
#3900 = VECTOR ( 'NONE', #4275, 1000.000000000000000 ) ;
#3901 = AXIS2_PLACEMENT_3D ( 'NONE', #4391, #6298, #2631 ) ;
#3902 = CARTESIAN_POINT ( 'NONE',  ( -3.445352049422615970, 18.33710622225178355, 0.000000000000000000 ) ) ;
#3903 = ORIENTED_EDGE ( 'NONE', *, *, #625, .F. ) ;
#3904 = AXIS2_PLACEMENT_3D ( 'NONE', #2865, #4703, #570 ) ;
#3905 = APPROVAL_STATUS ( 'not_yet_approved' ) ;
#3906 = ADVANCED_FACE ( 'NONE', ( #981 ), #2107, .T. ) ;
#3907 = LOCAL_TIME ( 15, 21, 11.00000000000000000, #4054 ) ;
#3908 = CARTESIAN_POINT ( 'NONE',  ( -15.00000000000053824, 18.46341459489667969, 80.00000000000000000 ) ) ;
#3909 = LINE ( 'NONE', #5125, #2985 ) ;
#3910 = DIRECTION ( 'NONE',  ( 1.000000000000000000, 0.000000000000000000, 0.000000000000000000 ) ) ;
#3911 = DIRECTION ( 'NONE',  ( -0.000000000000000000, -0.000000000000000000, -1.000000000000000000 ) ) ;
#3912 = CARTESIAN_POINT ( 'NONE',  ( 24.07802197802224597, -6.570329670329666527, -1.500000000000000000 ) ) ;
#3913 = ORIENTED_EDGE ( 'NONE', *, *, #1866, .T. ) ;
#3914 = EDGE_CURVE ( 'NONE', #1443, #3287, #2685, .T. ) ;
#3915 = LINE ( 'NONE', #3843, #4195 ) ;
#3916 = CARTESIAN_POINT ( 'NONE',  ( -24.02197802197775189, -6.570329670329666527, -1.500000000000000000 ) ) ;
#3917 = EDGE_CURVE ( 'NONE', #2127, #3449, #3568, .T. ) ;
#3918 = LINE ( 'NONE', #6224, #1034 ) ;
#3919 = ORIENTED_EDGE ( 'NONE', *, *, #4642, .F. ) ;
#3920 = DIRECTION ( 'NONE',  ( 1.000000000000000000, 0.000000000000000000, 0.000000000000000000 ) ) ;
#3921 = ORIENTED_EDGE ( 'NONE', *, *, #7055, .F. ) ;
#3923 = ORIENTED_EDGE ( 'NONE', *, *, #693, .F. ) ;
#3922 = ORIENTED_EDGE ( 'NONE', *, *, #5357, .F. ) ;
#3924 = AXIS2_PLACEMENT_3D ( 'NONE', #3014, #1920, #70 ) ;
#3925 = EDGE_CURVE ( 'NONE', #6544, #3221, #1464, .T. ) ;
#3926 = COORDINATED_UNIVERSAL_TIME_OFFSET ( 8, 0, .AHEAD. ) ;
#3927 = CARTESIAN_POINT ( 'NONE',  ( 5.000000000002372325, 17.69999999999965823, 0.000000000000000000 ) ) ;
#3928 = DIRECTION ( 'NONE',  ( 0.000000000000000000, 0.000000000000000000, -1.000000000000000000 ) ) ;
#3929 = FACE_OUTER_BOUND ( 'NONE', #2413, .T. ) ;
#3930 = ORIENTED_EDGE ( 'NONE', *, *, #247, .F. ) ;
#3931 = CIRCLE ( 'NONE', #2421, 0.4629171123666838694 ) ;
#3932 = LINE ( 'NONE', #1011, #695 ) ;
#3933 = AXIS2_PLACEMENT_3D ( 'NONE', #3456, #4705, #1124 ) ;
#3935 = EDGE_CURVE ( 'NONE', #3121, #7179, #6240, .T. ) ;
#3934 = ORIENTED_EDGE ( 'NONE', *, *, #4414, .T. ) ;
#3936 = CC_DESIGN_PERSON_AND_ORGANIZATION_ASSIGNMENT ( #3344, #3810, ( #6032 ) ) ;
#3937 = DIRECTION ( 'NONE',  ( -0.000000000000000000, 0.000000000000000000, 1.000000000000000000 ) ) ;
#3938 = DIRECTION ( 'NONE',  ( -1.000000000000000000, 0.000000000000000000, 0.000000000000000000 ) ) ;
#3939 = CIRCLE ( 'NONE', #699, 0.2499999999998545053 ) ;
#3940 = DIRECTION ( 'NONE',  ( 0.000000000000000000, 0.000000000000000000, 1.000000000000000000 ) ) ;
#3941 = ORIENTED_EDGE ( 'NONE', *, *, #1745, .F. ) ;
#3942 = AXIS2_PLACEMENT_3D ( 'NONE', #1978, #4484, #1008 ) ;
#3943 = PERSON_AND_ORGANIZATION_ROLE ( 'classification_officer' ) ;
#3944 = DIRECTION ( 'NONE',  ( -1.000000000000000000, 0.000000000000000000, 0.000000000000000000 ) ) ;
#3945 = DIRECTION ( 'NONE',  ( -1.000000000000000000, 0.000000000000000000, 0.000000000000000000 ) ) ;
#3946 = VECTOR ( 'NONE', #7236, 1000.000000000000000 ) ;
#3947 = VECTOR ( 'NONE', #423, 1000.000000000000000 ) ;
#3948 = EDGE_CURVE ( 'NONE', #4035, #7464, #5931, .T. ) ;
#3949 = CARTESIAN_POINT ( 'NONE',  ( -13.90000000000110347, 18.42421244450406093, 80.00000000000000000 ) ) ;
#3950 = CARTESIAN_POINT ( 'NONE',  ( 24.54641661169563704, 3.667313529925644744, 80.00000000000000000 ) ) ;
#3951 = VECTOR ( 'NONE', #4901, 1000.000000000000000 ) ;
#3952 = ORIENTED_EDGE ( 'NONE', *, *, #7600, .F. ) ;
#3953 = VERTEX_POINT ( 'NONE', #4711 ) ;
#3954 = CIRCLE ( 'NONE', #2825, 0.2499999999998059330 ) ;
#3955 = CARTESIAN_POINT ( 'NONE',  ( 25.77802197802195394, -6.770329670329644500, -1.500000000000000000 ) ) ;
#3956 = DIRECTION ( 'NONE',  ( -1.000000000000000000, -9.581296146679602814E-15, 0.000000000000000000 ) ) ;
#3957 = DIRECTION ( 'NONE',  ( -1.000000000000000000, -1.084202172485628601E-14, 0.000000000000000000 ) ) ;
#3958 = VERTEX_POINT ( 'NONE', #1740 ) ;
#3959 = DIRECTION ( 'NONE',  ( -0.000000000000000000, 0.000000000000000000, 1.000000000000000000 ) ) ;
#3960 = VERTEX_POINT ( 'NONE', #7091 ) ;
#3962 = ORIENTED_EDGE ( 'NONE', *, *, #1815, .T. ) ;
#3961 = VERTEX_POINT ( 'NONE', #543 ) ;
#3963 = EDGE_CURVE ( 'NONE', #417, #5736, #5817, .T. ) ;
#3964 = PERSON_AND_ORGANIZATION ( #2152, #3857 ) ;
#3965 = VECTOR ( 'NONE', #2215, 1000.000000000000000 ) ;
#3966 = CARTESIAN_POINT ( 'NONE',  ( -24.13654285052883353, 14.31394289005013754, 80.00000000000000000 ) ) ;
#3967 = LINE ( 'NONE', #2753, #7066 ) ;
#3968 = CARTESIAN_POINT ( 'NONE',  ( 23.80501256289329959, 16.20000000000024087, 80.00000000000000000 ) ) ;
#3969 = ORIENTED_EDGE ( 'NONE', *, *, #5023, .T. ) ;
#3970 = ADVANCED_FACE ( 'NONE', ( #7682 ), #7639, .T. ) ;
#3971 = DIRECTION ( 'NONE',  ( 1.000000000000000000, 0.000000000000000000, 0.000000000000000000 ) ) ;
#3972 = VECTOR ( 'NONE', #2927, 1000.000000000000000 ) ;
#3973 = ORIENTED_EDGE ( 'NONE', *, *, #399, .F. ) ;
#3974 = DIRECTION ( 'NONE',  ( 1.000000000000000000, 9.462128050787431630E-15, 0.000000000000000000 ) ) ;
#3975 = CARTESIAN_POINT ( 'NONE',  ( 0.7500000000000000000, 0.2899999999999999800, -0.2899999999999999800 ) ) ;
#3976 = CC_DESIGN_APPROVAL ( #1823, ( #1 ) ) ;
#3977 = EDGE_CURVE ( 'NONE', #4023, #6050, #5876, .T. ) ;
#3978 = ORIENTED_EDGE ( 'NONE', *, *, #1016, .T. ) ;
#3979 = ITEM_DEFINED_TRANSFORMATION ( 'NONE', 'NONE', #5105,  #2222 ) ;
#3980 = CARTESIAN_POINT ( 'NONE',  ( 0.7500000000000000000, -0.5900000000000001910, -0.5900000000000001910 ) ) ;
#3981 = CIRCLE ( 'NONE', #4726, 0.5666666666667812269 ) ;
#3982 = DIRECTION ( 'NONE',  ( -1.000000000000000000, -1.090397613471117676E-14, 0.000000000000000000 ) ) ;
#3983 = EDGE_CURVE ( 'NONE', #1147, #3219, #7014, .T. ) ;
#3984 = DIRECTION ( 'NONE',  ( 0.000000000000000000, 0.000000000000000000, 1.000000000000000000 ) ) ;
#3985 = LINE ( 'NONE', #993, #1710 ) ;
#3986 = CARTESIAN_POINT ( 'NONE',  ( 19.90000000000028635, 18.42421244450403250, 80.00000000000000000 ) ) ;
#3987 = ORIENTED_EDGE ( 'NONE', *, *, #5183, .F. ) ;
#3988 = DIRECTION ( 'NONE',  ( 1.000000000000000000, 0.000000000000000000, 0.000000000000000000 ) ) ;
#3989 = CARTESIAN_POINT ( 'NONE',  ( -15.90000000000110347, 18.42421244450403961, 0.000000000000000000 ) ) ;
#3990 = CARTESIAN_POINT ( 'NONE',  ( -26.93333333333285751, 4.499999999999445777, 80.00000000000000000 ) ) ;
#3991 = ORIENTED_EDGE ( 'NONE', *, *, #3666, .T. ) ;
#3992 = CARTESIAN_POINT ( 'NONE',  ( 22.92226674140373888, 2.304596517118111597E-13, 0.000000000000000000 ) ) ;
#3993 = EDGE_LOOP ( 'NONE', ( #2201, #1798, #5580, #4734 ) ) ;
#3994 = DESIGN_CONTEXT ( 'detailed design', #3611, 'design' ) ;
#3996 = VERTEX_POINT ( 'NONE', #581 ) ;
#3995 = EDGE_LOOP ( 'NONE', ( #6821, #1760, #6479, #7180 ) ) ;
#3997 = SECURITY_CLASSIFICATION_LEVEL ( 'unclassified' ) ;
#3998 = CARTESIAN_POINT ( 'NONE',  ( 25.00000000000013500, 2.618611004132364279E-13, 80.00000000000000000 ) ) ;
#3999 = EDGE_CURVE ( 'NONE', #6675, #5633, #7052, .T. ) ;
#4000 = CARTESIAN_POINT ( 'NONE',  ( 24.23302076461970955, 3.909141912406909114, 80.00000000000000000 ) ) ;
#4001 = FACE_OUTER_BOUND ( 'NONE', #810, .T. ) ;
#4002 = DIRECTION ( 'NONE',  ( 0.000000000000000000, 0.000000000000000000, 1.000000000000000000 ) ) ;
#4003 = ORIENTED_EDGE ( 'NONE', *, *, #7292, .T. ) ;
#4004 = VECTOR ( 'NONE', #4908, 1000.000000000000000 ) ;
#4005 = CARTESIAN_POINT ( 'NONE',  ( 0.04999999907795427134, 2.694222957577184306E-16, 2.199999999106694304 ) ) ;
#4006 = DIRECTION ( 'NONE',  ( 1.000000000000000000, 0.000000000000000000, 0.000000000000000000 ) ) ;
#4007 = EDGE_CURVE ( 'NONE', #7541, #1003, #5195, .T. ) ;
#4008 = CARTESIAN_POINT ( 'NONE',  ( 24.23302076461970955, 0.000000000000000000, 0.000000000000000000 ) ) ;
#4009 = CARTESIAN_POINT ( 'NONE',  ( -9.000000000001655565, -1.022544721320983645E-13, 0.000000000000000000 ) ) ;
#4010 = EDGE_CURVE ( 'NONE', #1782, #7423, #4747, .T. ) ;
#4011 = VECTOR ( 'NONE', #5927, 1000.000000000000000 ) ;
#4012 = VERTEX_POINT ( 'NONE', #6426 ) ;
#4013 = ORIENTED_EDGE ( 'NONE', *, *, #4753, .F. ) ;
#4014 = CONTEXT_DEPENDENT_SHAPE_REPRESENTATION ( #2028, #7435 ) ;
#4015 = EDGE_CURVE ( 'NONE', #5634, #3319, #5260, .T. ) ;
#4016 = VECTOR ( 'NONE', #7269, 1000.000000000000000 ) ;
#4017 = CARTESIAN_POINT ( 'NONE',  ( 17.90000000000090097, 1.715052010255472467E-13, 80.00000000000000000 ) ) ;
#4018 = DIRECTION ( 'NONE',  ( 1.000000000000000000, 0.000000000000000000, 0.000000000000000000 ) ) ;
#4019 = CYLINDRICAL_SURFACE ( 'NONE', #4929, 0.4629171123666682153 ) ;
#4020 = DIRECTION ( 'NONE',  ( 1.000000000000000000, 1.140313919232206758E-14, 0.000000000000000000 ) ) ;
#4021 = ORIENTED_EDGE ( 'NONE', *, *, #3282, .T. ) ;
#4022 = VECTOR ( 'NONE', #4945, 1000.000000000000000 ) ;
#4023 = VERTEX_POINT ( 'NONE', #4161 ) ;
#4024 = APPROVAL_PERSON_ORGANIZATION ( #6682, #6503, #3634 ) ;
#4025 = EDGE_CURVE ( 'NONE', #1391, #305, #4126, .T. ) ;
#4026 = CARTESIAN_POINT ( 'NONE',  ( 0.7499999999999997780, -0.2899999999999999800, -1.016987298107779658 ) ) ;
#4027 = EDGE_CURVE ( 'NONE', #1147, #5031, #5297, .T. ) ;
#4028 = DIRECTION ( 'NONE',  ( -0.000000000000000000, -0.000000000000000000, -1.000000000000000000 ) ) ;
#4029 = CARTESIAN_POINT ( 'NONE',  ( -27.49999999999948841, 11.49999999999967315, 0.000000000000000000 ) ) ;
#4030 = ORIENTED_EDGE ( 'NONE', *, *, #5380, .F. ) ;
#4031 = CARTESIAN_POINT ( 'NONE',  ( 15.90000000000134328, 1.523426087321952418E-13, 80.00000000000000000 ) ) ;
#4032 = AXIS2_PLACEMENT_3D ( 'NONE', #7144, #1793, #4179 ) ;
#4033 = ORIENTED_EDGE ( 'NONE', *, *, #4192, .T. ) ;
#4035 = VERTEX_POINT ( 'NONE', #1165 ) ;
#4034 = ORIENTED_EDGE ( 'NONE', *, *, #2379, .T. ) ;
#4036 = COORDINATED_UNIVERSAL_TIME_OFFSET ( 8, 0, .AHEAD. ) ;
#4037 = CARTESIAN_POINT ( 'NONE',  ( -13.00000000000098055, 18.46341459489510939, 80.00000000000000000 ) ) ;
#4038 = LINE ( 'NONE', #4704, #5449 ) ;
#4039 = FACE_BOUND ( 'NONE', #5595, .T. ) ;
#4040 = DIRECTION ( 'NONE',  ( -1.000000000000000000, 0.000000000000000000, 0.000000000000000000 ) ) ;
#4041 = ORIENTED_EDGE ( 'NONE', *, *, #5258, .T. ) ;
#4042 = VECTOR ( 'NONE', #5613, 1000.000000000000000 ) ;
#4043 = CYLINDRICAL_SURFACE ( 'NONE', #2428, 0.5666666666667014018 ) ;
#4044 = EDGE_CURVE ( 'NONE', #411, #6144, #3535, .T. ) ;
#4045 = DIRECTION ( 'NONE',  ( -1.000000000000000000, 0.000000000000000000, 0.000000000000000000 ) ) ;
#4046 = DIRECTION ( 'NONE',  ( -1.000000000000000000, 0.000000000000000000, 0.000000000000000000 ) ) ;
#4047 = CARTESIAN_POINT ( 'NONE',  ( -27.19999999999952323, 6.999999999999642952, 0.000000000000000000 ) ) ;
#4048 = ADVANCED_FACE ( 'NONE', ( #6538 ), #2838, .T. ) ;
#4049 = AXIS2_PLACEMENT_3D ( 'NONE', #1577, #6339, #1000 ) ;
#4050 = AXIS2_PLACEMENT_3D ( 'NONE', #5092, #3793, #1495 ) ;
#4051 = ORIENTED_EDGE ( 'NONE', *, *, #889, .T. ) ;
#4052 = EDGE_LOOP ( 'NONE', ( #3120, #5508, #7585, #7368 ) ) ;
#4053 = ADVANCED_FACE ( 'NONE', ( #2955 ), #1702, .F. ) ;
#4054 = COORDINATED_UNIVERSAL_TIME_OFFSET ( 8, 0, .AHEAD. ) ;
#4055 = AXIS2_PLACEMENT_3D ( 'NONE', #3015, #5406, #3180 ) ;
#4056 = DIRECTION ( 'NONE',  ( 9.637352644317844976E-15, -1.000000000000000000, 0.000000000000000000 ) ) ;
#4057 = CARTESIAN_POINT ( 'NONE',  ( -11.44535204942106787, 18.33710622225169828, 80.00000000000000000 ) ) ;
#4058 = EDGE_CURVE ( 'NONE', #1761, #6350, #5226, .T. ) ;
#4059 = DIRECTION ( 'NONE',  ( -0.000000000000000000, -0.000000000000000000, -1.000000000000000000 ) ) ;
#4060 = DIRECTION ( 'NONE',  ( 1.136160801469574582E-14, -1.000000000000000000, 0.000000000000000000 ) ) ;
#4061 = DIRECTION ( 'NONE',  ( -1.077895816501455277E-14, 1.000000000000000000, 0.000000000000000000 ) ) ;
#4062 = VECTOR ( 'NONE', #52, 1000.000000000000000 ) ;
#4063 = VERTEX_POINT ( 'NONE', #1238 ) ;
#4064 = CARTESIAN_POINT ( 'NONE',  ( -3.455527394079924429E-14, 3.030329925644136946, 80.00000000000000000 ) ) ;
#4065 = CARTESIAN_POINT ( 'NONE',  ( -1.674796664989347380E-13, 17.69999999999962270, 0.000000000000000000 ) ) ;
#4066 = AXIS2_PLACEMENT_3D ( 'NONE', #3573, #5339, #4 ) ;
#4067 = CARTESIAN_POINT ( 'NONE',  ( 25.00000000000015632, 18.79999999999974847, 0.000000000000000000 ) ) ;
#4068 = EDGE_LOOP ( 'NONE', ( #6306, #2277, #4972, #5594 ) ) ;
#4069 = EDGE_CURVE ( 'NONE', #1055, #7645, #1131, .T. ) ;
#4070 = DIRECTION ( 'NONE',  ( -0.000000000000000000, 0.000000000000000000, 1.000000000000000000 ) ) ;
#4071 = EDGE_LOOP ( 'NONE', ( #481, #405, #5832, #1980 ) ) ;
#4073 = ORIENTED_EDGE ( 'NONE', *, *, #858, .T. ) ;
#4072 = VERTEX_POINT ( 'NONE', #505 ) ;
#4074 = AXIS2_PLACEMENT_3D ( 'NONE', #1229, #1344, #5942 ) ;
#4075 = VECTOR ( 'NONE', #4089, 1000.000000000000000 ) ;
#4076 = PERSON_AND_ORGANIZATION_ROLE ( 'design_supplier' ) ;
#4077 = AXIS2_PLACEMENT_3D ( 'NONE', #1082, #1694, #5868 ) ;
#4078 = CARTESIAN_POINT ( 'NONE',  ( -15.90000000000092761, -1.523426087322145531E-13, 80.00000000000000000 ) ) ;
#4079 = DIRECTION ( 'NONE',  ( -0.000000000000000000, -0.000000000000000000, -1.000000000000000000 ) ) ;
#4080 = DIRECTION ( 'NONE',  ( -0.000000000000000000, -0.000000000000000000, -1.000000000000000000 ) ) ;
#4081 = CARTESIAN_POINT ( 'NONE',  ( 23.79999999999986215, 2.700000000000517986, 80.00000000000000000 ) ) ;
#4082 = ORIENTED_EDGE ( 'NONE', *, *, #4587, .T. ) ;
#4083 = AXIS2_PLACEMENT_3D ( 'NONE', #3775, #244, #6659 ) ;
#4084 = DIRECTION ( 'NONE',  ( 1.000000000000000000, 0.000000000000000000, 0.000000000000000000 ) ) ;
#4085 = CC_DESIGN_PERSON_AND_ORGANIZATION_ASSIGNMENT ( #224, #3360, ( #5035 ) ) ;
#4086 = EDGE_CURVE ( 'NONE', #2748, #6007, #7603, .T. ) ;
#4087 = AXIS2_PLACEMENT_3D ( 'NONE', #3711, #6091, #759 ) ;
#4088 = FACE_OUTER_BOUND ( 'NONE', #4109, .T. ) ;
#4089 = DIRECTION ( 'NONE',  ( -0.000000000000000000, -0.000000000000000000, -1.000000000000000000 ) ) ;
#4090 = DIRECTION ( 'NONE',  ( 1.000000000000000000, 0.000000000000000000, 0.000000000000000000 ) ) ;
#4091 = ADVANCED_FACE ( 'NONE', ( #3104 ), #116, .T. ) ;
#4092 = VECTOR ( 'NONE', #1714, 1000.000000000000000 ) ;
#4093 = ORIENTED_EDGE ( 'NONE', *, *, #7606, .F. ) ;
#4094 = ORIENTED_EDGE ( 'NONE', *, *, #1822, .T. ) ;
#4095 = PRODUCT_DEFINITION_FORMATION_WITH_SPECIFIED_SOURCE ( '任何', '', #6032, .NOT_KNOWN. ) ;
#4096 = CALENDAR_DATE ( 2020, 16, 10 ) ;
#4097 = EDGE_CURVE ( 'NONE', #548, #5255, #6740, .T. ) ;
#4098 = CARTESIAN_POINT ( 'NONE',  ( -27.19999999999955165, 9.999999999999692690, 80.00000000000000000 ) ) ;
#4099 = DIRECTION ( 'NONE',  ( -0.7071067811865482389, 8.659560562354941486E-17, 0.7071067811865469066 ) ) ;
#4100 = CC_DESIGN_APPROVAL ( #5316, ( #7475 ) ) ;
#4101 = CARTESIAN_POINT ( 'NONE',  ( -27.49999999999939249, 6.499999999999669598, 80.00000000000000000 ) ) ;
#4102 = DIRECTION ( 'NONE',  ( 0.000000000000000000, 1.000000000000000000, -0.000000000000000000 ) ) ;
#4103 = CARTESIAN_POINT ( 'NONE',  ( -3.900000000002906475, -3.970249590782710876E-14, 80.00000000000000000 ) ) ;
#4104 = VERTEX_POINT ( 'NONE', #5534 ) ;
#4105 = VECTOR ( 'NONE', #7245, 1000.000000000000000 ) ;
#4106 = CARTESIAN_POINT ( 'NONE',  ( 9.900000000002055600, 17.69999999999970797, 80.00000000000000000 ) ) ;
#4107 = DIRECTION ( 'NONE',  ( 0.000000000000000000, 0.000000000000000000, 1.000000000000000000 ) ) ;
#4108 = CARTESIAN_POINT ( 'NONE',  ( -1.674796664988684737E-13, 17.69999999999982165, 80.00000000000000000 ) ) ;
#4109 = EDGE_LOOP ( 'NONE', ( #4548, #5953, #1338, #5220 ) ) ;
#4110 = EDGE_CURVE ( 'NONE', #694, #6257, #3729, .T. ) ;
#4111 = CARTESIAN_POINT ( 'NONE',  ( 26.93333333333335489, 11.50000000000023803, 80.00000000000000000 ) ) ;
#4112 = VERTEX_POINT ( 'NONE', #6653 ) ;
#4114 = ORIENTED_EDGE ( 'NONE', *, *, #4298, .F. ) ;
#4113 = ORIENTED_EDGE ( 'NONE', *, *, #1653, .F. ) ;
#4115 = COORDINATED_UNIVERSAL_TIME_OFFSET ( 8, 0, .AHEAD. ) ;
#4116 = LINE ( 'NONE', #5251, #545 ) ;
#4117 = ADVANCED_FACE ( 'NONE', ( #5983 ), #655, .T. ) ;
#4118 = AXIS2_PLACEMENT_3D ( 'NONE', #6593, #2934, #636 ) ;
#4119 = CARTESIAN_POINT ( 'NONE',  ( -17.44535204942018325, 18.33710622225163434, 80.00000000000000000 ) ) ;
#4120 = CARTESIAN_POINT ( 'NONE',  ( 3.899999999996935252, 18.42421244450413553, 0.000000000000000000 ) ) ;
#4121 = CARTESIAN_POINT ( 'NONE',  ( 15.00000000000060574, 17.69999999999976126, 80.00000000000000000 ) ) ;
#4122 = EDGE_LOOP ( 'NONE', ( #1541, #7300, #6670, #2711 ) ) ;
#4123 = CARTESIAN_POINT ( 'NONE',  ( -26.49999999999996447, -2.925374589033343658E-13, 80.00000000000000000 ) ) ;
#4124 = CARTESIAN_POINT ( 'NONE',  ( 24.48302076461956744, 4.236057109949599386, 0.000000000000000000 ) ) ;
#4125 = EDGE_CURVE ( 'NONE', #4357, #1647, #7567, .T. ) ;
#4126 = LINE ( 'NONE', #5374, #6320 ) ;
#4127 = DIRECTION ( 'NONE',  ( 9.089286411740278908E-15, -1.000000000000000000, 0.000000000000000000 ) ) ;
#4128 = CIRCLE ( 'NONE', #5132, 0.5666666666668194186 ) ;
#4129 = EDGE_CURVE ( 'NONE', #3100, #5633, #5578, .T. ) ;
#4130 = VECTOR ( 'NONE', #4133, 1000.000000000000000 ) ;
#4131 = ORIENTED_EDGE ( 'NONE', *, *, #5258, .F. ) ;
#4132 = APPROVAL_STATUS ( 'not_yet_approved' ) ;
#4133 = DIRECTION ( 'NONE',  ( -9.581296146678135533E-15, 1.000000000000000000, 0.000000000000000000 ) ) ;
#4134 = CYLINDRICAL_SURFACE ( 'NONE', #7482, 0.4629171123666231402 ) ;
#4135 = CARTESIAN_POINT ( 'NONE',  ( 25.77802197802200723, -9.270329670329591210, -1.500000000000000000 ) ) ;
#4136 = CARTESIAN_POINT ( 'NONE',  ( 27.20000000000026574, 6.000000000000306422, 80.00000000000000000 ) ) ;
#4137 = LINE ( 'NONE', #1177, #4011 ) ;
#4138 = ADVANCED_FACE ( 'NONE', ( #4276 ), #7323, .T. ) ;
#4139 = EDGE_LOOP ( 'NONE', ( #3488, #6935, #5470, #2968 ) ) ;
#4140 = VECTOR ( 'NONE', #6753, 1000.000000000000000 ) ;
#4141 = LINE ( 'NONE', #3663, #7105 ) ;
#4142 = CARTESIAN_POINT ( 'NONE',  ( -26.93333333333271895, 12.49999999999967493, 0.000000000000000000 ) ) ;
#4143 = ORIENTED_EDGE ( 'NONE', *, *, #2475, .T. ) ;
#4144 = VECTOR ( 'NONE', #4247, 1000.000000000000000 ) ;
#4145 = CYLINDRICAL_SURFACE ( 'NONE', #1799, 0.5666666666667361518 ) ;
#4146 = ORIENTED_EDGE ( 'NONE', *, *, #6354, .T. ) ;
#4147 = DESIGN_CONTEXT ( 'detailed design', #1766, 'design' ) ;
#4148 = DATE_AND_TIME ( #4151, #5734 ) ;
#4150 = VERTEX_POINT ( 'NONE', #6149 ) ;
#4149 = ORIENTED_EDGE ( 'NONE', *, *, #7403, .T. ) ;
#4151 = CALENDAR_DATE ( 2020, 16, 10 ) ;
#4152 = EDGE_CURVE ( 'NONE', #6007, #305, #847, .T. ) ;
#4153 = VECTOR ( 'NONE', #7081, 1000.000000000000000 ) ;
#4154 = CARTESIAN_POINT ( 'NONE',  ( 4.515812910881320086, 0.000000000000000000, -2.200000000000000178 ) ) ;
#4155 = CARTESIAN_POINT ( 'NONE',  ( -21.00000000000009948, 18.29999999999954241, 0.000000000000000000 ) ) ;
#4156 = CARTESIAN_POINT ( 'NONE',  ( 27.20000000000026219, 8.000000000000309086, 80.00000000000000000 ) ) ;
#4157 = CARTESIAN_POINT ( 'NONE',  ( 0.000000000000000000, 0.000000000000000000, 0.000000000000000000 ) ) ;
#4158 = ORIENTED_EDGE ( 'NONE', *, *, #5742, .T. ) ;
#4159 = EDGE_LOOP ( 'NONE', ( #7505, #5313, #3339, #668 ) ) ;
#4160 = PLANE ( 'NONE',  #1774 ) ;
#4161 = CARTESIAN_POINT ( 'NONE',  ( -25.70000000000042562, 14.31394289005012155, 80.00000000000000000 ) ) ;
#4162 = CARTESIAN_POINT ( 'NONE',  ( 19.00000000000032330, 1.726964418234276941E-13, 0.000000000000000000 ) ) ;
#4163 = EDGE_CURVE ( 'NONE', #2803, #1507, #3063, .T. ) ;
#4165 = ORIENTED_EDGE ( 'NONE', *, *, #3155, .F. ) ;
#4164 = APPROVAL ( #6232, '未指定' ) ;
#4166 = AXIS2_PLACEMENT_3D ( 'NONE', #3884, #5020, #807 ) ;
#4167 = CALENDAR_DATE ( 2020, 16, 10 ) ;
#4168 = CARTESIAN_POINT ( 'NONE',  ( -24.02197802197775189, 6.829670329669523809, -0.9999999999999859002 ) ) ;
#4169 = DIRECTION ( 'NONE',  ( 1.000000000000000000, 0.000000000000000000, 0.000000000000000000 ) ) ;
#4170 = AXIS2_PLACEMENT_3D ( 'NONE', #4695, #7622, #2165 ) ;
#4171 = DIRECTION ( 'NONE',  ( 1.000000000000000000, 9.462128050783626165E-15, 0.000000000000000000 ) ) ;
#4172 = LINE ( 'NONE', #6752, #4599 ) ;
#4173 = CARTESIAN_POINT ( 'NONE',  ( -1.429374607177335181E-13, 14.31394289005037912, 80.00000000000000000 ) ) ;
#4174 = EDGE_CURVE ( 'NONE', #4849, #712, #5453, .T. ) ;
#4175 = EDGE_LOOP ( 'NONE', ( #6848, #3019, #2843, #6188 ) ) ;
#4176 = AXIS2_PLACEMENT_3D ( 'NONE', #1802, #3757, #4854 ) ;
#4177 = CIRCLE ( 'NONE', #5185, 0.2499999999999759359 ) ;
#4178 = FACE_OUTER_BOUND ( 'NONE', #1010, .T. ) ;
#4179 = DIRECTION ( 'NONE',  ( 1.000000000000000000, 0.000000000000000000, 0.000000000000000000 ) ) ;
#4180 = EDGE_CURVE ( 'NONE', #305, #3585, #7275, .T. ) ;
#4181 = ORIENTED_EDGE ( 'NONE', *, *, #61, .F. ) ;
#4182 = AXIS2_PLACEMENT_3D ( 'NONE', #5887, #5992, #665 ) ;
#4183 = CARTESIAN_POINT ( 'NONE',  ( 19.90000000000037161, 9.533389665948485318E-14, 80.00000000000000000 ) ) ;
#4184 = ORIENTED_EDGE ( 'NONE', *, *, #6348, .T. ) ;
#4186 = ORIENTED_EDGE ( 'NONE', *, *, #1114, .F. ) ;
#4185 = ORIENTED_EDGE ( 'NONE', *, *, #3732, .F. ) ;
#4187 = APPROVAL_ROLE ( '' ) ;
#4188 = CARTESIAN_POINT ( 'NONE',  ( 0.7500000000000000000, -0.2899999999999999800, 0.2899999999999999800 ) ) ;
#4189 = DIRECTION ( 'NONE',  ( 1.000000000000000000, 0.000000000000000000, 0.000000000000000000 ) ) ;
#4190 = CARTESIAN_POINT ( 'NONE',  ( -11.00000000000121325, -1.249776881614443357E-13, 0.000000000000000000 ) ) ;
#4191 = LINE ( 'NONE', #3601, #7390 ) ;
#4192 = EDGE_CURVE ( 'NONE', #751, #7667, #1704, .T. ) ;
#4193 = VERTEX_POINT ( 'NONE', #4989 ) ;
#4194 = ORIENTED_EDGE ( 'NONE', *, *, #4432, .T. ) ;
#4195 = VECTOR ( 'NONE', #5643, 1000.000000000000000 ) ;
#4196 = AXIS2_PLACEMENT_3D ( 'NONE', #814, #1977, #2513 ) ;
#4197 = EDGE_CURVE ( 'NONE', #3953, #606, #6067, .T. ) ;
#4198 = CIRCLE ( 'NONE', #849, 0.5666666666667152796 ) ;
#4199 = APPLICATION_PROTOCOL_DEFINITION ( 'international standard', 'config_control_design', 1994, #7655 ) ;
#4200 = CARTESIAN_POINT ( 'NONE',  ( 21.00000000000015987, 18.29999999999975913, 0.000000000000000000 ) ) ;
#4201 = AXIS2_PLACEMENT_3D ( 'NONE', #6405, #3440, #6446 ) ;
#4202 = DIRECTION ( 'NONE',  ( -1.000000000000000000, -4.790648073340857692E-15, 0.000000000000000000 ) ) ;
#4203 = CARTESIAN_POINT ( 'NONE',  ( -7.900000000001980105, 17.69999999999974349, 0.000000000000000000 ) ) ;
#4204 = EDGE_CURVE ( 'NONE', #750, #797, #4322, .T. ) ;
#4205 = ORIENTED_EDGE ( 'NONE', *, *, #3389, .F. ) ;
#4206 = EDGE_LOOP ( 'NONE', ( #6907, #4514, #5361, #5657 ) ) ;
#4207 = CONTEXT_DEPENDENT_SHAPE_REPRESENTATION ( #435, #7351 ) ;
#4208 = VECTOR ( 'NONE', #4575, 1000.000000000000000 ) ;
#4209 = ADVANCED_FACE ( 'NONE', ( #6107 ), #100, .F. ) ;
#4210 = DIRECTION ( 'NONE',  ( -9.581296146679602814E-15, 1.000000000000000000, 0.000000000000000000 ) ) ;
#4211 = DIRECTION ( 'NONE',  ( 1.000000000000000000, 0.000000000000000000, 0.000000000000000000 ) ) ;
#4212 = PLANE ( 'NONE',  #7679 ) ;
#4213 = CARTESIAN_POINT ( 'NONE',  ( 0.7500000000000000000, 0.2900000000000000355, -0.5900000000000003020 ) ) ;
#4214 = FACE_OUTER_BOUND ( 'NONE', #4782, .T. ) ;
#4215 = AXIS2_PLACEMENT_3D ( 'NONE', #3902, #2032, #6284 ) ;
#4216 = VERTEX_POINT ( 'NONE', #3026 ) ;
#4217 = ORIENTED_EDGE ( 'NONE', *, *, #3296, .T. ) ;
#4218 = DIRECTION ( 'NONE',  ( 1.000000000000000000, 9.089286411740278908E-15, -0.000000000000000000 ) ) ;
#4219 = AXIS2_PLACEMENT_3D ( 'NONE', #5624, #4280, #6825 ) ;
#4220 = DIRECTION ( 'NONE',  ( 1.000000000000000000, 0.000000000000000000, 0.000000000000000000 ) ) ;
#4221 = ADVANCED_FACE ( 'NONE', ( #4946 ), #4401, .T. ) ;
#4222 = VERTEX_POINT ( 'NONE', #2436 ) ;
#4223 = CARTESIAN_POINT ( 'NONE',  ( -19.90000000000013003, -9.533389665946998473E-14, 80.00000000000000000 ) ) ;
#4224 = ORIENTED_EDGE ( 'NONE', *, *, #2727, .F. ) ;
#4226 = ORIENTED_EDGE ( 'NONE', *, *, #639, .F. ) ;
#4225 = ORIENTED_EDGE ( 'NONE', *, *, #6618, .F. ) ;
#4227 = APPROVAL_DATE_TIME ( #5362, #6503 ) ;
#4228 = CARTESIAN_POINT ( 'NONE',  ( 0.000000000000000000, 0.5900000000000003020, -0.2899999999999999800 ) ) ;
#4229 = DIRECTION ( 'NONE',  ( -0.000000000000000000, 1.000000000000000000, 0.000000000000000000 ) ) ;
#4230 = LINE ( 'NONE', #804, #7166 ) ;
#4231 = CARTESIAN_POINT ( 'NONE',  ( 13.00000000000104805, 17.69999999999973994, 80.00000000000000000 ) ) ;
#4232 = ORIENTED_EDGE ( 'NONE', *, *, #13, .F. ) ;
#4233 = ORIENTED_EDGE ( 'NONE', *, *, #3296, .F. ) ;
#4234 = CIRCLE ( 'NONE', #5353, 0.4629171123666196985 ) ;
#4235 = SHAPE_REPRESENTATION ( 'YG-J03A-0000-001', ( #2222 ), #3094 ) ;
#4236 = DIRECTION ( 'NONE',  ( 1.000000000000000000, 9.462128050787431630E-15, 0.000000000000000000 ) ) ;
#4237 = FACE_OUTER_BOUND ( 'NONE', #492, .T. ) ;
#4238 = CARTESIAN_POINT ( 'NONE',  ( -4.795933461901400099E-14, 4.486057109949321386, 0.000000000000000000 ) ) ;
#4239 = ORIENTED_EDGE ( 'NONE', *, *, #2347, .F. ) ;
#4240 = AXIS2_PLACEMENT_3D ( 'NONE', #409, #4542, #6919 ) ;
#4241 = ADVANCED_FACE ( 'NONE', ( #4237 ), #6972, .F. ) ;
#4242 = ORIENTED_EDGE ( 'NONE', *, *, #6491, .F. ) ;
#4243 = EDGE_CURVE ( 'NONE', #1001, #1758, #3347, .T. ) ;
#4244 = DIRECTION ( 'NONE',  ( -1.000000000000000000, -9.462128050787475806E-15, 0.000000000000000000 ) ) ;
#4245 = DIRECTION ( 'NONE',  ( -0.8660254037844380415, -0.5000000000000009992, 0.000000000000000000 ) ) ;
#4246 = CARTESIAN_POINT ( 'NONE',  ( -9.900000000001812239, -9.485483185214542438E-14, 0.000000000000000000 ) ) ;
#4247 = DIRECTION ( 'NONE',  ( -0.000000000000000000, -0.000000000000000000, -1.000000000000000000 ) ) ;
#4248 = DIRECTION ( 'NONE',  ( 1.000000000000000000, 0.000000000000000000, 0.000000000000000000 ) ) ;
#4249 = LINE ( 'NONE', #3037, #4480 ) ;
#4250 = DIRECTION ( 'NONE',  ( 1.000000000000000000, 0.000000000000000000, 0.000000000000000000 ) ) ;
#4251 = ORIENTED_EDGE ( 'NONE', *, *, #6909, .T. ) ;
#4252 = ORIENTED_EDGE ( 'NONE', *, *, #61, .T. ) ;
#4253 = FACE_OUTER_BOUND ( 'NONE', #4206, .T. ) ;
#4254 = CARTESIAN_POINT ( 'NONE',  ( -21.00000000000009948, 18.29999999999954241, 80.00000000000000000 ) ) ;
#4255 = ORIENTED_EDGE ( 'NONE', *, *, #7511, .T. ) ;
#4256 = VERTEX_POINT ( 'NONE', #5068 ) ;
#4257 = DIRECTION ( 'NONE',  ( 1.000000000000000000, 0.000000000000000000, 0.000000000000000000 ) ) ;
#4258 = FACE_OUTER_BOUND ( 'NONE', #5980, .T. ) ;
#4259 = VERTEX_POINT ( 'NONE', #3813 ) ;
#4260 = ADVANCED_FACE ( 'NONE', ( #974 ), #6819, .T. ) ;
#4261 = ORIENTED_EDGE ( 'NONE', *, *, #2763, .F. ) ;
#4262 = AXIS2_PLACEMENT_3D ( 'NONE', #7139, #557, #6516 ) ;
#4263 = AXIS2_PLACEMENT_3D ( 'NONE', #5022, #2509, #1389 ) ;
#4264 = APPROVAL ( #7117, '未指定' ) ;
#4265 = APPROVAL_ROLE ( '' ) ;
#4266 = LINE ( 'NONE', #6601, #4572 ) ;
#4267 = LINE ( 'NONE', #2426, #6289 ) ;
#4268 = DIRECTION ( 'NONE',  ( 0.000000000000000000, 0.000000000000000000, 1.000000000000000000 ) ) ;
#4269 = AXIS2_PLACEMENT_3D ( 'NONE', #2089, #963, #3338 ) ;
#4270 = DIRECTION ( 'NONE',  ( 1.000000000000000000, 1.136160801470865474E-14, -0.000000000000000000 ) ) ;
#4271 = ORIENTED_EDGE ( 'NONE', *, *, #6052, .T. ) ;
#4272 = VERTEX_POINT ( 'NONE', #7407 ) ;
#4273 = PERSON_AND_ORGANIZATION ( #2152, #3857 ) ;
#4274 = LOCAL_TIME ( 15, 21, 11.00000000000000000, #6095 ) ;
#4275 = DIRECTION ( 'NONE',  ( 1.000000000000000000, 1.084202172485623868E-14, 0.000000000000000000 ) ) ;
#4276 = FACE_OUTER_BOUND ( 'NONE', #3484, .T. ) ;
#4277 = DIRECTION ( 'NONE',  ( -0.000000000000000000, 0.000000000000000000, 1.000000000000000000 ) ) ;
#4278 = ORIENTED_EDGE ( 'NONE', *, *, #2061, .F. ) ;
#4279 = EDGE_CURVE ( 'NONE', #5397, #3028, #1511, .T. ) ;
#4280 = DIRECTION ( 'NONE',  ( 9.638123632527140217E-15, -1.000000000000000000, 2.797300805201288282E-16 ) ) ;
#4281 = CIRCLE ( 'NONE', #1002, 0.2500000000000245359 ) ;
#4282 = ORIENTED_EDGE ( 'NONE', *, *, #4461, .F. ) ;
#4283 = CARTESIAN_POINT ( 'NONE',  ( -24.48302076461965981, 4.486057109949059374, 80.00000000000000000 ) ) ;
#4284 = DIRECTION ( 'NONE',  ( -0.7071067818211953515, 8.659560554582738721E-17, -0.7071067805518996829 ) ) ;
#4285 = FACE_OUTER_BOUND ( 'NONE', #800, .T. ) ;
#4286 = FACE_OUTER_BOUND ( 'NONE', #7147, .T. ) ;
#4287 = EDGE_CURVE ( 'NONE', #6120, #105, #3967, .T. ) ;
#4288 = DIRECTION ( 'NONE',  ( -1.022544721323234991E-14, 1.000000000000000000, 0.000000000000000000 ) ) ;
#4289 = DIRECTION ( 'NONE',  ( -1.084202172485623868E-14, 1.000000000000000000, 0.000000000000000000 ) ) ;
#4290 = LINE ( 'NONE', #4913, #2891 ) ;
#4291 = VECTOR ( 'NONE', #4351, 1000.000000000000000 ) ;
#4292 = EDGE_CURVE ( 'NONE', #2278, #4387, #351, .T. ) ;
#4293 = VERTEX_POINT ( 'NONE', #4443 ) ;
#4294 = EDGE_LOOP ( 'NONE', ( #2383, #383, #1417, #348 ) ) ;
#4295 = CARTESIAN_POINT ( 'NONE',  ( -26.93333333333268698, 9.499999999999667821, 0.000000000000000000 ) ) ;
#4296 = CIRCLE ( 'NONE', #7668, 1.000000000000042633 ) ;
#4297 = DIRECTION ( 'NONE',  ( -0.000000000000000000, -0.000000000000000000, -1.000000000000000000 ) ) ;
#4298 = EDGE_CURVE ( 'NONE', #6195, #2507, #4517, .T. ) ;
#4299 = ORIENTED_EDGE ( 'NONE', *, *, #2440, .T. ) ;
#4300 = VERTEX_POINT ( 'NONE', #6193 ) ;
#4301 = CYLINDRICAL_SURFACE ( 'NONE', #2802, 1.000000000000122347 ) ;
#4302 = DIRECTION ( 'NONE',  ( 1.000000000000000000, 0.000000000000000000, 0.000000000000000000 ) ) ;
#4303 = ORIENTED_EDGE ( 'NONE', *, *, #3285, .F. ) ;
#4304 = CIRCLE ( 'NONE', #3811, 1.500000000000001332 ) ;
#4305 = VERTEX_POINT ( 'NONE', #4594 ) ;
#4306 = AXIS2_PLACEMENT_3D ( 'NONE', #7575, #3984, #7503 ) ;
#4307 = COORDINATED_UNIVERSAL_TIME_OFFSET ( 8, 0, .AHEAD. ) ;
#4308 = DIRECTION ( 'NONE',  ( -0.000000000000000000, -0.000000000000000000, -1.000000000000000000 ) ) ;
#4309 = CARTESIAN_POINT ( 'NONE',  ( 5.445352049422234053, 18.33710622225209619, 0.000000000000000000 ) ) ;
#4310 = DIRECTION ( 'NONE',  ( -0.7071067811865482389, 8.659560562354941486E-17, 0.7071067811865469066 ) ) ;
#4311 = AXIS2_PLACEMENT_3D ( 'NONE', #909, #1900, #3739 ) ;
#4312 = CARTESIAN_POINT ( 'NONE',  ( -27.49999999999966249, 2.499999999999657163, 80.00000000000000000 ) ) ;
#4313 = EDGE_CURVE ( 'NONE', #6904, #4485, #4483, .T. ) ;
#4314 = ORIENTED_EDGE ( 'NONE', *, *, #5456, .F. ) ;
#4315 = ORIENTED_EDGE ( 'NONE', *, *, #2676, .F. ) ;
#4316 = APPROVAL ( #3176, 'UNKNOWN' ) ;
#4317 = CARTESIAN_POINT ( 'NONE',  ( -25.00000000000008171, 16.29999999999950333, 80.00000000000000000 ) ) ;
#4318 = ORIENTED_EDGE ( 'NONE', *, *, #1353, .F. ) ;
#4319 = AXIS2_PLACEMENT_3D ( 'NONE', #3425, #6388, #6241 ) ;
#4320 = APPROVAL_ROLE ( '' ) ;
#4321 = DIRECTION ( 'NONE',  ( -0.000000000000000000, -0.000000000000000000, -1.000000000000000000 ) ) ;
#4322 = LINE ( 'NONE', #1355, #2578 ) ;
#4323 = LINE ( 'NONE', #5454, #7446 ) ;
#4324 = ORIENTED_EDGE ( 'NONE', *, *, #6790, .F. ) ;
#4325 = EDGE_CURVE ( 'NONE', #7219, #857, #861, .T. ) ;
#4326 = EDGE_LOOP ( 'NONE', ( #3896, #5444, #4662, #4848 ) ) ;
#4327 = VECTOR ( 'NONE', #7617, 1000.000000000000000 ) ;
#4328 = EDGE_CURVE ( 'NONE', #7532, #3679, #2172, .T. ) ;
#4329 = CYLINDRICAL_SURFACE ( 'NONE', #1471, 0.5666666666667812269 ) ;
#4330 = CARTESIAN_POINT ( 'NONE',  ( -17.90000000000065583, 17.69999999999964047, 0.000000000000000000 ) ) ;
#4331 = DIRECTION ( 'NONE',  ( -0.000000000000000000, -0.000000000000000000, -1.000000000000000000 ) ) ;
#4332 = DIRECTION ( 'NONE',  ( -1.000000000000000000, 0.000000000000000000, 0.000000000000000000 ) ) ;
#4333 = DIRECTION ( 'NONE',  ( 1.000000000000000000, 0.000000000000000000, 0.000000000000000000 ) ) ;
#4334 = DIRECTION ( 'NONE',  ( 0.000000000000000000, -0.000000000000000000, -1.000000000000000000 ) ) ;
#4335 = EDGE_LOOP ( 'NONE', ( #6796, #6049, #407, #6002 ) ) ;
#4336 = ORIENTED_EDGE ( 'NONE', *, *, #2815, .T. ) ;
#4337 = VECTOR ( 'NONE', #3128, 1000.000000000000000 ) ;
#4338 = LINE ( 'NONE', #1455, #776 ) ;
#4339 = DIRECTION ( 'NONE',  ( -0.000000000000000000, 0.000000000000000000, 1.000000000000000000 ) ) ;
#4340 = VECTOR ( 'NONE', #631, 1000.000000000000000 ) ;
#4341 = EDGE_LOOP ( 'NONE', ( #7220, #1118, #6487, #528 ) ) ;
#4342 = CARTESIAN_POINT ( 'NONE',  ( -4.795933461900512157E-14, 4.486057109949308952, 80.00000000000000000 ) ) ;
#4343 = LINE ( 'NONE', #103, #6574 ) ;
#4344 = EDGE_LOOP ( 'NONE', ( #4744, #1187, #292, #1571 ) ) ;
#4345 = ORIENTED_EDGE ( 'NONE', *, *, #5106, .T. ) ;
#4346 = EDGE_CURVE ( 'NONE', #1341, #6008, #278, .T. ) ;
#4347 = ORIENTED_EDGE ( 'NONE', *, *, #6403, .T. ) ;
#4348 = SECURITY_CLASSIFICATION_LEVEL ( 'unclassified' ) ;
#4349 = LOCAL_TIME ( 15, 21, 11.00000000000000000, #4036 ) ;
#4350 = CARTESIAN_POINT ( 'NONE',  ( 27.20000000000023732, 9.000000000000175859, 80.00000000000000000 ) ) ;
#4351 = DIRECTION ( 'NONE',  ( 1.000000000000000000, 5.034967257642723031E-16, 0.000000000000000000 ) ) ;
#4352 = DIRECTION ( 'NONE',  ( 1.000000000000000000, 0.000000000000000000, 0.000000000000000000 ) ) ;
#4353 = CARTESIAN_POINT ( 'NONE',  ( 0.7499999999999997780, 1.016987298107780102, 0.2900000000000002021 ) ) ;
#4354 = ORIENTED_EDGE ( 'NONE', *, *, #4069, .F. ) ;
#4355 = DIRECTION ( 'NONE',  ( 1.136160801469574582E-14, -1.000000000000000000, 0.000000000000000000 ) ) ;
#4356 = CARTESIAN_POINT ( 'NONE',  ( -24.79999999999973781, 2.699999999999997513, 80.00000000000000000 ) ) ;
#4358 = ORIENTED_EDGE ( 'NONE', *, *, #4027, .T. ) ;
#4357 = VERTEX_POINT ( 'NONE', #2058 ) ;
#4359 = EDGE_CURVE ( 'NONE', #5172, #2911, #2210, .T. ) ;
#4360 = DATE_AND_TIME ( #7273, #121 ) ;
#4361 = CARTESIAN_POINT ( 'NONE',  ( -1.674796664989363031E-13, 17.69999999999981455, 0.000000000000000000 ) ) ;
#4362 = DIRECTION ( 'NONE',  ( -0.000000000000000000, 0.000000000000000000, 1.000000000000000000 ) ) ;
#4363 = CARTESIAN_POINT ( 'NONE',  ( 25.70000000000050377, 2.728897773692131771E-13, 0.000000000000000000 ) ) ;
#4364 = ORIENTED_EDGE ( 'NONE', *, *, #554, .F. ) ;
#4365 = PRODUCT_DEFINITION_SHAPE ( 'NONE', 'NONE',  #7708 ) ;
#4366 = CARTESIAN_POINT ( 'NONE',  ( -13.60281973967402891, -53.85890285748418194, 51.89293988232975607 ) ) ;
#4367 = ORIENTED_EDGE ( 'NONE', *, *, #3242, .F. ) ;
#4368 = EDGE_CURVE ( 'NONE', #5754, #137, #5655, .T. ) ;
#4369 = CARTESIAN_POINT ( 'NONE',  ( -27.49999999999966249, 2.499999999999657163, 80.00000000000000000 ) ) ;
#4370 = FACE_OUTER_BOUND ( 'NONE', #2241, .T. ) ;
#4371 = CARTESIAN_POINT ( 'NONE',  ( 24.48302076461956744, 4.236057109949599386, 80.00000000000000000 ) ) ;
#4372 = DIRECTION ( 'NONE',  ( -0.000000000000000000, -0.000000000000000000, -1.000000000000000000 ) ) ;
#4373 = CARTESIAN_POINT ( 'NONE',  ( -1.674796664989347380E-13, 17.69999999999962270, 80.00000000000000000 ) ) ;
#4374 = CARTESIAN_POINT ( 'NONE',  ( 0.7500000000000000000, 0.2899999999999999800, -0.2899999999999999800 ) ) ;
#4375 = ORIENTED_EDGE ( 'NONE', *, *, #6134, .T. ) ;
#4376 = EDGE_LOOP ( 'NONE', ( #7474, #1071, #4030, #7231 ) ) ;
#4377 = ORIENTED_EDGE ( 'NONE', *, *, #5957, .T. ) ;
#4378 = FACE_OUTER_BOUND ( 'NONE', #4392, .T. ) ;
#4379 = AXIS2_PLACEMENT_3D ( 'NONE', #6974, #2868, #4040 ) ;
#4380 = CARTESIAN_POINT ( 'NONE',  ( 27.20000000000029416, 5.000000000000169642, 0.000000000000000000 ) ) ;
#4381 = ORIENTED_EDGE ( 'NONE', *, *, #2918, .T. ) ;
#4382 = EDGE_CURVE ( 'NONE', #4385, #6927, #5731, .T. ) ;
#4383 = FACE_OUTER_BOUND ( 'NONE', #5971, .T. ) ;
#4384 = DIRECTION ( 'NONE',  ( 1.000000000000000000, 0.000000000000000000, 0.000000000000000000 ) ) ;
#4385 = VERTEX_POINT ( 'NONE', #5109 ) ;
#4386 = ORIENTED_EDGE ( 'NONE', *, *, #3108, .F. ) ;
#4387 = VERTEX_POINT ( 'NONE', #5029 ) ;
#4388 = CARTESIAN_POINT ( 'NONE',  ( 9.445352049421790852, 18.33710622225214237, 80.00000000000000000 ) ) ;
#4389 = FACE_OUTER_BOUND ( 'NONE', #3297, .T. ) ;
#4390 = FACE_OUTER_BOUND ( 'NONE', #707, .T. ) ;
#4391 = CARTESIAN_POINT ( 'NONE',  ( -1.674796664988662522E-13, 17.69999999999961204, 80.00000000000000000 ) ) ;
#4392 = EDGE_LOOP ( 'NONE', ( #5264, #3786, #2958, #6525 ) ) ;
#4393 = CYLINDRICAL_SURFACE ( 'NONE', #4166, 1.500000000000001332 ) ;
#4394 = DIRECTION ( 'NONE',  ( -0.000000000000000000, -0.000000000000000000, -1.000000000000000000 ) ) ;
#4396 = VERTEX_POINT ( 'NONE', #390 ) ;
#4395 = ORIENTED_EDGE ( 'NONE', *, *, #6491, .T. ) ;
#4397 = EDGE_CURVE ( 'NONE', #309, #1473, #4554, .T. ) ;
#4398 = APPROVAL_ROLE ( '' ) ;
#4399 = CARTESIAN_POINT ( 'NONE',  ( 0.7500000000000000000, 0.5900000000000001910, -0.2899999999999999800 ) ) ;
#4400 = VECTOR ( 'NONE', #144, 1000.000000000000000 ) ;
#4401 = CYLINDRICAL_SURFACE ( 'NONE', #7569, 0.4629171123668807675 ) ;
#4402 = LINE ( 'NONE', #3064, #6937 ) ;
#4403 = VECTOR ( 'NONE', #167, 1000.000000000000000 ) ;
#4404 = ORIENTED_EDGE ( 'NONE', *, *, #3562, .F. ) ;
#4405 = ADVANCED_FACE ( 'NONE', ( #7487 ), #315, .T. ) ;
#4406 = SHAPE_REPRESENTATION_RELATIONSHIP ( 'NONE' , 'NONE' ,  #5336, #6051 ) ;
#4407 = CC_DESIGN_APPROVAL ( #7428, ( #6006 ) ) ;
#4408 = ORIENTED_EDGE ( 'NONE', *, *, #2109, .T. ) ;
#4409 = DIRECTION ( 'NONE',  ( -0.000000000000000000, 0.000000000000000000, 1.000000000000000000 ) ) ;
#4410 = VECTOR ( 'NONE', #4593, 1000.000000000000000 ) ;
#4411 = CARTESIAN_POINT ( 'NONE',  ( -25.70000000000040075, 11.69999999999999751, 0.000000000000000000 ) ) ;
#4412 = DIRECTION ( 'NONE',  ( -1.000000000000000000, -9.462128050787461607E-15, 0.000000000000000000 ) ) ;
#4413 = CC_DESIGN_SECURITY_CLASSIFICATION ( #5664, ( #7711 ) ) ;
#4414 = EDGE_CURVE ( 'NONE', #2095, #3961, #2134, .T. ) ;
#4415 = VECTOR ( 'NONE', #5207, 1000.000000000000000 ) ;
#4416 = CC_DESIGN_PERSON_AND_ORGANIZATION_ASSIGNMENT ( #1271, #2510, ( #1721 ) ) ;
#4417 = CARTESIAN_POINT ( 'NONE',  ( -19.00000000000009948, 18.46341459489342540, 0.000000000000000000 ) ) ;
#4418 = CARTESIAN_POINT ( 'NONE',  ( 0.7500000000000000000, -0.2899999999999999800, 0.2899999999999999800 ) ) ;
#4419 = CYLINDRICAL_SURFACE ( 'NONE', #5517, 0.4629171123669215127 ) ;
#4420 = ORIENTED_EDGE ( 'NONE', *, *, #1503, .F. ) ;
#4421 = VERTEX_POINT ( 'NONE', #6494 ) ;
#4422 = DIRECTION ( 'NONE',  ( -0.000000000000000000, 0.000000000000000000, 1.000000000000000000 ) ) ;
#4423 = DIRECTION ( 'NONE',  ( 0.000000000000000000, 0.000000000000000000, 1.000000000000000000 ) ) ;
#4424 = ORIENTED_EDGE ( 'NONE', *, *, #2910, .F. ) ;
#4425 = EDGE_CURVE ( 'NONE', #6888, #6420, #4198, .T. ) ;
#4426 = DIRECTION ( 'NONE',  ( 1.069075436258702637E-14, -1.000000000000000000, 0.000000000000000000 ) ) ;
#4427 = DIRECTION ( 'NONE',  ( 0.000000000000000000, 0.000000000000000000, 1.000000000000000000 ) ) ;
#4428 = VERTEX_POINT ( 'NONE', #4155 ) ;
#4429 = ORIENTED_EDGE ( 'NONE', *, *, #398, .F. ) ;
#4430 = ORIENTED_EDGE ( 'NONE', *, *, #5119, .T. ) ;
#4431 = CYLINDRICAL_SURFACE ( 'NONE', #7564, 0.2999999999999999889 ) ;
#4432 = EDGE_CURVE ( 'NONE', #400, #1421, #5198, .T. ) ;
#4433 = CARTESIAN_POINT ( 'NONE',  ( 3.445352049416459117, 18.33710622225185460, 0.000000000000000000 ) ) ;
#4434 = ORIENTED_EDGE ( 'NONE', *, *, #7030, .F. ) ;
#4435 = LINE ( 'NONE', #3804, #1181 ) ;
#4436 = CARTESIAN_POINT ( 'NONE',  ( -5.000000000002086331, 18.46341459489362791, 80.00000000000000000 ) ) ;
#4437 = VECTOR ( 'NONE', #178, 1000.000000000000000 ) ;
#4439 = VERTEX_POINT ( 'NONE', #1043 ) ;
#4438 = ORIENTED_EDGE ( 'NONE', *, *, #5183, .T. ) ;
#4440 = DATE_AND_TIME ( #2056, #5955 ) ;
#4441 = AXIS2_PLACEMENT_3D ( 'NONE', #5839, #1732, #498 ) ;
#4442 = DIRECTION ( 'NONE',  ( -0.000000000000000000, 0.000000000000000000, 1.000000000000000000 ) ) ;
#4443 = CARTESIAN_POINT ( 'NONE',  ( -26.52197802197774124, 6.829670329669523809, 0.000000000000000000 ) ) ;
#4444 = CARTESIAN_POINT ( 'NONE',  ( -25.79999999999975202, 2.699999999999997513, 80.00000000000000000 ) ) ;
#4445 = ORIENTED_EDGE ( 'NONE', *, *, #3361, .T. ) ;
#4446 = EDGE_CURVE ( 'NONE', #3315, #3319, #3832, .T. ) ;
#4447 = DIRECTION ( 'NONE',  ( 0.000000000000000000, 0.000000000000000000, 1.000000000000000000 ) ) ;
#4448 = AXIS2_PLACEMENT_3D ( 'NONE', #2525, #4907, #397 ) ;
#4449 = ORIENTED_EDGE ( 'NONE', *, *, #546, .F. ) ;
#4450 = ADVANCED_FACE ( 'NONE', ( #4666 ), #1192, .T. ) ;
#4451 = CARTESIAN_POINT ( 'NONE',  ( 26.93333333333338331, 8.500000000000236255, 80.00000000000000000 ) ) ;
#4452 = DIRECTION ( 'NONE',  ( -0.000000000000000000, 0.000000000000000000, 1.000000000000000000 ) ) ;
#4453 = VECTOR ( 'NONE', #6151, 1000.000000000000000 ) ;
#4454 = FACE_OUTER_BOUND ( 'NONE', #4052, .T. ) ;
#4455 = LINE ( 'NONE', #3698, #213 ) ;
#4456 = CARTESIAN_POINT ( 'NONE',  ( 19.90000000000028990, 17.69999999999981455, 80.00000000000000000 ) ) ;
#4457 = VECTOR ( 'NONE', #1666, 1000.000000000000000 ) ;
#4458 = ORIENTED_EDGE ( 'NONE', *, *, #5439, .T. ) ;
#4459 = VERTEX_POINT ( 'NONE', #1618 ) ;
#4460 = VECTOR ( 'NONE', #7120, 1000.000000000000000 ) ;
#4461 = EDGE_CURVE ( 'NONE', #4272, #1004, #4626, .T. ) ;
#4462 = DIRECTION ( 'NONE',  ( -0.000000000000000000, -1.000000000000000000, 0.000000000000000000 ) ) ;
#4463 = AXIS2_PLACEMENT_3D ( 'NONE', #6747, #4409, #3156 ) ;
#4464 = CYLINDRICAL_SURFACE ( 'NONE', #6236, 0.4629171123669006960 ) ;
#4465 = DIRECTION ( 'NONE',  ( -0.000000000000000000, 0.000000000000000000, 1.000000000000000000 ) ) ;
#4466 = CARTESIAN_POINT ( 'NONE',  ( -24.54641661169580402, 3.667313529925184667, 0.000000000000000000 ) ) ;
#4467 = VERTEX_POINT ( 'NONE', #2355 ) ;
#4468 = ORIENTED_EDGE ( 'NONE', *, *, #2740, .T. ) ;
#4469 = EDGE_CURVE ( 'NONE', #1443, #2378, #6379, .T. ) ;
#4470 = DIRECTION ( 'NONE',  ( -1.000000000000000000, 0.000000000000000000, 0.000000000000000000 ) ) ;
#4471 = EDGE_CURVE ( 'NONE', #1498, #712, #5798, .T. ) ;
#4472 = VECTOR ( 'NONE', #1298, 1000.000000000000000 ) ;
#4473 = DIRECTION ( 'NONE',  ( -0.000000000000000000, -0.000000000000000000, -1.000000000000000000 ) ) ;
#4474 = ORIENTED_EDGE ( 'NONE', *, *, #5790, .F. ) ;
#4475 = LINE ( 'NONE', #3227, #4042 ) ;
#4476 = CARTESIAN_POINT ( 'NONE',  ( 15.00000000000059863, 18.46341459489542558, 80.00000000000000000 ) ) ;
#4477 = UNCERTAINTY_MEASURE_WITH_UNIT (LENGTH_MEASURE( 1.000000000000000082E-05 ), #2111, 'distance_accuracy_value', 'NONE');
#4479 = ORIENTED_EDGE ( 'NONE', *, *, #6117, .T. ) ;
#4478 = ORIENTED_EDGE ( 'NONE', *, *, #3282, .F. ) ;
#4480 = VECTOR ( 'NONE', #6515, 1000.000000000000000 ) ;
#4481 = DATE_AND_TIME ( #6307, #6710 ) ;
#4482 = DIRECTION ( 'NONE',  ( -0.000000000000000000, -0.000000000000000000, -1.000000000000000000 ) ) ;
#4483 = LINE ( 'NONE', #3891, #3569 ) ;
#4484 = DIRECTION ( 'NONE',  ( 0.000000000000000000, 0.000000000000000000, 1.000000000000000000 ) ) ;
#4485 = VERTEX_POINT ( 'NONE', #5217 ) ;
#4486 = LOCAL_TIME ( 15, 21, 11.00000000000000000, #3269 ) ;
#4487 = CARTESIAN_POINT ( 'NONE',  ( 6.000000000000000000, 0.000000000000000000, 0.000000000000000000 ) ) ;
#4488 = ADVANCED_FACE ( 'NONE', ( #7595 ), #6530, .F. ) ;
#4489 = ORIENTED_EDGE ( 'NONE', *, *, #1928, .F. ) ;
#4490 = CARTESIAN_POINT ( 'NONE',  ( 21.50000000000010658, 18.29999999999976268, 80.00000000000000000 ) ) ;
#4491 = DIRECTION ( 'NONE',  ( -1.000000000000000000, 0.000000000000000000, 0.000000000000000000 ) ) ;
#4492 = DIRECTION ( 'NONE',  ( 1.005396430953922456E-14, -1.000000000000000000, 0.000000000000000000 ) ) ;
#4493 = SHAPE_REPRESENTATION_RELATIONSHIP ( 'NONE' , 'NONE' ,  #4235, #6988 ) ;
#4494 = ORIENTED_EDGE ( 'NONE', *, *, #6304, .F. ) ;
#4495 = ADVANCED_FACE ( 'NONE', ( #1156 ), #2866, .F. ) ;
#4496 = APPROVAL_DATE_TIME ( #3430, #6857 ) ;
#4497 = CARTESIAN_POINT ( 'NONE',  ( 5.900000000002495248, 17.69999999999966889, 80.00000000000000000 ) ) ;
#4498 = DIRECTION ( 'NONE',  ( -0.000000000000000000, 0.000000000000000000, 1.000000000000000000 ) ) ;
#4499 = EDGE_CURVE ( 'NONE', #5518, #3088, #611, .T. ) ;
#4500 = CARTESIAN_POINT ( 'NONE',  ( -25.70000000000027995, -2.667505054020660991E-13, 0.000000000000000000 ) ) ;
#4501 = CARTESIAN_POINT ( 'NONE',  ( -19.90000000000021529, 18.42421244450394369, 80.00000000000000000 ) ) ;
#4502 = ORIENTED_EDGE ( 'NONE', *, *, #6358, .F. ) ;
#4503 = ORIENTED_EDGE ( 'NONE', *, *, #2015, .F. ) ;
#4504 = PRODUCT_DEFINITION_SHAPE ( 'NONE', 'NONE',  #463 ) ;
#4505 = VECTOR ( 'NONE', #4210, 1000.000000000000000 ) ;
#4506 = DIRECTION ( 'NONE',  ( 0.000000000000000000, 1.000000000000000000, -0.000000000000000000 ) ) ;
#4507 = CARTESIAN_POINT ( 'NONE',  ( -19.00000000000009237, 17.69999999999962981, 0.000000000000000000 ) ) ;
#4508 = ORIENTED_EDGE ( 'NONE', *, *, #3196, .T. ) ;
#4509 = EDGE_CURVE ( 'NONE', #4849, #4112, #4038, .T. ) ;
#4510 = FACE_OUTER_BOUND ( 'NONE', #6103, .T. ) ;
#4511 = ORIENTED_EDGE ( 'NONE', *, *, #5456, .T. ) ;
#4512 = APPROVAL ( #812, '未指定' ) ;
#4514 = ORIENTED_EDGE ( 'NONE', *, *, #6293, .F. ) ;
#4513 = ORIENTED_EDGE ( 'NONE', *, *, #4807, .F. ) ;
#4515 = SECURITY_CLASSIFICATION_LEVEL ( 'unclassified' ) ;
#4516 = PLANE ( 'NONE',  #6517 ) ;
#4517 = LINE ( 'NONE', #7520, #3692 ) ;
#4518 = CARTESIAN_POINT ( 'NONE',  ( 23.07802197802168820, 6.829670329669523809, 0.000000000000000000 ) ) ;
#4519 = ORIENTED_EDGE ( 'NONE', *, *, #5070, .T. ) ;
#4520 = CARTESIAN_POINT ( 'NONE',  ( -13.44535204942062556, 18.33710622225167342, 0.000000000000000000 ) ) ;
#4521 = ORIENTED_EDGE ( 'NONE', *, *, #4618, .T. ) ;
#4522 = AXIS2_PLACEMENT_3D ( 'NONE', #6119, #1409, #3163 ) ;
#4523 = DIRECTION ( 'NONE',  ( -1.000000000000000000, 0.000000000000000000, 0.000000000000000000 ) ) ;
#4524 = DIRECTION ( 'NONE',  ( 1.136160801467550522E-14, -1.000000000000000000, 0.000000000000000000 ) ) ;
#4525 = EDGE_CURVE ( 'NONE', #235, #212, #2980, .T. ) ;
#4526 = AXIS2_PLACEMENT_3D ( 'NONE', #6475, #6513, #1137 ) ;
#4527 = LOCAL_TIME ( 15, 21, 11.00000000000000000, #6508 ) ;
#4528 = VERTEX_POINT ( 'NONE', #5904 ) ;
#4529 = CIRCLE ( 'NONE', #1167, 0.4629171123668807675 ) ;
#4530 = DATE_TIME_ROLE ( 'classification_date' ) ;
#4531 = ADVANCED_FACE ( 'NONE', ( #7672 ), #4740, .T. ) ;
#4532 = LINE ( 'NONE', #4497, #5502 ) ;
#4533 = VECTOR ( 'NONE', #6408, 1000.000000000000000 ) ;
#4534 = DIRECTION ( 'NONE',  ( -0.000000000000000000, -0.000000000000000000, -1.000000000000000000 ) ) ;
#4535 = EDGE_CURVE ( 'NONE', #4819, #1197, #29, .T. ) ;
#4536 = CARTESIAN_POINT ( 'NONE',  ( 1.567325801096382705E-32, -0.2900000000000000355, 1.449999999999999956 ) ) ;
#4537 = CARTESIAN_POINT ( 'NONE',  ( 9.000000000001925571, 18.46341459489378067, 0.000000000000000000 ) ) ;
#4538 = ORIENTED_EDGE ( 'NONE', *, *, #5296, .F. ) ;
#4539 = ORIENTED_EDGE ( 'NONE', *, *, #6348, .F. ) ;
#4540 = DIRECTION ( 'NONE',  ( -1.000000000000000000, 0.000000000000000000, 0.000000000000000000 ) ) ;
#4541 = EDGE_CURVE ( 'NONE', #4259, #7369, #1209, .T. ) ;
#4542 = DIRECTION ( 'NONE',  ( -0.000000000000000000, -0.000000000000000000, -1.000000000000000000 ) ) ;
#4543 = DIRECTION ( 'NONE',  ( 1.000000000000000000, 9.462128050787431630E-15, 0.000000000000000000 ) ) ;
#4544 = ORIENTED_EDGE ( 'NONE', *, *, #2936, .T. ) ;
#4545 = CARTESIAN_POINT ( 'NONE',  ( 24.54641661169563704, 3.667313529925644744, 80.00000000000000000 ) ) ;
#4546 = ORIENTED_EDGE ( 'NONE', *, *, #6879, .T. ) ;
#4547 = UNCERTAINTY_MEASURE_WITH_UNIT (LENGTH_MEASURE( 1.000000000000000082E-05 ), #4951, 'distance_accuracy_value', 'NONE');
#4549 = VERTEX_POINT ( 'NONE', #1731 ) ;
#4548 = ORIENTED_EDGE ( 'NONE', *, *, #6205, .T. ) ;
#4550 = CIRCLE ( 'NONE', #2675, 0.5666666666667812269 ) ;
#4551 = DATE_TIME_ROLE ( 'creation_date' ) ;
#4552 = DIRECTION ( 'NONE',  ( -0.000000000000000000, -0.000000000000000000, -1.000000000000000000 ) ) ;
#4553 = EDGE_CURVE ( 'NONE', #282, #426, #3540, .T. ) ;
#4554 = LINE ( 'NONE', #5178, #6441 ) ;
#4555 = DIRECTION ( 'NONE',  ( -1.000000000000000000, -1.090397613471117676E-14, 0.000000000000000000 ) ) ;
#4556 = ORIENTED_EDGE ( 'NONE', *, *, #4937, .F. ) ;
#4557 = AXIS2_PLACEMENT_3D ( 'NONE', #4223, #6968, #5322 ) ;
#4558 = CARTESIAN_POINT ( 'NONE',  ( -13.90000000000092761, -1.331800164388553790E-13, 80.00000000000000000 ) ) ;
#4559 = CIRCLE ( 'NONE', #4055, 0.2499999999999759359 ) ;
#4560 = ORIENTED_EDGE ( 'NONE', *, *, #4697, .F. ) ;
#4561 = VECTOR ( 'NONE', #5673, 1000.000000000000000 ) ;
#4562 = DIRECTION ( 'NONE',  ( -1.000000000000000000, 0.000000000000000000, 0.000000000000000000 ) ) ;
#4563 = FACE_OUTER_BOUND ( 'NONE', #7516, .T. ) ;
#4564 = EDGE_CURVE ( 'NONE', #4660, #1430, #1879, .T. ) ;
#4565 = AXIS2_PLACEMENT_3D ( 'NONE', #7374, #6075, #4245 ) ;
#4566 = VERTEX_POINT ( 'NONE', #108 ) ;
#4567 = VECTOR ( 'NONE', #6468, 1000.000000000000000 ) ;
#4568 = APPROVAL_STATUS ( 'not_yet_approved' ) ;
#4569 = DIRECTION ( 'NONE',  ( -0.000000000000000000, -0.000000000000000000, -1.000000000000000000 ) ) ;
#4570 = LINE ( 'NONE', #1601, #7346 ) ;
#4571 = PERSON ( 'NAUO-PER10', 'UNSPECIFIED', 'UNSPECIFIED', ('UNSPECIFIED'), ('UNSPECIFIED'), ('UNSPECIFIED') ) ;
#4572 = VECTOR ( 'NONE', #6096, 1000.000000000000000 ) ;
#4573 = VECTOR ( 'NONE', #907, 1000.000000000000000 ) ;
#4574 = DIRECTION ( 'NONE',  ( 0.000000000000000000, 0.000000000000000000, 1.000000000000000000 ) ) ;
#4575 = DIRECTION ( 'NONE',  ( -0.000000000000000000, -0.000000000000000000, -1.000000000000000000 ) ) ;
#4576 = AXIS2_PLACEMENT_3D ( 'NONE', #3528, #2246, #7628 ) ;
#4577 = EDGE_LOOP ( 'NONE', ( #738, #3623, #4864, #82 ) ) ;
#4578 = EDGE_CURVE ( 'NONE', #6347, #6007, #7228, .T. ) ;
#4579 = VERTEX_POINT ( 'NONE', #682 ) ;
#4580 = CIRCLE ( 'NONE', #593, 2.499999999999974243 ) ;
#4581 = PLANE ( 'NONE',  #4826 ) ;
#4582 = FACE_OUTER_BOUND ( 'NONE', #434, .T. ) ;
#4583 = CARTESIAN_POINT ( 'NONE',  ( -1.674796664989339302E-13, 17.69999999999961915, 80.00000000000000000 ) ) ;
#4584 = ORIENTED_EDGE ( 'NONE', *, *, #7662, .F. ) ;
#4585 = LINE ( 'NONE', #527, #7542 ) ;
#4586 = ORIENTED_EDGE ( 'NONE', *, *, #4027, .F. ) ;
#4587 = EDGE_CURVE ( 'NONE', #1004, #902, #7659, .T. ) ;
#4589 = EDGE_LOOP ( 'NONE', ( #3753, #3384, #525, #5352 ) ) ;
#4588 = ORIENTED_EDGE ( 'NONE', *, *, #2815, .F. ) ;
#4590 = SHAPE_DEFINITION_REPRESENTATION ( #1317, #5336 ) ;
#4591 = EDGE_CURVE ( 'NONE', #895, #5149, #4888, .T. ) ;
#4592 = VECTOR ( 'NONE', #3352, 1000.000000000000000 ) ;
#4593 = DIRECTION ( 'NONE',  ( 1.000000000000000000, 0.000000000000000000, 0.000000000000000000 ) ) ;
#4594 = CARTESIAN_POINT ( 'NONE',  ( 5.900000000002487255, 18.42421244450349960, 0.000000000000000000 ) ) ;
#4595 = DIRECTION ( 'NONE',  ( -0.000000000000000000, -1.000000000000000000, 0.000000000000000000 ) ) ;
#4596 = CARTESIAN_POINT ( 'NONE',  ( -27.19999999999958717, 12.99999999999965006, 0.000000000000000000 ) ) ;
#4597 = ORIENTED_EDGE ( 'NONE', *, *, #1093, .F. ) ;
#4598 = DIRECTION ( 'NONE',  ( -1.000000000000000000, -0.000000000000000000, -0.000000000000000000 ) ) ;
#4599 = VECTOR ( 'NONE', #5042, 1000.000000000000000 ) ;
#4600 = EDGE_CURVE ( 'NONE', #797, #6364, #4267, .T. ) ;
#4601 = DIRECTION ( 'NONE',  ( 1.000000000000000000, 0.000000000000000000, 0.000000000000000000 ) ) ;
#4602 = CARTESIAN_POINT ( 'NONE',  ( -27.49999999999943512, 10.49999999999967315, 80.00000000000000000 ) ) ;
#4603 = DIRECTION ( 'NONE',  ( -0.000000000000000000, -0.000000000000000000, -1.000000000000000000 ) ) ;
#4604 = LOCAL_TIME ( 15, 21, 11.00000000000000000, #1809 ) ;
#4606 = ORIENTED_EDGE ( 'NONE', *, *, #5995, .F. ) ;
#4605 = EDGE_CURVE ( 'NONE', #4549, #6846, #6569, .T. ) ;
#4607 = DATE_AND_TIME ( #2183, #3024 ) ;
#4608 = DIRECTION ( 'NONE',  ( -1.000000000000000000, 0.000000000000000000, 0.000000000000000000 ) ) ;
#4609 = AXIS2_PLACEMENT_3D ( 'NONE', #1712, #7502, #5709 ) ;
#4610 = DIRECTION ( 'NONE',  ( -0.000000000000000000, -0.000000000000000000, -1.000000000000000000 ) ) ;
#4611 = CARTESIAN_POINT ( 'NONE',  ( 13.00000000000104805, 17.69999999999973994, 80.00000000000000000 ) ) ;
#4612 = CARTESIAN_POINT ( 'NONE',  ( 25.57802197802224597, -6.570329670329666527, 0.000000000000000000 ) ) ;
#4613 = ORIENTED_EDGE ( 'NONE', *, *, #3999, .F. ) ;
#4614 = ORIENTED_EDGE ( 'NONE', *, *, #4499, .F. ) ;
#4615 = LINE ( 'NONE', #1144, #4953 ) ;
#4616 = DIRECTION ( 'NONE',  ( -0.000000000000000000, 0.000000000000000000, 1.000000000000000000 ) ) ;
#4617 = DIRECTION ( 'NONE',  ( -0.000000000000000000, -0.000000000000000000, -1.000000000000000000 ) ) ;
#4618 = EDGE_CURVE ( 'NONE', #7001, #7492, #7267, .T. ) ;
#4619 = ORIENTED_EDGE ( 'NONE', *, *, #6483, .F. ) ;
#4620 = CARTESIAN_POINT ( 'NONE',  ( 0.04999999907795427134, 0.000000000000000000, 2.199999999106694304 ) ) ;
#4621 = ORIENTED_EDGE ( 'NONE', *, *, #2015, .T. ) ;
#4623 = ORIENTED_EDGE ( 'NONE', *, *, #2895, .T. ) ;
#4622 = ORIENTED_EDGE ( 'NONE', *, *, #5837, .T. ) ;
#4624 = APPROVAL_DATE_TIME ( #1153, #6940 ) ;
#4625 = DIRECTION ( 'NONE',  ( -0.000000000000000000, 0.000000000000000000, 1.000000000000000000 ) ) ;
#4626 = LINE ( 'NONE', #4000, #4702 ) ;
#4627 = CARTESIAN_POINT ( 'NONE',  ( -9.900000000001980993, 17.69999999999972218, 0.000000000000000000 ) ) ;
#4628 = CARTESIAN_POINT ( 'NONE',  ( -27.50000000000002842, 16.29999999999947491, 80.00000000000000000 ) ) ;
#4629 = ORIENTED_EDGE ( 'NONE', *, *, #394, .T. ) ;
#4630 = CIRCLE ( 'NONE', #5636, 0.9999999999999003020 ) ;
#4631 = DIRECTION ( 'NONE',  ( 9.581296146679602814E-15, -1.000000000000000000, 0.000000000000000000 ) ) ;
#4632 = ADVANCED_FACE ( 'NONE', ( #2591 ), #1841, .F. ) ;
#4633 = LINE ( 'NONE', #7051, #3771 ) ;
#4634 = DIRECTION ( 'NONE',  ( -0.000000000000000000, -0.000000000000000000, -1.000000000000000000 ) ) ;
#4635 = LINE ( 'NONE', #4162, #962 ) ;
#4636 = EDGE_CURVE ( 'NONE', #137, #2463, #6644, .T. ) ;
#4637 = VECTOR ( 'NONE', #5193, 1000.000000000000000 ) ;
#4638 = VERTEX_POINT ( 'NONE', #3675 ) ;
#4639 = ORIENTED_EDGE ( 'NONE', *, *, #3378, .T. ) ;
#4640 = APPROVAL_ROLE ( '' ) ;
#4641 = CIRCLE ( 'NONE', #2274, 1.000000000000042633 ) ;
#4642 = EDGE_CURVE ( 'NONE', #2273, #980, #945, .T. ) ;
#4643 = CARTESIAN_POINT ( 'NONE',  ( 25.00000000000018474, 16.29999999999979821, 80.00000000000000000 ) ) ;
#4644 = FACE_OUTER_BOUND ( 'NONE', #2074, .T. ) ;
#4645 = APPROVAL ( #588, 'UNKNOWN' ) ;
#4646 = FACE_OUTER_BOUND ( 'NONE', #65, .T. ) ;
#4647 = CARTESIAN_POINT ( 'NONE',  ( -3.455527394077856983E-14, 3.030329925644093425, 80.00000000000000000 ) ) ;
#4648 = DIRECTION ( 'NONE',  ( 0.000000000000000000, 0.000000000000000000, -1.000000000000000000 ) ) ;
#4649 = AXIS2_PLACEMENT_3D ( 'NONE', #1174, #664, #7210 ) ;
#4650 = ORIENTED_EDGE ( 'NONE', *, *, #3666, .F. ) ;
#4651 = APPROVAL_PERSON_ORGANIZATION ( #1837, #1319, #4187 ) ;
#4652 = CARTESIAN_POINT ( 'NONE',  ( 27.20000000000029416, 5.000000000000169642, 80.00000000000000000 ) ) ;
#4653 = DIRECTION ( 'NONE',  ( 0.000000000000000000, 0.000000000000000000, 1.000000000000000000 ) ) ;
#4654 = CC_DESIGN_DATE_AND_TIME_ASSIGNMENT ( #5481, #1264, ( #2396 ) ) ;
#4655 = CYLINDRICAL_SURFACE ( 'NONE', #2046, 0.5666666666668194186 ) ;
#4656 = EDGE_CURVE ( 'NONE', #3883, #548, #4670, .T. ) ;
#4657 = ORIENTED_EDGE ( 'NONE', *, *, #6909, .F. ) ;
#4658 = DIRECTION ( 'NONE',  ( -0.000000000000000000, -0.000000000000000000, -1.000000000000000000 ) ) ;
#4659 = VECTOR ( 'NONE', #7109, 1000.000000000000000 ) ;
#4660 = VERTEX_POINT ( 'NONE', #5483 ) ;
#4662 = ORIENTED_EDGE ( 'NONE', *, *, #6790, .T. ) ;
#4661 = VERTEX_POINT ( 'NONE', #5976 ) ;
#4663 = ADVANCED_FACE ( 'NONE', ( #647 ), #142, .F. ) ;
#4664 = CALENDAR_DATE ( 2020, 16, 10 ) ;
#4665 = DIRECTION ( 'NONE',  ( 1.136160801465180469E-14, -1.000000000000000000, 0.000000000000000000 ) ) ;
#4666 = FACE_OUTER_BOUND ( 'NONE', #558, .T. ) ;
#4667 = DIRECTION ( 'NONE',  ( -0.000000000000000000, 0.000000000000000000, 1.000000000000000000 ) ) ;
#4668 = DIRECTION ( 'NONE',  ( -0.000000000000000000, -0.000000000000000000, -1.000000000000000000 ) ) ;
#4669 = VERTEX_POINT ( 'NONE', #6728 ) ;
#4670 = CIRCLE ( 'NONE', #6023, 0.5666666666667812269 ) ;
#4671 = LINE ( 'NONE', #1161, #1595 ) ;
#4672 = EDGE_CURVE ( 'NONE', #4305, #4387, #2297, .T. ) ;
#4673 = LINE ( 'NONE', #1201, #5274 ) ;
#4674 = CARTESIAN_POINT ( 'NONE',  ( -15.00000000000053113, 17.69999999999967244, 80.00000000000000000 ) ) ;
#4675 = DIRECTION ( 'NONE',  ( 9.089286411759198948E-15, -1.000000000000000000, 0.000000000000000000 ) ) ;
#4676 = VECTOR ( 'NONE', #2661, 1000.000000000000000 ) ;
#4677 = VERTEX_POINT ( 'NONE', #6097 ) ;
#4678 = EDGE_CURVE ( 'NONE', #3856, #7001, #765, .T. ) ;
#4679 = ORIENTED_EDGE ( 'NONE', *, *, #819, .F. ) ;
#4680 = COORDINATED_UNIVERSAL_TIME_OFFSET ( 8, 0, .AHEAD. ) ;
#4681 = AXIS2_PLACEMENT_3D ( 'NONE', #2247, #4080, #5290 ) ;
#4682 = DIRECTION ( 'NONE',  ( 1.136160801467550522E-14, -1.000000000000000000, 0.000000000000000000 ) ) ;
#4683 = PLANE ( 'NONE',  #6723 ) ;
#4684 = DIRECTION ( 'NONE',  ( -0.000000000000000000, -0.000000000000000000, -1.000000000000000000 ) ) ;
#4685 = LINE ( 'NONE', #2810, #2714 ) ;
#4686 = CARTESIAN_POINT ( 'NONE',  ( -5.900000000002009415, -6.359585317360751968E-14, 80.00000000000000000 ) ) ;
#4687 = VECTOR ( 'NONE', #1896, 1000.000000000000000 ) ;
#4688 = EDGE_CURVE ( 'NONE', #1001, #3133, #185, .T. ) ;
#4689 = ORIENTED_EDGE ( 'NONE', *, *, #7204, .T. ) ;
#4690 = LINE ( 'NONE', #4106, #467 ) ;
#4691 = CARTESIAN_POINT ( 'NONE',  ( -27.49999999999968381, 4.499999999999660716, 0.000000000000000000 ) ) ;
#4692 = AXIS2_PLACEMENT_3D ( 'NONE', #2839, #4452, #1485 ) ;
#4693 = CARTESIAN_POINT ( 'NONE',  ( 25.77802197802195394, -6.770329670329644500, -1.500000000000000000 ) ) ;
#4694 = EDGE_LOOP ( 'NONE', ( #3614, #2542, #4984, #2538 ) ) ;
#4695 = CARTESIAN_POINT ( 'NONE',  ( -26.93333333333264790, 5.499999999999665157, 80.00000000000000000 ) ) ;
#4696 = ORIENTED_EDGE ( 'NONE', *, *, #4010, .T. ) ;
#4697 = EDGE_CURVE ( 'NONE', #1151, #727, #561, .T. ) ;
#4699 = EDGE_LOOP ( 'NONE', ( #1997, #3215, #1923, #2599 ) ) ;
#4698 = EDGE_LOOP ( 'NONE', ( #845, #4650, #20, #7038 ) ) ;
#4700 = EDGE_CURVE ( 'NONE', #376, #1443, #803, .T. ) ;
#4701 = APPROVAL_ROLE ( '' ) ;
#4702 = VECTOR ( 'NONE', #6417, 1000.000000000000000 ) ;
#4703 = DIRECTION ( 'NONE',  ( -0.5000000000000009992, 0.000000000000000000, 0.8660254037844380415 ) ) ;
#4704 = CARTESIAN_POINT ( 'NONE',  ( 26.50000000000041567, 2.925374589033688990E-13, 80.00000000000000000 ) ) ;
#4705 = DIRECTION ( 'NONE',  ( -0.000000000000000000, -0.000000000000000000, -1.000000000000000000 ) ) ;
#4706 = CARTESIAN_POINT ( 'NONE',  ( -5.000000000002077449, 17.69999999999977547, 80.00000000000000000 ) ) ;
#4707 = ORIENTED_EDGE ( 'NONE', *, *, #2347, .T. ) ;
#4708 = CARTESIAN_POINT ( 'NONE',  ( -9.465738444368042882E-15, 18.79999999999945359, 80.00000000000000000 ) ) ;
#4709 = CIRCLE ( 'NONE', #2220, 1.000000000000122347 ) ;
#4710 = CARTESIAN_POINT ( 'NONE',  ( 27.07802197802224597, -6.570329670329666527, -1.500000000000000000 ) ) ;
#4711 = CARTESIAN_POINT ( 'NONE',  ( -15.90000000000109814, 17.69999999999966178, 0.000000000000000000 ) ) ;
#4712 = CARTESIAN_POINT ( 'NONE',  ( 23.17226674140379217, 3.030329925644357658, 80.00000000000000000 ) ) ;
#4713 = VECTOR ( 'NONE', #6034, 1000.000000000000000 ) ;
#4714 = VERTEX_POINT ( 'NONE', #267 ) ;
#4715 = AXIS2_PLACEMENT_3D ( 'NONE', #1891, #3859, #6238 ) ;
#4716 = PERSON_AND_ORGANIZATION_ROLE ( 'classification_officer' ) ;
#4717 = DIRECTION ( 'NONE',  ( -0.000000000000000000, -0.000000000000000000, -1.000000000000000000 ) ) ;
#4718 = LINE ( 'NONE', #7173, #6510 ) ;
#4719 = EDGE_CURVE ( 'NONE', #3129, #243, #7352, .T. ) ;
#4720 = CC_DESIGN_APPROVAL ( #5661, ( #463 ) ) ;
#4721 = LINE ( 'NONE', #702, #577 ) ;
#4722 = DIRECTION ( 'NONE',  ( 0.000000000000000000, 0.000000000000000000, 1.000000000000000000 ) ) ;
#4723 = ADVANCED_FACE ( 'NONE', ( #4389 ), #2008, .F. ) ;
#4724 = CARTESIAN_POINT ( 'NONE',  ( -1.674796664988662522E-13, 17.69999999999961204, 80.00000000000000000 ) ) ;
#4725 = ORIENTED_EDGE ( 'NONE', *, *, #3839, .T. ) ;
#4726 = AXIS2_PLACEMENT_3D ( 'NONE', #5670, #333, #2078 ) ;
#4727 = CARTESIAN_POINT ( 'NONE',  ( -26.93333333333271895, 12.49999999999967493, 80.00000000000000000 ) ) ;
#4728 = LINE ( 'NONE', #5429, #1742 ) ;
#4729 = CARTESIAN_POINT ( 'NONE',  ( -21.00000000000009237, 17.69999999999960849, 80.00000000000000000 ) ) ;
#4730 = EDGE_CURVE ( 'NONE', #2976, #2552, #1427, .T. ) ;
#4731 = ORIENTED_EDGE ( 'NONE', *, *, #5922, .T. ) ;
#4732 = CARTESIAN_POINT ( 'NONE',  ( -5.445352049421949836, 18.33710622225176579, 0.000000000000000000 ) ) ;
#4733 = EDGE_LOOP ( 'NONE', ( #921, #1064, #2199, #7293 ) ) ;
#4735 = ORIENTED_EDGE ( 'NONE', *, *, #6535, .F. ) ;
#4734 = ORIENTED_EDGE ( 'NONE', *, *, #6414, .T. ) ;
#4736 = PERSON_AND_ORGANIZATION ( #2152, #3857 ) ;
#4737 = CARTESIAN_POINT ( 'NONE',  ( -15.00000000000053824, 18.46341459489667969, 0.000000000000000000 ) ) ;
#4738 = SHAPE_REPRESENTATION ( 'YG-J03A-0000-000', ( #6582, #5727, #5343, #3589, #4219, #875, #1358, #4715, #5105, #5847, #5228, #7207 ), #2344 ) ;
#4739 = AXIS2_PLACEMENT_3D ( 'NONE', #3406, #5858, #447 ) ;
#4740 = PLANE ( 'NONE',  #4077 ) ;
#4741 = CARTESIAN_POINT ( 'NONE',  ( -1.674796664988683474E-13, 17.69999999999980744, 0.000000000000000000 ) ) ;
#4742 = CARTESIAN_POINT ( 'NONE',  ( 24.13302076462027301, 14.92159925438610557, 0.000000000000000000 ) ) ;
#4743 = EDGE_CURVE ( 'NONE', #1225, #7605, #2544, .T. ) ;
#4744 = ORIENTED_EDGE ( 'NONE', *, *, #6609, .F. ) ;
#4745 = PRODUCT_DEFINITION ( '未知', '', #1721, #3994 ) ;
#4746 = LINE ( 'NONE', #3534, #925 ) ;
#4747 = LINE ( 'NONE', #2328, #6943 ) ;
#4748 = CARTESIAN_POINT ( 'NONE',  ( -23.80258382925074301, 2.780329925643896249, 0.000000000000000000 ) ) ;
#4749 = AXIS2_PLACEMENT_3D ( 'NONE', #5462, #1327, #1987 ) ;
#4750 = EDGE_CURVE ( 'NONE', #3893, #6938, #7399, .T. ) ;
#4751 = ORIENTED_EDGE ( 'NONE', *, *, #234, .T. ) ;
#4752 = APPROVAL_ROLE ( '' ) ;
#4753 = EDGE_CURVE ( 'NONE', #520, #6172, #4938, .T. ) ;
#4754 = DIRECTION ( 'NONE',  ( 1.136160801469574582E-14, -1.000000000000000000, 0.000000000000000000 ) ) ;
#4755 = DIRECTION ( 'NONE',  ( 1.000000000000000000, 0.000000000000000000, 0.000000000000000000 ) ) ;
#4756 = VECTOR ( 'NONE', #1716, 1000.000000000000000 ) ;
#4757 = CARTESIAN_POINT ( 'NONE',  ( -18.99999999999993250, -1.726964418234336011E-13, 80.00000000000000000 ) ) ;
#4758 = DIRECTION ( 'NONE',  ( 1.000000000000000000, 0.000000000000000000, 0.000000000000000000 ) ) ;
#4759 = FACE_OUTER_BOUND ( 'NONE', #1794, .T. ) ;
#4760 = EDGE_LOOP ( 'NONE', ( #4893, #3472, #3539, #2472 ) ) ;
#4761 = CIRCLE ( 'NONE', #7129, 2.500000000000057732 ) ;
#4762 = ADVANCED_FACE ( 'NONE', ( #5647 ), #1470, .T. ) ;
#4763 = VECTOR ( 'NONE', #747, 1000.000000000000000 ) ;
#4764 = CARTESIAN_POINT ( 'NONE',  ( 17.44535204942025075, 18.33710622225122577, 80.00000000000000000 ) ) ;
#4765 = ADVANCED_FACE ( 'NONE', ( #3760 ), #3847, .T. ) ;
#4766 = CARTESIAN_POINT ( 'NONE',  ( -1.674796664989354953E-13, 17.69999999999981100, 80.00000000000000000 ) ) ;
#4767 = VERTEX_POINT ( 'NONE', #6227 ) ;
#4768 = AXIS2_PLACEMENT_3D ( 'NONE', #6537, #580, #6979 ) ;
#4769 = CARTESIAN_POINT ( 'NONE',  ( 24.79999999999990479, 2.700000000000517986, 0.000000000000000000 ) ) ;
#4770 = ORIENTED_EDGE ( 'NONE', *, *, #6734, .T. ) ;
#4771 = SECURITY_CLASSIFICATION ( '', '', #7225 ) ;
#4773 = ORIENTED_EDGE ( 'NONE', *, *, #5774, .F. ) ;
#4772 = EDGE_LOOP ( 'NONE', ( #4503, #4233, #4395, #3006 ) ) ;
#4774 = EDGE_CURVE ( 'NONE', #6655, #3008, #4475, .T. ) ;
#4775 = CALENDAR_DATE ( 2020, 16, 10 ) ;
#4776 = AXIS2_PLACEMENT_3D ( 'NONE', #6894, #6309, #2715 ) ;
#4777 = CARTESIAN_POINT ( 'NONE',  ( -27.49999999999968381, 4.499999999999660716, 80.00000000000000000 ) ) ;
#4778 = DIRECTION ( 'NONE',  ( 1.000000000000000000, 0.000000000000000000, 0.000000000000000000 ) ) ;
#4779 = FACE_OUTER_BOUND ( 'NONE', #7002, .T. ) ;
#4780 = LINE ( 'NONE', #1804, #6385 ) ;
#4781 = ORIENTED_EDGE ( 'NONE', *, *, #3497, .F. ) ;
#4782 = EDGE_LOOP ( 'NONE', ( #5480, #3630, #5303, #5323 ) ) ;
#4783 = CIRCLE ( 'NONE', #4032, 2.500000000000085265 ) ;
#4784 = ADVANCED_FACE ( 'NONE', ( #891, #6732 ), #3183, .T. ) ;
#4785 = APPROVAL_STATUS ( 'not_yet_approved' ) ;
#4786 = DIRECTION ( 'NONE',  ( -1.000000000000000000, 0.000000000000000000, 0.000000000000000000 ) ) ;
#4787 = CARTESIAN_POINT ( 'NONE',  ( 28.27802197802195394, -6.770329670329866545, -1.500000000000000000 ) ) ;
#4788 = CARTESIAN_POINT ( 'NONE',  ( 25.79999999999994742, 2.700000000000517986, 80.00000000000000000 ) ) ;
#4789 = VERTEX_POINT ( 'NONE', #6141 ) ;
#4790 = CC_DESIGN_SECURITY_CLASSIFICATION ( #4771, ( #7702 ) ) ;
#4791 = ORIENTED_EDGE ( 'NONE', *, *, #6324, .F. ) ;
#4792 = PERSON_AND_ORGANIZATION_ROLE ( 'classification_officer' ) ;
#4793 = ADVANCED_FACE ( 'NONE', ( #4510 ), #4393, .F. ) ;
#4794 = LINE ( 'NONE', #4246, #4505 ) ;
#4795 = DIRECTION ( 'NONE',  ( -0.000000000000000000, -0.000000000000000000, -1.000000000000000000 ) ) ;
#4796 = AXIS2_PLACEMENT_3D ( 'NONE', #4769, #2939, #4257 ) ;
#4797 = PRODUCT ( 'GB-T-819.1-2000-C-NI-M2.5X6', 'GB-T-819.1-2000-C-NI-M2.5X6', '', ( #6859 ) ) ;
#4798 = DIRECTION ( 'NONE',  ( 1.090397613471117676E-14, -1.000000000000000000, 0.000000000000000000 ) ) ;
#4799 = CARTESIAN_POINT ( 'NONE',  ( -26.93333333333266566, 7.499999999999670486, 0.000000000000000000 ) ) ;
#4800 = DIRECTION ( 'NONE',  ( 1.000000000000000000, 0.000000000000000000, 0.000000000000000000 ) ) ;
#4801 = ORIENTED_EDGE ( 'NONE', *, *, #5223, .T. ) ;
#4802 = ORIENTED_EDGE ( 'NONE', *, *, #5341, .T. ) ;
#4803 = CARTESIAN_POINT ( 'NONE',  ( 15.00000000000059863, 18.46341459489542558, 0.000000000000000000 ) ) ;
#4804 = DIRECTION ( 'NONE',  ( -1.000000000000000000, 0.000000000000000000, 0.000000000000000000 ) ) ;
#4805 = ORIENTED_EDGE ( 'NONE', *, *, #312, .F. ) ;
#4806 = AXIS2_PLACEMENT_3D ( 'NONE', #4997, #1857, #3111 ) ;
#4807 = EDGE_CURVE ( 'NONE', #1950, #1422, #4550, .T. ) ;
#4808 = DIRECTION ( 'NONE',  ( -0.000000000000000000, -0.000000000000000000, -1.000000000000000000 ) ) ;
#4809 = ORIENTED_EDGE ( 'NONE', *, *, #1404, .F. ) ;
#4811 = VERTEX_POINT ( 'NONE', #3264 ) ;
#4810 = VERTEX_POINT ( 'NONE', #2051 ) ;
#4812 = COORDINATED_UNIVERSAL_TIME_OFFSET ( 8, 0, .AHEAD. ) ;
#4813 = VECTOR ( 'NONE', #6613, 1000.000000000000000 ) ;
#4814 = CARTESIAN_POINT ( 'NONE',  ( 3.440704098830584812, 18.79999999999945359, 80.00000000000000000 ) ) ;
#4815 = DIRECTION ( 'NONE',  ( -0.000000000000000000, 0.000000000000000000, 1.000000000000000000 ) ) ;
#4816 = DIRECTION ( 'NONE',  ( -0.000000000000000000, -0.000000000000000000, -1.000000000000000000 ) ) ;
#4817 = DIRECTION ( 'NONE',  ( 1.000000000000000000, -0.000000000000000000, -0.000000000000000000 ) ) ;
#4818 = ORIENTED_EDGE ( 'NONE', *, *, #4110, .T. ) ;
#4819 = VERTEX_POINT ( 'NONE', #5682 ) ;
#4820 = CIRCLE ( 'NONE', #4201, 0.2500000000002950973 ) ;
#4821 = AXIS2_PLACEMENT_3D ( 'NONE', #6941, #7415, #1014 ) ;
#4822 = AXIS2_PLACEMENT_3D ( 'NONE', #5691, #3234, #2100 ) ;
#4823 = EDGE_CURVE ( 'NONE', #5019, #1498, #4435, .T. ) ;
#4824 = PERSON_AND_ORGANIZATION_ROLE ( 'creator' ) ;
#4825 = CARTESIAN_POINT ( 'NONE',  ( -26.49999999999996447, -2.925374589033343658E-13, 80.00000000000000000 ) ) ;
#4826 = AXIS2_PLACEMENT_3D ( 'NONE', #6918, #1572, #2854 ) ;
#4827 = DIRECTION ( 'NONE',  ( -9.581296146678135533E-15, 1.000000000000000000, 0.000000000000000000 ) ) ;
#4828 = PLANE ( 'NONE',  #1332 ) ;
#4829 = ORIENTED_EDGE ( 'NONE', *, *, #1013, .F. ) ;
#4830 = ORIENTED_EDGE ( 'NONE', *, *, #2910, .T. ) ;
#4831 = VECTOR ( 'NONE', #5820, 1000.000000000000000 ) ;
#4832 = CARTESIAN_POINT ( 'NONE',  ( -26.93333333333271895, 12.49999999999967493, 0.000000000000000000 ) ) ;
#4833 = CARTESIAN_POINT ( 'NONE',  ( -23.80206706340053913, 2.764263940515070406, 80.00000000000000000 ) ) ;
#4834 = APPROVAL ( #859, '未指定' ) ;
#4835 = FACE_OUTER_BOUND ( 'NONE', #2382, .T. ) ;
#4836 = DIRECTION ( 'NONE',  ( -1.000000000000000000, -1.084202172485623868E-14, 0.000000000000000000 ) ) ;
#4837 = LINE ( 'NONE', #6163, #2150 ) ;
#4838 = VECTOR ( 'NONE', #91, 1000.000000000000000 ) ;
#4839 = ORIENTED_EDGE ( 'NONE', *, *, #5776, .T. ) ;
#4840 = VERTEX_POINT ( 'NONE', #5101 ) ;
#4841 = CARTESIAN_POINT ( 'NONE',  ( 19.00000000000032330, 1.726964418234276941E-13, 80.00000000000000000 ) ) ;
#4842 = LOCAL_TIME ( 15, 21, 11.00000000000000000, #5026 ) ;
#4843 = DIRECTION ( 'NONE',  ( -0.000000000000000000, -0.000000000000000000, -1.000000000000000000 ) ) ;
#4844 = ORIENTED_EDGE ( 'NONE', *, *, #7314, .F. ) ;
#4845 = VERTEX_POINT ( 'NONE', #2671 ) ;
#4846 = LINE ( 'NONE', #1913, #1444 ) ;
#4847 = DIRECTION ( 'NONE',  ( -0.000000000000000000, -0.000000000000000000, -1.000000000000000000 ) ) ;
#4848 = ORIENTED_EDGE ( 'NONE', *, *, #5206, .T. ) ;
#4849 = VERTEX_POINT ( 'NONE', #929 ) ;
#4850 = DATE_TIME_ROLE ( 'classification_date' ) ;
#4851 = CARTESIAN_POINT ( 'NONE',  ( 0.000000000000000000, 0.2899999999999999245, 1.449999999999999956 ) ) ;
#4852 = ADVANCED_FACE ( 'NONE', ( #5059 ), #6886, .T. ) ;
#4853 = DIRECTION ( 'NONE',  ( 0.000000000000000000, 0.000000000000000000, 1.000000000000000000 ) ) ;
#4854 = DIRECTION ( 'NONE',  ( 1.000000000000000000, 0.000000000000000000, 0.000000000000000000 ) ) ;
#4855 = CARTESIAN_POINT ( 'NONE',  ( 0.7500000000000000000, 0.2900000000000001465, -0.5900000000000003020 ) ) ;
#4856 = EDGE_LOOP ( 'NONE', ( #2596, #7481, #2276, #1651 ) ) ;
#4857 = ORIENTED_EDGE ( 'NONE', *, *, #1986, .T. ) ;
#4858 = DIRECTION ( 'NONE',  ( 1.000000000000000000, -0.000000000000000000, 0.000000000000000000 ) ) ;
#4859 = DIRECTION ( 'NONE',  ( 1.000000000000000000, 0.000000000000000000, 0.000000000000000000 ) ) ;
#4860 = CARTESIAN_POINT ( 'NONE',  ( -24.23302076461957100, 3.909141912406401076, 80.00000000000000000 ) ) ;
#4861 = PRODUCT_DEFINITION_SHAPE ( 'NONE', 'NONE',  #1979 ) ;
#4862 = ORIENTED_EDGE ( 'NONE', *, *, #4368, .F. ) ;
#4863 = EDGE_CURVE ( 'NONE', #6371, #6060, #7034, .T. ) ;
#4864 = ORIENTED_EDGE ( 'NONE', *, *, #3033, .F. ) ;
#4865 = AXIS2_PLACEMENT_3D ( 'NONE', #1366, #5629, #3113 ) ;
#4866 = EDGE_CURVE ( 'NONE', #6, #6544, #817, .T. ) ;
#4867 = CARTESIAN_POINT ( 'NONE',  ( -26.93333333333265855, 6.499999999999669598, 80.00000000000000000 ) ) ;
#4868 = FACE_OUTER_BOUND ( 'NONE', #3142, .T. ) ;
#4869 = LINE ( 'NONE', #7417, #7233 ) ;
#4870 = CARTESIAN_POINT ( 'NONE',  ( -25.52197802197775189, 6.829670329669523809, -0.9999999999999859002 ) ) ;
#4871 = CARTESIAN_POINT ( 'NONE',  ( -24.79999999999973781, 2.699999999999997513, 0.000000000000000000 ) ) ;
#4872 = CARTESIAN_POINT ( 'NONE',  ( -25.79999999999975202, 2.699999999999997513, 80.00000000000000000 ) ) ;
#4873 = DIRECTION ( 'NONE',  ( 0.000000000000000000, -0.000000000000000000, -1.000000000000000000 ) ) ;
#4874 = EDGE_LOOP ( 'NONE', ( #6338, #2358, #3703, #262 ) ) ;
#4875 = ORIENTED_EDGE ( 'NONE', *, *, #4097, .F. ) ;
#4876 = EDGE_CURVE ( 'NONE', #426, #5736, #6301, .T. ) ;
#4877 = DIRECTION ( 'NONE',  ( -0.000000000000000000, -0.000000000000000000, -1.000000000000000000 ) ) ;
#4878 = DIRECTION ( 'NONE',  ( -0.000000000000000000, -0.000000000000000000, -1.000000000000000000 ) ) ;
#4879 = ORIENTED_EDGE ( 'NONE', *, *, #7418, .T. ) ;
#4880 = ORIENTED_EDGE ( 'NONE', *, *, #141, .T. ) ;
#4881 = FACE_OUTER_BOUND ( 'NONE', #1296, .T. ) ;
#4882 = PLANE ( 'NONE',  #3844 ) ;
#4883 = ORIENTED_EDGE ( 'NONE', *, *, #6549, .F. ) ;
#4884 = ORIENTED_EDGE ( 'NONE', *, *, #5225, .F. ) ;
#4885 = CIRCLE ( 'NONE', #4522, 0.5666666666666008156 ) ;
#4886 = LINE ( 'NONE', #4188, #7182 ) ;
#4887 = CC_DESIGN_PERSON_AND_ORGANIZATION_ASSIGNMENT ( #2921, #4716, ( #5276 ) ) ;
#4888 = LINE ( 'NONE', #7193, #5671 ) ;
#4889 = CARTESIAN_POINT ( 'NONE',  ( -27.49999999999943512, 10.49999999999967315, 80.00000000000000000 ) ) ;
#4890 = VECTOR ( 'NONE', #4321, 1000.000000000000000 ) ;
#4891 = CIRCLE ( 'NONE', #5883, 0.4629171123668807675 ) ;
#4892 = LINE ( 'NONE', #1922, #2650 ) ;
#4893 = ORIENTED_EDGE ( 'NONE', *, *, #1168, .F. ) ;
#4894 = EDGE_LOOP ( 'NONE', ( #4345, #7452, #3294, #7561 ) ) ;
#4895 = DIRECTION ( 'NONE',  ( 1.000000000000000000, 0.000000000000000000, 0.000000000000000000 ) ) ;
#4896 = EDGE_CURVE ( 'NONE', #6872, #841, #382, .T. ) ;
#4897 = CIRCLE ( 'NONE', #1539, 0.4629171123669215127 ) ;
#4898 = PERSON_AND_ORGANIZATION ( #2152, #3857 ) ;
#4899 = SECURITY_CLASSIFICATION ( '', '', #1243 ) ;
#4900 = DIRECTION ( 'NONE',  ( 1.000000000000000000, 0.000000000000000000, 0.000000000000000000 ) ) ;
#4901 = DIRECTION ( 'NONE',  ( -0.000000000000000000, -0.000000000000000000, -1.000000000000000000 ) ) ;
#4902 = DIRECTION ( 'NONE',  ( -0.000000000000000000, -0.000000000000000000, -1.000000000000000000 ) ) ;
#4903 = VERTEX_POINT ( 'NONE', #3374 ) ;
#4904 = DIRECTION ( 'NONE',  ( 9.714451465470119729E-15, -1.000000000000000222, 1.235536065004099636E-16 ) ) ;
#4905 = ORIENTED_EDGE ( 'NONE', *, *, #1822, .F. ) ;
#4906 = DIRECTION ( 'NONE',  ( -0.000000000000000000, -0.000000000000000000, -1.000000000000000000 ) ) ;
#4907 = DIRECTION ( 'NONE',  ( -0.000000000000000000, 0.000000000000000000, 1.000000000000000000 ) ) ;
#4908 = DIRECTION ( 'NONE',  ( 0.000000000000000000, 1.000000000000000000, -0.000000000000000000 ) ) ;
#4909 = CARTESIAN_POINT ( 'NONE',  ( -13.90000000000110347, 18.42421244450406093, 0.000000000000000000 ) ) ;
#4910 = EDGE_CURVE ( 'NONE', #4811, #6347, #3410, .T. ) ;
#4911 = FACE_OUTER_BOUND ( 'NONE', #2315, .T. ) ;
#4912 = DIRECTION ( 'NONE',  ( -0.000000000000000000, 0.000000000000000000, 1.000000000000000000 ) ) ;
#4913 = CARTESIAN_POINT ( 'NONE',  ( -3.900000000002906475, -3.970249590782710876E-14, 80.00000000000000000 ) ) ;
#4914 = VECTOR ( 'NONE', #2546, 1000.000000000000000 ) ;
#4915 = ORIENTED_EDGE ( 'NONE', *, *, #1200, .T. ) ;
#4916 = ORIENTED_EDGE ( 'NONE', *, *, #4025, .T. ) ;
#4917 = EDGE_CURVE ( 'NONE', #7464, #7008, #2275, .T. ) ;
#4918 = CARTESIAN_POINT ( 'NONE',  ( -1.029992063861636769E-13, 9.500000000000074607, 80.00000000000000000 ) ) ;
#4919 = VECTOR ( 'NONE', #2747, 1000.000000000000000 ) ;
#4920 = LINE ( 'NONE', #1415, #6591 ) ;
#4921 = ORIENTED_EDGE ( 'NONE', *, *, #1815, .F. ) ;
#4922 = EDGE_CURVE ( 'NONE', #940, #1085, #3520, .T. ) ;
#4923 = LINE ( 'NONE', #2624, #4561 ) ;
#4924 = PLANE ( 'NONE',  #2841 ) ;
#4925 = EDGE_LOOP ( 'NONE', ( #4862, #7547, #4445, #1269 ) ) ;
#4926 = DESIGN_CONTEXT ( 'detailed design', #7104, 'design' ) ;
#4927 = VECTOR ( 'NONE', #4310, 999.9999999999998863 ) ;
#4928 = ORIENTED_EDGE ( 'NONE', *, *, #1951, .F. ) ;
#4929 = AXIS2_PLACEMENT_3D ( 'NONE', #1062, #5819, #479 ) ;
#4930 = ORIENTED_EDGE ( 'NONE', *, *, #7429, .T. ) ;
#4931 = CALENDAR_DATE ( 2020, 16, 10 ) ;
#4932 = DIRECTION ( 'NONE',  ( -0.000000000000000000, 0.000000000000000000, 1.000000000000000000 ) ) ;
#4933 = CARTESIAN_POINT ( 'NONE',  ( -26.93333333333265855, 6.499999999999669598, 0.000000000000000000 ) ) ;
#4934 = CARTESIAN_POINT ( 'NONE',  ( 25.00000000000010658, 2.500000000000206946, 80.00000000000000000 ) ) ;
#4935 = DIRECTION ( 'NONE',  ( -0.000000000000000000, -0.000000000000000000, -1.000000000000000000 ) ) ;
#4936 = ORIENTED_EDGE ( 'NONE', *, *, #6283, .F. ) ;
#4937 = EDGE_CURVE ( 'NONE', #462, #949, #6798, .T. ) ;
#4938 = LINE ( 'NONE', #3340, #1555 ) ;
#4939 = FACE_OUTER_BOUND ( 'NONE', #779, .T. ) ;
#4940 = ADVANCED_FACE ( 'NONE', ( #1035 ), #7075, .T. ) ;
#4942 = ORIENTED_EDGE ( 'NONE', *, *, #2638, .F. ) ;
#4941 = ORIENTED_EDGE ( 'NONE', *, *, #1570, .T. ) ;
#4943 = VECTOR ( 'NONE', #5663, 1000.000000000000000 ) ;
#4944 = CALENDAR_DATE ( 2020, 16, 10 ) ;
#4945 = DIRECTION ( 'NONE',  ( -0.000000000000000000, -0.000000000000000000, -1.000000000000000000 ) ) ;
#4946 = FACE_OUTER_BOUND ( 'NONE', #5698, .T. ) ;
#4947 = CARTESIAN_POINT ( 'NONE',  ( -3.455527394079924429E-14, 3.030329925644136946, 80.00000000000000000 ) ) ;
#4948 = EDGE_LOOP ( 'NONE', ( #1614, #4479 ) ) ;
#4949 = VECTOR ( 'NONE', #2647, 1000.000000000000000 ) ;
#4950 = VECTOR ( 'NONE', #2101, 1000.000000000000000 ) ;
#4951 =( LENGTH_UNIT ( ) NAMED_UNIT ( * ) SI_UNIT ( .MILLI., .METRE. ) );
#4952 = VERTEX_POINT ( 'NONE', #452 ) ;
#4953 = VECTOR ( 'NONE', #2933, 1000.000000000000000 ) ;
#4954 = DIRECTION ( 'NONE',  ( -1.000000000000000000, 0.000000000000000000, 0.000000000000000000 ) ) ;
#4955 = DIRECTION ( 'NONE',  ( -0.000000000000000000, -0.000000000000000000, -1.000000000000000000 ) ) ;
#4956 = EDGE_CURVE ( 'NONE', #2819, #4579, #6410, .T. ) ;
#4957 = CARTESIAN_POINT ( 'NONE',  ( 13.90000000000116387, 18.42421244450424211, 0.000000000000000000 ) ) ;
#4958 = DIRECTION ( 'NONE',  ( 1.000000000000000000, 0.000000000000000000, 0.000000000000000000 ) ) ;
#4959 = DIRECTION ( 'NONE',  ( -0.000000000000000000, 1.000000000000000000, 2.803971135738379997E-16 ) ) ;
#4960 = LINE ( 'NONE', #1287, #1160 ) ;
#4961 = ORIENTED_EDGE ( 'NONE', *, *, #512, .T. ) ;
#4962 = VERTEX_POINT ( 'NONE', #5898 ) ;
#4963 = AXIS2_PLACEMENT_3D ( 'NONE', #3316, #6349, #5766 ) ;
#4964 = DIRECTION ( 'NONE',  ( 1.000000000000000000, 0.000000000000000000, 0.000000000000000000 ) ) ;
#4965 = CARTESIAN_POINT ( 'NONE',  ( -24.48302076461965271, 3.909141912406398411, 80.00000000000000000 ) ) ;
#4966 = EDGE_CURVE ( 'NONE', #1371, #6955, #1074, .T. ) ;
#4967 = AXIS2_PLACEMENT_3D ( 'NONE', #7027, #4102, #4722 ) ;
#4968 = ORIENTED_EDGE ( 'NONE', *, *, #4204, .F. ) ;
#4969 = CARTESIAN_POINT ( 'NONE',  ( 7.000000000002365219, 18.46341459489340764, 80.00000000000000000 ) ) ;
#4970 = LINE ( 'NONE', #260, #4208 ) ;
#4971 = ORIENTED_EDGE ( 'NONE', *, *, #3790, .T. ) ;
#4972 = ORIENTED_EDGE ( 'NONE', *, *, #1426, .T. ) ;
#4973 = ORIENTED_EDGE ( 'NONE', *, *, #6001, .F. ) ;
#4974 = DATE_AND_TIME ( #2260, #306 ) ;
#4975 =( GEOMETRIC_REPRESENTATION_CONTEXT ( 3 ) GLOBAL_UNCERTAINTY_ASSIGNED_CONTEXT ( ( #3306 ) ) GLOBAL_UNIT_ASSIGNED_CONTEXT ( ( #4994, #818, #5033 ) ) REPRESENTATION_CONTEXT ( 'NONE', 'WORKASPACE' ) );
#4976 = CYLINDRICAL_SURFACE ( 'NONE', #709, 0.5666666666670483465 ) ;
#4977 = EDGE_CURVE ( 'NONE', #6700, #2822, #4296, .T. ) ;
#4978 = CARTESIAN_POINT ( 'NONE',  ( 27.50000000000027711, 2.500000000000233147, 80.00000000000000000 ) ) ;
#4979 = CARTESIAN_POINT ( 'NONE',  ( 24.07802197802169530, 6.829670329669523809, -1.000000000000006661 ) ) ;
#4980 = CARTESIAN_POINT ( 'NONE',  ( 26.93333333333365331, 4.500000000000229150, 80.00000000000000000 ) ) ;
#4981 = ORIENTED_EDGE ( 'NONE', *, *, #871, .T. ) ;
#4982 = DIRECTION ( 'NONE',  ( 0.000000000000000000, 0.000000000000000000, 1.000000000000000000 ) ) ;
#4983 = DIRECTION ( 'NONE',  ( -1.136160801469574582E-14, 1.000000000000000000, 0.000000000000000000 ) ) ;
#4985 = ORIENTED_EDGE ( 'NONE', *, *, #1570, .F. ) ;
#4984 = ORIENTED_EDGE ( 'NONE', *, *, #6251, .F. ) ;
#4986 = PERSON_AND_ORGANIZATION ( #2152, #3857 ) ;
#4987 = DIRECTION ( 'NONE',  ( -1.000000000000000000, 0.000000000000000000, 0.000000000000000000 ) ) ;
#4988 = EDGE_CURVE ( 'NONE', #714, #886, #80, .T. ) ;
#4989 = CARTESIAN_POINT ( 'NONE',  ( -13.90000000000109637, 17.69999999999967955, 0.000000000000000000 ) ) ;
#4990 = FACE_OUTER_BOUND ( 'NONE', #2702, .T. ) ;
#4991 = VECTOR ( 'NONE', #4610, 1000.000000000000000 ) ;
#4992 = PRODUCT_RELATED_PRODUCT_CATEGORY ( 'detail', '', ( #6032 ) ) ;
#4993 = VERTEX_POINT ( 'NONE', #2858 ) ;
#4994 =( LENGTH_UNIT ( ) NAMED_UNIT ( * ) SI_UNIT ( .MILLI., .METRE. ) );
#4995 = VERTEX_POINT ( 'NONE', #5209 ) ;
#4996 = DIRECTION ( 'NONE',  ( -1.000000000000000000, 0.000000000000000000, 0.000000000000000000 ) ) ;
#4997 = CARTESIAN_POINT ( 'NONE',  ( 13.00000000000125056, 1.477009041910588857E-13, 80.00000000000000000 ) ) ;
#4998 = AXIS2_PLACEMENT_3D ( 'NONE', #672, #2414, #1180 ) ;
#4999 = EDGE_CURVE ( 'NONE', #3170, #5136, #4585, .T. ) ;
#5000 = CARTESIAN_POINT ( 'NONE',  ( -22.92226674140376730, 2.780329925644124511, 80.00000000000000000 ) ) ;
#5001 = CYLINDRICAL_SURFACE ( 'NONE', #1569, 0.2499999999999169553 ) ;
#5002 = DIRECTION ( 'NONE',  ( -0.000000000000000000, 0.000000000000000000, 1.000000000000000000 ) ) ;
#5003 = DIRECTION ( 'NONE',  ( 1.000000000000000000, 0.000000000000000000, 0.000000000000000000 ) ) ;
#5004 = EDGE_CURVE ( 'NONE', #2392, #4677, #489, .T. ) ;
#5005 = EDGE_LOOP ( 'NONE', ( #5063, #7436, #4981, #4434 ) ) ;
#5006 = ORIENTED_EDGE ( 'NONE', *, *, #6442, .T. ) ;
#5007 = DIRECTION ( 'NONE',  ( 0.000000000000000000, 0.000000000000000000, -1.000000000000000000 ) ) ;
#5008 = VECTOR ( 'NONE', #6077, 1000.000000000000000 ) ;
#5009 = DIRECTION ( 'NONE',  ( 1.000000000000000000, 1.140313919232872242E-14, 0.000000000000000000 ) ) ;
#5010 = DIRECTION ( 'NONE',  ( -0.000000000000000000, -0.000000000000000000, -1.000000000000000000 ) ) ;
#5011 = DIRECTION ( 'NONE',  ( -9.462128050787417430E-15, 1.000000000000000000, 0.000000000000000000 ) ) ;
#5012 = VERTEX_POINT ( 'NONE', #2313 ) ;
#5013 = EDGE_CURVE ( 'NONE', #3031, #347, #3485, .T. ) ;
#5014 = ORIENTED_EDGE ( 'NONE', *, *, #3876, .F. ) ;
#5015 = ORIENTED_EDGE ( 'NONE', *, *, #7204, .F. ) ;
#5016 = EDGE_CURVE ( 'NONE', #6655, #6955, #2238, .T. ) ;
#5017 = DIRECTION ( 'NONE',  ( 1.000000000000000000, 0.000000000000000000, 0.000000000000000000 ) ) ;
#5018 = DIRECTION ( 'NONE',  ( 1.000000000000000000, 0.000000000000000000, 0.000000000000000000 ) ) ;
#5019 = VERTEX_POINT ( 'NONE', #7664 ) ;
#5020 = DIRECTION ( 'NONE',  ( 0.000000000000000000, 0.000000000000000000, 1.000000000000000000 ) ) ;
#5021 = CLOSED_SHELL ( 'NONE', ( #5344, #6026, #5270, #903, #3970, #6063, #721, #4784, #1537, #7647, #1294, #2471, #3482, #4531, #4405, #1528, #3402, #257, #3167, #5593, #965, #5394, #5880, #811, #2877 ) ) ;
#5022 = CARTESIAN_POINT ( 'NONE',  ( -15.00000000000032863, -1.704241202197807985E-13, 80.00000000000000000 ) ) ;
#5023 = EDGE_CURVE ( 'NONE', #3046, #751, #5245, .T. ) ;
#5025 = EDGE_LOOP ( 'NONE', ( #5094, #2940, #4408, #3414 ) ) ;
#5024 = ORIENTED_EDGE ( 'NONE', *, *, #32, .T. ) ;
#5026 = COORDINATED_UNIVERSAL_TIME_OFFSET ( 8, 0, .AHEAD. ) ;
#5027 = EDGE_CURVE ( 'NONE', #1289, #1689, #3050, .T. ) ;
#5028 = CARTESIAN_POINT ( 'NONE',  ( -26.72197802197803895, 7.029670329669723827, -1.500000000000000000 ) ) ;
#5029 = CARTESIAN_POINT ( 'NONE',  ( 5.000000000002364331, 18.46341459489325487, 0.000000000000000000 ) ) ;
#5030 = FACE_OUTER_BOUND ( 'NONE', #4068, .T. ) ;
#5031 = VERTEX_POINT ( 'NONE', #7037 ) ;
#5032 = CIRCLE ( 'NONE', #2656, 0.5666666666667776742 ) ;
#5033 =( NAMED_UNIT ( * ) SI_UNIT ( $, .STERADIAN. ) SOLID_ANGLE_UNIT ( ) );
#5034 = EDGE_CURVE ( 'NONE', #2911, #4150, #2551, .T. ) ;
#5035 = SECURITY_CLASSIFICATION ( '', '', #5564 ) ;
#5036 = ORIENTED_EDGE ( 'NONE', *, *, #2440, .F. ) ;
#5037 = CARTESIAN_POINT ( 'NONE',  ( 26.93333333333337976, 9.500000000000238032, 0.000000000000000000 ) ) ;
#5038 = PLANE ( 'NONE',  #3817 ) ;
#5039 = LINE ( 'NONE', #7332, #1868 ) ;
#5040 = AXIS2_PLACEMENT_3D ( 'NONE', #3625, #711, #3085 ) ;
#5041 = DIRECTION ( 'NONE',  ( 1.000000000000000000, 0.000000000000000000, 0.000000000000000000 ) ) ;
#5042 = DIRECTION ( 'NONE',  ( -0.000000000000000000, -0.000000000000000000, -1.000000000000000000 ) ) ;
#5043 = CARTESIAN_POINT ( 'NONE',  ( -19.44535204941996298, 18.33710622225161657, 80.00000000000000000 ) ) ;
#5045 = ORIENTED_EDGE ( 'NONE', *, *, #2298, .T. ) ;
#5044 = EDGE_CURVE ( 'NONE', #7270, #902, #5861, .T. ) ;
#5046 = EDGE_LOOP ( 'NONE', ( #1259, #3303, #200, #1707 ) ) ;
#5047 = LINE ( 'NONE', #1952, #3132 ) ;
#5048 = FACE_OUTER_BOUND ( 'NONE', #4071, .T. ) ;
#5049 = AXIS2_PLACEMENT_3D ( 'NONE', #3053, #6686, #4189 ) ;
#5050 = CARTESIAN_POINT ( 'NONE',  ( -1.429374607177335181E-13, 14.31394289005037912, 80.00000000000000000 ) ) ;
#5051 = CARTESIAN_POINT ( 'NONE',  ( 24.23302076461970955, 4.236057109949596722, 80.00000000000000000 ) ) ;
#5052 = ORIENTED_EDGE ( 'NONE', *, *, #984, .F. ) ;
#5053 = ORIENTED_EDGE ( 'NONE', *, *, #553, .T. ) ;
#5054 = ORIENTED_EDGE ( 'NONE', *, *, #5448, .T. ) ;
#5055 = DIRECTION ( 'NONE',  ( -0.000000000000000000, 0.000000000000000000, 1.000000000000000000 ) ) ;
#5056 = DIRECTION ( 'NONE',  ( 1.000000000000000000, 0.000000000000000000, 0.000000000000000000 ) ) ;
#5057 = EDGE_CURVE ( 'NONE', #5801, #4072, #445, .T. ) ;
#5058 = ORIENTED_EDGE ( 'NONE', *, *, #842, .T. ) ;
#5059 = FACE_OUTER_BOUND ( 'NONE', #5822, .T. ) ;
#5060 = PLANE ( 'NONE',  #6767 ) ;
#5061 = VECTOR ( 'NONE', #5358, 1000.000000000000000 ) ;
#5062 = AXIS2_PLACEMENT_3D ( 'NONE', #3434, #1566, #4574 ) ;
#5064 = VERTEX_POINT ( 'NONE', #135 ) ;
#5063 = ORIENTED_EDGE ( 'NONE', *, *, #3701, .F. ) ;
#5065 = PERSON_AND_ORGANIZATION ( #2152, #3857 ) ;
#5066 = AXIS2_PLACEMENT_3D ( 'NONE', #3097, #7229, #6570 ) ;
#5067 = DIRECTION ( 'NONE',  ( 1.000000000000000000, 0.000000000000000000, -0.000000000000000000 ) ) ;
#5068 = CARTESIAN_POINT ( 'NONE',  ( 3.899999999996935252, 18.42421244450413553, 80.00000000000000000 ) ) ;
#5069 = CARTESIAN_POINT ( 'NONE',  ( -2.049947513325643979E-13, 18.79999999999947491, 80.00000000000000000 ) ) ;
#5070 = EDGE_CURVE ( 'NONE', #5471, #3219, #691, .T. ) ;
#5071 = PRODUCT_DEFINITION_SHAPE ( 'NONE', 'NONE',  #7706 ) ;
#5072 = ORIENTED_EDGE ( 'NONE', *, *, #2895, .F. ) ;
#5073 = EDGE_CURVE ( 'NONE', #7541, #2346, #821, .T. ) ;
#5074 = DIRECTION ( 'NONE',  ( -1.000000000000000000, 0.000000000000000000, 0.000000000000000000 ) ) ;
#5075 = AXIS2_PLACEMENT_3D ( 'NONE', #287, #2651, #5041 ) ;
#5076 = ORIENTED_EDGE ( 'NONE', *, *, #5730, .T. ) ;
#5077 = DIRECTION ( 'NONE',  ( 1.000000000000000000, 0.000000000000000000, 0.000000000000000000 ) ) ;
#5078 = CARTESIAN_POINT ( 'NONE',  ( 11.90000000000160618, 18.42421244450422080, 0.000000000000000000 ) ) ;
#5079 = CIRCLE ( 'NONE', #5928, 0.5666666666667812269 ) ;
#5080 = EDGE_CURVE ( 'NONE', #6374, #2084, #1795, .T. ) ;
#5081 = CARTESIAN_POINT ( 'NONE',  ( -21.50000000000004263, 18.29999999999953531, 80.00000000000000000 ) ) ;
#5082 = DIRECTION ( 'NONE',  ( -0.000000000000000000, -0.000000000000000000, -1.000000000000000000 ) ) ;
#5083 = AXIS2_PLACEMENT_3D ( 'NONE', #3673, #681, #6567 ) ;
#5084 = VERTEX_POINT ( 'NONE', #2417 ) ;
#5085 = ORIENTED_EDGE ( 'NONE', *, *, #516, .F. ) ;
#5086 = AXIS2_PLACEMENT_3D ( 'NONE', #899, #6896, #3928 ) ;
#5087 = ADVANCED_FACE ( 'NONE', ( #7112 ), #21, .T. ) ;
#5088 = CARTESIAN_POINT ( 'NONE',  ( 27.50000000000028777, 2.650271977187435412E-13, 80.00000000000000000 ) ) ;
#5089 = CIRCLE ( 'NONE', #6066, 2.499999999999974243 ) ;
#5090 = CARTESIAN_POINT ( 'NONE',  ( 11.44535204942135209, 18.33710622225216369, 80.00000000000000000 ) ) ;
#5091 = EDGE_CURVE ( 'NONE', #5996, #3953, #715, .T. ) ;
#5092 = CARTESIAN_POINT ( 'NONE',  ( 4.515812910881320086, 0.000000000000000000, 0.000000000000000000 ) ) ;
#5093 = LINE ( 'NONE', #840, #2104 ) ;
#5094 = ORIENTED_EDGE ( 'NONE', *, *, #320, .F. ) ;
#5095 = AXIS2_PLACEMENT_3D ( 'NONE', #3172, #5556, #2585 ) ;
#5096 = VERTEX_POINT ( 'NONE', #64 ) ;
#5097 = DIRECTION ( 'NONE',  ( 0.000000000000000000, 0.000000000000000000, 1.000000000000000000 ) ) ;
#5098 = AXIS2_PLACEMENT_3D ( 'NONE', #2529, #3657, #2998 ) ;
#5099 = DIRECTION ( 'NONE',  ( -1.037939709735654321E-14, 1.000000000000000000, 0.000000000000000000 ) ) ;
#5100 = EDGE_LOOP ( 'NONE', ( #6109, #6413, #168, #2419 ) ) ;
#5101 = CARTESIAN_POINT ( 'NONE',  ( 5.000000000002372325, 17.69999999999965823, 80.00000000000000000 ) ) ;
#5102 = EDGE_LOOP ( 'NONE', ( #4429, #7621, #867, #1497 ) ) ;
#5104 = ORIENTED_EDGE ( 'NONE', *, *, #7287, .F. ) ;
#5103 = ORIENTED_EDGE ( 'NONE', *, *, #5269, .F. ) ;
#5105 = AXIS2_PLACEMENT_3D ( 'NONE', #904, #5538, #5585 ) ;
#5106 = EDGE_CURVE ( 'NONE', #3856, #4677, #3931, .T. ) ;
#5107 = COORDINATED_UNIVERSAL_TIME_OFFSET ( 8, 0, .AHEAD. ) ;
#5108 = CARTESIAN_POINT ( 'NONE',  ( -9.000000000001858069, 17.69999999999973284, 80.00000000000000000 ) ) ;
#5109 = CARTESIAN_POINT ( 'NONE',  ( 0.7499999999999997780, -0.2900000000000002021, 1.016987298107780102 ) ) ;
#5110 = CARTESIAN_POINT ( 'NONE',  ( -26.93333333333267632, 8.499999999999667821, 80.00000000000000000 ) ) ;
#5111 = ORIENTED_EDGE ( 'NONE', *, *, #3271, .T. ) ;
#5112 = LOCAL_TIME ( 15, 21, 11.00000000000000000, #2789 ) ;
#5113 = DIRECTION ( 'NONE',  ( 1.000000000000000000, 1.047674664616666168E-14, 0.000000000000000000 ) ) ;
#5114 = EDGE_CURVE ( 'NONE', #3140, #462, #3544, .T. ) ;
#5115 = ORIENTED_EDGE ( 'NONE', *, *, #3948, .F. ) ;
#5116 = CARTESIAN_POINT ( 'NONE',  ( -24.38654285052914616, 14.92159925438559931, 0.000000000000000000 ) ) ;
#5117 = CARTESIAN_POINT ( 'NONE',  ( -25.70000000000040075, 11.69999999999999751, 80.00000000000000000 ) ) ;
#5118 = EDGE_CURVE ( 'NONE', #1461, #7492, #2497, .T. ) ;
#5119 = EDGE_CURVE ( 'NONE', #7532, #6, #6540, .T. ) ;
#5120 = ORIENTED_EDGE ( 'NONE', *, *, #58, .T. ) ;
#5121 =( REPRESENTATION_RELATIONSHIP ('NONE','NONE', #4738, #4235 ) REPRESENTATION_RELATIONSHIP_WITH_TRANSFORMATION ( #608 )SHAPE_REPRESENTATION_RELATIONSHIP( ) );
#5122 = APPROVAL_DATE_TIME ( #4607, #2689 ) ;
#5123 = VECTOR ( 'NONE', #6406, 1000.000000000000000 ) ;
#5124 = CYLINDRICAL_SURFACE ( 'NONE', #775, 0.4629171123669006960 ) ;
#5125 = CARTESIAN_POINT ( 'NONE',  ( 27.20000000000020890, 11.00000000000019362, 80.00000000000000000 ) ) ;
#5126 = LINE ( 'NONE', #4611, #2187 ) ;
#5127 = DIRECTION ( 'NONE',  ( 0.000000000000000000, -0.000000000000000000, -1.000000000000000000 ) ) ;
#5128 = ORIENTED_EDGE ( 'NONE', *, *, #2121, .T. ) ;
#5129 = EDGE_CURVE ( 'NONE', #3121, #5275, #1872, .T. ) ;
#5130 = ORIENTED_EDGE ( 'NONE', *, *, #4313, .T. ) ;
#5131 = CC_DESIGN_PERSON_AND_ORGANIZATION_ASSIGNMENT ( #475, #3943, ( #928 ) ) ;
#5132 = AXIS2_PLACEMENT_3D ( 'NONE', #7630, #3383, #1009 ) ;
#5133 = FACE_OUTER_BOUND ( 'NONE', #5025, .T. ) ;
#5134 = LINE ( 'NONE', #7582, #5123 ) ;
#5135 = DIRECTION ( 'NONE',  ( 1.000000000000000000, 9.462128050783626165E-15, 0.000000000000000000 ) ) ;
#5136 = VERTEX_POINT ( 'NONE', #3047 ) ;
#5137 = DIRECTION ( 'NONE',  ( -0.000000000000000000, -0.000000000000000000, -1.000000000000000000 ) ) ;
#5138 = EDGE_LOOP ( 'NONE', ( #6617, #6720, #4314, #536 ) ) ;
#5139 = VECTOR ( 'NONE', #1820, 1000.000000000000000 ) ;
#5140 = VECTOR ( 'NONE', #4462, 1000.000000000000000 ) ;
#5142 = ORIENTED_EDGE ( 'NONE', *, *, #3071, .T. ) ;
#5141 = EDGE_LOOP ( 'NONE', ( #6043, #2785, #2577, #3860 ) ) ;
#5143 = CC_DESIGN_PERSON_AND_ORGANIZATION_ASSIGNMENT ( #1837, #720, ( #4771 ) ) ;
#5144 = ADVANCED_FACE ( 'NONE', ( #4881 ), #4145, .T. ) ;
#5145 = PERSON_AND_ORGANIZATION_ROLE ( 'design_owner' ) ;
#5146 = FACE_OUTER_BOUND ( 'NONE', #5005, .T. ) ;
#5147 = CARTESIAN_POINT ( 'NONE',  ( 5.000000000002364331, 18.46341459489325487, 80.00000000000000000 ) ) ;
#5148 = FACE_BOUND ( 'NONE', #5208, .T. ) ;
#5149 = VERTEX_POINT ( 'NONE', #1759 ) ;
#5150 = CARTESIAN_POINT ( 'NONE',  ( 27.20000000000024443, 10.00000000000029310, 80.00000000000000000 ) ) ;
#5151 = ORIENTED_EDGE ( 'NONE', *, *, #141, .F. ) ;
#5152 = CIRCLE ( 'NONE', #7130, 2.500000000000009326 ) ;
#5153 = CARTESIAN_POINT ( 'NONE',  ( 24.48302076461957100, 3.909141912406911779, 80.00000000000000000 ) ) ;
#5154 = CARTESIAN_POINT ( 'NONE',  ( 0.000000000000000000, -0.5900000000000001910, 0.2900000000000000910 ) ) ;
#5155 = CIRCLE ( 'NONE', #6390, 0.2499999999999169553 ) ;
#5156 = ORGANIZATION ( 'NAUO-ORG2', 'UNSPECIFIED', 'UNSPECIFIED' ) ;
#5157 = ORIENTED_EDGE ( 'NONE', *, *, #1418, .T. ) ;
#5158 = VECTOR ( 'NONE', #6781, 1000.000000000000000 ) ;
#5159 = CARTESIAN_POINT ( 'NONE',  ( 25.57802197802224597, -6.570329670329666527, -1.500000000000000000 ) ) ;
#5160 = VECTOR ( 'NONE', #1757, 1000.000000000000000 ) ;
#5161 = FACE_OUTER_BOUND ( 'NONE', #5954, .T. ) ;
#5162 = CARTESIAN_POINT ( 'NONE',  ( -5.900000000002200373, 17.69999999999976481, 80.00000000000000000 ) ) ;
#5163 = DIRECTION ( 'NONE',  ( -0.000000000000000000, -0.000000000000000000, -1.000000000000000000 ) ) ;
#5164 = ORIENTED_EDGE ( 'NONE', *, *, #2475, .F. ) ;
#5165 = ORIENTED_EDGE ( 'NONE', *, *, #2562, .T. ) ;
#5166 = CARTESIAN_POINT ( 'NONE',  ( -23.80258382925074301, 2.780329925643896249, 80.00000000000000000 ) ) ;
#5167 = CARTESIAN_POINT ( 'NONE',  ( -22.92226674140375309, 1.400000000000050093, 80.00000000000000000 ) ) ;
#5168 = LINE ( 'NONE', #7509, #4533 ) ;
#5169 = EDGE_CURVE ( 'NONE', #5426, #4385, #3592, .T. ) ;
#5170 = ORIENTED_EDGE ( 'NONE', *, *, #6509, .T. ) ;
#5171 = CARTESIAN_POINT ( 'NONE',  ( 24.79999999999990479, 2.700000000000517986, 80.00000000000000000 ) ) ;
#5172 = VERTEX_POINT ( 'NONE', #640 ) ;
#5174 = VERTEX_POINT ( 'NONE', #6596 ) ;
#5173 = ORIENTED_EDGE ( 'NONE', *, *, #6370, .T. ) ;
#5175 = AXIS2_PLACEMENT_3D ( 'NONE', #2708, #1543, #3920 ) ;
#5176 = CALENDAR_DATE ( 2020, 16, 10 ) ;
#5177 = DIRECTION ( 'NONE',  ( 1.000000000000000000, 0.000000000000000000, 0.000000000000000000 ) ) ;
#5178 = CARTESIAN_POINT ( 'NONE',  ( 17.00000000000076383, 1.545178689996162785E-13, 0.000000000000000000 ) ) ;
#5179 = FACE_OUTER_BOUND ( 'NONE', #5641, .T. ) ;
#5180 = FACE_OUTER_BOUND ( 'NONE', #7359, .T. ) ;
#5181 = ORIENTED_EDGE ( 'NONE', *, *, #889, .F. ) ;
#5182 = AXIS2_PLACEMENT_3D ( 'NONE', #7146, #6524, #3556 ) ;
#5183 = EDGE_CURVE ( 'NONE', #3392, #3523, #4846, .T. ) ;
#5184 = LINE ( 'NONE', #7010, #5715 ) ;
#5185 = AXIS2_PLACEMENT_3D ( 'NONE', #6550, #127, #2449 ) ;
#5186 = CARTESIAN_POINT ( 'NONE',  ( 0.000000000000000000, 0.5900000000000001910, -0.5900000000000001910 ) ) ;
#5187 = CARTESIAN_POINT ( 'NONE',  ( -13.44535204942062556, 18.33710622225167342, 80.00000000000000000 ) ) ;
#5188 = AXIS2_PLACEMENT_3D ( 'NONE', #1214, #3546, #4248 ) ;
#5189 = VERTEX_POINT ( 'NONE', #604 ) ;
#5190 = VECTOR ( 'NONE', #3147, 1000.000000000000000 ) ;
#5191 = ITEM_DEFINED_TRANSFORMATION ( 'NONE', 'NONE', #1358,  #2222 ) ;
#5192 = ADVANCED_FACE ( 'NONE', ( #6637 ), #4301, .F. ) ;
#5193 = DIRECTION ( 'NONE',  ( -1.000000000000000000, -1.140313919232206601E-14, 0.000000000000000000 ) ) ;
#5194 = CARTESIAN_POINT ( 'NONE',  ( -24.23302076461957100, 3.909141912406401076, 80.00000000000000000 ) ) ;
#5195 = CIRCLE ( 'NONE', #97, 0.2499999999998545053 ) ;
#5196 = FACE_OUTER_BOUND ( 'NONE', #4341, .T. ) ;
#5197 = PLANE ( 'NONE',  #7583 ) ;
#5198 = CIRCLE ( 'NONE', #1819, 0.5666666666667742325 ) ;
#5199 = FACE_OUTER_BOUND ( 'NONE', #6856, .T. ) ;
#5200 = EDGE_LOOP ( 'NONE', ( #6756, #6267, #6581, #3447 ) ) ;
#5201 = ADVANCED_FACE ( 'NONE', ( #676 ), #2973, .T. ) ;
#5202 = CIRCLE ( 'NONE', #4463, 0.5666666666667812269 ) ;
#5203 = DIRECTION ( 'NONE',  ( -0.000000000000000000, -0.000000000000000000, -1.000000000000000000 ) ) ;
#5204 = CARTESIAN_POINT ( 'NONE',  ( -24.13654285052867365, -2.756177995931736857E-13, 80.00000000000000000 ) ) ;
#5205 = EDGE_CURVE ( 'NONE', #6420, #3661, #3806, .T. ) ;
#5206 = EDGE_CURVE ( 'NONE', #694, #3960, #7430, .T. ) ;
#5207 = DIRECTION ( 'NONE',  ( 1.000000000000000000, -0.000000000000000000, -0.000000000000000000 ) ) ;
#5208 = EDGE_LOOP ( 'NONE', ( #120, #2351 ) ) ;
#5209 = CARTESIAN_POINT ( 'NONE',  ( 9.000000000001932676, 17.69999999999969731, 80.00000000000000000 ) ) ;
#5210 = ORIENTED_EDGE ( 'NONE', *, *, #4591, .F. ) ;
#5212 = ORIENTED_EDGE ( 'NONE', *, *, #1210, .F. ) ;
#5211 = ORIENTED_EDGE ( 'NONE', *, *, #6211, .T. ) ;
#5213 = EDGE_CURVE ( 'NONE', #635, #4012, #839, .T. ) ;
#5214 = PERSON_AND_ORGANIZATION_ROLE ( 'design_owner' ) ;
#5215 = CIRCLE ( 'NONE', #3224, 0.4629171123673361254 ) ;
#5216 = DIRECTION ( 'NONE',  ( -0.000000000000000000, -0.000000000000000000, -1.000000000000000000 ) ) ;
#5217 = CARTESIAN_POINT ( 'NONE',  ( 0.7499999999999997780, 0.2899999999999998690, 1.016987298107779658 ) ) ;
#5218 = LINE ( 'NONE', #7673, #6424 ) ;
#5219 = FACE_OUTER_BOUND ( 'NONE', #4772, .T. ) ;
#5220 = ORIENTED_EDGE ( 'NONE', *, *, #1734, .T. ) ;
#5221 = DIRECTION ( 'NONE',  ( 0.000000000000000000, 0.000000000000000000, 1.000000000000000000 ) ) ;
#5222 = AXIS2_PLACEMENT_3D ( 'NONE', #209, #7334, #1990 ) ;
#5223 = EDGE_CURVE ( 'NONE', #1085, #7020, #4923, .T. ) ;
#5224 = DIRECTION ( 'NONE',  ( 1.037939709735654321E-14, -1.000000000000000000, 0.000000000000000000 ) ) ;
#5225 = EDGE_CURVE ( 'NONE', #678, #4293, #1316, .T. ) ;
#5226 = LINE ( 'NONE', #6467, #4075 ) ;
#5227 = LINE ( 'NONE', #5375, #5438 ) ;
#5228 = AXIS2_PLACEMENT_3D ( 'NONE', #1320, #3689, #736 ) ;
#5229 = ORIENTED_EDGE ( 'NONE', *, *, #7298, .T. ) ;
#5230 = ITEM_DEFINED_TRANSFORMATION ( 'NONE', 'NONE', #4715,  #2222 ) ;
#5231 = EDGE_CURVE ( 'NONE', #137, #2404, #2584, .T. ) ;
#5232 = FACE_OUTER_BOUND ( 'NONE', #3220, .T. ) ;
#5233 = CIRCLE ( 'NONE', #4609, 0.5666666666668297436 ) ;
#5234 = DIRECTION ( 'NONE',  ( 1.000000000000000000, 0.000000000000000000, 0.000000000000000000 ) ) ;
#5235 = EDGE_CURVE ( 'NONE', #3088, #3129, #7426, .T. ) ;
#5236 = CARTESIAN_POINT ( 'NONE',  ( 25.77802197802200723, -9.270329670329591210, 0.000000000000000000 ) ) ;
#5237 = CARTESIAN_POINT ( 'NONE',  ( -7.000000000002088107, 18.46341459489294579, 80.00000000000000000 ) ) ;
#5238 = ORIENTED_EDGE ( 'NONE', *, *, #7662, .T. ) ;
#5239 = VERTEX_POINT ( 'NONE', #5602 ) ;
#5240 = CARTESIAN_POINT ( 'NONE',  ( -9.000000000001865175, 18.46341459489515202, 80.00000000000000000 ) ) ;
#5241 = PLANE ( 'NONE',  #2252 ) ;
#5242 = DIRECTION ( 'NONE',  ( -1.040834085586082363E-14, 1.000000000000000000, 0.000000000000000000 ) ) ;
#5243 = AXIS2_PLACEMENT_3D ( 'NONE', #3371, #4616, #7508 ) ;
#5244 = ORIENTED_EDGE ( 'NONE', *, *, #2411, .T. ) ;
#5245 = LINE ( 'NONE', #5830, #1559 ) ;
#5246 = ORIENTED_EDGE ( 'NONE', *, *, #6156, .F. ) ;
#5248 = ORIENTED_EDGE ( 'NONE', *, *, #4730, .F. ) ;
#5247 = ORIENTED_EDGE ( 'NONE', *, *, #5730, .F. ) ;
#5249 = EDGE_CURVE ( 'NONE', #1994, #5680, #259, .T. ) ;
#5250 = CALENDAR_DATE ( 2020, 16, 10 ) ;
#5251 = CARTESIAN_POINT ( 'NONE',  ( -19.90000000000021174, 17.69999999999961915, 80.00000000000000000 ) ) ;
#5252 = CARTESIAN_POINT ( 'NONE',  ( 26.93333333333336554, 10.50000000000023448, 80.00000000000000000 ) ) ;
#5253 = DIRECTION ( 'NONE',  ( 1.000000000000000000, 0.000000000000000000, 0.000000000000000000 ) ) ;
#5254 = LINE ( 'NONE', #4081, #5376 ) ;
#5255 = VERTEX_POINT ( 'NONE', #1529 ) ;
#5256 = VECTOR ( 'NONE', #2806, 1000.000000000000000 ) ;
#5257 = CYLINDRICAL_SURFACE ( 'NONE', #3345, 1.000000000000042633 ) ;
#5258 = EDGE_CURVE ( 'NONE', #3315, #2975, #1957, .T. ) ;
#5259 = FACE_OUTER_BOUND ( 'NONE', #4733, .T. ) ;
#5260 = LINE ( 'NONE', #5951, #7307 ) ;
#5261 = CARTESIAN_POINT ( 'NONE',  ( 0.7500000000000000000, 0.5900000000000001910, 0.2900000000000002021 ) ) ;
#5262 = ADVANCED_FACE ( 'NONE', ( #7387 ), #2042, .F. ) ;
#5263 = ORIENTED_EDGE ( 'NONE', *, *, #113, .T. ) ;
#5264 = ORIENTED_EDGE ( 'NONE', *, *, #6858, .F. ) ;
#5265 = DATE_AND_TIME ( #1783, #5892 ) ;
#5266 = AXIS2_PLACEMENT_3D ( 'NONE', #3530, #5906, #2949 ) ;
#5267 = CARTESIAN_POINT ( 'NONE',  ( -24.79999999999973781, 2.699999999999997513, 80.00000000000000000 ) ) ;
#5268 = CARTESIAN_POINT ( 'NONE',  ( 0.000000000000000000, 0.2899999999999999800, -0.5900000000000003020 ) ) ;
#5269 = EDGE_CURVE ( 'NONE', #7223, #912, #1377, .T. ) ;
#5270 = ADVANCED_FACE ( 'NONE', ( #758 ), #7301, .T. ) ;
#5271 = CARTESIAN_POINT ( 'NONE',  ( -1.674796664988665047E-13, 17.69999999999961204, 80.00000000000000000 ) ) ;
#5272 = LINE ( 'NONE', #6363, #3972 ) ;
#5273 = CARTESIAN_POINT ( 'NONE',  ( -1.674796664989354953E-13, 17.69999999999981100, 0.000000000000000000 ) ) ;
#5274 = VECTOR ( 'NONE', #2254, 1000.000000000000000 ) ;
#5275 = VERTEX_POINT ( 'NONE', #1999 ) ;
#5276 = SECURITY_CLASSIFICATION ( '', '', #801 ) ;
#5277 = FACE_OUTER_BOUND ( 'NONE', #3421, .T. ) ;
#5278 = DIRECTION ( 'NONE',  ( 1.000000000000000000, 0.000000000000000000, 0.000000000000000000 ) ) ;
#5279 = DIRECTION ( 'NONE',  ( -1.000000000000000000, -1.069075436258897643E-14, 0.000000000000000000 ) ) ;
#5280 = ORIENTED_EDGE ( 'NONE', *, *, #1093, .T. ) ;
#5281 = APPROVAL_PERSON_ORGANIZATION ( #2444, #3504, #6433 ) ;
#5282 = DIRECTION ( 'NONE',  ( -0.000000000000000000, 0.000000000000000000, 1.000000000000000000 ) ) ;
#5283 = AXIS2_PLACEMENT_3D ( 'NONE', #1032, #1645, #6960 ) ;
#5284 = ORIENTED_EDGE ( 'NONE', *, *, #5844, .F. ) ;
#5286 = ORIENTED_EDGE ( 'NONE', *, *, #3349, .F. ) ;
#5285 = VERTEX_POINT ( 'NONE', #6718 ) ;
#5287 = PERSON_AND_ORGANIZATION_ROLE ( 'creator' ) ;
#5288 = PLANE ( 'NONE',  #3904 ) ;
#5289 = DIRECTION ( 'NONE',  ( -0.000000000000000000, -0.000000000000000000, -1.000000000000000000 ) ) ;
#5290 = DIRECTION ( 'NONE',  ( -1.000000000000000000, 0.000000000000000000, 0.000000000000000000 ) ) ;
#5291 = FACE_OUTER_BOUND ( 'NONE', #1641, .T. ) ;
#5292 = ORIENTED_EDGE ( 'NONE', *, *, #4279, .F. ) ;
#5293 = VECTOR ( 'NONE', #3223, 1000.000000000000000 ) ;
#5294 = DIRECTION ( 'NONE',  ( 1.000000000000000000, 0.000000000000000000, 0.000000000000000000 ) ) ;
#5295 = PLANE ( 'NONE',  #1280 ) ;
#5296 = EDGE_CURVE ( 'NONE', #6810, #6347, #5513, .T. ) ;
#5297 = LINE ( 'NONE', #2292, #1092 ) ;
#5298 = CARTESIAN_POINT ( 'NONE',  ( 7.000000000002374101, 17.69999999999967955, 80.00000000000000000 ) ) ;
#5299 = AXIS2_PLACEMENT_3D ( 'NONE', #1724, #3959, #1685 ) ;
#5300 = ADVANCED_FACE ( 'NONE', ( #3748 ), #6126, .T. ) ;
#5301 = CIRCLE ( 'NONE', #1931, 0.2499999999999759359 ) ;
#5302 = VECTOR ( 'NONE', #5712, 1000.000000000000000 ) ;
#5303 = ORIENTED_EDGE ( 'NONE', *, *, #5341, .F. ) ;
#5304 = DATE_AND_TIME ( #4096, #2403 ) ;
#5305 = EDGE_CURVE ( 'NONE', #4272, #7270, #5421, .T. ) ;
#5306 = AXIS2_PLACEMENT_3D ( 'NONE', #249, #1488, #3244 ) ;
#5307 = DIRECTION ( 'NONE',  ( -0.000000000000000000, 0.000000000000000000, 1.000000000000000000 ) ) ;
#5308 = FACE_OUTER_BOUND ( 'NONE', #3993, .T. ) ;
#5309 = FACE_OUTER_BOUND ( 'NONE', #3173, .T. ) ;
#5310 = FACE_OUTER_BOUND ( 'NONE', #2549, .T. ) ;
#5311 = DIRECTION ( 'NONE',  ( -0.000000000000000000, -0.000000000000000000, -1.000000000000000000 ) ) ;
#5312 = VECTOR ( 'NONE', #1054, 1000.000000000000000 ) ;
#5313 = ORIENTED_EDGE ( 'NONE', *, *, #1596, .F. ) ;
#5314 = EDGE_CURVE ( 'NONE', #1397, #1883, #3320, .T. ) ;
#5315 = CARTESIAN_POINT ( 'NONE',  ( 17.00000000000060396, 17.69999999999978257, 80.00000000000000000 ) ) ;
#5316 = APPROVAL ( #1005, '未指定' ) ;
#5317 = CARTESIAN_POINT ( 'NONE',  ( -22.52197802197775189, 6.829670329669523809, -0.9999999999999859002 ) ) ;
#5318 = AXIS2_PLACEMENT_3D ( 'NONE', #5492, #5414, #3646 ) ;
#5319 = AXIS2_PLACEMENT_3D ( 'NONE', #7559, #975, #900 ) ;
#5320 = CARTESIAN_POINT ( 'NONE',  ( -1.429374607177335181E-13, 14.31394289005037912, 0.000000000000000000 ) ) ;
#5321 = EDGE_LOOP ( 'NONE', ( #5554, #4968, #2259, #2869 ) ) ;
#5322 = DIRECTION ( 'NONE',  ( 4.790648073340169016E-15, -1.000000000000000000, 0.000000000000000000 ) ) ;
#5323 = ORIENTED_EDGE ( 'NONE', *, *, #2424, .T. ) ;
#5325 = ORIENTED_EDGE ( 'NONE', *, *, #5269, .T. ) ;
#5324 = ORIENTED_EDGE ( 'NONE', *, *, #2325, .T. ) ;
#5326 = AXIS2_PLACEMENT_3D ( 'NONE', #2545, #4932, #5608 ) ;
#5327 = COORDINATED_UNIVERSAL_TIME_OFFSET ( 8, 0, .AHEAD. ) ;
#5328 = LINE ( 'NONE', #2158, #2524 ) ;
#5329 = CARTESIAN_POINT ( 'NONE',  ( -24.22197802197803540, -6.770329670329644500, -1.500000000000000000 ) ) ;
#5330 = DIRECTION ( 'NONE',  ( 1.000000000000000000, 0.000000000000000000, 0.000000000000000000 ) ) ;
#5331 = CARTESIAN_POINT ( 'NONE',  ( 23.55258382925115157, 3.030329925644362099, 80.00000000000000000 ) ) ;
#5332 = VERTEX_POINT ( 'NONE', #4969 ) ;
#5333 = LINE ( 'NONE', #1698, #7461 ) ;
#5334 = EDGE_CURVE ( 'NONE', #347, #2330, #5555, .T. ) ;
#5335 = AXIS2_PLACEMENT_3D ( 'NONE', #1958, #6638, #5294 ) ;
#5336 = SHAPE_REPRESENTATION ( 'YG-J03A-0000-002', ( #2222 ), #1838 ) ;
#5337 = CARTESIAN_POINT ( 'NONE',  ( -25.70000000000027995, -2.667505054020660991E-13, 80.00000000000000000 ) ) ;
#5338 = CARTESIAN_POINT ( 'NONE',  ( 19.90000000000037161, 9.533389665948485318E-14, 80.00000000000000000 ) ) ;
#5339 = DIRECTION ( 'NONE',  ( 1.084202172485924897E-14, -1.000000000000000000, 0.000000000000000000 ) ) ;
#5340 = VECTOR ( 'NONE', #1024, 1000.000000000000000 ) ;
#5341 = EDGE_CURVE ( 'NONE', #4023, #3046, #296, .T. ) ;
#5342 = ORIENTED_EDGE ( 'NONE', *, *, #2006, .F. ) ;
#5343 = AXIS2_PLACEMENT_3D ( 'NONE', #7412, #4447, #778 ) ;
#5344 = ADVANCED_FACE ( 'NONE', ( #4383 ), #6877, .T. ) ;
#5345 = SECURITY_CLASSIFICATION_LEVEL ( 'unclassified' ) ;
#5346 = LINE ( 'NONE', #7648, #147 ) ;
#5347 = LINE ( 'NONE', #2962, #3604 ) ;
#5348 = EDGE_CURVE ( 'NONE', #3226, #1341, #2736, .T. ) ;
#5349 = CARTESIAN_POINT ( 'NONE',  ( 5.900000000002487255, 18.42421244450349960, 80.00000000000000000 ) ) ;
#5350 = DIRECTION ( 'NONE',  ( -0.000000000000000000, 0.000000000000000000, 1.000000000000000000 ) ) ;
#5351 = DIRECTION ( 'NONE',  ( 1.000000000000000000, 0.000000000000000000, 0.000000000000000000 ) ) ;
#5352 = ORIENTED_EDGE ( 'NONE', *, *, #3018, .T. ) ;
#5353 = AXIS2_PLACEMENT_3D ( 'NONE', #5090, #4498, #6876 ) ;
#5354 = LINE ( 'NONE', #7697, #7227 ) ;
#5355 = DIRECTION ( 'NONE',  ( -1.018012715584551900E-14, 1.000000000000000000, 0.000000000000000000 ) ) ;
#5356 = VERTEX_POINT ( 'NONE', #373 ) ;
#5357 = EDGE_CURVE ( 'NONE', #7303, #7614, #6400, .T. ) ;
#5358 = DIRECTION ( 'NONE',  ( -4.790648073340857692E-15, 1.000000000000000000, 0.000000000000000000 ) ) ;
#5359 = ORIENTED_EDGE ( 'NONE', *, *, #675, .T. ) ;
#5361 = ORIENTED_EDGE ( 'NONE', *, *, #5995, .T. ) ;
#5360 = EDGE_LOOP ( 'NONE', ( #4478, #5988, #7587, #5871 ) ) ;
#5362 = DATE_AND_TIME ( #2978, #7135 ) ;
#5363 = CARTESIAN_POINT ( 'NONE',  ( 13.00000000000104805, 17.69999999999973994, 0.000000000000000000 ) ) ;
#5364 =( REPRESENTATION_RELATIONSHIP ('NONE','NONE', #4738, #5336 ) REPRESENTATION_RELATIONSHIP_WITH_TRANSFORMATION ( #3596 )SHAPE_REPRESENTATION_RELATIONSHIP( ) );
#5365 = VECTOR ( 'NONE', #1608, 1000.000000000000000 ) ;
#5366 = DIRECTION ( 'NONE',  ( 1.000000000000000000, 0.000000000000000000, 0.000000000000000000 ) ) ;
#5367 = DIRECTION ( 'NONE',  ( 0.000000000000000000, 0.000000000000000000, 1.000000000000000000 ) ) ;
#5368 = LINE ( 'NONE', #3721, #1277 ) ;
#5369 = ORIENTED_EDGE ( 'NONE', *, *, #5957, .F. ) ;
#5370 = ORIENTED_EDGE ( 'NONE', *, *, #5541, .T. ) ;
#5371 = CC_DESIGN_DATE_AND_TIME_ASSIGNMENT ( #5265, #2405, ( #5664 ) ) ;
#5372 = EDGE_CURVE ( 'NONE', #1534, #3226, #5126, .T. ) ;
#5373 = CARTESIAN_POINT ( 'NONE',  ( 15.44535204942046747, 18.33710622225220632, 80.00000000000000000 ) ) ;
#5374 = CARTESIAN_POINT ( 'NONE',  ( 0.7500000000000000000, -0.2899999999999999800, -0.5900000000000001910 ) ) ;
#5375 = CARTESIAN_POINT ( 'NONE',  ( -17.00000000000037659, -1.545178689995881572E-13, 0.000000000000000000 ) ) ;
#5376 = VECTOR ( 'NONE', #7007, 1000.000000000000000 ) ;
#5377 = ORIENTED_EDGE ( 'NONE', *, *, #2491, .T. ) ;
#5378 = EDGE_LOOP ( 'NONE', ( #1845, #7046, #967, #5574 ) ) ;
#5379 = ITEM_DEFINED_TRANSFORMATION ( 'NONE', 'NONE', #5847,  #2222 ) ;
#5380 = EDGE_CURVE ( 'NONE', #7294, #1197, #1679, .T. ) ;
#5381 = LINE ( 'NONE', #6621, #6115 ) ;
#5382 = LINE ( 'NONE', #1821, #7518 ) ;
#5383 = AXIS2_PLACEMENT_3D ( 'NONE', #14, #3000, #7067 ) ;
#5384 = DIRECTION ( 'NONE',  ( -0.000000000000000000, 0.000000000000000000, 1.000000000000000000 ) ) ;
#5385 = CARTESIAN_POINT ( 'NONE',  ( 23.80206706340067768, 2.764263940515570894, 0.000000000000000000 ) ) ;
#5386 = DIRECTION ( 'NONE',  ( -1.000000000000000000, -9.462128050783611965E-15, 0.000000000000000000 ) ) ;
#5387 = ORIENTED_EDGE ( 'NONE', *, *, #4025, .F. ) ;
#5388 = ORIENTED_EDGE ( 'NONE', *, *, #5044, .F. ) ;
#5389 = VECTOR ( 'NONE', #1232, 999.9999999999998863 ) ;
#5390 = EDGE_CURVE ( 'NONE', #2003, #4819, #7047, .T. ) ;
#5391 = CARTESIAN_POINT ( 'NONE',  ( 0.000000000000000000, -0.5900000000000001910, -0.5900000000000001910 ) ) ;
#5392 = LINE ( 'NONE', #5430, #2289 ) ;
#5393 = ORIENTED_EDGE ( 'NONE', *, *, #3317, .F. ) ;
#5394 = ADVANCED_FACE ( 'NONE', ( #5196 ), #6913, .T. ) ;
#5395 = AXIS2_PLACEMENT_3D ( 'NONE', #5373, #37, #6386 ) ;
#5396 = DIRECTION ( 'NONE',  ( -0.000000000000000000, -0.000000000000000000, -1.000000000000000000 ) ) ;
#5397 = VERTEX_POINT ( 'NONE', #517 ) ;
#5398 = LOCAL_TIME ( 15, 21, 11.00000000000000000, #2766 ) ;
#5400 = ORIENTED_EDGE ( 'NONE', *, *, #5439, .F. ) ;
#5399 = ORIENTED_EDGE ( 'NONE', *, *, #625, .T. ) ;
#5401 = CONTEXT_DEPENDENT_SHAPE_REPRESENTATION ( #5364, #5693 ) ;
#5402 = CIRCLE ( 'NONE', #1780, 1.000000000000014655 ) ;
#5403 = DIRECTION ( 'NONE',  ( -0.000000000000000000, -1.000000000000000000, -1.869314090492250044E-16 ) ) ;
#5404 = EDGE_CURVE ( 'NONE', #1725, #1253, #6362, .T. ) ;
#5405 = CARTESIAN_POINT ( 'NONE',  ( -26.93333333333266566, 7.499999999999670486, 80.00000000000000000 ) ) ;
#5406 = DIRECTION ( 'NONE',  ( -0.000000000000000000, 0.000000000000000000, 1.000000000000000000 ) ) ;
#5407 = LINE ( 'NONE', #7195, #5389 ) ;
#5408 = VERTEX_POINT ( 'NONE', #403 ) ;
#5409 = VERTEX_POINT ( 'NONE', #2849 ) ;
#5410 = AXIS2_PLACEMENT_3D ( 'NONE', #2856, #7619, #5242 ) ;
#5411 = APPROVAL_DATE_TIME ( #4360, #2541 ) ;
#5412 = CARTESIAN_POINT ( 'NONE',  ( -1.268516541808189125E-13, 11.70000000000003304, 0.000000000000000000 ) ) ;
#5413 = EDGE_CURVE ( 'NONE', #6927, #7445, #3551, .T. ) ;
#5414 = DIRECTION ( 'NONE',  ( -0.000000000000000000, -0.000000000000000000, -1.000000000000000000 ) ) ;
#5415 = LINE ( 'NONE', #2478, #6432 ) ;
#5416 = CC_DESIGN_DATE_AND_TIME_ASSIGNMENT ( #7079, #2244, ( #463 ) ) ;
#5417 = ORIENTED_EDGE ( 'NONE', *, *, #1142, .T. ) ;
#5418 = EDGE_LOOP ( 'NONE', ( #7498, #6331, #7379, #298 ) ) ;
#5419 = CARTESIAN_POINT ( 'NONE',  ( 27.20000000000024443, 10.00000000000029310, 80.00000000000000000 ) ) ;
#5420 = CARTESIAN_POINT ( 'NONE',  ( -24.13654285052884063, 14.92159925438560286, 0.000000000000000000 ) ) ;
#5421 = CIRCLE ( 'NONE', #1564, 0.2499999999999238942 ) ;
#5422 = FACE_OUTER_BOUND ( 'NONE', #3796, .T. ) ;
#5423 = CARTESIAN_POINT ( 'NONE',  ( -23.17226674140363230, 3.030329925643872713, 0.000000000000000000 ) ) ;
#5424 = CARTESIAN_POINT ( 'NONE',  ( 24.13302076462028012, 14.31394289005064380, 0.000000000000000000 ) ) ;
#5425 = EDGE_CURVE ( 'NONE', #2819, #1341, #7652, .T. ) ;
#5426 = VERTEX_POINT ( 'NONE', #4536 ) ;
#5427 = EDGE_LOOP ( 'NONE', ( #169, #5937, #5795, #4639 ) ) ;
#5428 = CIRCLE ( 'NONE', #6663, 0.4629171123670567933 ) ;
#5429 = CARTESIAN_POINT ( 'NONE',  ( -9.465738444368042882E-15, 18.79999999999945359, 80.00000000000000000 ) ) ;
#5430 = CARTESIAN_POINT ( 'NONE',  ( 22.92226674140371401, 2.780329925644605016, 80.00000000000000000 ) ) ;
#5431 = ORIENTED_EDGE ( 'NONE', *, *, #4697, .T. ) ;
#5432 = AXIS2_PLACEMENT_3D ( 'NONE', #6112, #5459, #3158 ) ;
#5433 = DIRECTION ( 'NONE',  ( -0.000000000000000000, 0.000000000000000000, 1.000000000000000000 ) ) ;
#5434 = VERTEX_POINT ( 'NONE', #2189 ) ;
#5435 = ADVANCED_FACE ( 'NONE', ( #6329 ), #7538, .F. ) ;
#5436 = VERTEX_POINT ( 'NONE', #1674 ) ;
#5437 = CALENDAR_DATE ( 2020, 16, 10 ) ;
#5438 = VECTOR ( 'NONE', #4127, 1000.000000000000000 ) ;
#5439 = EDGE_CURVE ( 'NONE', #6220, #969, #2932, .T. ) ;
#5440 = CARTESIAN_POINT ( 'NONE',  ( -1.674796664988683474E-13, 17.69999999999980744, 80.00000000000000000 ) ) ;
#5441 = CARTESIAN_POINT ( 'NONE',  ( 19.00000000000032330, 1.726964418234276941E-13, 80.00000000000000000 ) ) ;
#5442 = LINE ( 'NONE', #7194, #7433 ) ;
#5443 = LINE ( 'NONE', #110, #1648 ) ;
#5444 = ORIENTED_EDGE ( 'NONE', *, *, #3145, .F. ) ;
#5445 = EDGE_LOOP ( 'NONE', ( #3815, #2381, #5550, #2813 ) ) ;
#5446 = VECTOR ( 'NONE', #378, 1000.000000000000000 ) ;
#5447 = CIRCLE ( 'NONE', #3070, 0.2999999999999999889 ) ;
#5448 = EDGE_CURVE ( 'NONE', #2552, #2667, #6951, .T. ) ;
#5449 = VECTOR ( 'NONE', #7043, 1000.000000000000000 ) ;
#5450 = DATE_AND_TIME ( #4944, #2227 ) ;
#5451 = DIRECTION ( 'NONE',  ( 1.000000000000000000, 9.462128050787461607E-15, 0.000000000000000000 ) ) ;
#5452 = CIRCLE ( 'NONE', #854, 0.5666666666667361518 ) ;
#5453 = LINE ( 'NONE', #7366, #3951 ) ;
#5454 = CARTESIAN_POINT ( 'NONE',  ( -0.000000000000000000, -9.270329670329591210, 0.000000000000000000 ) ) ;
#5455 = ORIENTED_EDGE ( 'NONE', *, *, #4578, .F. ) ;
#5456 = EDGE_CURVE ( 'NONE', #4421, #5979, #3398, .T. ) ;
#5457 = VERTEX_POINT ( 'NONE', #5782 ) ;
#5458 = DIRECTION ( 'NONE',  ( -0.000000000000000000, 0.000000000000000000, 1.000000000000000000 ) ) ;
#5459 = DIRECTION ( 'NONE',  ( -1.000000000000000000, -9.581296146678135533E-15, 0.000000000000000000 ) ) ;
#5460 = MANIFOLD_SOLID_BREP ( '凸台-拉伸1', #2512 ) ;
#5461 = CIRCLE ( 'NONE', #603, 2.499999999999988454 ) ;
#5462 = CARTESIAN_POINT ( 'NONE',  ( 25.00000000000018474, 16.29999999999979821, 80.00000000000000000 ) ) ;
#5463 = LINE ( 'NONE', #6622, #4105 ) ;
#5464 = LINE ( 'NONE', #2337, #4062 ) ;
#5465 = CARTESIAN_POINT ( 'NONE',  ( -24.02197802197775189, 6.829670329669523809, -1.500000000000000000 ) ) ;
#5466 = CARTESIAN_POINT ( 'NONE',  ( 21.50000000000009948, 18.79999999999970939, 80.00000000000000000 ) ) ;
#5467 = AXIS2_PLACEMENT_3D ( 'NONE', #3118, #5926, #5505 ) ;
#5468 = CC_DESIGN_DATE_AND_TIME_ASSIGNMENT ( #6908, #7572, ( #928 ) ) ;
#5469 = ADVANCED_FACE ( 'NONE', ( #6990 ), #4019, .T. ) ;
#5470 = ORIENTED_EDGE ( 'NONE', *, *, #2002, .F. ) ;
#5471 = VERTEX_POINT ( 'NONE', #5236 ) ;
#5472 = DIRECTION ( 'NONE',  ( -1.000000000000000000, -9.462128050783626165E-15, 0.000000000000000000 ) ) ;
#5473 = CC_DESIGN_APPROVAL ( #4834, ( #6463 ) ) ;
#5474 = CARTESIAN_POINT ( 'NONE',  ( 26.93333333333336554, 10.50000000000023448, 0.000000000000000000 ) ) ;
#5475 = ADVANCED_FACE ( 'NONE', ( #4646 ), #2885, .F. ) ;
#5476 = ORIENTED_EDGE ( 'NONE', *, *, #3925, .F. ) ;
#5477 = DIRECTION ( 'NONE',  ( 1.000000000000000000, 0.000000000000000000, 0.000000000000000000 ) ) ;
#5478 = DIRECTION ( 'NONE',  ( -1.000000000000000000, -9.462128050791262338E-15, 0.000000000000000000 ) ) ;
#5479 = ORIENTED_EDGE ( 'NONE', *, *, #6261, .T. ) ;
#5480 = ORIENTED_EDGE ( 'NONE', *, *, #2113, .T. ) ;
#5481 = DATE_AND_TIME ( #183, #3773 ) ;
#5482 = DIRECTION ( 'NONE',  ( -1.000000000000000000, -9.462128050783626165E-15, 0.000000000000000000 ) ) ;
#5483 = CARTESIAN_POINT ( 'NONE',  ( -24.23302076461957100, 4.236057109949088684, 80.00000000000000000 ) ) ;
#5484 = CARTESIAN_POINT ( 'NONE',  ( 23.79999999999986215, 2.700000000000517986, 80.00000000000000000 ) ) ;
#5485 = CARTESIAN_POINT ( 'NONE',  ( 11.00000000000169287, 1.249776881616724364E-13, 80.00000000000000000 ) ) ;
#5486 = EDGE_CURVE ( 'NONE', #3287, #5801, #4721, .T. ) ;
#5487 = ORIENTED_EDGE ( 'NONE', *, *, #5672, .T. ) ;
#5488 = ORIENTED_EDGE ( 'NONE', *, *, #2175, .F. ) ;
#5489 = FACE_OUTER_BOUND ( 'NONE', #3818, .T. ) ;
#5490 = DATE_AND_TIME ( #3188, #493 ) ;
#5491 = CARTESIAN_POINT ( 'NONE',  ( -27.49999999999987210, -2.650271977187063322E-13, 0.000000000000000000 ) ) ;
#5492 = CARTESIAN_POINT ( 'NONE',  ( -24.48302076461965271, 3.909141912406398411, 80.00000000000000000 ) ) ;
#5493 = DIRECTION ( 'NONE',  ( -1.005396430953922456E-14, 1.000000000000000000, 0.000000000000000000 ) ) ;
#5494 = EDGE_LOOP ( 'NONE', ( #4458, #2022, #3952, #2974 ) ) ;
#5495 = VERTEX_POINT ( 'NONE', #4101 ) ;
#5496 = CIRCLE ( 'NONE', #6248, 1.000000000000014655 ) ;
#5497 = CARTESIAN_POINT ( 'NONE',  ( -26.93333333333272961, 13.49999999999967137, 80.00000000000000000 ) ) ;
#5498 = DIRECTION ( 'NONE',  ( -1.000000000000000000, 0.000000000000000000, 0.000000000000000000 ) ) ;
#5499 = EDGE_CURVE ( 'NONE', #1295, #7096, #2560, .T. ) ;
#5500 = DIRECTION ( 'NONE',  ( -1.000000000000000000, -1.049281959313052198E-14, 0.000000000000000000 ) ) ;
#5501 = CARTESIAN_POINT ( 'NONE',  ( 26.50000000000028777, 11.70000000000032081, 80.00000000000000000 ) ) ;
#5502 = VECTOR ( 'NONE', #3471, 1000.000000000000000 ) ;
#5503 = VECTOR ( 'NONE', #2846, 1000.000000000000000 ) ;
#5504 = LINE ( 'NONE', #2690, #1938 ) ;
#5505 = DIRECTION ( 'NONE',  ( -1.136160801467183860E-14, 1.000000000000000000, 0.000000000000000000 ) ) ;
#5506 = CARTESIAN_POINT ( 'NONE',  ( -26.72197802197803895, -6.770329670329644500, -1.500000000000000000 ) ) ;
#5507 = ORIENTED_EDGE ( 'NONE', *, *, #1558, .T. ) ;
#5508 = ORIENTED_EDGE ( 'NONE', *, *, #858, .F. ) ;
#5509 = ORIENTED_EDGE ( 'NONE', *, *, #4917, .F. ) ;
#5510 = CARTESIAN_POINT ( 'NONE',  ( 11.00000000000149036, 17.69999999999971863, 0.000000000000000000 ) ) ;
#5511 = LINE ( 'NONE', #175, #7649 ) ;
#5512 = EDGE_CURVE ( 'NONE', #5064, #3166, #4177, .T. ) ;
#5513 = LINE ( 'NONE', #3874, #2684 ) ;
#5514 = LINE ( 'NONE', #538, #4337 ) ;
#5515 = ORIENTED_EDGE ( 'NONE', *, *, #5119, .F. ) ;
#5516 = ORIENTED_EDGE ( 'NONE', *, *, #5372, .T. ) ;
#5517 = AXIS2_PLACEMENT_3D ( 'NONE', #7249, #6794, #3658 ) ;
#5518 = VERTEX_POINT ( 'NONE', #5960 ) ;
#5519 = ITEM_DEFINED_TRANSFORMATION ( 'NONE', 'NONE', #3589,  #2222 ) ;
#5520 = FACE_OUTER_BOUND ( 'NONE', #381, .T. ) ;
#5521 = DIRECTION ( 'NONE',  ( 1.136160801469879082E-14, -1.000000000000000000, 0.000000000000000000 ) ) ;
#5522 = LINE ( 'NONE', #2547, #6542 ) ;
#5523 = AXIS2_PLACEMENT_3D ( 'NONE', #2486, #4795, #9 ) ;
#5524 = CARTESIAN_POINT ( 'NONE',  ( 3.899999999997122657, 3.970249590776823450E-14, 80.00000000000000000 ) ) ;
#5525 = ORIENTED_EDGE ( 'NONE', *, *, #6442, .F. ) ;
#5526 = APPROVAL_PERSON_ORGANIZATION ( #2921, #4316, #549 ) ;
#5527 = DIRECTION ( 'NONE',  ( 0.000000000000000000, -0.000000000000000000, -1.000000000000000000 ) ) ;
#5529 = ORIENTED_EDGE ( 'NONE', *, *, #6389, .T. ) ;
#5528 = EDGE_LOOP ( 'NONE', ( #4143, #1828, #2794, #2035 ) ) ;
#5530 = VECTOR ( 'NONE', #5067, 1000.000000000000000 ) ;
#5531 = EDGE_CURVE ( 'NONE', #2404, #7553, #6476, .T. ) ;
#5532 = SECURITY_CLASSIFICATION_LEVEL ( 'unclassified' ) ;
#5533 = DIRECTION ( 'NONE',  ( -1.103914939257867076E-14, 1.000000000000000000, 0.000000000000000000 ) ) ;
#5534 = CARTESIAN_POINT ( 'NONE',  ( -11.90000000000154579, 18.42421244450408224, 0.000000000000000000 ) ) ;
#5535 = VECTOR ( 'NONE', #5753, 1000.000000000000000 ) ;
#5536 = LINE ( 'NONE', #2606, #4453 ) ;
#5537 = ORIENTED_EDGE ( 'NONE', *, *, #6661, .F. ) ;
#5538 = DIRECTION ( 'NONE',  ( -0.9999999999999998890, -1.107273994715995968E-14, 1.113117179345833885E-17 ) ) ;
#5539 = EDGE_CURVE ( 'NONE', #4439, #1001, #7101, .T. ) ;
#5540 = ORIENTED_EDGE ( 'NONE', *, *, #2765, .F. ) ;
#5541 = EDGE_CURVE ( 'NONE', #4819, #2003, #7439, .T. ) ;
#5542 = CARTESIAN_POINT ( 'NONE',  ( -26.93333333333266566, 7.499999999999670486, 80.00000000000000000 ) ) ;
#5543 = FACE_OUTER_BOUND ( 'NONE', #5863, .T. ) ;
#5544 = CARTESIAN_POINT ( 'NONE',  ( 0.000000000000000000, -0.2899999999999999245, -0.5900000000000001910 ) ) ;
#5545 = FACE_OUTER_BOUND ( 'NONE', #4335, .T. ) ;
#5546 = CARTESIAN_POINT ( 'NONE',  ( 0.000000000000000000, 0.000000000000000000, 0.000000000000000000 ) ) ;
#5547 = CARTESIAN_POINT ( 'NONE',  ( 21.50000000000009948, 18.79999999999970939, 0.000000000000000000 ) ) ;
#5548 = AXIS2_PLACEMENT_3D ( 'NONE', #7442, #2091, #6853 ) ;
#5549 = ADVANCED_FACE ( 'NONE', ( #5309 ), #3580, .F. ) ;
#5550 = ORIENTED_EDGE ( 'NONE', *, *, #5837, .F. ) ;
#5551 = EDGE_LOOP ( 'NONE', ( #4094, #7256, #5891, #2125 ) ) ;
#5552 = CARTESIAN_POINT ( 'NONE',  ( 4.515812910881320086, 0.000000000000000000, 0.000000000000000000 ) ) ;
#5553 = DIRECTION ( 'NONE',  ( -1.000000000000000000, 0.000000000000000000, 0.000000000000000000 ) ) ;
#5554 = ORIENTED_EDGE ( 'NONE', *, *, #5949, .T. ) ;
#5555 = LINE ( 'NONE', #4500, #827 ) ;
#5556 = DIRECTION ( 'NONE',  ( -0.000000000000000000, 0.000000000000000000, 1.000000000000000000 ) ) ;
#5557 = EDGE_LOOP ( 'NONE', ( #2418, #1056, #3742, #5054 ) ) ;
#5558 = CIRCLE ( 'NONE', #5066, 0.5666666666667291574 ) ;
#5559 = EDGE_CURVE ( 'NONE', #5285, #3247, #7137, .T. ) ;
#5560 = VERTEX_POINT ( 'NONE', #1861 ) ;
#5561 = VECTOR ( 'NONE', #3475, 1000.000000000000000 ) ;
#5562 = CC_DESIGN_DATE_AND_TIME_ASSIGNMENT ( #2713, #4551, ( #1979 ) ) ;
#5563 = VERTEX_POINT ( 'NONE', #1824 ) ;
#5564 = SECURITY_CLASSIFICATION_LEVEL ( 'unclassified' ) ;
#5565 = CARTESIAN_POINT ( 'NONE',  ( 0.7500000000000000000, 0.5900000000000001910, 0.5900000000000001910 ) ) ;
#5566 = DIRECTION ( 'NONE',  ( -1.103914939257867076E-14, 1.000000000000000000, 0.000000000000000000 ) ) ;
#5567 = CYLINDRICAL_SURFACE ( 'NONE', #6923, 2.500000000000057732 ) ;
#5568 = AXIS2_PLACEMENT_3D ( 'NONE', #203, #3736, #5498 ) ;
#5569 = CARTESIAN_POINT ( 'NONE',  ( -27.19999999999949836, 4.999999999999639400, 80.00000000000000000 ) ) ;
#5570 = ORIENTED_EDGE ( 'NONE', *, *, #5781, .F. ) ;
#5571 = CARTESIAN_POINT ( 'NONE',  ( -24.22197802197803540, -6.770329670329644500, -1.500000000000000000 ) ) ;
#5572 = DIRECTION ( 'NONE',  ( -0.000000000000000000, 0.000000000000000000, 1.000000000000000000 ) ) ;
#5574 = ORIENTED_EDGE ( 'NONE', *, *, #5896, .F. ) ;
#5573 = ORIENTED_EDGE ( 'NONE', *, *, #4382, .T. ) ;
#5575 = VECTOR ( 'NONE', #7640, 1000.000000000000000 ) ;
#5576 = SHAPE_DEFINITION_REPRESENTATION ( #901, #4738 ) ;
#5577 = DIRECTION ( 'NONE',  ( 9.581296146679602814E-15, -1.000000000000000000, 0.000000000000000000 ) ) ;
#5578 = LINE ( 'NONE', #1933, #3946 ) ;
#5579 = CARTESIAN_POINT ( 'NONE',  ( -26.50000000000009237, 11.69999999999998863, 80.00000000000000000 ) ) ;
#5580 = ORIENTED_EDGE ( 'NONE', *, *, #6114, .F. ) ;
#5581 = VECTOR ( 'NONE', #3597, 1000.000000000000000 ) ;
#5582 = CIRCLE ( 'NONE', #6061, 2.199999999106694304 ) ;
#5583 = ADVANCED_FACE ( 'NONE', ( #555 ), #1787, .T. ) ;
#5584 = VECTOR ( 'NONE', #1849, 1000.000000000000000 ) ;
#5585 = DIRECTION ( 'NONE',  ( 1.113117179345927563E-17, -8.753769468882109251E-17, 0.9999999999999998890 ) ) ;
#5586 = ORIENTED_EDGE ( 'NONE', *, *, #5599, .T. ) ;
#5587 = DIRECTION ( 'NONE',  ( -0.000000000000000000, -0.000000000000000000, -1.000000000000000000 ) ) ;
#5588 = DIRECTION ( 'NONE',  ( -0.000000000000000000, -0.000000000000000000, -1.000000000000000000 ) ) ;
#5589 = CYLINDRICAL_SURFACE ( 'NONE', #1631, 1.000000000000042633 ) ;
#5590 = DIRECTION ( 'NONE',  ( 1.156482317317998771E-14, -1.000000000000000000, 0.000000000000000000 ) ) ;
#5591 = PLANE ( 'NONE',  #5222 ) ;
#5592 = DIRECTION ( 'NONE',  ( 1.000000000000000000, 9.462128050783640364E-15, 0.000000000000000000 ) ) ;
#5593 = ADVANCED_FACE ( 'NONE', ( #4835 ), #1285, .T. ) ;
#5594 = ORIENTED_EDGE ( 'NONE', *, *, #6624, .T. ) ;
#5595 = EDGE_LOOP ( 'NONE', ( #2128, #3149, #491, #1796, #1972, #6093, #4725, #6844, #1322, #2902, #2431, #7484, #7159, #4791, #1392, #5726, #6292, #5157, #2147, #508, #1333, #2663, #4114, #7515, #40, #4928, #1490, #6615, #3557, #6452, #968, #1038, #7665, #6189, #7434, #927, #657, #3750, #2565, #2950, #2167, #6249, #5509, #5115 ) ) ;
#5596 = VECTOR ( 'NONE', #7562, 1000.000000000000000 ) ;
#5597 = CARTESIAN_POINT ( 'NONE',  ( -25.80352208590870688, 16.09999999999919140, 80.00000000000000000 ) ) ;
#5598 = DIRECTION ( 'NONE',  ( -0.000000000000000000, -0.000000000000000000, -1.000000000000000000 ) ) ;
#5599 = EDGE_CURVE ( 'NONE', #2992, #4104, #5464, .T. ) ;
#5600 = VECTOR ( 'NONE', #3399, 1000.000000000000000 ) ;
#5601 = ORIENTED_EDGE ( 'NONE', *, *, #6869, .F. ) ;
#5602 = CARTESIAN_POINT ( 'NONE',  ( -7.900000000001987210, 18.42421244450412487, 80.00000000000000000 ) ) ;
#5603 = LINE ( 'NONE', #4501, #1222 ) ;
#5604 = ORIENTED_EDGE ( 'NONE', *, *, #2967, .F. ) ;
#5605 = ORIENTED_EDGE ( 'NONE', *, *, #3005, .T. ) ;
#5606 = ORIENTED_EDGE ( 'NONE', *, *, #3770, .F. ) ;
#5607 = APPROVAL_PERSON_ORGANIZATION ( #3143, #4512, #3606 ) ;
#5608 = DIRECTION ( 'NONE',  ( 1.000000000000000000, 0.000000000000000000, 0.000000000000000000 ) ) ;
#5609 = DIRECTION ( 'NONE',  ( 1.000000000000000000, 1.040834085586082363E-14, -0.000000000000000000 ) ) ;
#5610 = FACE_OUTER_BOUND ( 'NONE', #3808, .T. ) ;
#5611 = EDGE_CURVE ( 'NONE', #3221, #6888, #2938, .T. ) ;
#5612 = EDGE_LOOP ( 'NONE', ( #1670, #1107 ) ) ;
#5613 = DIRECTION ( 'NONE',  ( 1.000000000000000000, 0.000000000000000000, 0.000000000000000000 ) ) ;
#5614 = DIRECTION ( 'NONE',  ( -0.000000000000000000, -0.000000000000000000, -1.000000000000000000 ) ) ;
#5616 = ORIENTED_EDGE ( 'NONE', *, *, #3717, .T. ) ;
#5615 = EDGE_LOOP ( 'NONE', ( #5210, #99, #5130, #5393 ) ) ;
#5617 = DATE_AND_TIME ( #2603, #3357 ) ;
#5618 = DIRECTION ( 'NONE',  ( 1.000000000000000000, 9.462128050787475806E-15, 0.000000000000000000 ) ) ;
#5619 = DIRECTION ( 'NONE',  ( -0.000000000000000000, -0.000000000000000000, -1.000000000000000000 ) ) ;
#5620 = DIRECTION ( 'NONE',  ( -1.000000000000000000, 0.000000000000000000, 0.000000000000000000 ) ) ;
#5621 = AXIS2_PLACEMENT_3D ( 'NONE', #880, #3251, #5637 ) ;
#5622 = ORIENTED_EDGE ( 'NONE', *, *, #7119, .F. ) ;
#5623 = ADVANCED_FACE ( 'NONE', ( #5422 ), #4212, .F. ) ;
#5624 = CARTESIAN_POINT ( 'NONE',  ( 11.19718026032640701, -51.15890285748366040, 133.3929398823297845 ) ) ;
#5625 = ORIENTED_EDGE ( 'NONE', *, *, #6168, .T. ) ;
#5626 = DIRECTION ( 'NONE',  ( 0.000000000000000000, 0.000000000000000000, 1.000000000000000000 ) ) ;
#5627 = DIRECTION ( 'NONE',  ( 9.581296146678135533E-15, -1.000000000000000000, 0.000000000000000000 ) ) ;
#5628 = AXIS2_PLACEMENT_3D ( 'NONE', #1791, #3084, #95 ) ;
#5629 = DIRECTION ( 'NONE',  ( -0.000000000000000000, 0.000000000000000000, 1.000000000000000000 ) ) ;
#5630 = FACE_OUTER_BOUND ( 'NONE', #3439, .T. ) ;
#5631 = CARTESIAN_POINT ( 'NONE',  ( -26.93333333333272961, 13.49999999999967137, 0.000000000000000000 ) ) ;
#5632 = DIRECTION ( 'NONE',  ( -0.000000000000000000, 0.000000000000000000, 1.000000000000000000 ) ) ;
#5633 = VERTEX_POINT ( 'NONE', #6586 ) ;
#5634 = VERTEX_POINT ( 'NONE', #4135 ) ;
#5635 = CARTESIAN_POINT ( 'NONE',  ( 15.90000000000117275, 17.69999999999977192, 80.00000000000000000 ) ) ;
#5636 = AXIS2_PLACEMENT_3D ( 'NONE', #7501, #6359, #2116 ) ;
#5637 = DIRECTION ( 'NONE',  ( 9.581296146678135533E-15, -1.000000000000000000, 0.000000000000000000 ) ) ;
#5638 = CARTESIAN_POINT ( 'NONE',  ( 0.000000000000000000, 0.000000000000000000, 0.000000000000000000 ) ) ;
#5639 = DIRECTION ( 'NONE',  ( -0.000000000000000000, -0.000000000000000000, -1.000000000000000000 ) ) ;
#5640 = ORIENTED_EDGE ( 'NONE', *, *, #5672, .F. ) ;
#5641 = EDGE_LOOP ( 'NONE', ( #1816, #3595, #6488, #5668 ) ) ;
#5642 = ORIENTED_EDGE ( 'NONE', *, *, #7491, .T. ) ;
#5643 = DIRECTION ( 'NONE',  ( -4.790648073340169016E-15, 1.000000000000000000, 0.000000000000000000 ) ) ;
#5644 = EDGE_CURVE ( 'NONE', #105, #1424, #1175, .T. ) ;
#5645 = DIRECTION ( 'NONE',  ( -0.000000000000000000, 0.000000000000000000, 1.000000000000000000 ) ) ;
#5646 = ORIENTED_EDGE ( 'NONE', *, *, #2432, .T. ) ;
#5647 = FACE_OUTER_BOUND ( 'NONE', #585, .T. ) ;
#5648 = CARTESIAN_POINT ( 'NONE',  ( -1.674796664989363031E-13, 17.69999999999981455, 0.000000000000000000 ) ) ;
#5649 = AXIS2_PLACEMENT_3D ( 'NONE', #1249, #1676, #5855 ) ;
#5651 = ORIENTED_EDGE ( 'NONE', *, *, #1154, .T. ) ;
#5650 = ORIENTED_EDGE ( 'NONE', *, *, #7059, .T. ) ;
#5652 = EDGE_CURVE ( 'NONE', #188, #4305, #2963, .T. ) ;
#5653 = DATE_AND_TIME ( #7517, #3716 ) ;
#5654 = CARTESIAN_POINT ( 'NONE',  ( -13.90000000000109637, 17.69999999999967955, 80.00000000000000000 ) ) ;
#5655 = LINE ( 'NONE', #1477, #3210 ) ;
#5656 = CYLINDRICAL_SURFACE ( 'NONE', #3330, 0.5666666666667291574 ) ;
#5657 = ORIENTED_EDGE ( 'NONE', *, *, #47, .T. ) ;
#5658 = AXIS2_PLACEMENT_3D ( 'NONE', #2407, #4211, #6030 ) ;
#5659 = SECURITY_CLASSIFICATION ( '', '', #4348 ) ;
#5660 = ORIENTED_EDGE ( 'NONE', *, *, #234, .F. ) ;
#5661 = APPROVAL ( #1764, '未指定' ) ;
#5662 = DIRECTION ( 'NONE',  ( -0.000000000000000000, 0.000000000000000000, 1.000000000000000000 ) ) ;
#5663 = DIRECTION ( 'NONE',  ( 1.000000000000000000, 1.084202172485920164E-14, 0.000000000000000000 ) ) ;
#5664 = SECURITY_CLASSIFICATION ( '', '', #5345 ) ;
#5665 = DIRECTION ( 'NONE',  ( -9.581296146678135533E-15, 1.000000000000000000, 0.000000000000000000 ) ) ;
#5666 = DIRECTION ( 'NONE',  ( -0.000000000000000000, -0.000000000000000000, -1.000000000000000000 ) ) ;
#5667 = ORIENTED_EDGE ( 'NONE', *, *, #2797, .T. ) ;
#5668 = ORIENTED_EDGE ( 'NONE', *, *, #2423, .T. ) ;
#5669 = FACE_OUTER_BOUND ( 'NONE', #2169, .T. ) ;
#5670 = CARTESIAN_POINT ( 'NONE',  ( -26.93333333333266566, 7.499999999999670486, 80.00000000000000000 ) ) ;
#5671 = VECTOR ( 'NONE', #4853, 1000.000000000000000 ) ;
#5672 = EDGE_CURVE ( 'NONE', #500, #4840, #3619, .T. ) ;
#5673 = DIRECTION ( 'NONE',  ( -0.000000000000000000, -0.000000000000000000, -1.000000000000000000 ) ) ;
#5674 = CARTESIAN_POINT ( 'NONE',  ( -24.54641661169580402, 3.667313529925184667, 80.00000000000000000 ) ) ;
#5675 = EDGE_LOOP ( 'NONE', ( #5785, #3478, #5604, #3309 ) ) ;
#5676 = ORIENTED_EDGE ( 'NONE', *, *, #5114, .T. ) ;
#5677 = ORIENTED_EDGE ( 'NONE', *, *, #7386, .T. ) ;
#5678 = FACE_OUTER_BOUND ( 'NONE', #6998, .T. ) ;
#5679 = PLANE ( 'NONE',  #6895 ) ;
#5680 = VERTEX_POINT ( 'NONE', #7211 ) ;
#5681 = AXIS2_PLACEMENT_3D ( 'NONE', #6604, #3637, #3801 ) ;
#5682 = CARTESIAN_POINT ( 'NONE',  ( -25.52197802197775189, -6.570329670329666527, -0.9999999999999859002 ) ) ;
#5683 = ORIENTED_EDGE ( 'NONE', *, *, #2331, .T. ) ;
#5684 = VECTOR ( 'NONE', #917, 1000.000000000000000 ) ;
#5686 = EDGE_LOOP ( 'NONE', ( #1398, #6342, #1683, #5625 ) ) ;
#5685 = ORIENTED_EDGE ( 'NONE', *, *, #6148, .T. ) ;
#5687 = ADVANCED_FACE ( 'NONE', ( #3284 ), #3782, .F. ) ;
#5688 = DATE_AND_TIME ( #6817, #2112 ) ;
#5689 = VECTOR ( 'NONE', #6079, 1000.000000000000000 ) ;
#5690 = CARTESIAN_POINT ( 'NONE',  ( -1.674796664989347380E-13, 17.69999999999962270, 80.00000000000000000 ) ) ;
#5691 = CARTESIAN_POINT ( 'NONE',  ( -24.02197802197775189, 6.829670329669523809, -1.500000000000000000 ) ) ;
#5692 = CARTESIAN_POINT ( 'NONE',  ( 26.93333333333334423, 12.50000000000023803, 80.00000000000000000 ) ) ;
#5693 = PRODUCT_DEFINITION_SHAPE ( 'NONE', 'NONE',  #7703 ) ;
#5694 = ORIENTED_EDGE ( 'NONE', *, *, #7141, .F. ) ;
#5695 = EDGE_CURVE ( 'NONE', #318, #4150, #2031, .T. ) ;
#5696 = DIRECTION ( 'NONE',  ( 1.000000000000000000, 0.000000000000000000, 0.000000000000000000 ) ) ;
#5697 = VECTOR ( 'NONE', #1713, 1000.000000000000000 ) ;
#5698 = EDGE_LOOP ( 'NONE', ( #1278, #2459, #7479, #7019 ) ) ;
#5699 = PERSON ( 'NAUO-PER3', 'UNSPECIFIED', 'UNSPECIFIED', ('UNSPECIFIED'), ('UNSPECIFIED'), ('UNSPECIFIED') ) ;
#5700 = FACE_OUTER_BOUND ( 'NONE', #3350, .T. ) ;
#5701 = DIRECTION ( 'NONE',  ( 1.000000000000000000, 9.637352644317844976E-15, -0.000000000000000000 ) ) ;
#5702 = CIRCLE ( 'NONE', #2080, 2.499999999999988454 ) ;
#5703 = ADVANCED_FACE ( 'NONE', ( #5630 ), #7247, .T. ) ;
#5704 = FACE_OUTER_BOUND ( 'NONE', #2750, .T. ) ;
#5705 = AXIS2_PLACEMENT_3D ( 'NONE', #3417, #5797, #458 ) ;
#5706 = ORIENTED_EDGE ( 'NONE', *, *, #5044, .T. ) ;
#5707 = CALENDAR_DATE ( 2020, 16, 10 ) ;
#5708 = DIRECTION ( 'NONE',  ( -1.000000000000000000, -9.462128050783626165E-15, 0.000000000000000000 ) ) ;
#5709 = DIRECTION ( 'NONE',  ( 1.000000000000000000, 0.000000000000000000, 0.000000000000000000 ) ) ;
#5710 = CC_DESIGN_DATE_AND_TIME_ASSIGNMENT ( #7097, #510, ( #550 ) ) ;
#5711 = ADVANCED_FACE ( 'NONE', ( #5545 ), #3865, .F. ) ;
#5712 = DIRECTION ( 'NONE',  ( -0.000000000000000000, -0.000000000000000000, -1.000000000000000000 ) ) ;
#5713 = CARTESIAN_POINT ( 'NONE',  ( -23.17226674140363230, 3.030329925643872713, 80.00000000000000000 ) ) ;
#5714 = ORIENTED_EDGE ( 'NONE', *, *, #2609, .T. ) ;
#5715 = VECTOR ( 'NONE', #2140, 1000.000000000000000 ) ;
#5716 = ORIENTED_EDGE ( 'NONE', *, *, #1426, .F. ) ;
#5717 = DIRECTION ( 'NONE',  ( 1.000000000000000000, 0.000000000000000000, 0.000000000000000000 ) ) ;
#5718 = EDGE_CURVE ( 'NONE', #5397, #1113, #834, .T. ) ;
#5719 = LINE ( 'NONE', #1110, #5365 ) ;
#5720 = VECTOR ( 'NONE', #1176, 1000.000000000000000 ) ;
#5721 = FACE_OUTER_BOUND ( 'NONE', #2314, .T. ) ;
#5722 = ORIENTED_EDGE ( 'NONE', *, *, #4461, .T. ) ;
#5723 = DIRECTION ( 'NONE',  ( -0.000000000000000000, -0.000000000000000000, -1.000000000000000000 ) ) ;
#5724 = ORIENTED_EDGE ( 'NONE', *, *, #943, .F. ) ;
#5726 = ORIENTED_EDGE ( 'NONE', *, *, #5644, .T. ) ;
#5725 = VERTEX_POINT ( 'NONE', #4417 ) ;
#5727 = AXIS2_PLACEMENT_3D ( 'NONE', #4366, #319, #1359 ) ;
#5728 = PERSON_AND_ORGANIZATION ( #2152, #3857 ) ;
#5729 = CARTESIAN_POINT ( 'NONE',  ( -7.000000000001877609, -7.953125610298192027E-14, 0.000000000000000000 ) ) ;
#5730 = EDGE_CURVE ( 'NONE', #1761, #2174, #2694, .T. ) ;
#5731 = LINE ( 'NONE', #422, #2208 ) ;
#5732 = DIRECTION ( 'NONE',  ( 1.000000000000000000, 0.000000000000000000, 0.000000000000000000 ) ) ;
#5733 = ORIENTED_EDGE ( 'NONE', *, *, #2922, .F. ) ;
#5734 = LOCAL_TIME ( 15, 21, 11.00000000000000000, #5327 ) ;
#5735 = CARTESIAN_POINT ( 'NONE',  ( -1.466744530463636726E-14, 1.400000000000290123, 80.00000000000000000 ) ) ;
#5736 = VERTEX_POINT ( 'NONE', #1944 ) ;
#5737 = VECTOR ( 'NONE', #1022, 1000.000000000000000 ) ;
#5738 = PLANE ( 'NONE',  #225 ) ;
#5739 = DIRECTION ( 'NONE',  ( 0.000000000000000000, 0.000000000000000000, 1.000000000000000000 ) ) ;
#5740 = VERTEX_POINT ( 'NONE', #6707 ) ;
#5741 = APPROVAL_ROLE ( '' ) ;
#5742 = EDGE_CURVE ( 'NONE', #809, #4811, #208, .T. ) ;
#5743 = DIRECTION ( 'NONE',  ( -1.000000000000000000, -9.462128050787475806E-15, 0.000000000000000000 ) ) ;
#5744 = DIRECTION ( 'NONE',  ( -0.000000000000000000, 0.000000000000000000, 1.000000000000000000 ) ) ;
#5745 = CARTESIAN_POINT ( 'NONE',  ( 19.44535204942002338, 18.33710622225202513, 0.000000000000000000 ) ) ;
#5746 = DIRECTION ( 'NONE',  ( 0.000000000000000000, 0.000000000000000000, 1.000000000000000000 ) ) ;
#5747 = VERTEX_POINT ( 'NONE', #6666 ) ;
#5748 = ORIENTED_EDGE ( 'NONE', *, *, #876, .F. ) ;
#5749 = AXIS2_PLACEMENT_3D ( 'NONE', #5884, #5958, #551 ) ;
#5750 = CARTESIAN_POINT ( 'NONE',  ( 0.000000000000000000, 0.5900000000000001910, 0.5900000000000001910 ) ) ;
#5751 = EDGE_CURVE ( 'NONE', #4193, #2667, #2071, .T. ) ;
#5752 = CARTESIAN_POINT ( 'NONE',  ( 0.7500000000000000000, 0.5900000000000001910, 0.5900000000000001910 ) ) ;
#5753 = DIRECTION ( 'NONE',  ( 1.022544721323234991E-14, -1.000000000000000000, 0.000000000000000000 ) ) ;
#5754 = VERTEX_POINT ( 'NONE', #2571 ) ;
#5755 = CARTESIAN_POINT ( 'NONE',  ( 0.7499999999999996669, -1.016987298107779658, -0.2899999999999999800 ) ) ;
#5756 = ORIENTED_EDGE ( 'NONE', *, *, #4097, .T. ) ;
#5758 = ORIENTED_EDGE ( 'NONE', *, *, #5106, .F. ) ;
#5757 = ORIENTED_EDGE ( 'NONE', *, *, #7669, .F. ) ;
#5759 = APPROVAL_STATUS ( 'not_yet_approved' ) ;
#5760 = DIRECTION ( 'NONE',  ( -1.018012715584551900E-14, 1.000000000000000000, 0.000000000000000000 ) ) ;
#5761 = CARTESIAN_POINT ( 'NONE',  ( 24.07802197802224597, -6.570329670329666527, -1.000000000000006661 ) ) ;
#5762 = CARTESIAN_POINT ( 'NONE',  ( 23.80501256289329959, 16.20000000000024087, 80.00000000000000000 ) ) ;
#5763 = LINE ( 'NONE', #4706, #2030 ) ;
#5764 = EDGE_LOOP ( 'NONE', ( #7385, #1065, #3082, #4468 ) ) ;
#5765 = AXIS2_PLACEMENT_3D ( 'NONE', #2410, #5962, #4800 ) ;
#5766 = DIRECTION ( 'NONE',  ( 1.000000000000000000, 0.000000000000000000, 0.000000000000000000 ) ) ;
#5767 =( REPRESENTATION_RELATIONSHIP ('NONE','NONE', #4738, #2602 ) REPRESENTATION_RELATIONSHIP_WITH_TRANSFORMATION ( #2005 )SHAPE_REPRESENTATION_RELATIONSHIP( ) );
#5768 = EDGE_CURVE ( 'NONE', #7251, #1047, #1321, .T. ) ;
#5769 = AXIS2_PLACEMENT_3D ( 'NONE', #5870, #575, #2909 ) ;
#5770 = AXIS2_PLACEMENT_3D ( 'NONE', #4317, #2013, #3265 ) ;
#5771 = DIRECTION ( 'NONE',  ( -0.000000000000000000, -0.000000000000000000, -1.000000000000000000 ) ) ;
#5772 = CARTESIAN_POINT ( 'NONE',  ( 27.20000000000020890, 11.00000000000019362, 0.000000000000000000 ) ) ;
#5773 = AXIS2_PLACEMENT_3D ( 'NONE', #2924, #3543, #743 ) ;
#5774 = EDGE_CURVE ( 'NONE', #3170, #261, #3583, .T. ) ;
#5775 = EDGE_LOOP ( 'NONE', ( #2063, #6178, #1026, #6279 ) ) ;
#5776 = EDGE_CURVE ( 'NONE', #3409, #7552, #2528, .T. ) ;
#5777 = CIRCLE ( 'NONE', #2779, 0.5666666666667812269 ) ;
#5778 = CARTESIAN_POINT ( 'NONE',  ( 19.00000000000015632, 18.46341459489364212, 0.000000000000000000 ) ) ;
#5779 = AXIS2_PLACEMENT_3D ( 'NONE', #5788, #448, #5279 ) ;
#5780 = CARTESIAN_POINT ( 'NONE',  ( 15.00000000000060574, 17.69999999999976126, 0.000000000000000000 ) ) ;
#5781 = EDGE_CURVE ( 'NONE', #883, #1474, #3939, .T. ) ;
#5782 = CARTESIAN_POINT ( 'NONE',  ( 25.77802197802195394, 9.529670329669892581, 0.000000000000000000 ) ) ;
#5783 = CARTESIAN_POINT ( 'NONE',  ( -5.900000000002009415, -6.359585317360751968E-14, 0.000000000000000000 ) ) ;
#5784 = ORIENTED_EDGE ( 'NONE', *, *, #6072, .T. ) ;
#5785 = ORIENTED_EDGE ( 'NONE', *, *, #1445, .T. ) ;
#5786 = FACE_OUTER_BOUND ( 'NONE', #1726, .T. ) ;
#5787 = CARTESIAN_POINT ( 'NONE',  ( -7.900000000001810463, -7.569223955878621244E-14, 80.00000000000000000 ) ) ;
#5788 = CARTESIAN_POINT ( 'NONE',  ( -4.795933461901400099E-14, 4.486057109949321386, 80.00000000000000000 ) ) ;
#5789 = VERTEX_POINT ( 'NONE', #828 ) ;
#5790 = EDGE_CURVE ( 'NONE', #2862, #3640, #4455, .T. ) ;
#5791 = DIRECTION ( 'NONE',  ( -0.000000000000000000, -0.000000000000000000, -1.000000000000000000 ) ) ;
#5792 = ORIENTED_EDGE ( 'NONE', *, *, #2638, .T. ) ;
#5793 = EDGE_CURVE ( 'NONE', #1143, #1874, #3203, .T. ) ;
#5795 = ORIENTED_EDGE ( 'NONE', *, *, #6901, .F. ) ;
#5794 = ORIENTED_EDGE ( 'NONE', *, *, #3060, .F. ) ;
#5796 = APPROVAL_DATE_TIME ( #3490, #1823 ) ;
#5797 = DIRECTION ( 'NONE',  ( -0.000000000000000000, -0.000000000000000000, -1.000000000000000000 ) ) ;
#5798 = LINE ( 'NONE', #3418, #3453 ) ;
#5799 = CARTESIAN_POINT ( 'NONE',  ( -26.93333333333285751, 4.499999999999445777, 0.000000000000000000 ) ) ;
#5800 = CARTESIAN_POINT ( 'NONE',  ( -27.19999999999956586, 10.99999999999964473, 0.000000000000000000 ) ) ;
#5801 = VERTEX_POINT ( 'NONE', #3117 ) ;
#5802 = AXIS2_PLACEMENT_3D ( 'NONE', #6999, #413, #2783 ) ;
#5803 = DIRECTION ( 'NONE',  ( -0.000000000000000000, 0.000000000000000000, 1.000000000000000000 ) ) ;
#5804 = AXIS2_PLACEMENT_3D ( 'NONE', #2981, #1157, #7156 ) ;
#5805 = FACE_OUTER_BOUND ( 'NONE', #6462, .T. ) ;
#5806 = CARTESIAN_POINT ( 'NONE',  ( -7.000000000002079226, 17.69999999999975415, 80.00000000000000000 ) ) ;
#5807 = FACE_OUTER_BOUND ( 'NONE', #5528, .T. ) ;
#5808 = EDGE_CURVE ( 'NONE', #659, #2053, #5504, .T. ) ;
#5809 = VECTOR ( 'NONE', #4284, 1000.000000000000000 ) ;
#5810 = ORIENTED_EDGE ( 'NONE', *, *, #371, .F. ) ;
#5811 = ORIENTED_EDGE ( 'NONE', *, *, #7499, .T. ) ;
#5812 = AXIS2_PLACEMENT_3D ( 'NONE', #433, #7416, #1557 ) ;
#5813 = COORDINATED_UNIVERSAL_TIME_OFFSET ( 8, 0, .AHEAD. ) ;
#5814 = ADVANCED_FACE ( 'NONE', ( #4911 ), #5001, .T. ) ;
#5815 = DIRECTION ( 'NONE',  ( -1.000000000000000000, -9.462128050787475806E-15, 0.000000000000000000 ) ) ;
#5816 = DIRECTION ( 'NONE',  ( 0.000000000000000000, 2.803971135738379997E-16, -1.000000000000000000 ) ) ;
#5817 = CIRCLE ( 'NONE', #2443, 0.4629171123669006960 ) ;
#5818 = EDGE_CURVE ( 'NONE', #2822, #7270, #3059, .T. ) ;
#5819 = DIRECTION ( 'NONE',  ( -0.000000000000000000, -0.000000000000000000, -1.000000000000000000 ) ) ;
#5820 = DIRECTION ( 'NONE',  ( -1.077895816501455277E-14, 1.000000000000000000, 0.000000000000000000 ) ) ;
#5821 = VECTOR ( 'NONE', #6310, 1000.000000000000000 ) ;
#5822 = EDGE_LOOP ( 'NONE', ( #726, #6863, #3558, #5833 ) ) ;
#5823 = ORIENTED_EDGE ( 'NONE', *, *, #1204, .T. ) ;
#5824 = AXIS2_PLACEMENT_3D ( 'NONE', #3735, #4906, #3652 ) ;
#5825 = CARTESIAN_POINT ( 'NONE',  ( 27.20000000000026574, 7.000000000000157208, 80.00000000000000000 ) ) ;
#5826 = EDGE_CURVE ( 'NONE', #1397, #2479, #6833, .T. ) ;
#5827 = DIRECTION ( 'NONE',  ( -9.637352644316638018E-15, 1.000000000000000000, 0.000000000000000000 ) ) ;
#5828 = FACE_OUTER_BOUND ( 'NONE', #6533, .T. ) ;
#5829 = ORIENTED_EDGE ( 'NONE', *, *, #831, .F. ) ;
#5830 = CARTESIAN_POINT ( 'NONE',  ( -24.13654285052867365, -2.756177995931736857E-13, 80.00000000000000000 ) ) ;
#5831 = VERTEX_POINT ( 'NONE', #1521 ) ;
#5833 = ORIENTED_EDGE ( 'NONE', *, *, #4243, .T. ) ;
#5832 = ORIENTED_EDGE ( 'NONE', *, *, #2336, .F. ) ;
#5834 = COORDINATED_UNIVERSAL_TIME_OFFSET ( 8, 0, .AHEAD. ) ;
#5835 = VECTOR ( 'NONE', #5113, 1000.000000000000000 ) ;
#5836 = PLANE ( 'NONE',  #2904 ) ;
#5837 = EDGE_CURVE ( 'NONE', #659, #2202, #7054, .T. ) ;
#5838 = DIRECTION ( 'NONE',  ( -1.000000000000000000, 0.000000000000000000, 0.000000000000000000 ) ) ;
#5839 = CARTESIAN_POINT ( 'NONE',  ( 0.04999999907795427134, 0.000000000000000000, 0.000000000000000000 ) ) ;
#5840 = DIRECTION ( 'NONE',  ( 0.000000000000000000, 0.000000000000000000, 1.000000000000000000 ) ) ;
#5841 = ORIENTED_EDGE ( 'NONE', *, *, #1549, .T. ) ;
#5842 = CARTESIAN_POINT ( 'NONE',  ( -1.674796664988683474E-13, 17.69999999999980744, 80.00000000000000000 ) ) ;
#5843 = DIRECTION ( 'NONE',  ( 1.000000000000000000, 9.462128050783626165E-15, 0.000000000000000000 ) ) ;
#5844 = EDGE_CURVE ( 'NONE', #6742, #2803, #1447, .T. ) ;
#5845 = DIRECTION ( 'NONE',  ( -1.000000000000000000, -1.077895816501455277E-14, 0.000000000000000000 ) ) ;
#5846 = DIRECTION ( 'NONE',  ( -0.000000000000000000, -0.000000000000000000, -1.000000000000000000 ) ) ;
#5847 = AXIS2_PLACEMENT_3D ( 'NONE', #242, #6657, #7280 ) ;
#5848 = EDGE_CURVE ( 'NONE', #3661, #4222, #7171, .T. ) ;
#5849 = ORIENTED_EDGE ( 'NONE', *, *, #1668, .T. ) ;
#5850 = APPROVAL_DATE_TIME ( #3505, #4316 ) ;
#5851 = CARTESIAN_POINT ( 'NONE',  ( 15.90000000000116742, 18.42421244450426343, 80.00000000000000000 ) ) ;
#5852 = CARTESIAN_POINT ( 'NONE',  ( 23.17226674140379217, 3.030329925644357658, 80.00000000000000000 ) ) ;
#5853 = DIRECTION ( 'NONE',  ( 0.000000000000000000, -0.000000000000000000, -1.000000000000000000 ) ) ;
#5854 = CARTESIAN_POINT ( 'NONE',  ( -22.52197802197775189, 6.829670329669523809, -1.500000000000000000 ) ) ;
#5855 = DIRECTION ( 'NONE',  ( 1.000000000000000000, 0.000000000000000000, 0.000000000000000000 ) ) ;
#5856 = ORIENTED_EDGE ( 'NONE', *, *, #4541, .F. ) ;
#5857 = PLANE ( 'NONE',  #977 ) ;
#5858 = DIRECTION ( 'NONE',  ( -1.000000000000000000, -1.077895816502271275E-14, 0.000000000000000000 ) ) ;
#5859 = DIRECTION ( 'NONE',  ( -0.000000000000000000, -0.000000000000000000, -1.000000000000000000 ) ) ;
#5860 = ORIENTED_EDGE ( 'NONE', *, *, #7438, .T. ) ;
#5861 = LINE ( 'NONE', #4545, #7282 ) ;
#5862 = EDGE_LOOP ( 'NONE', ( #1851, #2182, #4358, #2781 ) ) ;
#5864 = VERTEX_POINT ( 'NONE', #4330 ) ;
#5863 = EDGE_LOOP ( 'NONE', ( #3593, #1882, #3660, #4961 ) ) ;
#5865 = MECHANICAL_CONTEXT ( 'NONE', #2722, 'mechanical' ) ;
#5866 = ADVANCED_FACE ( 'NONE', ( #5543 ), #3694, .F. ) ;
#5867 = CARTESIAN_POINT ( 'NONE',  ( 27.50000000000027711, 2.500000000000233147, 80.00000000000000000 ) ) ;
#5868 = DIRECTION ( 'NONE',  ( 0.000000000000000000, 1.000000000000000000, 2.803971135738370136E-16 ) ) ;
#5869 = CARTESIAN_POINT ( 'NONE',  ( 25.00000000000015632, 18.79999999999974847, 80.00000000000000000 ) ) ;
#5870 = CARTESIAN_POINT ( 'NONE',  ( 25.57802197802169886, 6.829670329669523809, -1.500000000000000000 ) ) ;
#5871 = ORIENTED_EDGE ( 'NONE', *, *, #5911, .T. ) ;
#5872 = AXIS2_PLACEMENT_3D ( 'NONE', #4295, #6714, #6169 ) ;
#5873 = FACE_OUTER_BOUND ( 'NONE', #6778, .T. ) ;
#5874 = ADVANCED_FACE ( 'NONE', ( #2648 ), #5038, .F. ) ;
#5875 = LINE ( 'NONE', #1088, #3401 ) ;
#5876 = LINE ( 'NONE', #3464, #6197 ) ;
#5877 = PLANE ( 'NONE',  #7058 ) ;
#5878 = ADVANCED_FACE ( 'NONE', ( #1365 ), #245, .F. ) ;
#5879 = VECTOR ( 'NONE', #1450, 1000.000000000000000 ) ;
#5881 = ORIENTED_EDGE ( 'NONE', *, *, #4086, .T. ) ;
#5880 = ADVANCED_FACE ( 'NONE', ( #4868 ), #6203, .T. ) ;
#5882 = VECTOR ( 'NONE', #389, 1000.000000000000000 ) ;
#5883 = AXIS2_PLACEMENT_3D ( 'NONE', #4433, #5645, #5056 ) ;
#5884 = CARTESIAN_POINT ( 'NONE',  ( 26.93333333333333712, 13.50000000000023981, 80.00000000000000000 ) ) ;
#5885 = APPROVAL_PERSON_ORGANIZATION ( #475, #6857, #1561 ) ;
#5886 = DIRECTION ( 'NONE',  ( -0.000000000000000000, -0.000000000000000000, -1.000000000000000000 ) ) ;
#5887 = CARTESIAN_POINT ( 'NONE',  ( 0.7500000000000000000, -0.2899999999999999800, -0.2899999999999999800 ) ) ;
#5888 = DIRECTION ( 'NONE',  ( -0.000000000000000000, -0.000000000000000000, -1.000000000000000000 ) ) ;
#5889 = CARTESIAN_POINT ( 'NONE',  ( -17.00000000000053646, 17.69999999999965112, 80.00000000000000000 ) ) ;
#5890 = AXIS2_PLACEMENT_3D ( 'NONE', #7486, #4987, #898 ) ;
#5891 = ORIENTED_EDGE ( 'NONE', *, *, #5235, .F. ) ;
#5892 = LOCAL_TIME ( 15, 21, 11.00000000000000000, #3541 ) ;
#5893 = CARTESIAN_POINT ( 'NONE',  ( 24.48302076461956389, 4.486057109949570965, 0.000000000000000000 ) ) ;
#5894 = DIRECTION ( 'NONE',  ( -1.000000000000000000, -9.963444908065059041E-15, 0.000000000000000000 ) ) ;
#5895 = CARTESIAN_POINT ( 'NONE',  ( 17.44535204942025075, 18.33710622225122577, 80.00000000000000000 ) ) ;
#5896 = EDGE_CURVE ( 'NONE', #2191, #1422, #1985, .T. ) ;
#5897 = VERTEX_POINT ( 'NONE', #2027 ) ;
#5898 = CARTESIAN_POINT ( 'NONE',  ( 28.07802197802225663, -6.570329670329666527, 0.000000000000000000 ) ) ;
#5899 = VERTEX_POINT ( 'NONE', #4411 ) ;
#5901 = ORIENTED_EDGE ( 'NONE', *, *, #3545, .F. ) ;
#5900 = ORIENTED_EDGE ( 'NONE', *, *, #3683, .T. ) ;
#5902 = PERSON_AND_ORGANIZATION ( #2152, #3857 ) ;
#5903 = CARTESIAN_POINT ( 'NONE',  ( -3.445352049422615970, 18.33710622225178355, 80.00000000000000000 ) ) ;
#5904 = CARTESIAN_POINT ( 'NONE',  ( 27.50000000000014921, 14.50000000000024514, 80.00000000000000000 ) ) ;
#5905 = PLANE ( 'NONE',  #1194 ) ;
#5906 = DIRECTION ( 'NONE',  ( -0.000000000000000000, -0.000000000000000000, -1.000000000000000000 ) ) ;
#5907 = ADVANCED_FACE ( 'NONE', ( #4370 ), #6704, .T. ) ;
#5908 = ORIENTED_EDGE ( 'NONE', *, *, #101, .T. ) ;
#5909 = VECTOR ( 'NONE', #3636, 1000.000000000000000 ) ;
#5910 = CARTESIAN_POINT ( 'NONE',  ( -1.466744530463636726E-14, 1.400000000000290123, 80.00000000000000000 ) ) ;
#5911 = EDGE_CURVE ( 'NONE', #5408, #5563, #2192, .T. ) ;
#5912 = PLANE ( 'NONE',  #4768 ) ;
#5913 = DIRECTION ( 'NONE',  ( 1.077895816501455277E-14, -1.000000000000000000, 0.000000000000000000 ) ) ;
#5914 = DIRECTION ( 'NONE',  ( 9.581296146679602814E-15, -1.000000000000000000, 0.000000000000000000 ) ) ;
#5915 = VECTOR ( 'NONE', #7586, 1000.000000000000000 ) ;
#5916 = ADVANCED_FACE ( 'NONE', ( #7243 ), #824, .T. ) ;
#5917 = CIRCLE ( 'NONE', #2931, 1.000000000000122347 ) ;
#5918 = AXIS2_PLACEMENT_3D ( 'NONE', #2301, #3331, #2264 ) ;
#5919 = ORIENTED_EDGE ( 'NONE', *, *, #7353, .F. ) ;
#5920 = ITEM_DEFINED_TRANSFORMATION ( 'NONE', 'NONE', #7207,  #2222 ) ;
#5921 = VECTOR ( 'NONE', #4492, 1000.000000000000000 ) ;
#5922 = EDGE_CURVE ( 'NONE', #6965, #3680, #1941, .T. ) ;
#5923 = CARTESIAN_POINT ( 'NONE',  ( -13.00000000000077094, -1.477009041907903195E-13, 0.000000000000000000 ) ) ;
#5924 = DIRECTION ( 'NONE',  ( -1.000000000000000000, 0.000000000000000000, 0.000000000000000000 ) ) ;
#5925 = CARTESIAN_POINT ( 'NONE',  ( 24.13302076462043999, 2.755775805123400705E-13, 0.000000000000000000 ) ) ;
#5926 = DIRECTION ( 'NONE',  ( 1.000000000000000000, 1.136160801467183860E-14, -0.000000000000000000 ) ) ;
#5927 = DIRECTION ( 'NONE',  ( 0.000000000000000000, 1.000000000000000000, -0.000000000000000000 ) ) ;
#5928 = AXIS2_PLACEMENT_3D ( 'NONE', #3465, #3536, #544 ) ;
#5929 = ORIENTED_EDGE ( 'NONE', *, *, #2852, .T. ) ;
#5930 = PLANE ( 'NONE',  #896 ) ;
#5931 = CIRCLE ( 'NONE', #6823, 0.2499999999999169553 ) ;
#5932 = DIRECTION ( 'NONE',  ( 9.089286411741724101E-15, -1.000000000000000000, 0.000000000000000000 ) ) ;
#5933 = EDGE_CURVE ( 'NONE', #1790, #7096, #781, .T. ) ;
#5934 = ORIENTED_EDGE ( 'NONE', *, *, #3426, .F. ) ;
#5935 = VECTOR ( 'NONE', #4827, 1000.000000000000000 ) ;
#5936 = CARTESIAN_POINT ( 'NONE',  ( -13.00000000000077094, -1.477009041907903195E-13, 80.00000000000000000 ) ) ;
#5937 = ORIENTED_EDGE ( 'NONE', *, *, #1466, .F. ) ;
#5939 = ORIENTED_EDGE ( 'NONE', *, *, #3809, .T. ) ;
#5938 = ORIENTED_EDGE ( 'NONE', *, *, #320, .T. ) ;
#5940 = VECTOR ( 'NONE', #3370, 1000.000000000000000 ) ;
#5941 = DATE_AND_TIME ( #645, #7397 ) ;
#5942 = DIRECTION ( 'NONE',  ( -1.000000000000000000, -1.047444401652940164E-14, 0.000000000000000000 ) ) ;
#5943 = DIRECTION ( 'NONE',  ( -1.061827927506645323E-14, 1.000000000000000000, 0.000000000000000000 ) ) ;
#5944 = DIRECTION ( 'NONE',  ( 1.061827927506735726E-14, -1.000000000000000000, 0.000000000000000000 ) ) ;
#5945 = CARTESIAN_POINT ( 'NONE',  ( 27.20000000000019824, 13.00000000000021316, 0.000000000000000000 ) ) ;
#5946 = ORIENTED_EDGE ( 'NONE', *, *, #5357, .T. ) ;
#5947 = ORIENTED_EDGE ( 'NONE', *, *, #5776, .F. ) ;
#5948 = AXIS2_PLACEMENT_3D ( 'NONE', #1420, #5011, #2043 ) ;
#5949 = EDGE_CURVE ( 'NONE', #347, #797, #6158, .T. ) ;
#5950 = DIRECTION ( 'NONE',  ( -0.000000000000000000, -0.000000000000000000, -1.000000000000000000 ) ) ;
#5951 = CARTESIAN_POINT ( 'NONE',  ( -0.000000000000000000, -9.270329670329591210, -1.500000000000000000 ) ) ;
#5952 = CARTESIAN_POINT ( 'NONE',  ( -24.02197802197775189, 6.829670329669523809, 0.000000000000000000 ) ) ;
#5953 = ORIENTED_EDGE ( 'NONE', *, *, #7680, .F. ) ;
#5954 = EDGE_LOOP ( 'NONE', ( #7239, #4942, #6607, #6527 ) ) ;
#5955 = LOCAL_TIME ( 15, 21, 11.00000000000000000, #6269 ) ;
#5956 = DATE_AND_TIME ( #4167, #7262 ) ;
#5957 = EDGE_CURVE ( 'NONE', #985, #5096, #698, .T. ) ;
#5958 = DIRECTION ( 'NONE',  ( -0.000000000000000000, -0.000000000000000000, -1.000000000000000000 ) ) ;
#5959 = DIRECTION ( 'NONE',  ( -1.000000000000000000, 0.000000000000000000, 0.000000000000000000 ) ) ;
#5960 = CARTESIAN_POINT ( 'NONE',  ( -24.99999999999991118, -2.618611004132341055E-13, 80.00000000000000000 ) ) ;
#5961 = FACE_OUTER_BOUND ( 'NONE', #7277, .T. ) ;
#5962 = DIRECTION ( 'NONE',  ( 0.000000000000000000, 0.000000000000000000, 1.000000000000000000 ) ) ;
#5963 = ORIENTED_EDGE ( 'NONE', *, *, #7353, .T. ) ;
#5964 = ORIENTED_EDGE ( 'NONE', *, *, #4937, .T. ) ;
#5965 = AXIS2_PLACEMENT_3D ( 'NONE', #2151, #4534, #3945 ) ;
#5966 = PLANE ( 'NONE',  #4118 ) ;
#5967 = DIRECTION ( 'NONE',  ( -0.000000000000000000, 0.000000000000000000, 1.000000000000000000 ) ) ;
#5968 = ORIENTED_EDGE ( 'NONE', *, *, #5205, .F. ) ;
#5969 = DIRECTION ( 'NONE',  ( 0.8660254037844383745, 1.251928832280965942E-16, -0.5000000000000003331 ) ) ;
#5970 = ORIENTED_EDGE ( 'NONE', *, *, #2995, .F. ) ;
#5972 = ORIENTED_EDGE ( 'NONE', *, *, #7218, .T. ) ;
#5971 = EDGE_LOOP ( 'NONE', ( #7281, #7085, #1502, #7441 ) ) ;
#5973 = EDGE_CURVE ( 'NONE', #3680, #5518, #1326, .T. ) ;
#5974 = CARTESIAN_POINT ( 'NONE',  ( -26.93333333333271895, 12.49999999999967493, 80.00000000000000000 ) ) ;
#5975 = VECTOR ( 'NONE', #132, 1000.000000000000000 ) ;
#5976 = CARTESIAN_POINT ( 'NONE',  ( -24.48302076461965981, 4.486057109949059374, 0.000000000000000000 ) ) ;
#5977 = DIRECTION ( 'NONE',  ( -0.000000000000000000, 0.000000000000000000, 1.000000000000000000 ) ) ;
#5978 = DIRECTION ( 'NONE',  ( 1.000000000000000000, 0.000000000000000000, 0.000000000000000000 ) ) ;
#5979 = VERTEX_POINT ( 'NONE', #1325 ) ;
#5980 = EDGE_LOOP ( 'NONE', ( #134, #6559, #4424, #3236 ) ) ;
#5981 = COORDINATED_UNIVERSAL_TIME_OFFSET ( 8, 0, .AHEAD. ) ;
#5982 = DIRECTION ( 'NONE',  ( -1.000000000000000000, -1.084202172485628601E-14, 0.000000000000000000 ) ) ;
#5983 = FACE_OUTER_BOUND ( 'NONE', #5046, .T. ) ;
#5984 = CARTESIAN_POINT ( 'NONE',  ( 19.90000000000028635, 18.42421244450403250, 0.000000000000000000 ) ) ;
#5985 = VECTOR ( 'NONE', #3494, 1000.000000000000000 ) ;
#5986 = VERTEX_POINT ( 'NONE', #1401 ) ;
#5987 = EDGE_CURVE ( 'NONE', #6008, #6872, #87, .T. ) ;
#5988 = ORIENTED_EDGE ( 'NONE', *, *, #6831, .F. ) ;
#5989 = CALENDAR_DATE ( 2020, 16, 10 ) ;
#5990 = DIRECTION ( 'NONE',  ( -1.000000000000000000, 0.000000000000000000, 0.000000000000000000 ) ) ;
#5991 = DIRECTION ( 'NONE',  ( 1.005396430953922456E-14, -1.000000000000000000, 0.000000000000000000 ) ) ;
#5992 = DIRECTION ( 'NONE',  ( 0.000000000000000000, 1.000000000000000000, 0.000000000000000000 ) ) ;
#5993 = DIRECTION ( 'NONE',  ( -0.000000000000000000, -0.000000000000000000, -1.000000000000000000 ) ) ;
#5994 = DIRECTION ( 'NONE',  ( -0.000000000000000000, 0.000000000000000000, 1.000000000000000000 ) ) ;
#5995 = EDGE_CURVE ( 'NONE', #282, #1831, #2686, .T. ) ;
#5996 = VERTEX_POINT ( 'NONE', #3356 ) ;
#5997 = ORIENTED_EDGE ( 'NONE', *, *, #5206, .F. ) ;
#5998 = VECTOR ( 'NONE', #229, 1000.000000000000000 ) ;
#5999 = DIRECTION ( 'NONE',  ( 1.000000000000000000, 9.462128050783626165E-15, 0.000000000000000000 ) ) ;
#6000 = CARTESIAN_POINT ( 'NONE',  ( 19.90000000000028635, 18.42421244450403250, 80.00000000000000000 ) ) ;
#6001 = EDGE_CURVE ( 'NONE', #2174, #4993, #1519, .T. ) ;
#6002 = ORIENTED_EDGE ( 'NONE', *, *, #4292, .T. ) ;
#6003 = VECTOR ( 'NONE', #1354, 1000.000000000000000 ) ;
#6004 = DIRECTION ( 'NONE',  ( -0.000000000000000000, -0.000000000000000000, -1.000000000000000000 ) ) ;
#6005 = ORIENTED_EDGE ( 'NONE', *, *, #6947, .T. ) ;
#6006 = SECURITY_CLASSIFICATION ( '', '', #6725 ) ;
#6008 = VERTEX_POINT ( 'NONE', #5078 ) ;
#6007 = VERTEX_POINT ( 'NONE', #1594 ) ;
#6009 = PERSON_AND_ORGANIZATION_ROLE ( 'classification_officer' ) ;
#6010 = CARTESIAN_POINT ( 'NONE',  ( -27.19999999999957296, 13.99999999999969980, 80.00000000000000000 ) ) ;
#6011 = DIRECTION ( 'NONE',  ( 1.000000000000000000, 0.000000000000000000, 0.000000000000000000 ) ) ;
#6012 = DIRECTION ( 'NONE',  ( -0.000000000000000000, 0.000000000000000000, 1.000000000000000000 ) ) ;
#6013 = DIRECTION ( 'NONE',  ( -1.136160801470865474E-14, 1.000000000000000000, 0.000000000000000000 ) ) ;
#6014 = ADVANCED_FACE ( 'NONE', ( #2219 ), #2762, .T. ) ;
#6015 = EDGE_LOOP ( 'NONE', ( #2673, #4255 ) ) ;
#6016 = ORIENTED_EDGE ( 'NONE', *, *, #2263, .T. ) ;
#6017 = CIRCLE ( 'NONE', #3650, 0.2500000000000245359 ) ;
#6018 = DATE_AND_TIME ( #1930, #4604 ) ;
#6019 = LINE ( 'NONE', #5412, #2037 ) ;
#6020 = CARTESIAN_POINT ( 'NONE',  ( -15.90000000000092761, -1.523426087322145531E-13, 0.000000000000000000 ) ) ;
#6021 = FACE_OUTER_BOUND ( 'NONE', #3995, .T. ) ;
#6022 = EDGE_LOOP ( 'NONE', ( #7360, #5757, #6128, #6165 ) ) ;
#6023 = AXIS2_PLACEMENT_3D ( 'NONE', #5405, #4815, #6011 ) ;
#6024 = ADVANCED_FACE ( 'NONE', ( #4563 ), #3280, .T. ) ;
#6025 = ORIENTED_EDGE ( 'NONE', *, *, #1122, .F. ) ;
#6026 = ADVANCED_FACE ( 'A', ( #6281 ), #1574, .T. ) ;
#6027 = CYLINDRICAL_SURFACE ( 'NONE', #3077, 1.500000000000001332 ) ;
#6028 = CARTESIAN_POINT ( 'NONE',  ( -1.029992063861636769E-13, 9.500000000000074607, 0.000000000000000000 ) ) ;
#6029 = CARTESIAN_POINT ( 'NONE',  ( -25.79999999999975202, 2.699999999999997513, 0.000000000000000000 ) ) ;
#6030 = DIRECTION ( 'NONE',  ( 0.000000000000000000, 0.000000000000000000, -1.000000000000000000 ) ) ;
#6031 = VECTOR ( 'NONE', #992, 1000.000000000000000 ) ;
#6032 = PRODUCT ( 'YG-J03A-0000-002', 'YG-J03A-0000-002', '', ( #1435 ) ) ;
#6033 = DIRECTION ( 'NONE',  ( 9.089286411759694353E-15, -1.000000000000000000, 0.000000000000000000 ) ) ;
#6034 = DIRECTION ( 'NONE',  ( -0.000000000000000000, -0.000000000000000000, -1.000000000000000000 ) ) ;
#6035 = LINE ( 'NONE', #2489, #4763 ) ;
#6036 = ORIENTED_EDGE ( 'NONE', *, *, #5808, .F. ) ;
#6037 = ORIENTED_EDGE ( 'NONE', *, *, #4152, .T. ) ;
#6038 = AXIS2_PLACEMENT_3D ( 'NONE', #143, #5977, #1347 ) ;
#6039 = ADVANCED_FACE ( 'NONE', ( #6868 ), #1629, .T. ) ;
#6040 = CYLINDRICAL_SURFACE ( 'NONE', #1626, 2.200000000000000178 ) ;
#6041 = ADVANCED_FACE ( 'NONE', ( #5807 ), #6906, .F. ) ;
#6042 = LINE ( 'NONE', #5320, #3781 ) ;
#6043 = ORIENTED_EDGE ( 'NONE', *, *, #6324, .T. ) ;
#6044 = AXIS2_PLACEMENT_3D ( 'NONE', #630, #2997, #1139 ) ;
#6045 = ORIENTED_EDGE ( 'NONE', *, *, #4966, .F. ) ;
#6046 =( REPRESENTATION_RELATIONSHIP ('NONE','NONE', #4738, #2602 ) REPRESENTATION_RELATIONSHIP_WITH_TRANSFORMATION ( #5379 )SHAPE_REPRESENTATION_RELATIONSHIP( ) );
#6047 = DIRECTION ( 'NONE',  ( -1.000000000000000000, 0.000000000000000000, 0.000000000000000000 ) ) ;
#6048 = DIRECTION ( 'NONE',  ( -1.000000000000000000, -5.034967257642723031E-16, 0.000000000000000000 ) ) ;
#6049 = ORIENTED_EDGE ( 'NONE', *, *, #2918, .F. ) ;
#6050 = VERTEX_POINT ( 'NONE', #5117 ) ;
#6051 = ADVANCED_BREP_SHAPE_REPRESENTATION ( '', ( #2929, #2222 ), #1838 ) ;
#6052 = EDGE_CURVE ( 'NONE', #7251, #4459, #2145, .T. ) ;
#6053 = APPROVAL_STATUS ( 'not_yet_approved' ) ;
#6054 = DIRECTION ( 'NONE',  ( -0.000000000000000000, -0.000000000000000000, -1.000000000000000000 ) ) ;
#6055 = DIRECTION ( 'NONE',  ( -0.000000000000000000, -0.000000000000000000, -1.000000000000000000 ) ) ;
#6056 = ADVANCED_FACE ( 'NONE', ( #982 ), #1015, .T. ) ;
#6057 = LINE ( 'NONE', #4979, #4927 ) ;
#6058 = LINE ( 'NONE', #1348, #43 ) ;
#6059 = ORIENTED_EDGE ( 'NONE', *, *, #6651, .T. ) ;
#6060 = VERTEX_POINT ( 'NONE', #5154 ) ;
#6061 = AXIS2_PLACEMENT_3D ( 'NONE', #3861, #360, #1556 ) ;
#6062 = VECTOR ( 'NONE', #2791, 1000.000000000000000 ) ;
#6063 = ADVANCED_FACE ( 'A', ( #2108 ), #3066, .T. ) ;
#6064 =( NAMED_UNIT ( * ) PLANE_ANGLE_UNIT ( ) SI_UNIT ( $, .RADIAN. ) );
#6065 = LINE ( 'NONE', #4825, #1895 ) ;
#6066 = AXIS2_PLACEMENT_3D ( 'NONE', #3693, #5458, #1324 ) ;
#6067 = LINE ( 'NONE', #6020, #5584 ) ;
#6068 = CARTESIAN_POINT ( 'NONE',  ( 5.900000000002495248, 17.69999999999966889, 80.00000000000000000 ) ) ;
#6069 = ORIENTED_EDGE ( 'NONE', *, *, #1363, .T. ) ;
#6070 = CONICAL_SURFACE ( 'NONE', #6450, 1.500000000000001332, 0.7853981633974491672 ) ;
#6072 = EDGE_CURVE ( 'NONE', #2202, #1994, #7530, .T. ) ;
#6071 = ORIENTED_EDGE ( 'NONE', *, *, #4719, .T. ) ;
#6073 = EDGE_CURVE ( 'NONE', #2919, #1233, #6942, .T. ) ;
#6074 = DIRECTION ( 'NONE',  ( -0.000000000000000000, -0.000000000000000000, -1.000000000000000000 ) ) ;
#6075 = DIRECTION ( 'NONE',  ( -0.5000000000000009992, 0.8660254037844380415, 0.000000000000000000 ) ) ;
#6076 = CIRCLE ( 'NONE', #1973, 1.500000000000001332 ) ;
#6077 = DIRECTION ( 'NONE',  ( -1.000000000000000000, -9.462128050783626165E-15, 0.000000000000000000 ) ) ;
#6078 = PLANE ( 'NONE',  #2280 ) ;
#6079 = DIRECTION ( 'NONE',  ( -0.000000000000000000, -0.000000000000000000, -1.000000000000000000 ) ) ;
#6080 = LINE ( 'NONE', #3620, #6705 ) ;
#6081 = DIRECTION ( 'NONE',  ( -0.000000000000000000, 0.000000000000000000, 1.000000000000000000 ) ) ;
#6082 = APPROVAL_PERSON_ORGANIZATION ( #3964, #5316, #4398 ) ;
#6083 = ORIENTED_EDGE ( 'NONE', *, *, #3615, .F. ) ;
#6084 = ORIENTED_EDGE ( 'NONE', *, *, #5911, .F. ) ;
#6085 = DIRECTION ( 'NONE',  ( -1.000000000000000000, -9.581296146678135533E-15, 0.000000000000000000 ) ) ;
#6086 = CC_DESIGN_SECURITY_CLASSIFICATION ( #377, ( #6715 ) ) ;
#6087 = CARTESIAN_POINT ( 'NONE',  ( 25.77802197802195394, 9.529670329669892581, -1.500000000000000000 ) ) ;
#6088 = ORIENTED_EDGE ( 'NONE', *, *, #5933, .F. ) ;
#6089 = ORIENTED_EDGE ( 'NONE', *, *, #4368, .T. ) ;
#6090 = CARTESIAN_POINT ( 'NONE',  ( -26.72197802197803895, 0.000000000000000000, -1.500000000000000000 ) ) ;
#6091 = DIRECTION ( 'NONE',  ( 0.000000000000000000, 0.000000000000000000, 1.000000000000000000 ) ) ;
#6092 = ORIENTED_EDGE ( 'NONE', *, *, #2023, .T. ) ;
#6093 = ORIENTED_EDGE ( 'NONE', *, *, #4587, .F. ) ;
#6094 = VECTOR ( 'NONE', #2622, 1000.000000000000000 ) ;
#6095 = COORDINATED_UNIVERSAL_TIME_OFFSET ( 8, 0, .AHEAD. ) ;
#6096 = DIRECTION ( 'NONE',  ( 0.000000000000000000, 0.000000000000000000, 1.000000000000000000 ) ) ;
#6097 = CARTESIAN_POINT ( 'NONE',  ( -5.900000000002208367, 18.42421244450414264, 0.000000000000000000 ) ) ;
#6098 = DIRECTION ( 'NONE',  ( 1.000000000000000000, 0.000000000000000000, 0.000000000000000000 ) ) ;
#6099 = DIRECTION ( 'NONE',  ( 0.000000000000000000, 0.000000000000000000, 1.000000000000000000 ) ) ;
#6100 = VERTEX_POINT ( 'NONE', #5772 ) ;
#6101 = EDGE_CURVE ( 'NONE', #3121, #2552, #2817, .T. ) ;
#6102 = CARTESIAN_POINT ( 'NONE',  ( 25.57802197802169886, 6.829670329669523809, 0.000000000000000000 ) ) ;
#6103 = EDGE_LOOP ( 'NONE', ( #2618, #5052, #444, #5642 ) ) ;
#6104 = EDGE_CURVE ( 'NONE', #674, #196, #1942, .T. ) ;
#6105 = APPLICATION_PROTOCOL_DEFINITION ( 'international standard', 'config_control_design', 1994, #6959 ) ;
#6106 = FACE_OUTER_BOUND ( 'NONE', #2749, .T. ) ;
#6107 = FACE_OUTER_BOUND ( 'NONE', #4294, .T. ) ;
#6108 = PLANE ( 'NONE',  #6815 ) ;
#6109 = ORIENTED_EDGE ( 'NONE', *, *, #4129, .F. ) ;
#6110 = ORIENTED_EDGE ( 'NONE', *, *, #1130, .T. ) ;
#6111 = CARTESIAN_POINT ( 'NONE',  ( -24.02197802197775189, 6.829670329669523809, -1.500000000000000000 ) ) ;
#6112 = CARTESIAN_POINT ( 'NONE',  ( 13.90000000000133973, 1.331800164388389202E-13, 80.00000000000000000 ) ) ;
#6113 = FACE_OUTER_BOUND ( 'NONE', #3524, .T. ) ;
#6114 = EDGE_CURVE ( 'NONE', #6341, #6050, #3862, .T. ) ;
#6115 = VECTOR ( 'NONE', #4754, 1000.000000000000000 ) ;
#6116 = CIRCLE ( 'NONE', #6750, 0.5666666666670483465 ) ;
#6117 = EDGE_CURVE ( 'NONE', #4293, #678, #5702, .T. ) ;
#6118 = DIRECTION ( 'NONE',  ( -0.000000000000000000, 0.000000000000000000, 1.000000000000000000 ) ) ;
#6119 = CARTESIAN_POINT ( 'NONE',  ( 26.93333333333365331, 4.500000000000229150, 0.000000000000000000 ) ) ;
#6120 = VERTEX_POINT ( 'NONE', #1203 ) ;
#6121 = ORIENTED_EDGE ( 'NONE', *, *, #2184, .F. ) ;
#6122 = CARTESIAN_POINT ( 'NONE',  ( 24.54641661169563704, 3.667313529925644744, 0.000000000000000000 ) ) ;
#6123 = PLANE ( 'NONE',  #5621 ) ;
#6124 = VERTEX_POINT ( 'NONE', #4748 ) ;
#6125 = EDGE_CURVE ( 'NONE', #3133, #5864, #7053, .T. ) ;
#6126 = PLANE ( 'NONE',  #6665 ) ;
#6127 = FACE_OUTER_BOUND ( 'NONE', #6589, .T. ) ;
#6128 = ORIENTED_EDGE ( 'NONE', *, *, #3196, .F. ) ;
#6129 = VECTOR ( 'NONE', #4817, 1000.000000000000000 ) ;
#6130 = EDGE_LOOP ( 'NONE', ( #2636, #3785, #2619, #2041 ) ) ;
#6131 = AXIS2_PLACEMENT_3D ( 'NONE', #704, #129, #1331 ) ;
#6132 = PERSON_AND_ORGANIZATION_ROLE ( 'classification_officer' ) ;
#6133 = FACE_OUTER_BOUND ( 'NONE', #6814, .T. ) ;
#6134 = EDGE_CURVE ( 'NONE', #985, #5747, #7015, .T. ) ;
#6135 = DIRECTION ( 'NONE',  ( 1.000000000000000000, 9.089286411759198948E-15, -0.000000000000000000 ) ) ;
#6136 = LINE ( 'NONE', #3720, #7286 ) ;
#6137 = AXIS2_PLACEMENT_3D ( 'NONE', #2953, #618, #2873 ) ;
#6138 = LINE ( 'NONE', #3881, #7024 ) ;
#6139 = ORIENTED_EDGE ( 'NONE', *, *, #3391, .T. ) ;
#6140 = ORGANIZATION ( 'NAUO-ORG3', 'UNSPECIFIED', 'UNSPECIFIED' ) ;
#6141 = CARTESIAN_POINT ( 'NONE',  ( -25.80352208590870688, 16.09999999999919140, 0.000000000000000000 ) ) ;
#6142 = DIRECTION ( 'NONE',  ( 1.000000000000000000, 0.000000000000000000, 0.000000000000000000 ) ) ;
#6144 = VERTEX_POINT ( 'NONE', #4203 ) ;
#6143 = ORIENTED_EDGE ( 'NONE', *, *, #5644, .F. ) ;
#6145 = AXIS2_PLACEMENT_3D ( 'NONE', #2171, #4552, #6932 ) ;
#6146 = DIRECTION ( 'NONE',  ( 0.000000000000000000, 0.000000000000000000, 1.000000000000000000 ) ) ;
#6147 = CARTESIAN_POINT ( 'NONE',  ( -27.49999999999948841, 11.49999999999967315, 80.00000000000000000 ) ) ;
#6148 = EDGE_CURVE ( 'NONE', #768, #678, #2875, .T. ) ;
#6149 = CARTESIAN_POINT ( 'NONE',  ( 27.50000000000014921, 14.50000000000024514, 0.000000000000000000 ) ) ;
#6150 = VECTOR ( 'NONE', #2457, 1000.000000000000000 ) ;
#6151 = DIRECTION ( 'NONE',  ( -0.000000000000000000, -0.000000000000000000, -1.000000000000000000 ) ) ;
#6152 = ORIENTED_EDGE ( 'NONE', *, *, #247, .T. ) ;
#6153 = EDGE_CURVE ( 'NONE', #5986, #6220, #1703, .T. ) ;
#6154 =( NAMED_UNIT ( * ) SI_UNIT ( $, .STERADIAN. ) SOLID_ANGLE_UNIT ( ) );
#6155 = ORIENTED_EDGE ( 'NONE', *, *, #7544, .F. ) ;
#6156 = EDGE_CURVE ( 'NONE', #712, #3186, #2293, .T. ) ;
#6157 = CARTESIAN_POINT ( 'NONE',  ( 27.20000000000021956, 12.00000000000027356, 80.00000000000000000 ) ) ;
#6158 = LINE ( 'NONE', #6028, #4687 ) ;
#6159 =( REPRESENTATION_RELATIONSHIP ('NONE','NONE', #4738, #2602 ) REPRESENTATION_RELATIONSHIP_WITH_TRANSFORMATION ( #5191 )SHAPE_REPRESENTATION_RELATIONSHIP( ) );
#6160 = CARTESIAN_POINT ( 'NONE',  ( 28.27802197802195394, 0.000000000000000000, 0.000000000000000000 ) ) ;
#6161 = CARTESIAN_POINT ( 'NONE',  ( 23.55258382925115512, 2.780329925644389188, 80.00000000000000000 ) ) ;
#6162 = CARTESIAN_POINT ( 'NONE',  ( 27.50000000000014921, 14.50000000000024514, 80.00000000000000000 ) ) ;
#6163 = CARTESIAN_POINT ( 'NONE',  ( -11.90000000000153868, 17.69999999999970086, 80.00000000000000000 ) ) ;
#6164 = AXIS2_PLACEMENT_3D ( 'NONE', #4309, #1345, #3719 ) ;
#6165 = ORIENTED_EDGE ( 'NONE', *, *, #7606, .T. ) ;
#6166 = ORIENTED_EDGE ( 'NONE', *, *, #2298, .F. ) ;
#6167 = ORIENTED_EDGE ( 'NONE', *, *, #4174, .T. ) ;
#6168 = EDGE_CURVE ( 'NONE', #7699, #7423, #1779, .T. ) ;
#6169 = DIRECTION ( 'NONE',  ( 1.000000000000000000, 0.000000000000000000, 0.000000000000000000 ) ) ;
#6170 = VECTOR ( 'NONE', #5969, 1000.000000000000114 ) ;
#6171 = LINE ( 'NONE', #836, #1736 ) ;
#6172 = VERTEX_POINT ( 'NONE', #620 ) ;
#6173 = DIRECTION ( 'NONE',  ( -0.000000000000000000, 0.000000000000000000, 1.000000000000000000 ) ) ;
#6174 = CARTESIAN_POINT ( 'NONE',  ( 27.20000000000026219, 8.000000000000309086, 80.00000000000000000 ) ) ;
#6175 = ORIENTED_EDGE ( 'NONE', *, *, #1109, .F. ) ;
#6176 = CIRCLE ( 'NONE', #6038, 0.4999999999999449329 ) ;
#6177 = ORIENTED_EDGE ( 'NONE', *, *, #6950, .T. ) ;
#6178 = ORIENTED_EDGE ( 'NONE', *, *, #5223, .F. ) ;
#6179 = DIRECTION ( 'NONE',  ( -0.000000000000000000, 0.000000000000000000, 1.000000000000000000 ) ) ;
#6180 = ADVANCED_FACE ( 'NONE', ( #1132 ), #5877, .T. ) ;
#6181 = CARTESIAN_POINT ( 'NONE',  ( -13.90000000000092761, -1.331800164388553790E-13, 80.00000000000000000 ) ) ;
#6182 = CARTESIAN_POINT ( 'NONE',  ( 3.440704098830584812, 18.79999999999945359, 0.000000000000000000 ) ) ;
#6183 = AXIS2_PLACEMENT_3D ( 'NONE', #1407, #1329, #4958 ) ;
#6184 = CARTESIAN_POINT ( 'NONE',  ( 24.79999999999990479, 2.700000000000517986, 0.000000000000000000 ) ) ;
#6185 = ORIENTED_EDGE ( 'NONE', *, *, #4298, .T. ) ;
#6186 = DIRECTION ( 'NONE',  ( 1.000000000000000000, 0.000000000000000000, 0.000000000000000000 ) ) ;
#6187 = DIRECTION ( 'NONE',  ( 1.000000000000000000, 0.000000000000000000, 0.000000000000000000 ) ) ;
#6189 = ORIENTED_EDGE ( 'NONE', *, *, #3351, .T. ) ;
#6188 = ORIENTED_EDGE ( 'NONE', *, *, #2484, .T. ) ;
#6190 = VECTOR ( 'NONE', #4524, 1000.000000000000000 ) ;
#6191 = PERSON_AND_ORGANIZATION ( #2152, #3857 ) ;
#6192 = DIRECTION ( 'NONE',  ( 9.462128050787475806E-15, -1.000000000000000000, 0.000000000000000000 ) ) ;
#6193 = CARTESIAN_POINT ( 'NONE',  ( 9.000000000001925571, 18.46341459489378067, 80.00000000000000000 ) ) ;
#6194 = DIRECTION ( 'NONE',  ( 1.000000000000000000, 1.069075436258897643E-14, 0.000000000000000000 ) ) ;
#6195 = VERTEX_POINT ( 'NONE', #6505 ) ;
#6196 = CIRCLE ( 'NONE', #1206, 1.000000000000122347 ) ;
#6197 = VECTOR ( 'NONE', #6577, 1000.000000000000000 ) ;
#6198 = AXIS2_PLACEMENT_3D ( 'NONE', #5329, #2320, #4778 ) ;
#6199 = DIRECTION ( 'NONE',  ( 0.000000000000000000, 0.000000000000000000, 1.000000000000000000 ) ) ;
#6200 = ORIENTED_EDGE ( 'NONE', *, *, #3983, .T. ) ;
#6201 = VECTOR ( 'NONE', #1856, 1000.000000000000000 ) ;
#6202 = CARTESIAN_POINT ( 'NONE',  ( -1.674796664989347380E-13, 17.69999999999962270, 80.00000000000000000 ) ) ;
#6203 = PLANE ( 'NONE',  #4565 ) ;
#6204 = CARTESIAN_POINT ( 'NONE',  ( 0.000000000000000000, 0.2899999999999999800, 1.449999999999999956 ) ) ;
#6205 = EDGE_CURVE ( 'NONE', #3640, #5986, #1166, .T. ) ;
#6206 = DIRECTION ( 'NONE',  ( -9.581296146679602814E-15, 1.000000000000000000, 0.000000000000000000 ) ) ;
#6207 = FACE_OUTER_BOUND ( 'NONE', #3629, .T. ) ;
#6208 = DIRECTION ( 'NONE',  ( 0.000000000000000000, -1.000000000000000000, 0.000000000000000000 ) ) ;
#6209 = ORIENTED_EDGE ( 'NONE', *, *, #290, .T. ) ;
#6210 = VERTEX_POINT ( 'NONE', #4047 ) ;
#6211 = EDGE_CURVE ( 'NONE', #417, #6690, #5227, .T. ) ;
#6212 = AXIS2_PLACEMENT_3D ( 'NONE', #4612, #1104, #1063 ) ;
#6213 = CARTESIAN_POINT ( 'NONE',  ( 0.000000000000000000, 0.2899999999999998690, 0.5900000000000001910 ) ) ;
#6214 = FACE_OUTER_BOUND ( 'NONE', #5775, .T. ) ;
#6215 = CIRCLE ( 'NONE', #6958, 1.500000000000001332 ) ;
#6216 = EDGE_CURVE ( 'NONE', #4222, #5172, #5079, .T. ) ;
#6217 = DIRECTION ( 'NONE',  ( -0.000000000000000000, 0.000000000000000000, 1.000000000000000000 ) ) ;
#6218 = DIRECTION ( 'NONE',  ( -0.000000000000000000, -0.000000000000000000, -1.000000000000000000 ) ) ;
#6219 = EDGE_LOOP ( 'NONE', ( #2989, #5970, #5014, #2164 ) ) ;
#6220 = VERTEX_POINT ( 'NONE', #5984 ) ;
#6221 = ORIENTED_EDGE ( 'NONE', *, *, #4015, .T. ) ;
#6222 = APPROVAL_PERSON_ORGANIZATION ( #3379, #6699, #1547 ) ;
#6223 = FACE_OUTER_BOUND ( 'NONE', #820, .T. ) ;
#6224 = CARTESIAN_POINT ( 'NONE',  ( -24.46993869760521534, 15.15727940350822323, 80.00000000000000000 ) ) ;
#6225 = ORIENTED_EDGE ( 'NONE', *, *, #6261, .F. ) ;
#6226 = ADVANCED_FACE ( 'NONE', ( #656 ), #7127, .F. ) ;
#6227 = CARTESIAN_POINT ( 'NONE',  ( -27.19999999999953744, 8.999999999999637623, 80.00000000000000000 ) ) ;
#6228 = DIRECTION ( 'NONE',  ( 1.000000000000000000, 1.136160801469574582E-14, -0.000000000000000000 ) ) ;
#6229 = CC_DESIGN_PERSON_AND_ORGANIZATION_ASSIGNMENT ( #7670, #4076, ( #6715 ) ) ;
#6231 = ORIENTED_EDGE ( 'NONE', *, *, #6403, .F. ) ;
#6230 = VERTEX_POINT ( 'NONE', #5298 ) ;
#6232 = APPROVAL_STATUS ( 'not_yet_approved' ) ;
#6233 = PLANE ( 'NONE',  #5890 ) ;
#6234 = CARTESIAN_POINT ( 'NONE',  ( 9.000000000002135181, 1.022544721322827055E-13, 0.000000000000000000 ) ) ;
#6235 = LINE ( 'NONE', #7521, #7684 ) ;
#6236 = AXIS2_PLACEMENT_3D ( 'NONE', #1494, #3871, #2696 ) ;
#6237 = EDGE_LOOP ( 'NONE', ( #5142, #6722, #6915, #5929 ) ) ;
#6238 = DIRECTION ( 'NONE',  ( 1.139875361512226627E-16, -1.757915971925483165E-16, 0.9999999999999998890 ) ) ;
#6239 = EDGE_LOOP ( 'NONE', ( #1318, #4232, #7381, #1697 ) ) ;
#6240 = LINE ( 'NONE', #7459, #4573 ) ;
#6241 = DIRECTION ( 'NONE',  ( -1.000000000000000000, 0.000000000000000000, 0.000000000000000000 ) ) ;
#6242 = EDGE_CURVE ( 'NONE', #969, #1116, #4635, .T. ) ;
#6243 = AXIS2_PLACEMENT_3D ( 'NONE', #7618, #3441, #5827 ) ;
#6244 = CYLINDRICAL_SURFACE ( 'NONE', #3394, 2.500000000000085265 ) ;
#6245 = PERSON ( 'NAUO-PER4', 'UNSPECIFIED', 'UNSPECIFIED', ('UNSPECIFIED'), ('UNSPECIFIED'), ('UNSPECIFIED') ) ;
#6246 = CARTESIAN_POINT ( 'NONE',  ( -27.49999999999947065, 9.499999999999667821, 80.00000000000000000 ) ) ;
#6247 = CARTESIAN_POINT ( 'NONE',  ( -24.46993869760521534, 15.15727940350822323, 80.00000000000000000 ) ) ;
#6248 = AXIS2_PLACEMENT_3D ( 'NONE', #5267, #2923, #3506 ) ;
#6249 = ORIENTED_EDGE ( 'NONE', *, *, #7370, .T. ) ;
#6250 = ORIENTED_EDGE ( 'NONE', *, *, #1610, .F. ) ;
#6251 = EDGE_CURVE ( 'NONE', #5019, #1096, #1667, .T. ) ;
#6252 = DIRECTION ( 'NONE',  ( 9.963444908065059041E-15, -1.000000000000000000, 0.000000000000000000 ) ) ;
#6253 = LINE ( 'NONE', #7340, #3298 ) ;
#6254 = EDGE_CURVE ( 'NONE', #3412, #1688, #2945, .T. ) ;
#6255 = CARTESIAN_POINT ( 'NONE',  ( 25.00000000000010658, 2.500000000000206946, 80.00000000000000000 ) ) ;
#6256 = DIRECTION ( 'NONE',  ( 0.000000000000000000, 0.000000000000000000, 1.000000000000000000 ) ) ;
#6257 = VERTEX_POINT ( 'NONE', #39 ) ;
#6258 = VERTEX_POINT ( 'NONE', #2256 ) ;
#6259 = ORIENTED_EDGE ( 'NONE', *, *, #5034, .F. ) ;
#6260 = DIRECTION ( 'NONE',  ( 0.000000000000000000, 0.000000000000000000, 1.000000000000000000 ) ) ;
#6261 = EDGE_CURVE ( 'NONE', #2822, #7337, #2399, .T. ) ;
#6262 = CARTESIAN_POINT ( 'NONE',  ( -26.93333333333264790, 5.499999999999665157, 80.00000000000000000 ) ) ;
#6263 = ORIENTED_EDGE ( 'NONE', *, *, #476, .T. ) ;
#6264 = DIRECTION ( 'NONE',  ( -1.000000000000000000, 0.000000000000000000, 0.000000000000000000 ) ) ;
#6265 = CARTESIAN_POINT ( 'NONE',  ( -24.23302076461957100, 0.000000000000000000, 0.000000000000000000 ) ) ;
#6266 = CIRCLE ( 'NONE', #2515, 2.500000000000009326 ) ;
#6268 = VERTEX_POINT ( 'NONE', #4712 ) ;
#6267 = ORIENTED_EDGE ( 'NONE', *, *, #6104, .F. ) ;
#6269 = COORDINATED_UNIVERSAL_TIME_OFFSET ( 8, 0, .AHEAD. ) ;
#6270 = CARTESIAN_POINT ( 'NONE',  ( 27.20000000000019824, 13.00000000000021316, 80.00000000000000000 ) ) ;
#6271 = AXIS2_PLACEMENT_3D ( 'NONE', #1770, #31, #2391 ) ;
#6272 = ADVANCED_FACE ( 'NONE', ( #7164, #1887, #3027, #3730, #690 ), #4828, .T. ) ;
#6273 = DIRECTION ( 'NONE',  ( -0.000000000000000000, 2.803971135738379997E-16, -1.000000000000000000 ) ) ;
#6274 = LINE ( 'NONE', #7488, #1948 ) ;
#6275 = CC_DESIGN_PERSON_AND_ORGANIZATION_ASSIGNMENT ( #1172, #1744, ( #550 ) ) ;
#6276 = ORIENTED_EDGE ( 'NONE', *, *, #2336, .T. ) ;
#6277 = CARTESIAN_POINT ( 'NONE',  ( 15.44535204942046747, 18.33710622225220632, 80.00000000000000000 ) ) ;
#6278 = ORIENTED_EDGE ( 'NONE', *, *, #2023, .F. ) ;
#6279 = ORIENTED_EDGE ( 'NONE', *, *, #3101, .T. ) ;
#6280 = FACE_OUTER_BOUND ( 'NONE', #1936, .T. ) ;
#6281 = FACE_OUTER_BOUND ( 'NONE', #3769, .T. ) ;
#6282 = APPROVAL ( #4568, 'UNKNOWN' ) ;
#6283 = EDGE_CURVE ( 'NONE', #841, #3409, #5415, .T. ) ;
#6284 = DIRECTION ( 'NONE',  ( 1.000000000000000000, 0.000000000000000000, 0.000000000000000000 ) ) ;
#6285 = EDGE_CURVE ( 'NONE', #2896, #2129, #4402, .T. ) ;
#6286 = EDGE_LOOP ( 'NONE', ( #4696, #1960, #4619, #145 ) ) ;
#6287 = CARTESIAN_POINT ( 'NONE',  ( -1.674796664988662522E-13, 17.69999999999961204, 0.000000000000000000 ) ) ;
#6288 = CARTESIAN_POINT ( 'NONE',  ( 27.20000000000021956, 12.00000000000027356, 80.00000000000000000 ) ) ;
#6289 = VECTOR ( 'NONE', #5566, 1000.000000000000000 ) ;
#6290 = CARTESIAN_POINT ( 'NONE',  ( -24.02197802197775189, -6.570329670329666527, -0.9999999999999859002 ) ) ;
#6291 = CARTESIAN_POINT ( 'NONE',  ( -9.000000000001865175, 18.46341459489515202, 0.000000000000000000 ) ) ;
#6292 = ORIENTED_EDGE ( 'NONE', *, *, #3605, .F. ) ;
#6293 = EDGE_CURVE ( 'NONE', #282, #417, #5536, .T. ) ;
#6294 = ORIENTED_EDGE ( 'NONE', *, *, #7184, .T. ) ;
#6295 = AXIS2_PLACEMENT_3D ( 'NONE', #4111, #5137, #6964 ) ;
#6296 = DIRECTION ( 'NONE',  ( 1.000000000000000000, 0.000000000000000000, 0.000000000000000000 ) ) ;
#6297 = CARTESIAN_POINT ( 'NONE',  ( 27.07802197802224597, -6.570329670329666527, -1.000000000000006661 ) ) ;
#6298 = DIRECTION ( 'NONE',  ( 9.462128050783611965E-15, -1.000000000000000000, 0.000000000000000000 ) ) ;
#6299 = ORIENTED_EDGE ( 'NONE', *, *, #2224, .F. ) ;
#6300 = CIRCLE ( 'NONE', #5804, 1.500000000000001332 ) ;
#6301 = LINE ( 'NONE', #966, #1792 ) ;
#6302 = VERTEX_POINT ( 'NONE', #4860 ) ;
#6303 = AXIS2_PLACEMENT_3D ( 'NONE', #4342, #4426, #3127 ) ;
#6304 = EDGE_CURVE ( 'NONE', #2330, #4661, #3766, .T. ) ;
#6306 = ORIENTED_EDGE ( 'NONE', *, *, #2682, .F. ) ;
#6305 = ORIENTED_EDGE ( 'NONE', *, *, #2432, .F. ) ;
#6307 = CALENDAR_DATE ( 2020, 16, 10 ) ;
#6308 = AXIS2_PLACEMENT_3D ( 'NONE', #2408, #3509, #6514 ) ;
#6309 = DIRECTION ( 'NONE',  ( -0.000000000000000000, 0.000000000000000000, 1.000000000000000000 ) ) ;
#6310 = DIRECTION ( 'NONE',  ( -9.581296146678135533E-15, 1.000000000000000000, 0.000000000000000000 ) ) ;
#6311 = CYLINDRICAL_SURFACE ( 'NONE', #826, 0.5666666666667742325 ) ;
#6312 = PRODUCT_DEFINITION_SHAPE ( 'NONE', 'NONE',  #7704 ) ;
#6313 = ORIENTED_EDGE ( 'NONE', *, *, #1323, .T. ) ;
#6314 = DIRECTION ( 'NONE',  ( -0.000000000000000000, 0.000000000000000000, 1.000000000000000000 ) ) ;
#6315 = VECTOR ( 'NONE', #1812, 1000.000000000000000 ) ;
#6316 = EDGE_CURVE ( 'NONE', #895, #6904, #6654, .T. ) ;
#6317 = VERTEX_POINT ( 'NONE', #240 ) ;
#6318 = DIRECTION ( 'NONE',  ( 1.000000000000000000, 0.000000000000000000, 0.000000000000000000 ) ) ;
#6319 = CARTESIAN_POINT ( 'NONE',  ( -24.99999999999993960, 2.499999999999682920, 80.00000000000000000 ) ) ;
#6320 = VECTOR ( 'NONE', #2398, 1000.000000000000000 ) ;
#6321 = AXIS2_PLACEMENT_3D ( 'NONE', #5069, #862, #4555 ) ;
#6322 = ADVANCED_FACE ( 'NONE', ( #4990 ), #6108, .T. ) ;
#6323 = CIRCLE ( 'NONE', #7317, 2.500000000000085265 ) ;
#6325 = EDGE_LOOP ( 'NONE', ( #3877, #57, #6402, #6489 ) ) ;
#6324 = EDGE_CURVE ( 'NONE', #6120, #1253, #3685, .T. ) ;
#6326 = SECURITY_CLASSIFICATION_LEVEL ( 'unclassified' ) ;
#6327 = CARTESIAN_POINT ( 'NONE',  ( 1.000000000000000000, 2.112515728007798876E-16, -1.250000000000000000 ) ) ;
#6328 = DIRECTION ( 'NONE',  ( 0.000000000000000000, -1.000000000000000000, -2.803971135738379997E-16 ) ) ;
#6329 = FACE_OUTER_BOUND ( 'NONE', #6953, .T. ) ;
#6330 = LINE ( 'NONE', #5783, #4831 ) ;
#6331 = ORIENTED_EDGE ( 'NONE', *, *, #7152, .F. ) ;
#6332 = VECTOR ( 'NONE', #3837, 1000.000000000000000 ) ;
#6333 = EDGE_LOOP ( 'NONE', ( #3049, #4621, #4354, #4971, #1379, #4519, #3175, #4051 ) ) ;
#6334 = LINE ( 'NONE', #1068, #354 ) ;
#6335 = DIRECTION ( 'NONE',  ( 9.581296146679602814E-15, -1.000000000000000000, 0.000000000000000000 ) ) ;
#6336 = VECTOR ( 'NONE', #2850, 1000.000000000000000 ) ;
#6337 = DIRECTION ( 'NONE',  ( -1.000000000000000000, 0.000000000000000000, 0.000000000000000000 ) ) ;
#6338 = ORIENTED_EDGE ( 'NONE', *, *, #4325, .T. ) ;
#6339 = DIRECTION ( 'NONE',  ( -0.000000000000000000, 0.000000000000000000, 1.000000000000000000 ) ) ;
#6340 = VERTEX_POINT ( 'NONE', #6068 ) ;
#6342 = ORIENTED_EDGE ( 'NONE', *, *, #6316, .F. ) ;
#6341 = VERTEX_POINT ( 'NONE', #5579 ) ;
#6343 = PERSON_AND_ORGANIZATION_ROLE ( 'design_supplier' ) ;
#6344 = DIRECTION ( 'NONE',  ( -1.136160801467550522E-14, 1.000000000000000000, 0.000000000000000000 ) ) ;
#6345 = CARTESIAN_POINT ( 'NONE',  ( -19.00000000000009237, 17.69999999999962981, 80.00000000000000000 ) ) ;
#6346 = CARTESIAN_POINT ( 'NONE',  ( -24.22197802197803540, 7.029670329669723827, -1.500000000000000000 ) ) ;
#6347 = VERTEX_POINT ( 'NONE', #774 ) ;
#6348 = EDGE_CURVE ( 'NONE', #3247, #7552, #2021, .T. ) ;
#6349 = DIRECTION ( 'NONE',  ( -0.000000000000000000, 0.000000000000000000, 1.000000000000000000 ) ) ;
#6350 = VERTEX_POINT ( 'NONE', #6784 ) ;
#6351 = VECTOR ( 'NONE', #2659, 1000.000000000000000 ) ;
#6352 = CARTESIAN_POINT ( 'NONE',  ( -27.19999999999953033, 7.999999999999694467, 80.00000000000000000 ) ) ;
#6353 = DIRECTION ( 'NONE',  ( -1.000000000000000000, 0.000000000000000000, 0.000000000000000000 ) ) ;
#6354 = EDGE_CURVE ( 'NONE', #7068, #841, #79, .T. ) ;
#6355 = ORIENTED_EDGE ( 'NONE', *, *, #1154, .F. ) ;
#6356 = APPROVAL_STATUS ( 'not_yet_approved' ) ;
#6357 = AXIS2_PLACEMENT_3D ( 'NONE', #2310, #997, #2271 ) ;
#6358 = EDGE_CURVE ( 'NONE', #5064, #1883, #1439, .T. ) ;
#6359 = DIRECTION ( 'NONE',  ( -0.000000000000000000, 0.000000000000000000, 1.000000000000000000 ) ) ;
#6360 = DIRECTION ( 'NONE',  ( -0.000000000000000000, -0.000000000000000000, -1.000000000000000000 ) ) ;
#6361 = CC_DESIGN_PERSON_AND_ORGANIZATION_ASSIGNMENT ( #5065, #5145, ( #4797 ) ) ;
#6362 = LINE ( 'NONE', #6439, #6031 ) ;
#6363 = CARTESIAN_POINT ( 'NONE',  ( -9.900000000001812239, -9.485483185214542438E-14, 80.00000000000000000 ) ) ;
#6364 = VERTEX_POINT ( 'NONE', #3192 ) ;
#6365 = VERTEX_POINT ( 'NONE', #2437 ) ;
#6366 = VECTOR ( 'NONE', #88, 1000.000000000000000 ) ;
#6367 = DIRECTION ( 'NONE',  ( -0.000000000000000000, -0.000000000000000000, -1.000000000000000000 ) ) ;
#6368 = PLANE ( 'NONE',  #2364 ) ;
#6369 = DIRECTION ( 'NONE',  ( -0.000000000000000000, -0.000000000000000000, -1.000000000000000000 ) ) ;
#6370 = EDGE_CURVE ( 'NONE', #3041, #4459, #3105, .T. ) ;
#6371 = VERTEX_POINT ( 'NONE', #7203 ) ;
#6372 = DIRECTION ( 'NONE',  ( 1.005396430953922299E-14, -1.000000000000000000, 0.000000000000000000 ) ) ;
#6373 = ORIENTED_EDGE ( 'NONE', *, *, #4922, .T. ) ;
#6375 = EDGE_LOOP ( 'NONE', ( #4082, #5388, #453, #5722 ) ) ;
#6374 = VERTEX_POINT ( 'NONE', #3814 ) ;
#6376 = ADVANCED_FACE ( 'NONE', ( #6021 ), #1274, .T. ) ;
#6377 = CALENDAR_DATE ( 2020, 16, 10 ) ;
#6378 = CARTESIAN_POINT ( 'NONE',  ( -3.900000000002906475, -3.970249590782710876E-14, 0.000000000000000000 ) ) ;
#6379 = LINE ( 'NONE', #2831, #2828 ) ;
#6380 = CARTESIAN_POINT ( 'NONE',  ( 25.57802197802169886, 6.829670329669523809, -1.500000000000000000 ) ) ;
#6381 = DIRECTION ( 'NONE',  ( 1.000000000000000000, 0.000000000000000000, -0.000000000000000000 ) ) ;
#6382 = ORIENTED_EDGE ( 'NONE', *, *, #7279, .F. ) ;
#6383 = CLOSED_SHELL ( 'NONE', ( #1150, #7234, #526, #171, #1492, #4663, #3479, #3725, #7362, #6393, #4260, #1992, #5435, #4762, #449, #4241, #7111, #4793, #7167, #1482, #6541, #6272, #794, #571, #4209, #3358 ) ) ;
#6384 = DIRECTION ( 'NONE',  ( 0.000000000000000000, 0.000000000000000000, -1.000000000000000000 ) ) ;
#6385 = VECTOR ( 'NONE', #7157, 1000.000000000000000 ) ;
#6386 = DIRECTION ( 'NONE',  ( -1.000000000000000000, 0.000000000000000000, 0.000000000000000000 ) ) ;
#6387 = CYLINDRICAL_SURFACE ( 'NONE', #2205, 0.4999999999999449329 ) ;
#6388 = DIRECTION ( 'NONE',  ( -0.000000000000000000, -0.000000000000000000, -1.000000000000000000 ) ) ;
#6389 = EDGE_CURVE ( 'NONE', #5471, #4396, #4323, .T. ) ;
#6390 = AXIS2_PLACEMENT_3D ( 'NONE', #1899, #7638, #4601 ) ;
#6391 = ORIENTED_EDGE ( 'NONE', *, *, #3829, .F. ) ;
#6392 = ORIENTED_EDGE ( 'NONE', *, *, #1734, .F. ) ;
#6393 = ADVANCED_FACE ( 'NONE', ( #1356 ), #7324, .T. ) ;
#6394 = ORIENTED_EDGE ( 'NONE', *, *, #7398, .F. ) ;
#6395 = CALENDAR_DATE ( 2020, 16, 10 ) ;
#6396 = ADVANCED_FACE ( 'NONE', ( #5179 ), #6934, .T. ) ;
#6397 = DIRECTION ( 'NONE',  ( -0.000000000000000000, 0.000000000000000000, 1.000000000000000000 ) ) ;
#6398 = CIRCLE ( 'NONE', #7408, 0.4629171123670255961 ) ;
#6399 = DIRECTION ( 'NONE',  ( -1.000000000000000000, 0.000000000000000000, 0.000000000000000000 ) ) ;
#6400 = LINE ( 'NONE', #5162, #692 ) ;
#6401 = CARTESIAN_POINT ( 'NONE',  ( 0.7500000000000000000, -0.5900000000000000799, 0.2900000000000000910 ) ) ;
#6402 = ORIENTED_EDGE ( 'NONE', *, *, #1630, .F. ) ;
#6403 = EDGE_CURVE ( 'NONE', #4810, #4952, #6235, .T. ) ;
#6404 = VERTEX_POINT ( 'NONE', #5762 ) ;
#6405 = CARTESIAN_POINT ( 'NONE',  ( 24.38302076462079526, 14.92159925438610912, 0.000000000000000000 ) ) ;
#6406 = DIRECTION ( 'NONE',  ( -1.141910841581602195E-14, 1.000000000000000000, 0.000000000000000000 ) ) ;
#6407 = VECTOR ( 'NONE', #6811, 1000.000000000000000 ) ;
#6408 = DIRECTION ( 'NONE',  ( 1.000000000000000000, 1.084202172485920164E-14, 0.000000000000000000 ) ) ;
#6409 = ORIENTED_EDGE ( 'NONE', *, *, #4197, .T. ) ;
#6410 = LINE ( 'NONE', #6486, #3185 ) ;
#6411 = ORIENTED_EDGE ( 'NONE', *, *, #782, .T. ) ;
#6413 = ORIENTED_EDGE ( 'NONE', *, *, #3378, .F. ) ;
#6412 = ORIENTED_EDGE ( 'NONE', *, *, #4977, .F. ) ;
#6414 = EDGE_CURVE ( 'NONE', #6341, #6364, #279, .T. ) ;
#6415 = PERSON_AND_ORGANIZATION ( #2152, #3857 ) ;
#6416 = LINE ( 'NONE', #7671, #7257 ) ;
#6417 = DIRECTION ( 'NONE',  ( -0.000000000000000000, -0.000000000000000000, -1.000000000000000000 ) ) ;
#6418 = DIRECTION ( 'NONE',  ( -1.000000000000000000, -9.581296146678135533E-15, 0.000000000000000000 ) ) ;
#6419 = CYLINDRICAL_SURFACE ( 'NONE', #4379, 0.5666666666667776742 ) ;
#6420 = VERTEX_POINT ( 'NONE', #3382 ) ;
#6421 = AXIS2_PLACEMENT_3D ( 'NONE', #6678, #1339, #3710 ) ;
#6422 = VECTOR ( 'NONE', #334, 1000.000000000000114 ) ;
#6423 = CARTESIAN_POINT ( 'NONE',  ( -27.49999999999968381, 4.499999999999660716, 80.00000000000000000 ) ) ;
#6424 = VECTOR ( 'NONE', #5944, 1000.000000000000000 ) ;
#6425 = CARTESIAN_POINT ( 'NONE',  ( -27.19999999999955165, 9.999999999999692690, 80.00000000000000000 ) ) ;
#6426 = CARTESIAN_POINT ( 'NONE',  ( -27.49999999999966249, 2.499999999999657163, 0.000000000000000000 ) ) ;
#6427 = DIRECTION ( 'NONE',  ( -0.000000000000000000, 0.000000000000000000, 1.000000000000000000 ) ) ;
#6428 = AXIS2_PLACEMENT_3D ( 'NONE', #745, #3826, #4288 ) ;
#6429 = ADVANCED_FACE ( 'NONE', ( #5030 ), #3314, .T. ) ;
#6430 = EDGE_LOOP ( 'NONE', ( #3093, #5479, #483, #2553 ) ) ;
#6431 = ORIENTED_EDGE ( 'NONE', *, *, #6461, .F. ) ;
#6432 = VECTOR ( 'NONE', #2514, 1000.000000000000000 ) ;
#6433 = APPROVAL_ROLE ( '' ) ;
#6434 = CYLINDRICAL_SURFACE ( 'NONE', #35, 0.2999999999999999889 ) ;
#6435 = ORIENTED_EDGE ( 'NONE', *, *, #1646, .F. ) ;
#6436 = DIRECTION ( 'NONE',  ( -0.000000000000000000, 0.000000000000000000, 1.000000000000000000 ) ) ;
#6437 = AXIS2_PLACEMENT_3D ( 'NONE', #3301, #2159, #4540 ) ;
#6438 = AXIS2_PLACEMENT_3D ( 'NONE', #2874, #5845, #5913 ) ;
#6439 = CARTESIAN_POINT ( 'NONE',  ( 25.70000000000037943, 11.70000000000031193, 80.00000000000000000 ) ) ;
#6440 = CARTESIAN_POINT ( 'NONE',  ( 0.000000000000000000, -0.2899999999999998690, 0.000000000000000000 ) ) ;
#6441 = VECTOR ( 'NONE', #3854, 1000.000000000000000 ) ;
#6442 = EDGE_CURVE ( 'NONE', #6404, #358, #6862, .T. ) ;
#6443 = LINE ( 'NONE', #3038, #1642 ) ;
#6444 = EDGE_LOOP ( 'NONE', ( #2017, #2637, #3763, #1117 ) ) ;
#6445 = VECTOR ( 'NONE', #7242, 1000.000000000000000 ) ;
#6446 = DIRECTION ( 'NONE',  ( 1.000000000000000000, 0.000000000000000000, 0.000000000000000000 ) ) ;
#6447 = DIRECTION ( 'NONE',  ( 0.7071067811865482389, 0.000000000000000000, 0.7071067811865469066 ) ) ;
#6448 = CARTESIAN_POINT ( 'NONE',  ( 25.70000000000045048, 4.486057109949584287, 0.000000000000000000 ) ) ;
#6449 = ORIENTED_EDGE ( 'NONE', *, *, #6982, .T. ) ;
#6450 = AXIS2_PLACEMENT_3D ( 'NONE', #6914, #6256, #2699 ) ;
#6451 = DIRECTION ( 'NONE',  ( 1.000000000000000000, 0.000000000000000000, 0.000000000000000000 ) ) ;
#6452 = ORIENTED_EDGE ( 'NONE', *, *, #6304, .T. ) ;
#6454 = ORIENTED_EDGE ( 'NONE', *, *, #6101, .T. ) ;
#6453 = ORIENTED_EDGE ( 'NONE', *, *, #6884, .F. ) ;
#6455 = CALENDAR_DATE ( 2020, 16, 10 ) ;
#6456 = CIRCLE ( 'NONE', #4963, 0.5666666666666042573 ) ;
#6457 = CARTESIAN_POINT ( 'NONE',  ( -24.79999999999973781, 2.699999999999997513, 80.00000000000000000 ) ) ;
#6458 = CARTESIAN_POINT ( 'NONE',  ( 25.70000000000050377, 2.728897773692131771E-13, 80.00000000000000000 ) ) ;
#6459 = DIRECTION ( 'NONE',  ( -0.000000000000000000, 0.000000000000000000, 1.000000000000000000 ) ) ;
#6460 = CARTESIAN_POINT ( 'NONE',  ( 17.00000000000060396, 17.69999999999978257, 0.000000000000000000 ) ) ;
#6461 = EDGE_CURVE ( 'NONE', #7068, #5285, #2680, .T. ) ;
#6462 = EDGE_LOOP ( 'NONE', ( #7072, #7165, #7590, #6787 ) ) ;
#6463 = PRODUCT_DEFINITION ( '未知', '', #4095, #23 ) ;
#6464 = DIRECTION ( 'NONE',  ( -1.000000000000000000, 0.000000000000000000, 0.000000000000000000 ) ) ;
#6465 = VECTOR ( 'NONE', #1369, 1000.000000000000000 ) ;
#6466 = DIRECTION ( 'NONE',  ( 9.462128050783626165E-15, -1.000000000000000000, 0.000000000000000000 ) ) ;
#6467 = CARTESIAN_POINT ( 'NONE',  ( -27.49999999999945999, 12.49999999999967493, 80.00000000000000000 ) ) ;
#6468 = DIRECTION ( 'NONE',  ( -1.103914939257978464E-14, 1.000000000000000000, 0.000000000000000000 ) ) ;
#6469 = CC_DESIGN_APPROVAL ( #4512, ( #1721 ) ) ;
#6470 = AXIS2_PLACEMENT_3D ( 'NONE', #2735, #7061, #4018 ) ;
#6471 = VERTEX_POINT ( 'NONE', #4444 ) ;
#6472 = CALENDAR_DATE ( 2020, 16, 10 ) ;
#6473 = EDGE_CURVE ( 'NONE', #2975, #7645, #6820, .T. ) ;
#6474 = FACE_OUTER_BOUND ( 'NONE', #7263, .T. ) ;
#6475 = CARTESIAN_POINT ( 'NONE',  ( -26.93333333333265855, 6.499999999999669598, 80.00000000000000000 ) ) ;
#6476 = LINE ( 'NONE', #2370, #81 ) ;
#6477 = PLANE ( 'NONE',  #4967 ) ;
#6478 = FACE_OUTER_BOUND ( 'NONE', #7188, .T. ) ;
#6479 = ORIENTED_EDGE ( 'NONE', *, *, #7495, .T. ) ;
#6480 = ADVANCED_FACE ( 'NONE', ( #7451 ), #352, .T. ) ;
#6481 = DIRECTION ( 'NONE',  ( -0.000000000000000000, -0.000000000000000000, -1.000000000000000000 ) ) ;
#6482 = LINE ( 'NONE', #4841, #3612 ) ;
#6483 = EDGE_CURVE ( 'NONE', #2129, #7699, #6274, .T. ) ;
#6484 = CARTESIAN_POINT ( 'NONE',  ( -23.55258382925077143, 3.030329925643868272, 80.00000000000000000 ) ) ;
#6485 = ORIENTED_EDGE ( 'NONE', *, *, #6283, .T. ) ;
#6486 = CARTESIAN_POINT ( 'NONE',  ( 11.90000000000178204, 1.140174241454868901E-13, 80.00000000000000000 ) ) ;
#6487 = ORIENTED_EDGE ( 'NONE', *, *, #6685, .F. ) ;
#6489 = ORIENTED_EDGE ( 'NONE', *, *, #3150, .T. ) ;
#6488 = ORIENTED_EDGE ( 'NONE', *, *, #5848, .F. ) ;
#6490 = AXIS2_PLACEMENT_3D ( 'NONE', #4168, #3578, #662 ) ;
#6491 = EDGE_CURVE ( 'NONE', #3961, #2975, #7308, .T. ) ;
#6492 = PERSON_AND_ORGANIZATION_ROLE ( 'creator' ) ;
#6493 = CARTESIAN_POINT ( 'NONE',  ( 0.000000000000000000, 0.000000000000000000, -2.200000000000000178 ) ) ;
#6494 = CARTESIAN_POINT ( 'NONE',  ( 22.92226674140371401, 2.780329925644605016, 80.00000000000000000 ) ) ;
#6495 = CARTESIAN_POINT ( 'NONE',  ( 0.000000000000000000, 0.000000000000000000, -1.500000000000000000 ) ) ;
#6496 = DIRECTION ( 'NONE',  ( 1.000000000000000000, 0.000000000000000000, 0.000000000000000000 ) ) ;
#6497 = VERTEX_POINT ( 'NONE', #1619 ) ;
#6498 = AXIS2_PLACEMENT_3D ( 'NONE', #7023, #1672, #5708 ) ;
#6499 = VECTOR ( 'NONE', #4056, 1000.000000000000000 ) ;
#6500 = DIRECTION ( 'NONE',  ( 1.103914939257867076E-14, -1.000000000000000000, 0.000000000000000000 ) ) ;
#6501 = ADVANCED_FACE ( 'NONE', ( #4001 ), #5656, .T. ) ;
#6502 = DIRECTION ( 'NONE',  ( 1.000000000000000000, 0.000000000000000000, 0.000000000000000000 ) ) ;
#6503 = APPROVAL ( #6053, 'UNKNOWN' ) ;
#6504 = DIRECTION ( 'NONE',  ( 0.000000000000000000, 1.000000000000000000, -0.000000000000000000 ) ) ;
#6505 = CARTESIAN_POINT ( 'NONE',  ( -24.13654285052883353, 14.31394289005013754, 0.000000000000000000 ) ) ;
#6506 = AXIS2_PLACEMENT_3D ( 'NONE', #210, #6081, #5003 ) ;
#6507 = ORIENTED_EDGE ( 'NONE', *, *, #5114, .F. ) ;
#6508 = COORDINATED_UNIVERSAL_TIME_OFFSET ( 8, 0, .AHEAD. ) ;
#6509 = EDGE_CURVE ( 'NONE', #5634, #5471, #7409, .T. ) ;
#6510 = VECTOR ( 'NONE', #2368, 1000.000000000000000 ) ;
#6511 = CARTESIAN_POINT ( 'NONE',  ( -26.93333333333264790, 5.499999999999665157, 0.000000000000000000 ) ) ;
#6512 = APPROVAL_PERSON_ORGANIZATION ( #3715, #7428, #4265 ) ;
#6513 = DIRECTION ( 'NONE',  ( -0.000000000000000000, 0.000000000000000000, 1.000000000000000000 ) ) ;
#6514 = DIRECTION ( 'NONE',  ( -1.000000000000000000, 0.000000000000000000, 0.000000000000000000 ) ) ;
#6515 = DIRECTION ( 'NONE',  ( -9.581296146679602814E-15, 1.000000000000000000, 0.000000000000000000 ) ) ;
#6516 = DIRECTION ( 'NONE',  ( 1.000000000000000000, 0.000000000000000000, 0.000000000000000000 ) ) ;
#6517 = AXIS2_PLACEMENT_3D ( 'NONE', #1585, #973, #3346 ) ;
#6518 = ORIENTED_EDGE ( 'NONE', *, *, #3211, .T. ) ;
#6519 = AXIS2_PLACEMENT_3D ( 'NONE', #5474, #6633, #2415 ) ;
#6520 = DIRECTION ( 'NONE',  ( 1.000000000000000000, 0.000000000000000000, 0.000000000000000000 ) ) ;
#6521 = CARTESIAN_POINT ( 'NONE',  ( 0.000000000000000000, -0.2899999999999999800, -1.449999999999999956 ) ) ;
#6522 = ORIENTED_EDGE ( 'NONE', *, *, #718, .F. ) ;
#6523 = ADVANCED_FACE ( 'NONE', ( #3929 ), #6311, .T. ) ;
#6524 = DIRECTION ( 'NONE',  ( -0.000000000000000000, 0.000000000000000000, 1.000000000000000000 ) ) ;
#6525 = ORIENTED_EDGE ( 'NONE', *, *, #6125, .T. ) ;
#6527 = ORIENTED_EDGE ( 'NONE', *, *, #5404, .T. ) ;
#6526 = EDGE_LOOP ( 'NONE', ( #2707, #3248 ) ) ;
#6528 = PERSON_AND_ORGANIZATION_ROLE ( 'design_supplier' ) ;
#6529 = FACE_OUTER_BOUND ( 'NONE', #3743, .T. ) ;
#6530 = PLANE ( 'NONE',  #1094 ) ;
#6531 = CYLINDRICAL_SURFACE ( 'NONE', #3933, 0.4629171123666196985 ) ;
#6532 = LINE ( 'NONE', #2982, #2518 ) ;
#6533 = EDGE_LOOP ( 'NONE', ( #6975, #4303, #5748, #6595 ) ) ;
#6534 = VERTEX_POINT ( 'NONE', #4518 ) ;
#6535 = EDGE_CURVE ( 'NONE', #4428, #2094, #939, .T. ) ;
#6536 = VECTOR ( 'NONE', #6603, 1000.000000000000000 ) ;
#6537 = CARTESIAN_POINT ( 'NONE',  ( -9.000000000001655565, -1.022544721320983645E-13, 80.00000000000000000 ) ) ;
#6538 = FACE_OUTER_BOUND ( 'NONE', #7039, .T. ) ;
#6539 = DIRECTION ( 'NONE',  ( 1.000000000000000000, -0.000000000000000000, -0.000000000000000000 ) ) ;
#6540 = CIRCLE ( 'NONE', #5182, 0.5666666666666909657 ) ;
#6541 = ADVANCED_FACE ( 'NONE', ( #5148, #6897, #1551, #2173, #391 ), #7596, .F. ) ;
#6542 = VECTOR ( 'NONE', #2427, 1000.000000000000000 ) ;
#6543 = AXIS2_PLACEMENT_3D ( 'NONE', #3254, #6173, #3171 ) ;
#6544 = VERTEX_POINT ( 'NONE', #4156 ) ;
#6545 = APPROVAL_DATE_TIME ( #2366, #3504 ) ;
#6546 = AXIS2_PLACEMENT_3D ( 'NONE', #7284, #741, #123 ) ;
#6547 = CARTESIAN_POINT ( 'NONE',  ( -9.000000000001655565, -1.022544721320983645E-13, 80.00000000000000000 ) ) ;
#6548 = FACE_OUTER_BOUND ( 'NONE', #6572, .T. ) ;
#6549 = EDGE_CURVE ( 'NONE', #1854, #635, #7548, .T. ) ;
#6550 = CARTESIAN_POINT ( 'NONE',  ( -23.55258382925076788, 2.780329925643896249, 80.00000000000000000 ) ) ;
#6551 = CARTESIAN_POINT ( 'NONE',  ( -17.90000000000048530, -1.715052010255695368E-13, 0.000000000000000000 ) ) ;
#6552 = DIRECTION ( 'NONE',  ( -1.000000000000000000, -9.985890108384416240E-15, 0.000000000000000000 ) ) ;
#6553 = VECTOR ( 'NONE', #6194, 1000.000000000000000 ) ;
#6554 = ORIENTED_EDGE ( 'NONE', *, *, #290, .F. ) ;
#6555 = FACE_OUTER_BOUND ( 'NONE', #719, .T. ) ;
#6556 = VECTOR ( 'NONE', #7393, 1000.000000000000000 ) ;
#6557 = AXIS2_PLACEMENT_3D ( 'NONE', #5037, #2066, #3898 ) ;
#6558 = CARTESIAN_POINT ( 'NONE',  ( -24.48302076461965271, 3.909141912406398411, 0.000000000000000000 ) ) ;
#6559 = ORIENTED_EDGE ( 'NONE', *, *, #6414, .F. ) ;
#6560 = AXIS2_PLACEMENT_3D ( 'NONE', #773, #3146, #2558 ) ;
#6561 = DIRECTION ( 'NONE',  ( 1.136160801467550522E-14, -1.000000000000000000, 0.000000000000000000 ) ) ;
#6562 = ORIENTED_EDGE ( 'NONE', *, *, #3150, .F. ) ;
#6564 = ORIENTED_EDGE ( 'NONE', *, *, #5348, .F. ) ;
#6563 = VERTEX_POINT ( 'NONE', #7006 ) ;
#6565 = AXIS2_PLACEMENT_3D ( 'NONE', #4727, #7283, #1940 ) ;
#6566 = CALENDAR_DATE ( 2020, 16, 10 ) ;
#6567 = DIRECTION ( 'NONE',  ( 0.000000000000000000, 0.000000000000000000, -1.000000000000000000 ) ) ;
#6568 = ADVANCED_FACE ( 'NONE', ( #4779 ), #2907, .F. ) ;
#6569 = LINE ( 'NONE', #7155, #4291 ) ;
#6570 = DIRECTION ( 'NONE',  ( 1.000000000000000000, 0.000000000000000000, 0.000000000000000000 ) ) ;
#6571 = CARTESIAN_POINT ( 'NONE',  ( -27.50000000000002842, 16.29999999999947491, 80.00000000000000000 ) ) ;
#6572 = EDGE_LOOP ( 'NONE', ( #1184, #3631, #2350, #3807 ) ) ;
#6573 = ORIENTED_EDGE ( 'NONE', *, *, #371, .T. ) ;
#6574 = VECTOR ( 'NONE', #6719, 1000.000000000000000 ) ;
#6575 = CARTESIAN_POINT ( 'NONE',  ( 0.000000000000000000, 1.449999999999999956, -0.2899999999999999800 ) ) ;
#6576 = ADVANCED_FACE ( 'NONE', ( #2832 ), #7044, .T. ) ;
#6577 = DIRECTION ( 'NONE',  ( 1.061827927506735726E-14, -1.000000000000000000, 0.000000000000000000 ) ) ;
#6578 = CARTESIAN_POINT ( 'NONE',  ( -22.52197802197775189, 6.829670329669523809, -0.9999999999999859002 ) ) ;
#6579 = ORIENTED_EDGE ( 'NONE', *, *, #5826, .F. ) ;
#6580 = EDGE_CURVE ( 'NONE', #3774, #4661, #3564, .T. ) ;
#6581 = ORIENTED_EDGE ( 'NONE', *, *, #3819, .T. ) ;
#6582 = AXIS2_PLACEMENT_3D ( 'NONE', #3727, #6146, #192 ) ;
#6583 = EDGE_CURVE ( 'NONE', #2490, #3709, #3055, .T. ) ;
#6584 = DIRECTION ( 'NONE',  ( -0.000000000000000000, -0.000000000000000000, -1.000000000000000000 ) ) ;
#6585 = CARTESIAN_POINT ( 'NONE',  ( 7.900000000002045830, 18.42421244450417817, 80.00000000000000000 ) ) ;
#6586 = CARTESIAN_POINT ( 'NONE',  ( -15.00000000000053113, 17.69999999999967244, 0.000000000000000000 ) ) ;
#6587 = DIRECTION ( 'NONE',  ( -0.000000000000000000, 0.000000000000000000, 1.000000000000000000 ) ) ;
#6588 = DIRECTION ( 'NONE',  ( 0.000000000000000000, 0.000000000000000000, 1.000000000000000000 ) ) ;
#6589 = EDGE_LOOP ( 'NONE', ( #385, #4420, #5841, #669 ) ) ;
#6590 = ADVANCED_FACE ( 'NONE', ( #2284, #4039 ), #460, .F. ) ;
#6591 = VECTOR ( 'NONE', #4423, 1000.000000000000000 ) ;
#6592 = CC_DESIGN_DATE_AND_TIME_ASSIGNMENT ( #1120, #495, ( #1 ) ) ;
#6593 = CARTESIAN_POINT ( 'NONE',  ( 0.7500000000000000000, -0.2899999999999999800, 0.2899999999999999800 ) ) ;
#6594 = CARTESIAN_POINT ( 'NONE',  ( -27.19999999999958007, 11.99999999999969447, 80.00000000000000000 ) ) ;
#6595 = ORIENTED_EDGE ( 'NONE', *, *, #1715, .T. ) ;
#6596 = CARTESIAN_POINT ( 'NONE',  ( -7.000000000002088107, 18.46341459489294579, 80.00000000000000000 ) ) ;
#6597 = EDGE_LOOP ( 'NONE', ( #6689, #7571, #7076, #3369 ) ) ;
#6599 = ORIENTED_EDGE ( 'NONE', *, *, #58, .F. ) ;
#6598 = VERTEX_POINT ( 'NONE', #4627 ) ;
#6600 = SHAPE_DEFINITION_REPRESENTATION ( #4504, #4235 ) ;
#6601 = CARTESIAN_POINT ( 'NONE',  ( -24.22197802197803540, 9.529670329669892581, -1.500000000000000000 ) ) ;
#6602 = CIRCLE ( 'NONE', #4998, 0.5666666666667361518 ) ;
#6603 = DIRECTION ( 'NONE',  ( 0.000000000000000000, 0.000000000000000000, 1.000000000000000000 ) ) ;
#6604 = CARTESIAN_POINT ( 'NONE',  ( 25.57802197802169886, 6.829670329669523809, -1.000000000000006661 ) ) ;
#6605 = PLANE ( 'NONE',  #412 ) ;
#6606 = ORIENTED_EDGE ( 'NONE', *, *, #6073, .T. ) ;
#6607 = ORIENTED_EDGE ( 'NONE', *, *, #1855, .T. ) ;
#6608 = PERSON ( 'NAUO-PER6', 'UNSPECIFIED', 'UNSPECIFIED', ('UNSPECIFIED'), ('UNSPECIFIED'), ('UNSPECIFIED') ) ;
#6609 = EDGE_CURVE ( 'NONE', #5012, #5899, #5218, .T. ) ;
#6610 = PERSON_AND_ORGANIZATION ( #2152, #3857 ) ;
#6611 = CARTESIAN_POINT ( 'NONE',  ( 0.7500000000000000000, 0.2899999999999999800, 0.2899999999999999800 ) ) ;
#6612 = DIRECTION ( 'NONE',  ( -0.000000000000000000, -0.000000000000000000, -1.000000000000000000 ) ) ;
#6613 = DIRECTION ( 'NONE',  ( 1.061827927506645323E-14, -1.000000000000000000, 0.000000000000000000 ) ) ;
#6614 = AXIS2_PLACEMENT_3D ( 'NONE', #6673, #4422, #4964 ) ;
#6615 = ORIENTED_EDGE ( 'NONE', *, *, #5949, .F. ) ;
#6616 = ADVANCED_FACE ( 'NONE', ( #1044 ), #6531, .T. ) ;
#6617 = ORIENTED_EDGE ( 'NONE', *, *, #4917, .T. ) ;
#6618 = EDGE_CURVE ( 'NONE', #6955, #5096, #2070, .T. ) ;
#6619 = CARTESIAN_POINT ( 'NONE',  ( -22.52197802197775189, -6.570329670329666527, -1.500000000000000000 ) ) ;
#6620 = CARTESIAN_POINT ( 'NONE',  ( -27.19999999999956586, 10.99999999999964473, 80.00000000000000000 ) ) ;
#6621 = CARTESIAN_POINT ( 'NONE',  ( 13.00000000000125056, 1.477009041910588857E-13, 80.00000000000000000 ) ) ;
#6622 = CARTESIAN_POINT ( 'NONE',  ( -1.674796664989363031E-13, 17.69999999999981455, 80.00000000000000000 ) ) ;
#6623 = AXIS2_PLACEMENT_3D ( 'NONE', #1432, #6692, #3141 ) ;
#6624 = EDGE_CURVE ( 'NONE', #3058, #1903, #3493, .T. ) ;
#6625 = DIRECTION ( 'NONE',  ( -0.000000000000000000, 0.000000000000000000, 1.000000000000000000 ) ) ;
#6626 = DIRECTION ( 'NONE',  ( -0.000000000000000000, -0.000000000000000000, -1.000000000000000000 ) ) ;
#6627 = CARTESIAN_POINT ( 'NONE',  ( -25.52197802197775189, -6.570329670329666527, -1.500000000000000000 ) ) ;
#6628 = ORIENTED_EDGE ( 'NONE', *, *, #5531, .F. ) ;
#6629 = VERTEX_POINT ( 'NONE', #612 ) ;
#6630 = EDGE_CURVE ( 'NONE', #3230, #6124, #5301, .T. ) ;
#6631 = VECTOR ( 'NONE', #1468, 1000.000000000000000 ) ;
#6632 = DIRECTION ( 'NONE',  ( -9.089286411740278908E-15, 1.000000000000000000, 0.000000000000000000 ) ) ;
#6633 = DIRECTION ( 'NONE',  ( -0.000000000000000000, 0.000000000000000000, 1.000000000000000000 ) ) ;
#6634 = VERTEX_POINT ( 'NONE', #4120 ) ;
#6635 = VECTOR ( 'NONE', #1627, 1000.000000000000000 ) ;
#6636 = EDGE_CURVE ( 'NONE', #4566, #258, #6300, .T. ) ;
#6637 = FACE_OUTER_BOUND ( 'NONE', #2416, .T. ) ;
#6638 = DIRECTION ( 'NONE',  ( 0.000000000000000000, 0.000000000000000000, 1.000000000000000000 ) ) ;
#6639 = ORIENTED_EDGE ( 'NONE', *, *, #2175, .T. ) ;
#6640 = LOCAL_TIME ( 15, 21, 11.00000000000000000, #4307 ) ;
#6641 = ORIENTED_EDGE ( 'NONE', *, *, #6816, .F. ) ;
#6642 = DATE_AND_TIME ( #5176, #5112 ) ;
#6643 = DIRECTION ( 'NONE',  ( -9.462128050783626165E-15, 1.000000000000000000, 0.000000000000000000 ) ) ;
#6644 = LINE ( 'NONE', #1304, #6536 ) ;
#6645 = DIRECTION ( 'NONE',  ( -0.000000000000000000, -0.000000000000000000, -1.000000000000000000 ) ) ;
#6646 = LINE ( 'NONE', #5524, #4400 ) ;
#6647 = ORIENTED_EDGE ( 'NONE', *, *, #2484, .F. ) ;
#6648 = ORIENTED_EDGE ( 'NONE', *, *, #7557, .F. ) ;
#6649 = CIRCLE ( 'NONE', #1781, 0.5666666666667395935 ) ;
#6650 = ADVANCED_FACE ( 'NONE', ( #3529 ), #5905, .T. ) ;
#6651 = EDGE_CURVE ( 'NONE', #2094, #2739, #2356, .T. ) ;
#6652 = DIRECTION ( 'NONE',  ( 9.462128050787431630E-15, -1.000000000000000000, 0.000000000000000000 ) ) ;
#6653 = CARTESIAN_POINT ( 'NONE',  ( 26.50000000000028777, 11.70000000000032081, 80.00000000000000000 ) ) ;
#6654 = LINE ( 'NONE', #1315, #465 ) ;
#6655 = VERTEX_POINT ( 'NONE', #30 ) ;
#6656 = AXIS2_PLACEMENT_3D ( 'NONE', #1969, #231, #6775 ) ;
#6657 = DIRECTION ( 'NONE',  ( 1.000000000000000000, 1.086630785351871964E-14, -1.444362442573118353E-17 ) ) ;
#6658 = ORIENTED_EDGE ( 'NONE', *, *, #5695, .T. ) ;
#6659 = DIRECTION ( 'NONE',  ( 1.000000000000000000, 0.000000000000000000, 0.000000000000000000 ) ) ;
#6660 = CARTESIAN_POINT ( 'NONE',  ( -24.99999999999993960, 2.499999999999682920, 80.00000000000000000 ) ) ;
#6661 = EDGE_CURVE ( 'NONE', #4993, #1950, #3318, .T. ) ;
#6662 = CARTESIAN_POINT ( 'NONE',  ( 7.900000000002222578, 7.569223955877856364E-14, 80.00000000000000000 ) ) ;
#6663 = AXIS2_PLACEMENT_3D ( 'NONE', #6277, #2757, #3971 ) ;
#6664 = CARTESIAN_POINT ( 'NONE',  ( 0.000000000000000000, 0.000000000000000000, 80.00000000000000000 ) ) ;
#6665 = AXIS2_PLACEMENT_3D ( 'NONE', #2698, #7471, #1458 ) ;
#6666 = CARTESIAN_POINT ( 'NONE',  ( 6.000000000000000000, 0.000000000000000000, -1.250000000000000000 ) ) ;
#6667 = DIRECTION ( 'NONE',  ( -0.000000000000000000, 0.000000000000000000, 1.000000000000000000 ) ) ;
#6668 = PLANE ( 'NONE',  #3514 ) ;
#6669 = VERTEX_POINT ( 'NONE', #3138 ) ;
#6670 = ORIENTED_EDGE ( 'NONE', *, *, #4863, .F. ) ;
#6671 = VECTOR ( 'NONE', #6206, 1000.000000000000000 ) ;
#6672 = EDGE_CURVE ( 'NONE', #5436, #3960, #1385, .T. ) ;
#6673 = CARTESIAN_POINT ( 'NONE',  ( -26.93333333333285751, 4.499999999999445777, 80.00000000000000000 ) ) ;
#6674 = CARTESIAN_POINT ( 'NONE',  ( 27.20000000000023732, 9.000000000000175859, 0.000000000000000000 ) ) ;
#6675 = VERTEX_POINT ( 'NONE', #683 ) ;
#6676 = EDGE_CURVE ( 'NONE', #7150, #3883, #5558, .T. ) ;
#6677 = AXIS2_PLACEMENT_3D ( 'NONE', #7604, #6427, #2988 ) ;
#6678 = CARTESIAN_POINT ( 'NONE',  ( 26.93333333333335489, 11.50000000000023803, 80.00000000000000000 ) ) ;
#6679 = CARTESIAN_POINT ( 'NONE',  ( -1.674796664990036781E-13, 17.69999999999982521, 80.00000000000000000 ) ) ;
#6680 = ORIENTED_EDGE ( 'NONE', *, *, #4863, .T. ) ;
#6681 = ORIENTED_EDGE ( 'NONE', *, *, #6845, .T. ) ;
#6682 = PERSON_AND_ORGANIZATION ( #5699, #6140 ) ;
#6683 = AXIS2_PLACEMENT_3D ( 'NONE', #2067, #2800, #469 ) ;
#6684 = DIRECTION ( 'NONE',  ( -0.000000000000000000, -0.000000000000000000, -1.000000000000000000 ) ) ;
#6685 = EDGE_CURVE ( 'NONE', #6810, #2748, #5522, .T. ) ;
#6686 = DIRECTION ( 'NONE',  ( -0.000000000000000000, 0.000000000000000000, 1.000000000000000000 ) ) ;
#6687 = CARTESIAN_POINT ( 'NONE',  ( 25.57802197802169886, 6.829670329669523809, -1.500000000000000000 ) ) ;
#6688 = CARTESIAN_POINT ( 'NONE',  ( -19.90000000000021174, 17.69999999999961915, 80.00000000000000000 ) ) ;
#6689 = ORIENTED_EDGE ( 'NONE', *, *, #150, .F. ) ;
#6690 = VERTEX_POINT ( 'NONE', #1231 ) ;
#6691 = AXIS2_PLACEMENT_3D ( 'NONE', #764, #646, #2425 ) ;
#6692 = DIRECTION ( 'NONE',  ( -0.000000000000000000, -0.000000000000000000, -1.000000000000000000 ) ) ;
#6693 = ORIENTED_EDGE ( 'NONE', *, *, #2820, .T. ) ;
#6694 = CALENDAR_DATE ( 2020, 16, 10 ) ;
#6695 = CARTESIAN_POINT ( 'NONE',  ( 9.000000000001925571, 18.46341459489378067, 80.00000000000000000 ) ) ;
#6696 = ADVANCED_FACE ( 'NONE', ( #186 ), #5567, .T. ) ;
#6697 = CARTESIAN_POINT ( 'NONE',  ( -1.674796664989363536E-13, 17.69999999999981810, 80.00000000000000000 ) ) ;
#6698 = DIRECTION ( 'NONE',  ( -1.000000000000000000, 0.000000000000000000, 0.000000000000000000 ) ) ;
#6699 = APPROVAL ( #897, '未指定' ) ;
#6700 = VERTEX_POINT ( 'NONE', #5484 ) ;
#6701 = VECTOR ( 'NONE', #941, 1000.000000000000000 ) ;
#6702 = ORIENTED_EDGE ( 'NONE', *, *, #1200, .F. ) ;
#6703 = DIRECTION ( 'NONE',  ( 0.000000000000000000, 0.000000000000000000, -1.000000000000000000 ) ) ;
#6704 = CYLINDRICAL_SURFACE ( 'NONE', #5568, 0.5666666666667812269 ) ;
#6705 = VECTOR ( 'NONE', #703, 1000.000000000000000 ) ;
#6706 = DIRECTION ( 'NONE',  ( -9.581296146678135533E-15, 1.000000000000000000, 0.000000000000000000 ) ) ;
#6707 = CARTESIAN_POINT ( 'NONE',  ( -9.900000000001988099, 18.42421244450410356, 80.00000000000000000 ) ) ;
#6708 = FACE_OUTER_BOUND ( 'NONE', #563, .T. ) ;
#6709 = CARTESIAN_POINT ( 'NONE',  ( 0.7500000000000000000, -0.2899999999999999800, -0.5900000000000001910 ) ) ;
#6710 = LOCAL_TIME ( 15, 21, 11.00000000000000000, #3926 ) ;
#6711 = EDGE_CURVE ( 'NONE', #886, #7667, #5917, .T. ) ;
#6712 = ORIENTED_EDGE ( 'NONE', *, *, #7495, .F. ) ;
#6713 = ORIENTED_EDGE ( 'NONE', *, *, #6711, .T. ) ;
#6714 = DIRECTION ( 'NONE',  ( -0.000000000000000000, 0.000000000000000000, 1.000000000000000000 ) ) ;
#6715 = PRODUCT_DEFINITION_FORMATION_WITH_SPECIFIED_SOURCE ( '任何', '', #762, .NOT_KNOWN. ) ;
#6716 = CARTESIAN_POINT ( 'NONE',  ( -22.52197802197775189, 6.829670329669523809, -1.500000000000000000 ) ) ;
#6717 = ORIENTED_EDGE ( 'NONE', *, *, #155, .T. ) ;
#6718 = CARTESIAN_POINT ( 'NONE',  ( 9.900000000002055600, 17.69999999999970797, 80.00000000000000000 ) ) ;
#6719 = DIRECTION ( 'NONE',  ( -0.000000000000000000, -0.000000000000000000, -1.000000000000000000 ) ) ;
#6720 = ORIENTED_EDGE ( 'NONE', *, *, #6786, .F. ) ;
#6721 = EDGE_CURVE ( 'NONE', #4256, #6634, #5442, .T. ) ;
#6722 = ORIENTED_EDGE ( 'NONE', *, *, #6624, .F. ) ;
#6723 = AXIS2_PLACEMENT_3D ( 'NONE', #6949, #7535, #2847 ) ;
#6724 = EDGE_LOOP ( 'NONE', ( #7187, #6680, #1708, #5024, #2177, #2628, #3503, #6089, #1242, #1762, #4880, #1513, #3670, #2004, #3099, #959 ) ) ;
#6725 = SECURITY_CLASSIFICATION_LEVEL ( 'unclassified' ) ;
#6726 = EDGE_CURVE ( 'NONE', #212, #2862, #6176, .T. ) ;
#6727 = PLANE ( 'NONE',  #4074 ) ;
#6728 = CARTESIAN_POINT ( 'NONE',  ( -7.900000000001987210, 18.42421244450412487, 0.000000000000000000 ) ) ;
#6729 = LINE ( 'NONE', #724, #574 ) ;
#6730 = DIRECTION ( 'NONE',  ( -0.000000000000000000, 0.000000000000000000, 1.000000000000000000 ) ) ;
#6731 = ORIENTED_EDGE ( 'NONE', *, *, #4656, .F. ) ;
#6732 = FACE_BOUND ( 'NONE', #6724, .T. ) ;
#6733 = PLANE ( 'NONE',  #4263 ) ;
#6734 = EDGE_CURVE ( 'NONE', #6966, #3140, #7674, .T. ) ;
#6736 = ORIENTED_EDGE ( 'NONE', *, *, #4966, .T. ) ;
#6735 = ORIENTED_EDGE ( 'NONE', *, *, #7022, .F. ) ;
#6737 = AXIS2_PLACEMENT_3D ( 'NONE', #3916, #523, #5278 ) ;
#6738 = APPROVAL_DATE_TIME ( #1974, #3229 ) ;
#6739 = PLANE ( 'NONE',  #661 ) ;
#6740 = LINE ( 'NONE', #3191, #2574 ) ;
#6741 = DIRECTION ( 'NONE',  ( 1.000000000000000000, 1.005396430953922456E-14, -0.000000000000000000 ) ) ;
#6742 = VERTEX_POINT ( 'NONE', #1305 ) ;
#6743 = CARTESIAN_POINT ( 'NONE',  ( 11.19718026032587233, -51.15890285748366040, 50.39293988232976318 ) ) ;
#6744 = ADVANCED_FACE ( 'NONE', ( #1267 ), #2469, .F. ) ;
#6745 = EDGE_LOOP ( 'NONE', ( #2341, #7205, #4131, #2937 ) ) ;
#6746 = VECTOR ( 'NONE', #4668, 1000.000000000000000 ) ;
#6747 = CARTESIAN_POINT ( 'NONE',  ( -26.93333333333268698, 9.499999999999667821, 0.000000000000000000 ) ) ;
#6748 = DIRECTION ( 'NONE',  ( 1.000000000000000000, 0.000000000000000000, 0.000000000000000000 ) ) ;
#6749 = CARTESIAN_POINT ( 'NONE',  ( 11.90000000000178204, 1.140174241454868901E-13, 80.00000000000000000 ) ) ;
#6750 = AXIS2_PLACEMENT_3D ( 'NONE', #1908, #293, #6839 ) ;
#6751 = CARTESIAN_POINT ( 'NONE',  ( -13.90000000000092761, -1.331800164388553790E-13, 0.000000000000000000 ) ) ;
#6752 = CARTESIAN_POINT ( 'NONE',  ( -3.449999999964178610, 18.79999999999945004, 80.00000000000000000 ) ) ;
#6753 = DIRECTION ( 'NONE',  ( -0.000000000000000000, -0.000000000000000000, -1.000000000000000000 ) ) ;
#6754 = CC_DESIGN_DATE_AND_TIME_ASSIGNMENT ( #5956, #2332, ( #5276 ) ) ;
#6756 = ORIENTED_EDGE ( 'NONE', *, *, #158, .F. ) ;
#6755 = EDGE_CURVE ( 'NONE', #3709, #5408, #6136, .T. ) ;
#6757 = ORIENTED_EDGE ( 'NONE', *, *, #394, .F. ) ;
#6758 = DIRECTION ( 'NONE',  ( -0.000000000000000000, 0.000000000000000000, 1.000000000000000000 ) ) ;
#6759 = VECTOR ( 'NONE', #4061, 1000.000000000000000 ) ;
#6760 = DIRECTION ( 'NONE',  ( -0.000000000000000000, -0.000000000000000000, -1.000000000000000000 ) ) ;
#6761 = VERTEX_POINT ( 'NONE', #648 ) ;
#6762 = CARTESIAN_POINT ( 'NONE',  ( 0.000000000000000000, 0.2899999999999999800, -1.449999999999999956 ) ) ;
#6763 = CARTESIAN_POINT ( 'NONE',  ( -24.02197802197775189, -6.570329670329666527, 0.000000000000000000 ) ) ;
#6764 = ORIENTED_EDGE ( 'NONE', *, *, #1705, .F. ) ;
#6765 = AXIS2_PLACEMENT_3D ( 'NONE', #4157, #5978, #2429 ) ;
#6766 = ORIENTED_EDGE ( 'NONE', *, *, #4397, .T. ) ;
#6767 = AXIS2_PLACEMENT_3D ( 'NONE', #1472, #7358, #855 ) ;
#6768 = CARTESIAN_POINT ( 'NONE',  ( 0.7499999999999996669, 0.2899999999999999800, -1.016987298107779658 ) ) ;
#6769 = CARTESIAN_POINT ( 'NONE',  ( -27.49999999999963762, -2.862293735361688792E-13, 80.00000000000000000 ) ) ;
#6770 = CARTESIAN_POINT ( 'NONE',  ( -1.674796664989354953E-13, 17.69999999999981100, 0.000000000000000000 ) ) ;
#6771 = CIRCLE ( 'NONE', #48, 0.2499999999999134859 ) ;
#6772 = DIRECTION ( 'NONE',  ( -0.000000000000000000, 0.000000000000000000, 1.000000000000000000 ) ) ;
#6773 = ORIENTED_EDGE ( 'NONE', *, *, #10, .T. ) ;
#6774 = CC_DESIGN_SECURITY_CLASSIFICATION ( #172, ( #7708 ) ) ;
#6775 = DIRECTION ( 'NONE',  ( 1.000000000000000000, 0.000000000000000000, 0.000000000000000000 ) ) ;
#6776 = CYLINDRICAL_SURFACE ( 'NONE', #6623, 0.4629171123663819998 ) ;
#6778 = EDGE_LOOP ( 'NONE', ( #1560, #4093, #1462, #7271 ) ) ;
#6777 = ORIENTED_EDGE ( 'NONE', *, *, #6358, .T. ) ;
#6779 = VECTOR ( 'NONE', #3890, 999.9999999999998863 ) ;
#6780 = SHAPE_DEFINITION_REPRESENTATION ( #4861, #2602 ) ;
#6781 = DIRECTION ( 'NONE',  ( -0.000000000000000000, -0.000000000000000000, -1.000000000000000000 ) ) ;
#6782 = CARTESIAN_POINT ( 'NONE',  ( 3.445352049416459117, 18.33710622225185460, 80.00000000000000000 ) ) ;
#6783 = AXIS2_PLACEMENT_3D ( 'NONE', #3125, #6760, #3169 ) ;
#6784 = CARTESIAN_POINT ( 'NONE',  ( -27.49999999999945999, 12.49999999999967493, 0.000000000000000000 ) ) ;
#6785 = ORIENTED_EDGE ( 'NONE', *, *, #4469, .T. ) ;
#6786 = EDGE_CURVE ( 'NONE', #5979, #7008, #6729, .T. ) ;
#6787 = ORIENTED_EDGE ( 'NONE', *, *, #1466, .T. ) ;
#6788 = LINE ( 'NONE', #868, #472 ) ;
#6789 = DIRECTION ( 'NONE',  ( -0.000000000000000000, -0.000000000000000000, -1.000000000000000000 ) ) ;
#6790 = EDGE_CURVE ( 'NONE', #1523, #694, #4230, .T. ) ;
#6791 = PLANE ( 'NONE',  #3745 ) ;
#6792 = DIRECTION ( 'NONE',  ( -0.000000000000000000, -0.000000000000000000, -1.000000000000000000 ) ) ;
#6793 = CARTESIAN_POINT ( 'NONE',  ( -5.900000000002200373, 17.69999999999976481, 0.000000000000000000 ) ) ;
#6794 = DIRECTION ( 'NONE',  ( -0.000000000000000000, -0.000000000000000000, -1.000000000000000000 ) ) ;
#6795 = EDGE_LOOP ( 'NONE', ( #3174, #5919, #5860, #3187 ) ) ;
#6796 = ORIENTED_EDGE ( 'NONE', *, *, #1884, .T. ) ;
#6797 = LINE ( 'NONE', #2621, #3752 ) ;
#6798 = CIRCLE ( 'NONE', #5802, 0.5666666666667742325 ) ;
#6799 = LINE ( 'NONE', #1374, #7601 ) ;
#6800 = CC_DESIGN_PERSON_AND_ORGANIZATION_ASSIGNMENT ( #730, #2395, ( #4745 ) ) ;
#6801 = DIRECTION ( 'NONE',  ( 0.000000000000000000, 1.000000000000000000, -0.000000000000000000 ) ) ;
#6802 = CARTESIAN_POINT ( 'NONE',  ( 13.90000000000133973, 1.331800164388389202E-13, 0.000000000000000000 ) ) ;
#6803 = ORIENTED_EDGE ( 'NONE', *, *, #1013, .T. ) ;
#6804 = CIRCLE ( 'NONE', #3431, 0.5666666666667291574 ) ;
#6805 = EDGE_LOOP ( 'NONE', ( #5660, #1360, #2438, #328 ) ) ;
#6806 = VERTEX_POINT ( 'NONE', #4889 ) ;
#6807 = CARTESIAN_POINT ( 'NONE',  ( 9.900000000002055600, 17.69999999999970797, 0.000000000000000000 ) ) ;
#6808 = AXIS2_PLACEMENT_3D ( 'NONE', #2487, #2926, #7691 ) ;
#6809 = CARTESIAN_POINT ( 'NONE',  ( -25.70000000000027995, -2.667505054020660991E-13, 80.00000000000000000 ) ) ;
#6810 = VERTEX_POINT ( 'NONE', #7268 ) ;
#6811 = DIRECTION ( 'NONE',  ( -0.000000000000000000, -0.000000000000000000, -1.000000000000000000 ) ) ;
#6812 = CARTESIAN_POINT ( 'NONE',  ( -27.19999999999958717, 12.99999999999965006, 80.00000000000000000 ) ) ;
#6814 = EDGE_LOOP ( 'NONE', ( #3197, #4809, #321, #1483 ) ) ;
#6813 = EDGE_LOOP ( 'NONE', ( #3734, #375, #798, #1906 ) ) ;
#6815 = AXIS2_PLACEMENT_3D ( 'NONE', #7367, #6741, #5493 ) ;
#6816 = EDGE_CURVE ( 'NONE', #5563, #6534, #6057, .T. ) ;
#6817 = CALENDAR_DATE ( 2020, 16, 10 ) ;
#6818 = LINE ( 'NONE', #2099, #2161 ) ;
#6819 = PLANE ( 'NONE',  #5086 ) ;
#6820 = LINE ( 'NONE', #3892, #970 ) ;
#6821 = ORIENTED_EDGE ( 'NONE', *, *, #5599, .F. ) ;
#6822 = VECTOR ( 'NONE', #6684, 1000.000000000000000 ) ;
#6823 = AXIS2_PLACEMENT_3D ( 'NONE', #3279, #5662, #5077 ) ;
#6824 = VECTOR ( 'NONE', #6861, 999.9999999999998863 ) ;
#6825 = DIRECTION ( 'NONE',  ( 4.324081103207368341E-17, -2.797300805201284831E-16, -1.000000000000000000 ) ) ;
#6826 = EDGE_CURVE ( 'NONE', #6124, #3057, #4559, .T. ) ;
#6827 = ORIENTED_EDGE ( 'NONE', *, *, #1668, .F. ) ;
#6828 = VECTOR ( 'NONE', #6367, 1000.000000000000000 ) ;
#6829 = DIRECTION ( 'NONE',  ( -0.000000000000000000, 0.000000000000000000, 1.000000000000000000 ) ) ;
#6830 = CARTESIAN_POINT ( 'NONE',  ( 24.79999999999990479, 2.700000000000517986, 80.00000000000000000 ) ) ;
#6831 = EDGE_CURVE ( 'NONE', #3709, #2490, #4304, .T. ) ;
#6832 = PLANE ( 'NONE',  #2756 ) ;
#6833 = LINE ( 'NONE', #2110, #5921 ) ;
#6834 = DIRECTION ( 'NONE',  ( 1.000000000000000000, 0.000000000000000000, 0.000000000000000000 ) ) ;
#6835 = EDGE_CURVE ( 'NONE', #1971, #3603, #2592, .T. ) ;
#6836 = ORIENTED_EDGE ( 'NONE', *, *, #3858, .F. ) ;
#6837 = ORIENTED_EDGE ( 'NONE', *, *, #327, .T. ) ;
#6838 = CIRCLE ( 'NONE', #363, 1.250000000000000000 ) ;
#6839 = DIRECTION ( 'NONE',  ( 1.000000000000000000, 0.000000000000000000, 0.000000000000000000 ) ) ;
#6840 = FACE_OUTER_BOUND ( 'NONE', #4175, .T. ) ;
#6841 = CIRCLE ( 'NONE', #4215, 0.4629171123669215127 ) ;
#6842 = CARTESIAN_POINT ( 'NONE',  ( -11.00000000000141576, 17.69999999999971152, 80.00000000000000000 ) ) ;
#6843 = FACE_OUTER_BOUND ( 'NONE', #4376, .T. ) ;
#6844 = ORIENTED_EDGE ( 'NONE', *, *, #2797, .F. ) ;
#6845 = EDGE_CURVE ( 'NONE', #5563, #5408, #330, .T. ) ;
#6846 = VERTEX_POINT ( 'NONE', #6182 ) ;
#6847 = CC_DESIGN_PERSON_AND_ORGANIZATION_ASSIGNMENT ( #3754, #6132, ( #172 ) ) ;
#6848 = ORIENTED_EDGE ( 'NONE', *, *, #6939, .T. ) ;
#6849 = CC_DESIGN_APPROVAL ( #3229, ( #1235 ) ) ;
#6850 = CARTESIAN_POINT ( 'NONE',  ( 27.20000000000024443, 10.00000000000029310, 0.000000000000000000 ) ) ;
#6851 = LINE ( 'NONE', #2706, #4415 ) ;
#6852 = ORIENTED_EDGE ( 'NONE', *, *, #2400, .T. ) ;
#6853 = DIRECTION ( 'NONE',  ( -9.089286411759694353E-15, 1.000000000000000000, 0.000000000000000000 ) ) ;
#6854 = DIRECTION ( 'NONE',  ( 1.000000000000000000, 9.462128050787461607E-15, 0.000000000000000000 ) ) ;
#6856 = EDGE_LOOP ( 'NONE', ( #597, #1622, #7110, #1588 ) ) ;
#6855 = ORIENTED_EDGE ( 'NONE', *, *, #1454, .T. ) ;
#6857 = APPROVAL ( #6356, 'UNKNOWN' ) ;
#6858 = EDGE_CURVE ( 'NONE', #1758, #5864, #1428, .T. ) ;
#6859 = MECHANICAL_CONTEXT ( 'NONE', #7655, 'mechanical' ) ;
#6860 = DIRECTION ( 'NONE',  ( 1.000000000000000000, 0.000000000000000000, 0.000000000000000000 ) ) ;
#6861 = DIRECTION ( 'NONE',  ( -0.7071067811865482389, 8.659560562354941486E-17, 0.7071067811865469066 ) ) ;
#6862 = LINE ( 'NONE', #3968, #3947 ) ;
#6863 = ORIENTED_EDGE ( 'NONE', *, *, #2740, .F. ) ;
#6864 = ADVANCED_FACE ( 'NONE', ( #4390 ), #4043, .T. ) ;
#6865 = DIRECTION ( 'NONE',  ( 1.000000000000000000, 0.000000000000000000, 0.000000000000000000 ) ) ;
#6866 = ORIENTED_EDGE ( 'NONE', *, *, #3571, .T. ) ;
#6867 = DIRECTION ( 'NONE',  ( 1.000000000000000000, 0.000000000000000000, 0.000000000000000000 ) ) ;
#6868 = FACE_OUTER_BOUND ( 'NONE', #4856, .T. ) ;
#6869 = EDGE_CURVE ( 'NONE', #4767, #7150, #6804, .T. ) ;
#6870 = DIRECTION ( 'NONE',  ( 1.000000000000000000, 0.000000000000000000, 0.000000000000000000 ) ) ;
#6871 = VECTOR ( 'NONE', #1897, 1000.000000000000000 ) ;
#6872 = VERTEX_POINT ( 'NONE', #6902 ) ;
#6873 = DATE_AND_TIME ( #4775, #437 ) ;
#6874 = CARTESIAN_POINT ( 'NONE',  ( 13.44535204942090978, 18.33710622225218501, 80.00000000000000000 ) ) ;
#6875 = AXIS2_PLACEMENT_3D ( 'NONE', #1755, #6252, #7254 ) ;
#6876 = DIRECTION ( 'NONE',  ( 1.000000000000000000, 0.000000000000000000, 0.000000000000000000 ) ) ;
#6877 = CYLINDRICAL_SURFACE ( 'NONE', #1199, 1.250000000000000000 ) ;
#6878 = LINE ( 'NONE', #6802, #7327 ) ;
#6879 = EDGE_CURVE ( 'NONE', #1085, #376, #5428, .T. ) ;
#6880 = ORIENTED_EDGE ( 'NONE', *, *, #4180, .T. ) ;
#6881 = EDGE_LOOP ( 'NONE', ( #7506, #3567 ) ) ;
#6882 = FACE_OUTER_BOUND ( 'NONE', #6219, .T. ) ;
#6883 = LINE ( 'NONE', #1540, #6631 ) ;
#6884 = EDGE_CURVE ( 'NONE', #3319, #4396, #3932, .T. ) ;
#6885 = ORIENTED_EDGE ( 'NONE', *, *, #3770, .T. ) ;
#6886 = PLANE ( 'NONE',  #5548 ) ;
#6887 = CIRCLE ( 'NONE', #3278, 1.250000000000000000 ) ;
#6888 = VERTEX_POINT ( 'NONE', #5150 ) ;
#6889 = CIRCLE ( 'NONE', #44, 0.4629171123666682153 ) ;
#6891 = ORIENTED_EDGE ( 'NONE', *, *, #1276, .F. ) ;
#6890 = ORIENTED_EDGE ( 'NONE', *, *, #207, .F. ) ;
#6892 = COORDINATED_UNIVERSAL_TIME_OFFSET ( 8, 0, .AHEAD. ) ;
#6893 = AXIS2_PLACEMENT_3D ( 'NONE', #1859, #1212, #5924 ) ;
#6894 = CARTESIAN_POINT ( 'NONE',  ( 21.50000000000010658, 18.29999999999976268, 80.00000000000000000 ) ) ;
#6895 = AXIS2_PLACEMENT_3D ( 'NONE', #6809, #304, #5099 ) ;
#6896 = DIRECTION ( 'NONE',  ( 1.000000000000000000, -0.000000000000000000, 0.000000000000000000 ) ) ;
#6897 = FACE_BOUND ( 'NONE', #6526, .T. ) ;
#6898 = CC_DESIGN_APPROVAL ( #6282, ( #172 ) ) ;
#6899 = EDGE_CURVE ( 'NONE', #4660, #3774, #1684, .T. ) ;
#6900 = ORIENTED_EDGE ( 'NONE', *, *, #3925, .T. ) ;
#6901 = EDGE_CURVE ( 'NONE', #1018, #877, #950, .T. ) ;
#6902 = CARTESIAN_POINT ( 'NONE',  ( 11.00000000000148326, 18.46341459489377712, 0.000000000000000000 ) ) ;
#6903 = ORIENTED_EDGE ( 'NONE', *, *, #1503, .T. ) ;
#6904 = VERTEX_POINT ( 'NONE', #2836 ) ;
#6905 = DIRECTION ( 'NONE',  ( -1.000000000000000000, 0.000000000000000000, 0.000000000000000000 ) ) ;
#6906 = CYLINDRICAL_SURFACE ( 'NONE', #2318, 1.000000000000042633 ) ;
#6907 = ORIENTED_EDGE ( 'NONE', *, *, #6211, .F. ) ;
#6908 = DATE_AND_TIME ( #6984, #1163 ) ;
#6909 = EDGE_CURVE ( 'NONE', #7179, #2667, #337, .T. ) ;
#6910 = CARTESIAN_POINT ( 'NONE',  ( -9.900000000001988099, 18.42421244450410356, 0.000000000000000000 ) ) ;
#6911 = CYLINDRICAL_SURFACE ( 'NONE', #2614, 0.2499999999999759359 ) ;
#6912 = AXIS2_PLACEMENT_3D ( 'NONE', #2597, #7357, #2126 ) ;
#6913 = PLANE ( 'NONE',  #4306 ) ;
#6914 = CARTESIAN_POINT ( 'NONE',  ( -24.02197802197775189, -6.570329670329666527, -0.9999999999999859002 ) ) ;
#6915 = ORIENTED_EDGE ( 'NONE', *, *, #1050, .F. ) ;
#6916 = EDGE_LOOP ( 'NONE', ( #3648, #3341, #3934, #4217 ) ) ;
#6917 = AXIS2_PLACEMENT_3D ( 'NONE', #564, #1833, #3090 ) ;
#6918 = CARTESIAN_POINT ( 'NONE',  ( 17.00000000000076383, 1.545178689996162785E-13, 80.00000000000000000 ) ) ;
#6919 = DIRECTION ( 'NONE',  ( -1.000000000000000000, 0.000000000000000000, 0.000000000000000000 ) ) ;
#6920 = EDGE_CURVE ( 'NONE', #5725, #1758, #979, .T. ) ;
#6921 = CYLINDRICAL_SURFACE ( 'NONE', #938, 0.5666666666668263019 ) ;
#6922 = ORIENTED_EDGE ( 'NONE', *, *, #5718, .F. ) ;
#6923 = AXIS2_PLACEMENT_3D ( 'NONE', #4934, #4816, #1965 ) ;
#6924 = DIRECTION ( 'NONE',  ( -0.000000000000000000, -0.000000000000000000, -1.000000000000000000 ) ) ;
#6925 = ORIENTED_EDGE ( 'NONE', *, *, #7314, .T. ) ;
#6926 = AXIS2_PLACEMENT_3D ( 'NONE', #3836, #3292, #881 ) ;
#6928 = VERTEX_POINT ( 'NONE', #6977 ) ;
#6927 = VERTEX_POINT ( 'NONE', #3385 ) ;
#6929 = ADVANCED_FACE ( 'NONE', ( #1049 ), #2251, .T. ) ;
#6930 = APPROVAL_ROLE ( '' ) ;
#6931 = AXIS2_PLACEMENT_3D ( 'NONE', #5081, #7462, #6870 ) ;
#6932 = DIRECTION ( 'NONE',  ( -1.000000000000000000, 0.000000000000000000, 0.000000000000000000 ) ) ;
#6933 = CARTESIAN_POINT ( 'NONE',  ( 0.000000000000000000, 1.449999999999999956, -0.2899999999999999800 ) ) ;
#6934 = CYLINDRICAL_SURFACE ( 'NONE', #2568, 0.5666666666667325991 ) ;
#6935 = ORIENTED_EDGE ( 'NONE', *, *, #1558, .F. ) ;
#6936 = CARTESIAN_POINT ( 'NONE',  ( -7.000000000002079226, 17.69999999999975415, 0.000000000000000000 ) ) ;
#6937 = VECTOR ( 'NONE', #7237, 1000.000000000000000 ) ;
#6939 = EDGE_CURVE ( 'NONE', #1299, #45, #6456, .T. ) ;
#6938 = VERTEX_POINT ( 'NONE', #6936 ) ;
#6940 = APPROVAL ( #349, '未指定' ) ;
#6941 = CARTESIAN_POINT ( 'NONE',  ( -1.674796664989363536E-13, 17.69999999999981810, 80.00000000000000000 ) ) ;
#6942 = LINE ( 'NONE', #3975, #216 ) ;
#6943 = VECTOR ( 'NONE', #2255, 1000.000000000000000 ) ;
#6944 = VECTOR ( 'NONE', #5619, 1000.000000000000000 ) ;
#6945 = AXIS2_PLACEMENT_3D ( 'NONE', #2703, #7476, #5717 ) ;
#6946 = EDGE_LOOP ( 'NONE', ( #1152, #4282, #852, #5165 ) ) ;
#6947 = EDGE_CURVE ( 'NONE', #5174, #5239, #3704, .T. ) ;
#6948 = DIRECTION ( 'NONE',  ( 1.000000000000000000, 0.000000000000000000, 0.000000000000000000 ) ) ;
#6949 = CARTESIAN_POINT ( 'NONE',  ( -1.268516541808189125E-13, 11.70000000000003304, 80.00000000000000000 ) ) ;
#6950 = EDGE_CURVE ( 'NONE', #7315, #1116, #5184, .T. ) ;
#6951 = LINE ( 'NONE', #3949, #1935 ) ;
#6952 = LINE ( 'NONE', #7576, #1352 ) ;
#6953 = EDGE_LOOP ( 'NONE', ( #5529, #6453, #3521, #5170 ) ) ;
#6954 = CIRCLE ( 'NONE', #2460, 0.5666666666667361518 ) ;
#6955 = VERTEX_POINT ( 'NONE', #4005 ) ;
#6956 = LINE ( 'NONE', #5240, #2214 ) ;
#6957 = DIRECTION ( 'NONE',  ( 0.000000000000000000, 0.000000000000000000, 1.000000000000000000 ) ) ;
#6958 = AXIS2_PLACEMENT_3D ( 'NONE', #5465, #6667, #1901 ) ;
#6959 = APPLICATION_CONTEXT ( 'configuration controlled 3d designs of mechanical parts and assemblies' ) ;
#6960 = DIRECTION ( 'NONE',  ( -1.000000000000000000, 0.000000000000000000, 0.000000000000000000 ) ) ;
#6961 = ORIENTED_EDGE ( 'NONE', *, *, #6711, .F. ) ;
#6962 = EDGE_CURVE ( 'NONE', #2053, #1576, #1624, .T. ) ;
#6963 = PRODUCT_DEFINITION_SHAPE ( 'NONE', 'NONE',  #7712 ) ;
#6964 = DIRECTION ( 'NONE',  ( -1.000000000000000000, 0.000000000000000000, 0.000000000000000000 ) ) ;
#6965 = VERTEX_POINT ( 'NONE', #6423 ) ;
#6967 = ORIENTED_EDGE ( 'NONE', *, *, #2121, .F. ) ;
#6966 = VERTEX_POINT ( 'NONE', #2720 ) ;
#6968 = DIRECTION ( 'NONE',  ( -1.000000000000000000, -4.790648073340169016E-15, 0.000000000000000000 ) ) ;
#6969 = EDGE_CURVE ( 'NONE', #2479, #5979, #1086, .T. ) ;
#6970 = COORDINATED_UNIVERSAL_TIME_OFFSET ( 8, 0, .AHEAD. ) ;
#6971 = DIRECTION ( 'NONE',  ( -1.000000000000000000, -1.018012715584551900E-14, 0.000000000000000000 ) ) ;
#6972 = CYLINDRICAL_SURFACE ( 'NONE', #4822, 1.500000000000001332 ) ;
#6973 = DIRECTION ( 'NONE',  ( -0.000000000000000000, -0.000000000000000000, -1.000000000000000000 ) ) ;
#6974 = CARTESIAN_POINT ( 'NONE',  ( -26.93333333333264790, 5.499999999999665157, 80.00000000000000000 ) ) ;
#6975 = ORIENTED_EDGE ( 'NONE', *, *, #6549, .T. ) ;
#6976 = EDGE_CURVE ( 'NONE', #5495, #1151, #501, .T. ) ;
#6977 = CARTESIAN_POINT ( 'NONE',  ( -11.90000000000153868, 17.69999999999970086, 80.00000000000000000 ) ) ;
#6978 = AXIS2_PLACEMENT_3D ( 'NONE', #988, #5744, #4755 ) ;
#6979 = DIRECTION ( 'NONE',  ( -1.136160801467550522E-14, 1.000000000000000000, 0.000000000000000000 ) ) ;
#6980 = DIRECTION ( 'NONE',  ( -0.000000000000000000, 0.000000000000000000, 1.000000000000000000 ) ) ;
#6981 = CARTESIAN_POINT ( 'NONE',  ( 0.04999999907795427134, 0.000000000000000000, 0.000000000000000000 ) ) ;
#6982 = EDGE_CURVE ( 'NONE', #2378, #2102, #7490, .T. ) ;
#6983 = EDGE_LOOP ( 'NONE', ( #2942, #2681, #414, #7305 ) ) ;
#6984 = CALENDAR_DATE ( 2020, 16, 10 ) ;
#6985 = VECTOR ( 'NONE', #2052, 1000.000000000000000 ) ;
#6986 = DIRECTION ( 'NONE',  ( -9.581296146678135533E-15, 1.000000000000000000, 0.000000000000000000 ) ) ;
#6987 = DIRECTION ( 'NONE',  ( -0.000000000000000000, -0.000000000000000000, -1.000000000000000000 ) ) ;
#6988 = ADVANCED_BREP_SHAPE_REPRESENTATION ( '', ( #5460, #2222 ), #3094 ) ;
#6989 = EDGE_CURVE ( 'NONE', #3008, #5747, #6838, .T. ) ;
#6990 = FACE_OUTER_BOUND ( 'NONE', #5764, .T. ) ;
#6991 = DIRECTION ( 'NONE',  ( 1.140313919232206758E-14, -1.000000000000000000, 0.000000000000000000 ) ) ;
#6992 = EDGE_LOOP ( 'NONE', ( #6855, #565, #1491, #1615 ) ) ;
#6993 = ORIENTED_EDGE ( 'NONE', *, *, #1020, .T. ) ;
#6994 = CIRCLE ( 'NONE', #7371, 0.9999999999999003020 ) ;
#6995 = DIRECTION ( 'NONE',  ( -9.581296146679602814E-15, 1.000000000000000000, 0.000000000000000000 ) ) ;
#6996 = LINE ( 'NONE', #2743, #1376 ) ;
#6997 = LINE ( 'NONE', #2235, #5535 ) ;
#6998 = EDGE_LOOP ( 'NONE', ( #3208, #2531, #5370, #1544 ) ) ;
#6999 = CARTESIAN_POINT ( 'NONE',  ( -26.93333333333272961, 13.49999999999967137, 80.00000000000000000 ) ) ;
#7000 = ORIENTED_EDGE ( 'NONE', *, *, #2068, .T. ) ;
#7002 = EDGE_LOOP ( 'NONE', ( #7149, #5622, #4318, #5849 ) ) ;
#7001 = VERTEX_POINT ( 'NONE', #1515 ) ;
#7003 = PERSON_AND_ORGANIZATION ( #2152, #3857 ) ;
#7004 = CARTESIAN_POINT ( 'NONE',  ( -15.00000000000032863, -1.704241202197807985E-13, 80.00000000000000000 ) ) ;
#7005 = DIRECTION ( 'NONE',  ( 1.000000000000000000, 1.084202172485623868E-14, 0.000000000000000000 ) ) ;
#7006 = CARTESIAN_POINT ( 'NONE',  ( 3.440704098830584812, 18.79999999999945359, 80.00000000000000000 ) ) ;
#7007 = DIRECTION ( 'NONE',  ( -0.000000000000000000, -0.000000000000000000, -1.000000000000000000 ) ) ;
#7008 = VERTEX_POINT ( 'NONE', #716 ) ;
#7009 = AXIS2_PLACEMENT_3D ( 'NONE', #7028, #2965, #5351 ) ;
#7010 = CARTESIAN_POINT ( 'NONE',  ( 19.00000000000016342, 17.69999999999980389, 80.00000000000000000 ) ) ;
#7011 = VECTOR ( 'NONE', #4473, 1000.000000000000000 ) ;
#7012 = CARTESIAN_POINT ( 'NONE',  ( -24.79999999999973781, 2.699999999999997513, 80.00000000000000000 ) ) ;
#7013 = ADVANCED_FACE ( 'NONE', ( #179 ), #5257, .F. ) ;
#7014 = LINE ( 'NONE', #4787, #4457 ) ;
#7015 = LINE ( 'NONE', #1239, #705 ) ;
#7016 = ADVANCED_FACE ( 'NONE', ( #6127 ), #4882, .T. ) ;
#7017 = CIRCLE ( 'NONE', #3642, 0.2500000000000314193 ) ;
#7018 = APPROVAL_PERSON_ORGANIZATION ( #224, #2689, #3393 ) ;
#7019 = ORIENTED_EDGE ( 'NONE', *, *, #6721, .T. ) ;
#7020 = VERTEX_POINT ( 'NONE', #1914 ) ;
#7021 = DATE_TIME_ROLE ( 'classification_date' ) ;
#7022 = EDGE_CURVE ( 'NONE', #1289, #3602, #2324, .T. ) ;
#7023 = CARTESIAN_POINT ( 'NONE',  ( -1.674796664988684737E-13, 17.69999999999982165, 80.00000000000000000 ) ) ;
#7024 = VECTOR ( 'NONE', #3181, 1000.000000000000000 ) ;
#7025 = LINE ( 'NONE', #5852, #1853 ) ;
#7026 = DIRECTION ( 'NONE',  ( 0.000000000000000000, 0.000000000000000000, -1.000000000000000000 ) ) ;
#7027 = CARTESIAN_POINT ( 'NONE',  ( 0.000000000000000000, 9.529670329669892581, -1.500000000000000000 ) ) ;
#7028 = CARTESIAN_POINT ( 'NONE',  ( -26.93333333333267632, 8.499999999999667821, 0.000000000000000000 ) ) ;
#7029 = ORIENTED_EDGE ( 'NONE', *, *, #5896, .T. ) ;
#7030 = EDGE_CURVE ( 'NONE', #4767, #3996, #5333, .T. ) ;
#7031 = DIRECTION ( 'NONE',  ( 0.000000000000000000, 0.000000000000000000, 1.000000000000000000 ) ) ;
#7032 = PRODUCT_RELATED_PRODUCT_CATEGORY ( 'detail', '', ( #3258 ) ) ;
#7033 = CARTESIAN_POINT ( 'NONE',  ( -23.80853464880189563, 16.19999999999974349, 0.000000000000000000 ) ) ;
#7034 = CIRCLE ( 'NONE', #2178, 0.2999999999999999334 ) ;
#7035 = DIRECTION ( 'NONE',  ( -1.000000000000000000, 0.000000000000000000, 0.000000000000000000 ) ) ;
#7036 = EDGE_LOOP ( 'NONE', ( #365, #1806, #1834, #6200 ) ) ;
#7037 = CARTESIAN_POINT ( 'NONE',  ( 28.27802197802195394, 7.029670329669723827, -1.500000000000000000 ) ) ;
#7038 = ORIENTED_EDGE ( 'NONE', *, *, #2163, .T. ) ;
#7040 = EDGE_LOOP ( 'NONE', ( #1077, #4021, #6681, #2701 ) ) ;
#7039 = EDGE_LOOP ( 'NONE', ( #2203, #3922, #994, #614 ) ) ;
#7041 = APPROVAL_DATE_TIME ( #1616, #2646 ) ;
#7042 = LINE ( 'NONE', #4154, #4410 ) ;
#7043 = DIRECTION ( 'NONE',  ( -1.103914939257978464E-14, 1.000000000000000000, 0.000000000000000000 ) ) ;
#7044 = CYLINDRICAL_SURFACE ( 'NONE', #4681, 0.2500000000002950973 ) ;
#7045 = CARTESIAN_POINT ( 'NONE',  ( -24.23302076461957100, 4.236057109949088684, 0.000000000000000000 ) ) ;
#7046 = ORIENTED_EDGE ( 'NONE', *, *, #622, .T. ) ;
#7047 = CIRCLE ( 'NONE', #3193, 1.500000000000001332 ) ;
#7048 = CARTESIAN_POINT ( 'NONE',  ( -27.49999999999942446, 5.499999999999665157, 80.00000000000000000 ) ) ;
#7049 = ADVANCED_FACE ( 'NONE', ( #4258 ), #3669, .F. ) ;
#7050 = AXIS2_PLACEMENT_3D ( 'NONE', #1590, #6314, #2176 ) ;
#7051 = CARTESIAN_POINT ( 'NONE',  ( 25.70000000000035101, 14.31394289005065978, 80.00000000000000000 ) ) ;
#7052 = LINE ( 'NONE', #4674, #586 ) ;
#7053 = LINE ( 'NONE', #2917, #7299 ) ;
#7054 = CIRCLE ( 'NONE', #6931, 0.4999999999999449329 ) ;
#7055 = EDGE_CURVE ( 'NONE', #7369, #1252, #4671, .T. ) ;
#7056 = EDGE_LOOP ( 'NONE', ( #5667, #2075, #2267, #7185 ) ) ;
#7057 = ORIENTED_EDGE ( 'NONE', *, *, #266, .F. ) ;
#7058 = AXIS2_PLACEMENT_3D ( 'NONE', #1091, #3609, #5914 ) ;
#7059 = EDGE_CURVE ( 'NONE', #5518, #7223, #1873, .T. ) ;
#7060 = CYLINDRICAL_SURFACE ( 'NONE', #5749, 0.5666666666667812269 ) ;
#7061 = DIRECTION ( 'NONE',  ( -0.000000000000000000, 0.000000000000000000, 1.000000000000000000 ) ) ;
#7062 = VECTOR ( 'NONE', #4506, 1000.000000000000000 ) ;
#7063 = ADVANCED_FACE ( 'NONE', ( #5873 ), #1340, .T. ) ;
#7064 = DIRECTION ( 'NONE',  ( 9.462128050783626165E-15, -1.000000000000000000, 0.000000000000000000 ) ) ;
#7065 = LINE ( 'NONE', #6440, #4092 ) ;
#7066 = VECTOR ( 'NONE', #937, 1000.000000000000000 ) ;
#7067 = DIRECTION ( 'NONE',  ( -1.000000000000000000, 0.000000000000000000, 0.000000000000000000 ) ) ;
#7068 = VERTEX_POINT ( 'NONE', #2498 ) ;
#7069 = DIRECTION ( 'NONE',  ( -1.140313919232872399E-14, 1.000000000000000000, 0.000000000000000000 ) ) ;
#7070 = CARTESIAN_POINT ( 'NONE',  ( -26.50000000000006750, 9.499999999999786837, 80.00000000000000000 ) ) ;
#7071 = DIRECTION ( 'NONE',  ( 0.000000000000000000, 0.000000000000000000, 1.000000000000000000 ) ) ;
#7072 = ORIENTED_EDGE ( 'NONE', *, *, #4197, .F. ) ;
#7073 = AXIS2_PLACEMENT_3D ( 'NONE', #4520, #3895, #1662 ) ;
#7074 = EDGE_CURVE ( 'NONE', #567, #4789, #4709, .T. ) ;
#7075 = CYLINDRICAL_SURFACE ( 'NONE', #6295, 0.5666666666667951047 ) ;
#7076 = ORIENTED_EDGE ( 'NONE', *, *, #2131, .T. ) ;
#7078 = ORIENTED_EDGE ( 'NONE', *, *, #1178, .T. ) ;
#7077 = ORIENTED_EDGE ( 'NONE', *, *, #3415, .T. ) ;
#7079 = DATE_AND_TIME ( #4664, #1362 ) ;
#7080 = CIRCLE ( 'NONE', #2285, 0.5666666666667812269 ) ;
#7081 = DIRECTION ( 'NONE',  ( -9.581296146679602814E-15, 1.000000000000000000, 0.000000000000000000 ) ) ;
#7082 = DIRECTION ( 'NONE',  ( 1.000000000000000000, 0.000000000000000000, 0.000000000000000000 ) ) ;
#7083 = DIRECTION ( 'NONE',  ( 1.000000000000000000, 0.000000000000000000, 0.000000000000000000 ) ) ;
#7084 = DIRECTION ( 'NONE',  ( -0.000000000000000000, -0.000000000000000000, -1.000000000000000000 ) ) ;
#7085 = ORIENTED_EDGE ( 'NONE', *, *, #4774, .T. ) ;
#7086 = PERSON ( 'NAUO-PER11', 'UNSPECIFIED', 'UNSPECIFIED', ('UNSPECIFIED'), ('UNSPECIFIED'), ('UNSPECIFIED') ) ;
#7087 = CARTESIAN_POINT ( 'NONE',  ( 24.79999999999990479, 2.700000000000517986, 80.00000000000000000 ) ) ;
#7088 = LOCAL_TIME ( 15, 21, 11.00000000000000000, #6970 ) ;
#7089 = EDGE_CURVE ( 'NONE', #6497, #768, #2098, .T. ) ;
#7090 = DIRECTION ( 'NONE',  ( 0.000000000000000000, 0.000000000000000000, 1.000000000000000000 ) ) ;
#7091 = CARTESIAN_POINT ( 'NONE',  ( -11.00000000000141576, 17.69999999999971152, 0.000000000000000000 ) ) ;
#7092 = CARTESIAN_POINT ( 'NONE',  ( 25.70000000000049667, 2.667505054020683206E-13, 80.00000000000000000 ) ) ;
#7093 = APPROVAL_PERSON_ORGANIZATION ( #4736, #4264, #1190 ) ;
#7094 = EDGE_CURVE ( 'NONE', #6060, #809, #5514, .T. ) ;
#7095 = AXIS2_PLACEMENT_3D ( 'NONE', #3214, #5598, #5553 ) ;
#7096 = VERTEX_POINT ( 'NONE', #2537 ) ;
#7097 = DATE_AND_TIME ( #1709, #3907 ) ;
#7098 = ADVANCED_FACE ( 'NONE', ( #3533 ), #4924, .T. ) ;
#7099 = CARTESIAN_POINT ( 'NONE',  ( -27.49999999999947065, 9.499999999999667821, 80.00000000000000000 ) ) ;
#7100 = CYLINDRICAL_SURFACE ( 'NONE', #6893, 0.4629171123666838694 ) ;
#7101 = LINE ( 'NONE', #4757, #1453 ) ;
#7102 = CARTESIAN_POINT ( 'NONE',  ( -24.13654285052883353, 14.31394289005013754, 80.00000000000000000 ) ) ;
#7103 = DIRECTION ( 'NONE',  ( -9.985890108384416240E-15, 1.000000000000000000, 0.000000000000000000 ) ) ;
#7104 = APPLICATION_CONTEXT ( 'configuration controlled 3d designs of mechanical parts and assemblies' ) ;
#7105 = VECTOR ( 'NONE', #5894, 1000.000000000000000 ) ;
#7106 = EDGE_LOOP ( 'NONE', ( #4556, #1205, #4194, #5085 ) ) ;
#7107 = FACE_OUTER_BOUND ( 'NONE', #2859, .T. ) ;
#7108 = PLANE ( 'NONE',  #6875 ) ;
#7109 = DIRECTION ( 'NONE',  ( 1.000000000000000000, 9.462128050787417430E-15, 0.000000000000000000 ) ) ;
#7110 = ORIENTED_EDGE ( 'NONE', *, *, #301, .T. ) ;
#7111 = ADVANCED_FACE ( 'NONE', ( #7302 ), #2288, .F. ) ;
#7112 = FACE_OUTER_BOUND ( 'NONE', #1915, .T. ) ;
#7113 = ORIENTED_EDGE ( 'NONE', *, *, #6535, .T. ) ;
#7115 = EDGE_LOOP ( 'NONE', ( #843, #2764, #1159, #3731 ) ) ;
#7114 = ORIENTED_EDGE ( 'NONE', *, *, #7588, .F. ) ;
#7116 = AXIS2_PLACEMENT_3D ( 'NONE', #7209, #1858, #4412 ) ;
#7117 = APPROVAL_STATUS ( 'not_yet_approved' ) ;
#7118 = DIRECTION ( 'NONE',  ( -0.000000000000000000, -0.000000000000000000, -1.000000000000000000 ) ) ;
#7119 = EDGE_CURVE ( 'NONE', #2576, #4259, #4343, .T. ) ;
#7120 = DIRECTION ( 'NONE',  ( -1.000000000000000000, 0.000000000000000000, 0.000000000000000000 ) ) ;
#7121 = DIRECTION ( 'NONE',  ( -0.000000000000000000, -0.000000000000000000, -1.000000000000000000 ) ) ;
#7122 = LINE ( 'NONE', #2248, #7497 ) ;
#7123 = ORIENTED_EDGE ( 'NONE', *, *, #728, .F. ) ;
#7124 = AXIS2_PLACEMENT_3D ( 'NONE', #4643, #6397, #6948 ) ;
#7125 = CARTESIAN_POINT ( 'NONE',  ( -19.90000000000021174, 17.69999999999961915, 0.000000000000000000 ) ) ;
#7126 = CARTESIAN_POINT ( 'NONE',  ( 6.000000000000000000, 1.250000000000000000, 0.000000000000000000 ) ) ;
#7127 = PLANE ( 'NONE',  #4066 ) ;
#7128 = EDGE_CURVE ( 'NONE', #500, #3868, #1378, .T. ) ;
#7129 = AXIS2_PLACEMENT_3D ( 'NONE', #7395, #6772, #1386 ) ;
#7130 = AXIS2_PLACEMENT_3D ( 'NONE', #6102, #5527, #6142 ) ;
#7131 = ORIENTED_EDGE ( 'NONE', *, *, #4688, .F. ) ;
#7132 = CALENDAR_DATE ( 2020, 16, 10 ) ;
#7133 = VECTOR ( 'NONE', #5224, 1000.000000000000000 ) ;
#7134 = CARTESIAN_POINT ( 'NONE',  ( 27.07802197802224597, -6.570329670329666527, -1.000000000000006661 ) ) ;
#7135 = LOCAL_TIME ( 15, 21, 11.00000000000000000, #1917 ) ;
#7136 = FACE_OUTER_BOUND ( 'NONE', #5427, .T. ) ;
#7137 = LINE ( 'NONE', #3078, #5697 ) ;
#7138 = CARTESIAN_POINT ( 'NONE',  ( 9.900000000002048495, 18.42421244450419948, 0.000000000000000000 ) ) ;
#7139 = CARTESIAN_POINT ( 'NONE',  ( 15.44535204942046747, 18.33710622225220632, 0.000000000000000000 ) ) ;
#7140 = VECTOR ( 'NONE', #1656, 1000.000000000000000 ) ;
#7141 = EDGE_CURVE ( 'NONE', #4428, #5560, #1481, .T. ) ;
#7142 = ORIENTED_EDGE ( 'NONE', *, *, #6845, .F. ) ;
#7143 = LINE ( 'NONE', #1145, #2745 ) ;
#7144 = CARTESIAN_POINT ( 'NONE',  ( -24.22197802197803540, 7.029670329669723827, 0.000000000000000000 ) ) ;
#7145 = ORIENTED_EDGE ( 'NONE', *, *, #7544, .T. ) ;
#7146 = CARTESIAN_POINT ( 'NONE',  ( 26.93333333333340462, 6.500000000000230926, 80.00000000000000000 ) ) ;
#7147 = EDGE_LOOP ( 'NONE', ( #2755, #995, #4679, #4508, #7348, #602, #4013, #1911, #2036, #4489, #2412, #6005, #4781, #7158, #6355, #6069, #6394, #1805, #4324, #6276, #6712, #4205, #3257, #6454, #5248, #1025, #5794, #3486, #455, #7663, #4606, #1179, #621, #7131, #222, #1949, #7528, #3274, #6036, #4622, #5784, #22, #789, #4770, #5676, #5964, #3991, #5076, #3962, #7523, #4689, #2627, #5244, #905, #1844, #1410, #7473, #5045, #3086, #5616, #2500, #3762, #643, #4731, #894, #7240, #2373, #806, #3375, #2692, #4430, #2287, #6900, #1075, #2626, #112, #3671, #1893, #1836, #236, #1871, #5716, #254, #4347, #2295, #3830, #3575, #7632, #6993, #2213, #2521, #1606, #5939, #6373, #4546, #931, #3517, #1270, #3308, #344, #7550, #3081, #5324, #269, #3333, #1508, #6139, #7197, #5263, #7328, #6837, #3376, #6885, #3795, #5908, #63, #5640 ) ) ;
#7148 = ADVANCED_FACE ( 'NONE', ( #1496 ), #7472, .T. ) ;
#7150 = VERTEX_POINT ( 'NONE', #2625 ) ;
#7149 = ORIENTED_EDGE ( 'NONE', *, *, #1109, .T. ) ;
#7151 = DATE_TIME_ROLE ( 'classification_date' ) ;
#7152 = EDGE_CURVE ( 'NONE', #1883, #7580, #2000, .T. ) ;
#7153 = FACE_OUTER_BOUND ( 'NONE', #1723, .T. ) ;
#7154 = LOCAL_TIME ( 15, 21, 11.00000000000000000, #1227 ) ;
#7155 = CARTESIAN_POINT ( 'NONE',  ( -9.465738444368042882E-15, 18.79999999999945359, 0.000000000000000000 ) ) ;
#7156 = DIRECTION ( 'NONE',  ( 1.000000000000000000, 0.000000000000000000, 0.000000000000000000 ) ) ;
#7157 = DIRECTION ( 'NONE',  ( 1.000000000000000000, 9.462128050791262338E-15, 0.000000000000000000 ) ) ;
#7158 = ORIENTED_EDGE ( 'NONE', *, *, #2109, .F. ) ;
#7159 = ORIENTED_EDGE ( 'NONE', *, *, #2808, .T. ) ;
#7160 = EDGE_CURVE ( 'NONE', #1197, #7294, #5461, .T. ) ;
#7161 = APPLICATION_PROTOCOL_DEFINITION ( 'international standard', 'config_control_design', 1994, #3611 ) ;
#7162 = PLANE ( 'NONE',  #303 ) ;
#7163 = DIRECTION ( 'NONE',  ( -0.000000000000000000, 0.000000000000000000, 1.000000000000000000 ) ) ;
#7164 = FACE_BOUND ( 'NONE', #1135, .T. ) ;
#7165 = ORIENTED_EDGE ( 'NONE', *, *, #5091, .F. ) ;
#7166 = VECTOR ( 'NONE', #3676, 1000.000000000000000 ) ;
#7167 = ADVANCED_FACE ( 'NONE', ( #220 ), #335, .F. ) ;
#7169 = ORIENTED_EDGE ( 'NONE', *, *, #2575, .F. ) ;
#7168 = EDGE_CURVE ( 'NONE', #2102, #1225, #6878, .T. ) ;
#7170 = CONTEXT_DEPENDENT_SHAPE_REPRESENTATION ( #3276, #3799 ) ;
#7171 = CIRCLE ( 'NONE', #2076, 0.5666666666667325991 ) ;
#7172 = LINE ( 'NONE', #2367, #5139 ) ;
#7173 = CARTESIAN_POINT ( 'NONE',  ( 13.90000000000116387, 18.42421244450424211, 80.00000000000000000 ) ) ;
#7174 = DIRECTION ( 'NONE',  ( 1.000000000000000000, 1.090397613471117676E-14, 0.000000000000000000 ) ) ;
#7175 = LINE ( 'NONE', #2371, #4713 ) ;
#7176 = DIRECTION ( 'NONE',  ( -1.000000000000000000, 0.000000000000000000, 0.000000000000000000 ) ) ;
#7177 = VECTOR ( 'NONE', #6539, 1000.000000000000000 ) ;
#7178 = EDGE_CURVE ( 'NONE', #3100, #606, #5215, .T. ) ;
#7179 = VERTEX_POINT ( 'NONE', #2119 ) ;
#7180 = ORIENTED_EDGE ( 'NONE', *, *, #7537, .T. ) ;
#7181 = CARTESIAN_POINT ( 'NONE',  ( -22.52197802197775189, -6.570329670329666527, -1.500000000000000000 ) ) ;
#7182 = VECTOR ( 'NONE', #5403, 1000.000000000000000 ) ;
#7183 = CARTESIAN_POINT ( 'NONE',  ( 25.00000000000013500, 2.618611004132364279E-13, 80.00000000000000000 ) ) ;
#7184 = EDGE_CURVE ( 'NONE', #177, #105, #2737, .T. ) ;
#7185 = ORIENTED_EDGE ( 'NONE', *, *, #1705, .T. ) ;
#7186 = DIRECTION ( 'NONE',  ( -0.000000000000000000, -0.000000000000000000, -1.000000000000000000 ) ) ;
#7187 = ORIENTED_EDGE ( 'NONE', *, *, #1653, .T. ) ;
#7189 = ORIENTED_EDGE ( 'NONE', *, *, #6721, .F. ) ;
#7188 = EDGE_LOOP ( 'NONE', ( #25, #7656, #5570, #2083 ) ) ;
#7190 = VECTOR ( 'NONE', #2218, 1000.000000000000000 ) ;
#7191 = DATE_AND_TIME ( #4931, #424 ) ;
#7192 = CARTESIAN_POINT ( 'NONE',  ( 9.900000000002048495, 18.42421244450419948, 80.00000000000000000 ) ) ;
#7193 = CARTESIAN_POINT ( 'NONE',  ( 0.000000000000000000, 0.2899999999999998690, 0.000000000000000000 ) ) ;
#7194 = CARTESIAN_POINT ( 'NONE',  ( 3.899999999996935252, 18.42421244450413553, 80.00000000000000000 ) ) ;
#7195 = CARTESIAN_POINT ( 'NONE',  ( 27.07802197802169886, 6.829670329669523809, -1.000000000000006661 ) ) ;
#7196 = VERTEX_POINT ( 'NONE', #5051 ) ;
#7197 = ORIENTED_EDGE ( 'NONE', *, *, #1634, .T. ) ;
#7198 = EDGE_CURVE ( 'NONE', #6544, #1275, #297, .T. ) ;
#7199 = CIRCLE ( 'NONE', #5095, 0.5666666666667361518 ) ;
#7200 = DATE_TIME_ROLE ( 'classification_date' ) ;
#7201 = LINE ( 'NONE', #813, #4022 ) ;
#7202 = DIRECTION ( 'NONE',  ( -0.000000000000000000, 0.000000000000000000, -1.000000000000000000 ) ) ;
#7203 = CARTESIAN_POINT ( 'NONE',  ( 0.000000000000000000, -0.2900000000000000355, 0.5900000000000001910 ) ) ;
#7204 = EDGE_CURVE ( 'NONE', #2191, #6806, #6954, .T. ) ;
#7205 = ORIENTED_EDGE ( 'NONE', *, *, #6473, .F. ) ;
#7206 = ORIENTED_EDGE ( 'NONE', *, *, #7208, .T. ) ;
#7207 = AXIS2_PLACEMENT_3D ( 'NONE', #156, #198, #2563 ) ;
#7208 = EDGE_CURVE ( 'NONE', #714, #567, #918, .T. ) ;
#7209 = CARTESIAN_POINT ( 'NONE',  ( -1.674796664989363031E-13, 17.69999999999981455, 80.00000000000000000 ) ) ;
#7210 = DIRECTION ( 'NONE',  ( 1.000000000000000000, 0.000000000000000000, 0.000000000000000000 ) ) ;
#7211 = CARTESIAN_POINT ( 'NONE',  ( -25.00000000000011013, 18.79999999999944293, 0.000000000000000000 ) ) ;
#7212 = CARTESIAN_POINT ( 'NONE',  ( -1.029992063861348488E-13, 9.500000000000053291, 80.00000000000000000 ) ) ;
#7213 = CARTESIAN_POINT ( 'NONE',  ( 17.00000000000059686, 18.46341459489508807, 80.00000000000000000 ) ) ;
#7214 = ORIENTED_EDGE ( 'NONE', *, *, #6125, .F. ) ;
#7215 = ORIENTED_EDGE ( 'NONE', *, *, #2539, .F. ) ;
#7216 = CARTESIAN_POINT ( 'NONE',  ( -21.52197802197776255, 6.829670329669523809, 0.000000000000000000 ) ) ;
#7217 = LINE ( 'NONE', #4254, #431 ) ;
#7218 = EDGE_CURVE ( 'NONE', #6258, #7232, #7504, .T. ) ;
#7219 = VERTEX_POINT ( 'NONE', #4537 ) ;
#7220 = ORIENTED_EDGE ( 'NONE', *, *, #4578, .T. ) ;
#7221 = CARTESIAN_POINT ( 'NONE',  ( -15.90000000000109814, 17.69999999999966178, 80.00000000000000000 ) ) ;
#7222 = DIRECTION ( 'NONE',  ( -5.034967257642723031E-16, 1.000000000000000000, 0.000000000000000000 ) ) ;
#7223 = VERTEX_POINT ( 'NONE', #2082 ) ;
#7224 = ORIENTED_EDGE ( 'NONE', *, *, #1027, .F. ) ;
#7225 = SECURITY_CLASSIFICATION_LEVEL ( 'unclassified' ) ;
#7226 = DIRECTION ( 'NONE',  ( -1.000000000000000000, 0.000000000000000000, 0.000000000000000000 ) ) ;
#7227 = VECTOR ( 'NONE', #5999, 1000.000000000000000 ) ;
#7228 = LINE ( 'NONE', #1964, #3659 ) ;
#7229 = DIRECTION ( 'NONE',  ( -0.000000000000000000, 0.000000000000000000, 1.000000000000000000 ) ) ;
#7230 = DIRECTION ( 'NONE',  ( -0.000000000000000000, -0.000000000000000000, -1.000000000000000000 ) ) ;
#7231 = ORIENTED_EDGE ( 'NONE', *, *, #2990, .F. ) ;
#7232 = VERTEX_POINT ( 'NONE', #4466 ) ;
#7233 = VECTOR ( 'NONE', #161, 1000.000000000000000 ) ;
#7234 = ADVANCED_FACE ( 'NONE', ( #6843 ), #6070, .F. ) ;
#7235 = DIRECTION ( 'NONE',  ( -0.000000000000000000, -0.000000000000000000, -1.000000000000000000 ) ) ;
#7236 = DIRECTION ( 'NONE',  ( 1.136160801465180469E-14, -1.000000000000000000, 0.000000000000000000 ) ) ;
#7237 = DIRECTION ( 'NONE',  ( 0.000000000000000000, 0.000000000000000000, 1.000000000000000000 ) ) ;
#7238 = AXIS2_PLACEMENT_3D ( 'NONE', #1335, #6085, #752 ) ;
#7239 = ORIENTED_EDGE ( 'NONE', *, *, #2808, .F. ) ;
#7240 = ORIENTED_EDGE ( 'NONE', *, *, #4499, .T. ) ;
#7241 = EDGE_CURVE ( 'NONE', #3883, #1688, #5093, .T. ) ;
#7242 = DIRECTION ( 'NONE',  ( -0.000000000000000000, -0.000000000000000000, -1.000000000000000000 ) ) ;
#7243 = FACE_OUTER_BOUND ( 'NONE', #5378, .T. ) ;
#7244 = LINE ( 'NONE', #3201, #5008 ) ;
#7245 = DIRECTION ( 'NONE',  ( 1.000000000000000000, 9.462128050787461607E-15, 0.000000000000000000 ) ) ;
#7246 = CIRCLE ( 'NONE', #3897, 0.5666666666667014018 ) ;
#7247 = CYLINDRICAL_SURFACE ( 'NONE', #579, 0.5666666666667361518 ) ;
#7248 = DIRECTION ( 'NONE',  ( 0.000000000000000000, 0.000000000000000000, 1.000000000000000000 ) ) ;
#7249 = CARTESIAN_POINT ( 'NONE',  ( -3.445352049422615970, 18.33710622225178355, 80.00000000000000000 ) ) ;
#7250 = EDGE_CURVE ( 'NONE', #4467, #4638, #5603, .T. ) ;
#7251 = VERTEX_POINT ( 'NONE', #6291 ) ;
#7252 = VERTEX_POINT ( 'NONE', #956 ) ;
#7253 = VECTOR ( 'NONE', #7090, 1000.000000000000000 ) ;
#7254 = DIRECTION ( 'NONE',  ( 1.000000000000000000, 9.963444908065059041E-15, 0.000000000000000000 ) ) ;
#7255 = CARTESIAN_POINT ( 'NONE',  ( -27.19999999999956586, 10.99999999999964473, 80.00000000000000000 ) ) ;
#7256 = ORIENTED_EDGE ( 'NONE', *, *, #4719, .F. ) ;
#7257 = VECTOR ( 'NONE', #5216, 1000.000000000000000 ) ;
#7258 = ORIENTED_EDGE ( 'NONE', *, *, #5768, .F. ) ;
#7259 = DIRECTION ( 'NONE',  ( -1.000000000000000000, 0.000000000000000000, 0.000000000000000000 ) ) ;
#7260 = CARTESIAN_POINT ( 'NONE',  ( -24.80352208590858254, 16.09999999999919140, 0.000000000000000000 ) ) ;
#7261 = EDGE_LOOP ( 'NONE', ( #5573, #1387, #4113, #3092 ) ) ;
#7262 = LOCAL_TIME ( 15, 21, 11.00000000000000000, #2589 ) ;
#7263 = EDGE_LOOP ( 'NONE', ( #1611, #5714, #4884, #3549 ) ) ;
#7264 = EDGE_CURVE ( 'NONE', #6257, #6598, #3332, .T. ) ;
#7265 = APPROVAL_STATUS ( 'not_yet_approved' ) ;
#7266 = LINE ( 'NONE', #4777, #6822 ) ;
#7267 = LINE ( 'NONE', #3599, #5909 ) ;
#7268 = CARTESIAN_POINT ( 'NONE',  ( 0.000000000000000000, -1.449999999999999956, -0.2899999999999999800 ) ) ;
#7269 = DIRECTION ( 'NONE',  ( 1.136160801469574582E-14, -1.000000000000000000, 0.000000000000000000 ) ) ;
#7270 = VERTEX_POINT ( 'NONE', #3950 ) ;
#7271 = ORIENTED_EDGE ( 'NONE', *, *, #3261, .T. ) ;
#7272 = CARTESIAN_POINT ( 'NONE',  ( -17.90000000000066294, 18.42421244450401829, 80.00000000000000000 ) ) ;
#7273 = CALENDAR_DATE ( 2020, 16, 10 ) ;
#7274 = CARTESIAN_POINT ( 'NONE',  ( 27.20000000000051799, 14.00000000000009592, 0.000000000000000000 ) ) ;
#7275 = LINE ( 'NONE', #1886, #471 ) ;
#7276 = DIRECTION ( 'NONE',  ( -1.000000000000000000, -9.581296146679602814E-15, 0.000000000000000000 ) ) ;
#7277 = EDGE_LOOP ( 'NONE', ( #2464, #6713, #2044, #5934 ) ) ;
#7278 = VECTOR ( 'NONE', #850, 1000.000000000000000 ) ;
#7279 = EDGE_CURVE ( 'NONE', #6210, #1151, #7199, .T. ) ;
#7280 = DIRECTION ( 'NONE',  ( 1.444362442573240380E-17, -1.109796453708025851E-16, 1.000000000000000000 ) ) ;
#7281 = ORIENTED_EDGE ( 'NONE', *, *, #2575, .T. ) ;
#7282 = VECTOR ( 'NONE', #6924, 1000.000000000000000 ) ;
#7283 = DIRECTION ( 'NONE',  ( -0.000000000000000000, 0.000000000000000000, 1.000000000000000000 ) ) ;
#7284 = CARTESIAN_POINT ( 'NONE',  ( 25.57802197802169886, 6.829670329669523809, -1.000000000000006661 ) ) ;
#7285 = DIRECTION ( 'NONE',  ( -1.000000000000000000, -9.581296146678135533E-15, 0.000000000000000000 ) ) ;
#7286 = VECTOR ( 'NONE', #4268, 1000.000000000000000 ) ;
#7287 = EDGE_CURVE ( 'NONE', #520, #3856, #4970, .T. ) ;
#7288 = VECTOR ( 'NONE', #3366, 1000.000000000000000 ) ;
#7289 = DIRECTION ( 'NONE',  ( 1.000000000000000000, 1.136160801470065253E-14, -0.000000000000000000 ) ) ;
#7290 = DIRECTION ( 'NONE',  ( 1.000000000000000000, 0.000000000000000000, 0.000000000000000000 ) ) ;
#7291 = CARTESIAN_POINT ( 'NONE',  ( -26.93333333333269763, 10.49999999999967315, 0.000000000000000000 ) ) ;
#7292 = EDGE_CURVE ( 'NONE', #4962, #3028, #1832, .T. ) ;
#7293 = ORIENTED_EDGE ( 'NONE', *, *, #831, .T. ) ;
#7294 = VERTEX_POINT ( 'NONE', #2302 ) ;
#7295 = VECTOR ( 'NONE', #7419, 1000.000000000000000 ) ;
#7296 = CARTESIAN_POINT ( 'NONE',  ( 9.000000000001932676, 17.69999999999969731, 0.000000000000000000 ) ) ;
#7297 = DIRECTION ( 'NONE',  ( 1.000000000000000000, 0.000000000000000000, 0.000000000000000000 ) ) ;
#7298 = EDGE_CURVE ( 'NONE', #7614, #4677, #6330, .T. ) ;
#7299 = VECTOR ( 'NONE', #1741, 1000.000000000000000 ) ;
#7300 = ORIENTED_EDGE ( 'NONE', *, *, #2146, .T. ) ;
#7301 = CYLINDRICAL_SURFACE ( 'NONE', #4050, 2.200000000000000178 ) ;
#7302 = FACE_OUTER_BOUND ( 'NONE', #5200, .T. ) ;
#7303 = VERTEX_POINT ( 'NONE', #2230 ) ;
#7304 = EDGE_LOOP ( 'NONE', ( #2700, #6764, #2249, #2122 ) ) ;
#7305 = ORIENTED_EDGE ( 'NONE', *, *, #1057, .T. ) ;
#7306 = CONTEXT_DEPENDENT_SHAPE_REPRESENTATION ( #7361, #6312 ) ;
#7307 = VECTOR ( 'NONE', #4046, 1000.000000000000000 ) ;
#7308 = CIRCLE ( 'NONE', #587, 2.500000000000085265 ) ;
#7309 = DIRECTION ( 'NONE',  ( 0.8660254037844380415, -0.000000000000000000, -0.5000000000000009992 ) ) ;
#7310 = VECTOR ( 'NONE', #533, 999.9999999999998863 ) ;
#7311 = DIRECTION ( 'NONE',  ( -0.000000000000000000, 0.000000000000000000, 1.000000000000000000 ) ) ;
#7312 = DIRECTION ( 'NONE',  ( -0.000000000000000000, 0.000000000000000000, 1.000000000000000000 ) ) ;
#7313 = CARTESIAN_POINT ( 'NONE',  ( -23.79999999999972360, 2.699999999999997513, 80.00000000000000000 ) ) ;
#7314 = EDGE_CURVE ( 'NONE', #2481, #3057, #4685, .T. ) ;
#7315 = VERTEX_POINT ( 'NONE', #1675 ) ;
#7316 = CARTESIAN_POINT ( 'NONE',  ( 11.00000000000169287, 1.249776881616724364E-13, 0.000000000000000000 ) ) ;
#7317 = AXIS2_PLACEMENT_3D ( 'NONE', #2590, #5055, #7437 ) ;
#7318 = CARTESIAN_POINT ( 'NONE',  ( -27.49999999999950262, 13.49999999999967137, 80.00000000000000000 ) ) ;
#7320 = ORIENTED_EDGE ( 'NONE', *, *, #4325, .F. ) ;
#7319 = ORIENTED_EDGE ( 'NONE', *, *, #7477, .T. ) ;
#7321 = COORDINATED_UNIVERSAL_TIME_OFFSET ( 8, 0, .AHEAD. ) ;
#7322 = CARTESIAN_POINT ( 'NONE',  ( 11.90000000000161329, 17.69999999999972928, 80.00000000000000000 ) ) ;
#7323 = PLANE ( 'NONE',  #4196 ) ;
#7324 = CYLINDRICAL_SURFACE ( 'NONE', #3942, 2.500000000000085265 ) ;
#7325 = ORIENTED_EDGE ( 'NONE', *, *, #3674, .F. ) ;
#7326 = EDGE_CURVE ( 'NONE', #883, #7541, #3985, .T. ) ;
#7327 = VECTOR ( 'NONE', #3794, 1000.000000000000000 ) ;
#7328 = ORIENTED_EDGE ( 'NONE', *, *, #1353, .T. ) ;
#7329 = LINE ( 'NONE', #2566, #6445 ) ;
#7330 = CARTESIAN_POINT ( 'NONE',  ( 0.04999999907795427134, 2.694222957030193085E-16, -2.199999999106694304 ) ) ;
#7331 = AXIS2_PLACEMENT_3D ( 'NONE', #4418, #4959, #3245 ) ;
#7332 = CARTESIAN_POINT ( 'NONE',  ( -1.699836774087143753E-13, 16.19999999999999218, 80.00000000000000000 ) ) ;
#7333 = CARTESIAN_POINT ( 'NONE',  ( -26.93333333333269763, 10.49999999999967315, 80.00000000000000000 ) ) ;
#7334 = DIRECTION ( 'NONE',  ( 1.000000000000000000, 1.061827927506735726E-14, -0.000000000000000000 ) ) ;
#7335 = CARTESIAN_POINT ( 'NONE',  ( 0.7499999999999996669, 0.2899999999999999800, 1.016987298107779658 ) ) ;
#7336 = LOCAL_TIME ( 15, 21, 11.00000000000000000, #2279 ) ;
#7337 = VERTEX_POINT ( 'NONE', #3476 ) ;
#7338 = ORIENTED_EDGE ( 'NONE', *, *, #312, .T. ) ;
#7339 = LINE ( 'NONE', #2658, #2374 ) ;
#7340 = CARTESIAN_POINT ( 'NONE',  ( -3.455527394079924429E-14, 3.030329925644136946, 0.000000000000000000 ) ) ;
#7341 = ORIENTED_EDGE ( 'NONE', *, *, #1715, .F. ) ;
#7342 = DIRECTION ( 'NONE',  ( 1.037939709735654321E-14, -1.000000000000000000, 0.000000000000000000 ) ) ;
#7343 = DIRECTION ( 'NONE',  ( -0.000000000000000000, -0.000000000000000000, -1.000000000000000000 ) ) ;
#7344 = ORIENTED_EDGE ( 'NONE', *, *, #4896, .F. ) ;
#7345 = ORIENTED_EDGE ( 'NONE', *, *, #7128, .T. ) ;
#7346 = VECTOR ( 'NONE', #3982, 1000.000000000000000 ) ;
#7347 = EDGE_CURVE ( 'NONE', #1391, #5754, #7065, .T. ) ;
#7348 = ORIENTED_EDGE ( 'NONE', *, *, #301, .F. ) ;
#7349 = COORDINATED_UNIVERSAL_TIME_OFFSET ( 8, 0, .AHEAD. ) ;
#7350 = DIRECTION ( 'NONE',  ( -1.000000000000000000, 0.000000000000000000, 0.000000000000000000 ) ) ;
#7351 = PRODUCT_DEFINITION_SHAPE ( 'NONE', 'NONE',  #7709 ) ;
#7352 = LINE ( 'NONE', #4978, #7278 ) ;
#7353 = EDGE_CURVE ( 'NONE', #5174, #3256, #7539, .T. ) ;
#7354 = CARTESIAN_POINT ( 'NONE',  ( -4.795933461900512157E-14, 4.486057109949308952, 0.000000000000000000 ) ) ;
#7355 = DIRECTION ( 'NONE',  ( 1.000000000000000000, 0.000000000000000000, 0.000000000000000000 ) ) ;
#7356 = ORIENTED_EDGE ( 'NONE', *, *, #6254, .F. ) ;
#7357 = DIRECTION ( 'NONE',  ( -1.000000000000000000, 0.000000000000000000, 0.000000000000000000 ) ) ;
#7358 = DIRECTION ( 'NONE',  ( 1.000000000000000000, -0.000000000000000000, 0.000000000000000000 ) ) ;
#7360 = ORIENTED_EDGE ( 'NONE', *, *, #7620, .T. ) ;
#7359 = EDGE_LOOP ( 'NONE', ( #5151, #2221, #6606, #566 ) ) ;
#7361 =( REPRESENTATION_RELATIONSHIP ('NONE','NONE', #4738, #5336 ) REPRESENTATION_RELATIONSHIP_WITH_TRANSFORMATION ( #5519 )SHAPE_REPRESENTATION_RELATIONSHIP( ) );
#7362 = ADVANCED_FACE ( 'NONE', ( #3367 ), #6477, .T. ) ;
#7363 = CONICAL_SURFACE ( 'NONE', #6357, 1.500000000000001332, 0.7853981633974491672 ) ;
#7364 = APPROVAL_DATE_TIME ( #5617, #4164 ) ;
#7365 = FACE_OUTER_BOUND ( 'NONE', #4326, .T. ) ;
#7366 = CARTESIAN_POINT ( 'NONE',  ( 26.50000000000031264, 9.500000000000341061, 80.00000000000000000 ) ) ;
#7367 = CARTESIAN_POINT ( 'NONE',  ( -22.92226674140373888, -2.304596517118111597E-13, 80.00000000000000000 ) ) ;
#7368 = ORIENTED_EDGE ( 'NONE', *, *, #5425, .T. ) ;
#7370 = EDGE_CURVE ( 'NONE', #1240, #7008, #2190, .T. ) ;
#7369 = VERTEX_POINT ( 'NONE', #1140 ) ;
#7371 = AXIS2_PLACEMENT_3D ( 'NONE', #2357, #535, #6496 ) ;
#7372 = EDGE_CURVE ( 'NONE', #1433, #6210, #6952, .T. ) ;
#7373 = CARTESIAN_POINT ( 'NONE',  ( 6.000000000000000000, 0.000000000000000000, 0.000000000000000000 ) ) ;
#7374 = CARTESIAN_POINT ( 'NONE',  ( 0.000000000000000000, -1.449999999999999956, -0.2899999999999999800 ) ) ;
#7375 = LINE ( 'NONE', #6662, #2138 ) ;
#7376 = CARTESIAN_POINT ( 'NONE',  ( 23.17226674140379572, 2.780329925644607680, 80.00000000000000000 ) ) ;
#7377 = DIRECTION ( 'NONE',  ( -0.000000000000000000, 0.000000000000000000, 1.000000000000000000 ) ) ;
#7378 = CARTESIAN_POINT ( 'NONE',  ( 27.07802197802224597, -6.570329670329666527, -1.500000000000000000 ) ) ;
#7379 = ORIENTED_EDGE ( 'NONE', *, *, #5314, .F. ) ;
#7380 = ORIENTED_EDGE ( 'NONE', *, *, #6676, .F. ) ;
#7381 = ORIENTED_EDGE ( 'NONE', *, *, #5080, .F. ) ;
#7382 = DIRECTION ( 'NONE',  ( -1.000000000000000000, -9.462128050787417430E-15, 0.000000000000000000 ) ) ;
#7383 = AXIS2_PLACEMENT_3D ( 'NONE', #4103, #3548, #667 ) ;
#7384 = DIRECTION ( 'NONE',  ( -0.000000000000000000, 0.000000000000000000, 1.000000000000000000 ) ) ;
#7385 = ORIENTED_EDGE ( 'NONE', *, *, #546, .T. ) ;
#7386 = EDGE_CURVE ( 'NONE', #191, #2330, #7613, .T. ) ;
#7387 = FACE_OUTER_BOUND ( 'NONE', #7304, .T. ) ;
#7388 = DIRECTION ( 'NONE',  ( -0.000000000000000000, 0.000000000000000000, 1.000000000000000000 ) ) ;
#7389 = ORIENTED_EDGE ( 'NONE', *, *, #1808, .F. ) ;
#7390 = VECTOR ( 'NONE', #767, 1000.000000000000000 ) ;
#7391 = VERTEX_POINT ( 'NONE', #556 ) ;
#7392 = ORIENTED_EDGE ( 'NONE', *, *, #3717, .F. ) ;
#7393 = DIRECTION ( 'NONE',  ( 1.000000000000000000, 9.462128050787461607E-15, 0.000000000000000000 ) ) ;
#7394 = CIRCLE ( 'NONE', #2517, 0.5666666666667951047 ) ;
#7395 = CARTESIAN_POINT ( 'NONE',  ( 25.00000000000010658, 2.500000000000206946, 0.000000000000000000 ) ) ;
#7396 = ORIENTED_EDGE ( 'NONE', *, *, #3285, .T. ) ;
#7397 = LOCAL_TIME ( 15, 21, 11.00000000000000000, #1876 ) ;
#7398 = EDGE_CURVE ( 'NONE', #6257, #5740, #5272, .T. ) ;
#7399 = LINE ( 'NONE', #1388, #6407 ) ;
#7400 = DIRECTION ( 'NONE',  ( 0.000000000000000000, -0.000000000000000000, -1.000000000000000000 ) ) ;
#7402 = ORIENTED_EDGE ( 'NONE', *, *, #3790, .F. ) ;
#7401 = ORIENTED_EDGE ( 'NONE', *, *, #7241, .T. ) ;
#7403 = EDGE_CURVE ( 'NONE', #7605, #3226, #2265, .T. ) ;
#7404 = COORDINATED_UNIVERSAL_TIME_OFFSET ( 8, 0, .AHEAD. ) ;
#7405 = LOCAL_TIME ( 15, 21, 11.00000000000000000, #4680 ) ;
#7406 = FACE_OUTER_BOUND ( 'NONE', #2600, .T. ) ;
#7407 = CARTESIAN_POINT ( 'NONE',  ( 24.23302076461970955, 3.909141912406909114, 80.00000000000000000 ) ) ;
#7408 = AXIS2_PLACEMENT_3D ( 'NONE', #5895, #1722, #562 ) ;
#7409 = LINE ( 'NONE', #2135, #4950 ) ;
#7410 = EDGE_LOOP ( 'NONE', ( #6037, #5387, #2587, #5881 ) ) ;
#7411 = ADVANCED_FACE ( 'NONE', ( #5310 ), #518, .F. ) ;
#7412 = CARTESIAN_POINT ( 'NONE',  ( -14.38084171769632746, -44.58857318715410401, 133.3929398823297561 ) ) ;
#7413 = ORIENTED_EDGE ( 'NONE', *, *, #6580, .T. ) ;
#7414 = AXIS2_PLACEMENT_3D ( 'NONE', #4933, #7311, #3756 ) ;
#7415 = DIRECTION ( 'NONE',  ( -9.462128050787461607E-15, 1.000000000000000000, 0.000000000000000000 ) ) ;
#7416 = DIRECTION ( 'NONE',  ( -1.000000000000000000, 0.000000000000000000, 0.000000000000000000 ) ) ;
#7417 = CARTESIAN_POINT ( 'NONE',  ( 5.900000000002686207, 6.359585317366296714E-14, 80.00000000000000000 ) ) ;
#7418 = EDGE_CURVE ( 'NONE', #2273, #768, #7692, .T. ) ;
#7419 = DIRECTION ( 'NONE',  ( 9.637352644317844976E-15, -1.000000000000000000, 0.000000000000000000 ) ) ;
#7420 = DIRECTION ( 'NONE',  ( -1.156482317317998613E-14, 1.000000000000000000, 0.000000000000000000 ) ) ;
#7421 = DIRECTION ( 'NONE',  ( 1.000000000000000000, 0.000000000000000000, 0.000000000000000000 ) ) ;
#7422 = ORIENTED_EDGE ( 'NONE', *, *, #4999, .F. ) ;
#7423 = VERTEX_POINT ( 'NONE', #2772 ) ;
#7424 = FACE_OUTER_BOUND ( 'NONE', #2738, .T. ) ;
#7425 = VECTOR ( 'NONE', #6372, 1000.000000000000000 ) ;
#7426 = CIRCLE ( 'NONE', #2307, 2.500000000000057732 ) ;
#7427 = DIRECTION ( 'NONE',  ( 1.040834085586082363E-14, -1.000000000000000000, 0.000000000000000000 ) ) ;
#7428 = APPROVAL ( #7265, 'UNKNOWN' ) ;
#7429 = EDGE_CURVE ( 'NONE', #3046, #6195, #2338, .T. ) ;
#7430 = LINE ( 'NONE', #6842, #4676 ) ;
#7431 = DIRECTION ( 'NONE',  ( -0.000000000000000000, -0.000000000000000000, -1.000000000000000000 ) ) ;
#7432 = VERTEX_POINT ( 'NONE', #1639 ) ;
#7433 = VECTOR ( 'NONE', #3600, 1000.000000000000000 ) ;
#7434 = ORIENTED_EDGE ( 'NONE', *, *, #5499, .T. ) ;
#7435 = PRODUCT_DEFINITION_SHAPE ( 'NONE', 'NONE',  #7705 ) ;
#7436 = ORIENTED_EDGE ( 'NONE', *, *, #5793, .T. ) ;
#7437 = DIRECTION ( 'NONE',  ( 1.000000000000000000, 0.000000000000000000, 0.000000000000000000 ) ) ;
#7438 = EDGE_CURVE ( 'NONE', #5174, #3893, #441, .T. ) ;
#7439 = CIRCLE ( 'NONE', #5188, 1.500000000000001332 ) ;
#7440 = FACE_OUTER_BOUND ( 'NONE', #1552, .T. ) ;
#7441 = ORIENTED_EDGE ( 'NONE', *, *, #6134, .F. ) ;
#7442 = CARTESIAN_POINT ( 'NONE',  ( -18.99999999999993250, -1.726964418234336011E-13, 80.00000000000000000 ) ) ;
#7443 = LINE ( 'NONE', #4476, #1037 ) ;
#7445 = VERTEX_POINT ( 'NONE', #6401 ) ;
#7444 = ORIENTED_EDGE ( 'NONE', *, *, #4163, .F. ) ;
#7446 = VECTOR ( 'NONE', #6698, 1000.000000000000000 ) ;
#7447 = APPLICATION_PROTOCOL_DEFINITION ( 'international standard', 'config_control_design', 1994, #3112 ) ;
#7448 = LINE ( 'NONE', #5729, #2402 ) ;
#7449 = ADVANCED_FACE ( 'NONE', ( #3435 ), #5197, .T. ) ;
#7450 = DIRECTION ( 'NONE',  ( -0.000000000000000000, -0.000000000000000000, -1.000000000000000000 ) ) ;
#7451 = FACE_OUTER_BOUND ( 'NONE', #118, .T. ) ;
#7452 = ORIENTED_EDGE ( 'NONE', *, *, #5004, .F. ) ;
#7453 = VECTOR ( 'NONE', #3561, 1000.000000000000000 ) ;
#7454 = AXIS2_PLACEMENT_3D ( 'NONE', #5338, #4202, #1202 ) ;
#7455 = VECTOR ( 'NONE', #5289, 1000.000000000000000 ) ;
#7456 = DIRECTION ( 'NONE',  ( 1.000000000000000000, 0.000000000000000000, 0.000000000000000000 ) ) ;
#7457 = ORIENTED_EDGE ( 'NONE', *, *, #2325, .F. ) ;
#7458 = CIRCLE ( 'NONE', #4083, 2.499999999999835687 ) ;
#7459 = CARTESIAN_POINT ( 'NONE',  ( -13.00000000000098055, 18.46341459489510939, 80.00000000000000000 ) ) ;
#7460 = DIRECTION ( 'NONE',  ( -0.000000000000000000, -0.000000000000000000, -1.000000000000000000 ) ) ;
#7461 = VECTOR ( 'NONE', #4847, 1000.000000000000000 ) ;
#7462 = DIRECTION ( 'NONE',  ( -0.000000000000000000, 0.000000000000000000, 1.000000000000000000 ) ) ;
#7463 = CARTESIAN_POINT ( 'NONE',  ( 0.000000000000000000, 0.5900000000000003020, 0.2900000000000002021 ) ) ;
#7464 = VERTEX_POINT ( 'NONE', #3581 ) ;
#7465 = ORIENTED_EDGE ( 'NONE', *, *, #5380, .T. ) ;
#7466 = VECTOR ( 'NONE', #5888, 1000.000000000000000 ) ;
#7467 = EDGE_CURVE ( 'NONE', #6471, #1295, #1862, .T. ) ;
#7468 = LINE ( 'NONE', #5088, #6499 ) ;
#7469 = CARTESIAN_POINT ( 'NONE',  ( 5.000000000002364331, 18.46341459489325487, 80.00000000000000000 ) ) ;
#7470 = CIRCLE ( 'NONE', #1717, 0.5666666666667361518 ) ;
#7471 = DIRECTION ( 'NONE',  ( -9.462128050787461607E-15, 1.000000000000000000, 0.000000000000000000 ) ) ;
#7472 = PLANE ( 'NONE',  #5948 ) ;
#7473 = ORIENTED_EDGE ( 'NONE', *, *, #4656, .T. ) ;
#7474 = ORIENTED_EDGE ( 'NONE', *, *, #5541, .F. ) ;
#7475 = SECURITY_CLASSIFICATION ( '', '', #4515 ) ;
#7476 = DIRECTION ( 'NONE',  ( 0.000000000000000000, 0.000000000000000000, 1.000000000000000000 ) ) ;
#7477 = EDGE_CURVE ( 'NONE', #1688, #5255, #7080, .T. ) ;
#7478 = CARTESIAN_POINT ( 'NONE',  ( -27.19999999999953033, 7.999999999999694467, 0.000000000000000000 ) ) ;
#7479 = ORIENTED_EDGE ( 'NONE', *, *, #2977, .F. ) ;
#7480 = DIRECTION ( 'NONE',  ( 1.136160801469879082E-14, -1.000000000000000000, 0.000000000000000000 ) ) ;
#7481 = ORIENTED_EDGE ( 'NONE', *, *, #2852, .F. ) ;
#7482 = AXIS2_PLACEMENT_3D ( 'NONE', #2447, #5886, #5959 ) ;
#7484 = ORIENTED_EDGE ( 'NONE', *, *, #6156, .T. ) ;
#7483 = ORIENTED_EDGE ( 'NONE', *, *, #6947, .F. ) ;
#7485 = DATE_TIME_ROLE ( 'classification_date' ) ;
#7486 = CARTESIAN_POINT ( 'NONE',  ( -24.23302076461957100, 0.000000000000000000, 80.00000000000000000 ) ) ;
#7487 = FACE_OUTER_BOUND ( 'NONE', #911, .T. ) ;
#7488 = CARTESIAN_POINT ( 'NONE',  ( 0.000000000000000000, 2.200000000000000178, 0.2900000000000000910 ) ) ;
#7489 = ORIENTED_EDGE ( 'NONE', *, *, #6101, .F. ) ;
#7490 = LINE ( 'NONE', #2103, #3965 ) ;
#7491 = EDGE_CURVE ( 'NONE', #1113, #5397, #6076, .T. ) ;
#7492 = VERTEX_POINT ( 'NONE', #1215 ) ;
#7493 = DIRECTION ( 'NONE',  ( -4.790648073340169016E-15, 1.000000000000000000, 0.000000000000000000 ) ) ;
#7494 = CARTESIAN_POINT ( 'NONE',  ( -17.00000000000037659, -1.545178689995881572E-13, 80.00000000000000000 ) ) ;
#7495 = EDGE_CURVE ( 'NONE', #6928, #4714, #4249, .T. ) ;
#7496 = DIRECTION ( 'NONE',  ( 1.000000000000000000, 0.000000000000000000, 0.000000000000000000 ) ) ;
#7497 = VECTOR ( 'NONE', #1084, 1000.000000000000000 ) ;
#7498 = ORIENTED_EDGE ( 'NONE', *, *, #3537, .T. ) ;
#7499 = EDGE_CURVE ( 'NONE', #5864, #5736, #1286, .T. ) ;
#7500 = SECURITY_CLASSIFICATION_LEVEL ( 'unclassified' ) ;
#7501 = CARTESIAN_POINT ( 'NONE',  ( 24.79999999999976268, 16.09999999999970655, 80.00000000000000000 ) ) ;
#7502 = DIRECTION ( 'NONE',  ( -0.000000000000000000, 0.000000000000000000, 1.000000000000000000 ) ) ;
#7503 = DIRECTION ( 'NONE',  ( 1.000000000000000000, 0.000000000000000000, -0.000000000000000000 ) ) ;
#7504 = LINE ( 'NONE', #5674, #3577 ) ;
#7505 = ORIENTED_EDGE ( 'NONE', *, *, #5531, .T. ) ;
#7506 = ORIENTED_EDGE ( 'NONE', *, *, #6104, .T. ) ;
#7507 = PLANE ( 'NONE',  #2086 ) ;
#7508 = DIRECTION ( 'NONE',  ( 1.000000000000000000, 0.000000000000000000, 0.000000000000000000 ) ) ;
#7509 = CARTESIAN_POINT ( 'NONE',  ( -1.268516541808556671E-13, 11.70000000000027640, 0.000000000000000000 ) ) ;
#7510 = ORIENTED_EDGE ( 'NONE', *, *, #5768, .T. ) ;
#7511 = EDGE_CURVE ( 'NONE', #980, #2273, #6215, .T. ) ;
#7512 = DIRECTION ( 'NONE',  ( -9.581296146678135533E-15, 1.000000000000000000, 0.000000000000000000 ) ) ;
#7513 = ORIENTED_EDGE ( 'NONE', *, *, #4346, .F. ) ;
#7514 = CC_DESIGN_PERSON_AND_ORGANIZATION_ASSIGNMENT ( #275, #934, ( #6463 ) ) ;
#7516 = EDGE_LOOP ( 'NONE', ( #1334, #1095, #1613, #4941 ) ) ;
#7515 = ORIENTED_EDGE ( 'NONE', *, *, #2113, .F. ) ;
#7517 = CALENDAR_DATE ( 2020, 16, 10 ) ;
#7518 = VECTOR ( 'NONE', #1747, 1000.000000000000000 ) ;
#7519 = CYLINDRICAL_SURFACE ( 'NONE', #6145, 0.5666666666667812269 ) ;
#7520 = CARTESIAN_POINT ( 'NONE',  ( -24.13654285052867365, -2.756177995931736857E-13, 0.000000000000000000 ) ) ;
#7521 = CARTESIAN_POINT ( 'NONE',  ( 21.00000000000037303, 2.428612866367840428E-13, 80.00000000000000000 ) ) ;
#7522 = ORGANIZATION ( 'NAUO-ORG1', 'UNSPECIFIED', 'UNSPECIFIED' ) ;
#7523 = ORIENTED_EDGE ( 'NONE', *, *, #2782, .T. ) ;
#7524 = CIRCLE ( 'NONE', #427, 0.5666666666668194186 ) ;
#7525 = CARTESIAN_POINT ( 'NONE',  ( 26.93333333333338331, 8.500000000000236255, 80.00000000000000000 ) ) ;
#7526 = ADVANCED_FACE ( 'NONE', ( #5961 ), #12, .F. ) ;
#7527 = CC_DESIGN_APPROVAL ( #3504, ( #5664 ) ) ;
#7528 = ORIENTED_EDGE ( 'NONE', *, *, #3415, .F. ) ;
#7529 = FACE_OUTER_BOUND ( 'NONE', #4577, .T. ) ;
#7530 = LINE ( 'NONE', #2180, #5312 ) ;
#7531 = EDGE_CURVE ( 'NONE', #5332, #6230, #1330, .T. ) ;
#7532 = VERTEX_POINT ( 'NONE', #4136 ) ;
#7533 = CONTEXT_DEPENDENT_SHAPE_REPRESENTATION ( #41, #4365 ) ;
#7534 = CARTESIAN_POINT ( 'NONE',  ( 23.55258382925115157, 3.030329925644362099, 0.000000000000000000 ) ) ;
#7535 = DIRECTION ( 'NONE',  ( 1.084202172485628758E-14, -1.000000000000000000, 0.000000000000000000 ) ) ;
#7536 = AXIS2_PLACEMENT_3D ( 'NONE', #5571, #4982, #6186 ) ;
#7537 = EDGE_CURVE ( 'NONE', #4714, #4104, #7175, .T. ) ;
#7538 = PLANE ( 'NONE',  #5062 ) ;
#7539 = LINE ( 'NONE', #5237, #5340 ) ;
#7540 = ORIENTED_EDGE ( 'NONE', *, *, #7631, .F. ) ;
#7541 = VERTEX_POINT ( 'NONE', #5385 ) ;
#7542 = VECTOR ( 'NONE', #5791, 1000.000000000000000 ) ;
#7543 = CARTESIAN_POINT ( 'NONE',  ( -27.49999999999942446, 5.499999999999665157, 0.000000000000000000 ) ) ;
#7544 = EDGE_CURVE ( 'NONE', #1422, #6365, #7470, .T. ) ;
#7545 = DIRECTION ( 'NONE',  ( -0.000000000000000000, -0.000000000000000000, -1.000000000000000000 ) ) ;
#7546 = LINE ( 'NONE', #6484, #1169 ) ;
#7547 = ORIENTED_EDGE ( 'NONE', *, *, #2006, .T. ) ;
#7548 = CIRCLE ( 'NONE', #1312, 0.5666666666668263019 ) ;
#7549 = DIRECTION ( 'NONE',  ( 1.000000000000000000, 0.000000000000000000, 0.000000000000000000 ) ) ;
#7550 = ORIENTED_EDGE ( 'NONE', *, *, #7579, .T. ) ;
#7551 = AXIS2_PLACEMENT_3D ( 'NONE', #5271, #7064, #4171 ) ;
#7553 = VERTEX_POINT ( 'NONE', #4213 ) ;
#7552 = VERTEX_POINT ( 'NONE', #7138 ) ;
#7554 = SECURITY_CLASSIFICATION_LEVEL ( 'unclassified' ) ;
#7555 = VECTOR ( 'NONE', #3241, 1000.000000000000000 ) ;
#7556 = CARTESIAN_POINT ( 'NONE',  ( 15.90000000000117275, 17.69999999999977192, 80.00000000000000000 ) ) ;
#7557 = EDGE_CURVE ( 'NONE', #1790, #2481, #1111, .T. ) ;
#7558 = CARTESIAN_POINT ( 'NONE',  ( 27.20000000000026574, 6.000000000000306422, 80.00000000000000000 ) ) ;
#7559 = CARTESIAN_POINT ( 'NONE',  ( -20.99999999999988631, -2.428612866367784387E-13, 80.00000000000000000 ) ) ;
#7560 = PLANE ( 'NONE',  #658 ) ;
#7561 = ORIENTED_EDGE ( 'NONE', *, *, #7287, .T. ) ;
#7562 = DIRECTION ( 'NONE',  ( -0.000000000000000000, -0.000000000000000000, -1.000000000000000000 ) ) ;
#7563 = AXIS2_PLACEMENT_3D ( 'NONE', #6981, #4491, #5739 ) ;
#7564 = AXIS2_PLACEMENT_3D ( 'NONE', #341, #3336, #5097 ) ;
#7565 = DIRECTION ( 'NONE',  ( -1.000000000000000000, 0.000000000000000000, 0.000000000000000000 ) ) ;
#7566 = DIRECTION ( 'NONE',  ( 9.089286411740278908E-15, -1.000000000000000000, 0.000000000000000000 ) ) ;
#7567 = CIRCLE ( 'NONE', #2951, 0.5666666666667325991 ) ;
#7568 = EDGE_CURVE ( 'NONE', #751, #2507, #1248, .T. ) ;
#7569 = AXIS2_PLACEMENT_3D ( 'NONE', #6782, #6612, #1438 ) ;
#7570 = AXIS2_PLACEMENT_3D ( 'NONE', #5497, #5587, #4954 ) ;
#7571 = ORIENTED_EDGE ( 'NONE', *, *, #47, .F. ) ;
#7572 = DATE_TIME_ROLE ( 'classification_date' ) ;
#7573 = CARTESIAN_POINT ( 'NONE',  ( -25.52197802197775189, 6.829670329669523809, -1.500000000000000000 ) ) ;
#7574 = LINE ( 'NONE', #2769, #263 ) ;
#7575 = CARTESIAN_POINT ( 'NONE',  ( 0.7500000000000000000, -0.2899999999999999800, -0.2899999999999999800 ) ) ;
#7576 = CARTESIAN_POINT ( 'NONE',  ( -27.19999999999952323, 6.999999999999642952, 80.00000000000000000 ) ) ;
#7577 = PLANE ( 'NONE',  #7383 ) ;
#7578 = VECTOR ( 'NONE', #1567, 1000.000000000000000 ) ;
#7579 = EDGE_CURVE ( 'NONE', #1534, #2819, #6080, .T. ) ;
#7580 = VERTEX_POINT ( 'NONE', #5423 ) ;
#7581 = FACE_OUTER_BOUND ( 'NONE', #3707, .T. ) ;
#7582 = CARTESIAN_POINT ( 'NONE',  ( 24.13302076462043999, 2.755775805123400705E-13, 80.00000000000000000 ) ) ;
#7583 = AXIS2_PLACEMENT_3D ( 'NONE', #7212, #4289, #4836 ) ;
#7584 = FACE_OUTER_BOUND ( 'NONE', #3130, .T. ) ;
#7585 = ORIENTED_EDGE ( 'NONE', *, *, #4956, .F. ) ;
#7586 = DIRECTION ( 'NONE',  ( -0.000000000000000000, -0.000000000000000000, -1.000000000000000000 ) ) ;
#7587 = ORIENTED_EDGE ( 'NONE', *, *, #6755, .T. ) ;
#7588 = EDGE_CURVE ( 'NONE', #3960, #6598, #1788, .T. ) ;
#7590 = ORIENTED_EDGE ( 'NONE', *, *, #3089, .T. ) ;
#7589 = ORIENTED_EDGE ( 'NONE', *, *, #1663, .T. ) ;
#7591 = APPROVAL_PERSON_ORGANIZATION ( #1846, #3229, #4320 ) ;
#7592 = APPLICATION_PROTOCOL_DEFINITION ( 'international standard', 'config_control_design', 1994, #7104 ) ;
#7593 = ADVANCED_FACE ( 'NONE', ( #2450 ), #2488, .F. ) ;
#7594 = DIRECTION ( 'NONE',  ( 1.000000000000000000, 0.000000000000000000, 0.000000000000000000 ) ) ;
#7595 = FACE_OUTER_BOUND ( 'NONE', #5141, .T. ) ;
#7596 = PLANE ( 'NONE',  #2804 ) ;
#7597 = CARTESIAN_POINT ( 'NONE',  ( -3.900000000003093881, 18.42421244450427764, 0.000000000000000000 ) ) ;
#7598 = ORIENTED_EDGE ( 'NONE', *, *, #5016, .F. ) ;
#7599 = DIRECTION ( 'NONE',  ( -0.000000000000000000, 0.000000000000000000, 1.000000000000000000 ) ) ;
#7600 = EDGE_CURVE ( 'NONE', #2084, #6317, #2966, .T. ) ;
#7601 = VECTOR ( 'NONE', #7427, 1000.000000000000000 ) ;
#7602 = CARTESIAN_POINT ( 'NONE',  ( -1.674796664980213759E-13, 17.69999999999960849, 0.000000000000000000 ) ) ;
#7603 = LINE ( 'NONE', #2987, #3207 ) ;
#7604 = CARTESIAN_POINT ( 'NONE',  ( -26.93333333333267632, 8.499999999999667821, 0.000000000000000000 ) ) ;
#7605 = VERTEX_POINT ( 'NONE', #2964 ) ;
#7607 = ORIENTED_EDGE ( 'NONE', *, *, #5987, .T. ) ;
#7606 = EDGE_CURVE ( 'NONE', #6629, #4549, #4172, .T. ) ;
#7608 = COORDINATED_UNIVERSAL_TIME_OFFSET ( 8, 0, .AHEAD. ) ;
#7609 = AXIS2_PLACEMENT_3D ( 'NONE', #4356, #3228, #1350 ) ;
#7610 = LINE ( 'NONE', #1563, #5256 ) ;
#7611 = CARTESIAN_POINT ( 'NONE',  ( -5.900000000002208367, 18.42421244450414264, 80.00000000000000000 ) ) ;
#7612 = DIRECTION ( 'NONE',  ( 0.000000000000000000, 0.000000000000000000, 1.000000000000000000 ) ) ;
#7613 = LINE ( 'NONE', #1604, #7466 ) ;
#7614 = VERTEX_POINT ( 'NONE', #6793 ) ;
#7615 = ORIENTED_EDGE ( 'NONE', *, *, #1454, .F. ) ;
#7616 = VECTOR ( 'NONE', #5743, 1000.000000000000000 ) ;
#7617 = DIRECTION ( 'NONE',  ( -0.000000000000000000, -0.000000000000000000, -1.000000000000000000 ) ) ;
#7618 = CARTESIAN_POINT ( 'NONE',  ( -27.49999999999987210, -2.650271977187063322E-13, 80.00000000000000000 ) ) ;
#7619 = DIRECTION ( 'NONE',  ( 1.000000000000000000, 1.040834085586082363E-14, -0.000000000000000000 ) ) ;
#7620 = EDGE_CURVE ( 'NONE', #4549, #1469, #6841, .T. ) ;
#7621 = ORIENTED_EDGE ( 'NONE', *, *, #1183, .F. ) ;
#7622 = DIRECTION ( 'NONE',  ( -0.000000000000000000, 0.000000000000000000, 1.000000000000000000 ) ) ;
#7623 = ORIENTED_EDGE ( 'NONE', *, *, #5213, .T. ) ;
#7625 = ORIENTED_EDGE ( 'NONE', *, *, #2237, .F. ) ;
#7624 = ORIENTED_EDGE ( 'NONE', *, *, #2582, .F. ) ;
#7626 = APPROVAL_DATE_TIME ( #1079, #5661 ) ;
#7627 = DIRECTION ( 'NONE',  ( -0.000000000000000000, 0.000000000000000000, 1.000000000000000000 ) ) ;
#7628 = DIRECTION ( 'NONE',  ( -1.037939709735654321E-14, 1.000000000000000000, 0.000000000000000000 ) ) ;
#7629 = DIRECTION ( 'NONE',  ( 9.581296146678135533E-15, -1.000000000000000000, 0.000000000000000000 ) ) ;
#7630 = CARTESIAN_POINT ( 'NONE',  ( 26.93333333333341528, 5.500000000000230038, 0.000000000000000000 ) ) ;
#7631 = EDGE_CURVE ( 'NONE', #4528, #4150, #3783, .T. ) ;
#7632 = ORIENTED_EDGE ( 'NONE', *, *, #693, .T. ) ;
#7633 = CIRCLE ( 'NONE', #1028, 0.4629171123664956311 ) ;
#7634 = AXIS2_PLACEMENT_3D ( 'NONE', #2451, #2033, #4250 ) ;
#7635 = DIRECTION ( 'NONE',  ( -0.000000000000000000, 0.000000000000000000, 1.000000000000000000 ) ) ;
#7636 = ADVANCED_FACE ( 'NONE', ( #6207 ), #364, .F. ) ;
#7637 = CIRCLE ( 'NONE', #4269, 0.2999999999999999889 ) ;
#7638 = DIRECTION ( 'NONE',  ( -0.000000000000000000, 0.000000000000000000, 1.000000000000000000 ) ) ;
#7639 = PLANE ( 'NONE',  #3451 ) ;
#7640 = DIRECTION ( 'NONE',  ( -1.000000000000000000, -9.462128050783626165E-15, 0.000000000000000000 ) ) ;
#7641 = ADVANCED_FACE ( 'NONE', ( #6708 ), #3204, .T. ) ;
#7642 = VECTOR ( 'NONE', #1847, 1000.000000000000000 ) ;
#7643 = CC_DESIGN_APPROVAL ( #2689, ( #5035 ) ) ;
#7644 = ORIENTED_EDGE ( 'NONE', *, *, #7208, .F. ) ;
#7645 = VERTEX_POINT ( 'NONE', #1408 ) ;
#7646 = CONTEXT_DEPENDENT_SHAPE_REPRESENTATION ( #1625, #6963 ) ;
#7647 = ADVANCED_FACE ( 'NONE', ( #786 ), #2072, .T. ) ;
#7648 = CARTESIAN_POINT ( 'NONE',  ( -13.00000000000097344, 17.69999999999969020, 80.00000000000000000 ) ) ;
#7649 = VECTOR ( 'NONE', #2117, 1000.000000000000000 ) ;
#7650 = FACE_OUTER_BOUND ( 'NONE', #157, .T. ) ;
#7651 = CC_DESIGN_DATE_AND_TIME_ASSIGNMENT ( #5941, #4850, ( #4771 ) ) ;
#7652 = LINE ( 'NONE', #1023, #5302 ) ;
#7653 = CARTESIAN_POINT ( 'NONE',  ( 13.00000000000125056, 1.477009041910588857E-13, 0.000000000000000000 ) ) ;
#7654 = CYLINDRICAL_SURFACE ( 'NONE', #5383, 0.4999999999999449329 ) ;
#7655 = APPLICATION_CONTEXT ( 'configuration controlled 3d designs of mechanical parts and assemblies' ) ;
#7656 = ORIENTED_EDGE ( 'NONE', *, *, #3768, .F. ) ;
#7657 = DIRECTION ( 'NONE',  ( 1.141910841581602195E-14, -1.000000000000000000, 0.000000000000000000 ) ) ;
#7658 = LINE ( 'NONE', #5167, #633 ) ;
#7659 = CIRCLE ( 'NONE', #5049, 0.2499999999999238942 ) ;
#7660 = CC_DESIGN_DATE_AND_TIME_ASSIGNMENT ( #367, #1599, ( #5035 ) ) ;
#7661 = PLANE ( 'NONE',  #3411 ) ;
#7662 = EDGE_CURVE ( 'NONE', #45, #400, #2601, .T. ) ;
#7663 = ORIENTED_EDGE ( 'NONE', *, *, #2131, .F. ) ;
#7664 = CARTESIAN_POINT ( 'NONE',  ( 25.70000000000040075, 9.500000000000332179, 80.00000000000000000 ) ) ;
#7665 = ORIENTED_EDGE ( 'NONE', *, *, #2068, .F. ) ;
#7667 = VERTEX_POINT ( 'NONE', #6247 ) ;
#7666 = ORIENTED_EDGE ( 'NONE', *, *, #7491, .F. ) ;
#7668 = AXIS2_PLACEMENT_3D ( 'NONE', #5171, #5282, #7549 ) ;
#7669 = EDGE_CURVE ( 'NONE', #3209, #1469, #3162, .T. ) ;
#7670 = PERSON_AND_ORGANIZATION ( #2152, #3857 ) ;
#7671 = CARTESIAN_POINT ( 'NONE',  ( 11.00000000000148326, 18.46341459489377712, 80.00000000000000000 ) ) ;
#7672 = FACE_OUTER_BOUND ( 'NONE', #6286, .T. ) ;
#7673 = CARTESIAN_POINT ( 'NONE',  ( -25.70000000000027640, -2.728897773692339778E-13, 0.000000000000000000 ) ) ;
#7674 = CIRCLE ( 'NONE', #2687, 0.5666666666666042573 ) ;
#7675 = CARTESIAN_POINT ( 'NONE',  ( -24.79999999999973781, 2.699999999999997513, 0.000000000000000000 ) ) ;
#7676 = EDGE_LOOP ( 'NONE', ( #3791, #2983, #3687, #3354 ) ) ;
#7677 = AXIS2_PLACEMENT_3D ( 'NONE', #2153, #5853, #3910 ) ;
#7678 = CARTESIAN_POINT ( 'NONE',  ( -21.50000000000004263, 18.29999999999953531, 0.000000000000000000 ) ) ;
#7679 = AXIS2_PLACEMENT_3D ( 'NONE', #1749, #4798, #7174 ) ;
#7680 = EDGE_CURVE ( 'NONE', #6374, #5986, #326, .T. ) ;
#7681 = FACE_OUTER_BOUND ( 'NONE', #3286, .T. ) ;
#7682 = FACE_OUTER_BOUND ( 'NONE', #5612, .T. ) ;
#7683 = CARTESIAN_POINT ( 'NONE',  ( 26.50000000000041567, 2.925374589033688990E-13, 0.000000000000000000 ) ) ;
#7684 = VECTOR ( 'NONE', #2211, 1000.000000000000000 ) ;
#7685 = ORIENTED_EDGE ( 'NONE', *, *, #5169, .F. ) ;
#7686 = VECTOR ( 'NONE', #2792, 1000.000000000000000 ) ;
#7687 = PERSON_AND_ORGANIZATION ( #7086, #3295 ) ;
#7688 = ADVANCED_FACE ( 'NONE', ( #3866 ), #5591, .T. ) ;
#7689 = DIRECTION ( 'NONE',  ( 1.000000000000000000, 0.000000000000000000, 0.000000000000000000 ) ) ;
#7690 = CARTESIAN_POINT ( 'NONE',  ( -15.44535204942018325, 18.33710622225165210, 80.00000000000000000 ) ) ;
#7691 = DIRECTION ( 'NONE',  ( 1.000000000000000000, 0.000000000000000000, 0.000000000000000000 ) ) ;
#7692 = LINE ( 'NONE', #5854, #2340 ) ;
#7693 = LINE ( 'NONE', #5889, #4756 ) ;
#7694 = ADVANCED_FACE ( 'NONE', ( #5704 ), #288, .F. ) ;
#7695 = ORIENTED_EDGE ( 'NONE', *, *, #675, .F. ) ;
#7696 = LINE ( 'NONE', #2814, #2954 ) ;
#7697 = CARTESIAN_POINT ( 'NONE',  ( -1.674796664988684737E-13, 17.69999999999982165, 0.000000000000000000 ) ) ;
#7698 = LINE ( 'NONE', #2345, #2784 ) ;
#7699 = VERTEX_POINT ( 'NONE', #7463 ) ;
#7700 = AXIS2_PLACEMENT_3D ( 'NONE', #4708, #7222, #6048 ) ;
#7701 = ORIENTED_EDGE ( 'NONE', *, *, #4163, .T. ) ;
#7702 = NEXT_ASSEMBLY_USAGE_OCCURRENCE ( 'NAUO1', ' ', ' ', #4745, #463, $ ) ;
#7703 = NEXT_ASSEMBLY_USAGE_OCCURRENCE ( 'NAUO2', ' ', ' ', #4745, #6463, $ ) ;
#7704 = NEXT_ASSEMBLY_USAGE_OCCURRENCE ( 'NAUO3', ' ', ' ', #4745, #6463, $ ) ;
#7705 = NEXT_ASSEMBLY_USAGE_OCCURRENCE ( 'NAUO4', ' ', ' ', #4745, #1979, $ ) ;
#7706 = NEXT_ASSEMBLY_USAGE_OCCURRENCE ( 'NAUO5', ' ', ' ', #4745, #1979, $ ) ;
#7707 = NEXT_ASSEMBLY_USAGE_OCCURRENCE ( 'NAUO6', ' ', ' ', #4745, #1979, $ ) ;
#7708 = NEXT_ASSEMBLY_USAGE_OCCURRENCE ( 'NAUO7', ' ', ' ', #4745, #1979, $ ) ;
#7709 = NEXT_ASSEMBLY_USAGE_OCCURRENCE ( 'NAUO8', ' ', ' ', #4745, #1979, $ ) ;
#7710 = NEXT_ASSEMBLY_USAGE_OCCURRENCE ( 'NAUO9', ' ', ' ', #4745, #1979, $ ) ;
#7711 = NEXT_ASSEMBLY_USAGE_OCCURRENCE ( 'NAUO10', ' ', ' ', #4745, #1979, $ ) ;
#7712 = NEXT_ASSEMBLY_USAGE_OCCURRENCE ( 'NAUO11', ' ', ' ', #4745, #1979, $ ) ;
ENDSEC;
END-ISO-10303-21;
