# FreeCAD v1.0 build1 Arch module
# https://www.freecad.org
mtllib 60电机对拖支架-支架.mtl
o 支架
usemtl color_adb5bd
v -33.0 26.844711 3.102399
v -33.0 26.949156 3.209482
v -33.0 30.0 -0.0
v -33.0 26.735058 3.000656
v -33.0 27.048134 3.321637
v -33.0 26.62047 2.904505
v -33.0 27.141397 3.438587
v -33.0 26.50123 2.814186
v -33.0 27.228716 3.56004
v -33.0 26.377638 2.729922
v -33.0 27.309874 3.685694
v -33.0 26.25 2.651924
v -33.0 27.384665 3.815238
v -33.0 26.118631 2.580384
v -33.0 27.452906 3.948349
v -33.0 25.983862 2.515482
v -33.0 27.514429 4.084696
v -33.0 25.846024 2.457379
v -33.0 27.569078 4.223939
v -33.0 25.70546 2.406218
v -33.0 27.616718 4.365735
v -33.0 25.562521 2.362127
v -33.0 27.657232 4.509728
v -33.0 25.417562 2.325216
v -33.0 27.690517 4.655561
v -33.0 25.270945 2.295577
v -33.0 27.716492 4.802873
v -33.0 25.123032 2.273282
v -33.0 27.735092 4.951296
v -33.0 27.746271 5.100462
v -33.0 27.75 5.25
v -33.0 27.746271 5.399538
v -33.0 27.735092 5.548704
v -33.0 27.716492 5.697127
v -33.0 27.690517 5.844439
v -33.0 24.376968 2.273282
v -33.0 21.780001 -0.0
v -33.0 24.229055 2.295577
v -33.0 24.52581 2.258389
v -33.0 24.675207 2.250932
v -33.0 24.824793 2.250932
v -33.0 24.97419 2.258389
v -33.0 24.082438 2.325216
v -33.0 27.657232 5.990272
v -33.0 23.937479 2.362127
v -33.0 27.616718 6.134265
v -33.0 23.79454 2.406218
v -33.0 23.653976 2.457379
v -33.0 23.516138 2.515482
v -33.0 23.381369 2.580384
v -33.0 23.25 2.651924
v -33.0 23.122362 2.729922
v -33.0 22.99877 2.814186
v -33.0 22.87953 2.904505
v -33.0 22.764942 3.000656
v -33.0 22.655289 3.102399
v -33.0 22.550844 3.209482
v -33.0 22.451866 3.321637
v -33.0 22.358603 3.438587
v -33.0 22.271284 3.56004
v -33.0 22.190126 3.685694
v -33.0 22.115335 3.815238
v -33.0 22.047094 3.948349
v -33.0 21.985571 4.084696
v -33.0 21.930922 4.223939
v -33.0 21.883282 4.365735
v -33.0 22.655289 7.397601
v -33.0 17.601088 12.10554
v -33.0 22.764942 7.499343
v -33.0 22.550844 7.290518
v -33.0 22.451866 7.178363
v -33.0 22.358603 7.061413
v -33.0 18.466711 13.000277
v -33.0 23.25 7.848076
v -33.0 23.381369 7.919615
v -33.0 23.122362 7.770078
v -33.0 22.99877 7.685814
v -33.0 22.87953 7.595494
v -33.0 16.692167 11.254826
v -33.0 22.271284 6.93996
v -33.0 22.190126 6.814306
v -33.0 22.115335 6.684762
v -33.0 22.047094 6.551651
v -33.0 19.286903 13.936832
v -33.0 23.79454 8.093782
v -33.0 23.937479 8.137873
v -33.0 23.653976 8.042622
v -33.0 23.516138 7.984518
v -33.0 15.742182 10.450225
v -33.0 21.985571 6.415304
v -33.0 21.930922 6.276061
v -33.0 21.883282 6.134265
v -33.0 21.842768 5.990272
v -33.0 21.809483 5.844439
v -33.0 24.376968 8.226718
v -33.0 20.05965 14.912904
v -33.0 24.52581 8.241611
v -33.0 24.229055 8.204423
v -33.0 24.082438 8.174784
v -33.0 14.75347 9.693718
v -33.0 21.783508 5.697127
v -33.0 21.764908 5.548704
v -33.0 21.753729 5.399538
v -33.0 21.75 5.25
v -33.0 24.97419 8.241611
v -33.0 20.783049 15.926091
v -33.0 25.123032 8.226718
v -33.0 24.824793 8.249067
v -33.0 24.675207 8.249067
v -33.0 13.728465 8.987164
v -33.0 21.753729 5.100462
v -33.0 21.764908 4.951296
v -33.0 21.783508 4.802873
v -33.0 25.417562 8.174784
v -33.0 21.45532 16.973902
v -33.0 25.562521 8.137873
v -33.0 25.270945 8.204423
v -33.0 12.669686 8.332304
v -33.0 21.842768 4.509728
v -33.0 21.809483 4.655561
v -33.0 22.07481 18.053755
v -33.0 25.846024 8.042622
v -33.0 25.983862 7.984518
v -33.0 25.70546 8.093782
v -33.0 11.579741 7.730747
v -33.0 22.639996 19.162998
v -33.0 26.25 7.848076
v -33.0 26.377638 7.770078
v -33.0 26.118631 7.919615
v -33.0 10.461308 7.183974
v -33.0 23.149485 20.298901
v -33.0 26.62047 7.595494
v -33.0 26.735058 7.499343
v -33.0 26.50123 7.685814
v -33.0 9.317139 6.693329
v -33.0 23.602026 21.458668
v -33.0 26.844711 7.397601
v -33.0 26.949156 7.290518
v -33.0 8.15005 6.260019
v -33.0 23.996506 22.639446
v -33.0 27.048134 7.178363
v -33.0 27.141397 7.061413
v -33.0 6.962912 5.885111
v -33.0 24.331951 23.838333
v -33.0 27.228716 6.93996
v -33.0 27.309874 6.814306
v -33.0 5.758644 5.569527
v -33.0 24.60754 25.052378
v -33.0 27.384665 6.684762
v -33.0 27.452906 6.551651
v -33.0 4.54021 5.314043
v -33.0 24.822594 26.278595
v -33.0 27.514429 6.415304
v -33.0 3.310607 5.119287
v -33.0 24.976582 27.513966
v -33.0 27.569078 6.276061
v -33.0 2.07286 4.985739
v -33.0 25.069126 28.755451
v -33.0 0.830013 4.913727
v -33.0 -0.414876 4.903429
v -33.0 -21.780001 0.0
v -33.0 -1.658744 4.954869
v -33.0 -2.898531 5.067922
v -33.0 -4.131188 5.242309
v -33.0 -5.353682 5.4776
v -33.0 -6.563005 5.773218
v -33.0 -7.756184 6.128435
v -33.0 -8.930282 6.542377
v -33.0 -10.082411 7.014026
v -33.0 -11.209736 7.542222
v -33.0 -12.309485 8.125664
v -33.0 23.659666 38.380348
v -33.0 30.0 54.75
v -33.0 24.039076 37.220306
v -33.0 24.361647 36.043194
v -33.0 24.626614 34.851791
v -33.0 24.833353 33.648918
v -33.0 24.981373 32.437416
v -33.0 25.070326 31.22015
v -33.0 25.1 30.0
v -33.0 26.844711 52.602398
v -33.0 -22.655289 3.102399
v -33.0 -22.550844 3.209482
v -33.0 26.949156 52.70948
v -33.0 -22.764942 3.000656
v -33.0 23.224312 39.520573
v -33.0 26.735058 52.500656
v -33.0 -22.451866 3.321637
v -33.0 27.048134 52.821636
v -33.0 -22.87953 2.904505
v -33.0 26.62047 52.404507
v -33.0 -22.358603 3.438587
v -33.0 27.141397 52.938587
v -33.0 -22.99877 2.814186
v -33.0 26.50123 52.314186
v -33.0 22.734045 40.638287
v -33.0 -22.271284 3.56004
v -33.0 27.228716 53.06004
v -33.0 -23.122362 2.729922
v -33.0 26.377638 52.229923
v -33.0 -22.190126 3.685694
v -33.0 27.309874 53.185696
v -33.0 -23.25 2.651924
v -33.0 26.25 52.151924
v -33.0 -22.115335 3.815238
v -33.0 27.384665 53.315239
v -33.0 -23.381369 2.580384
v -33.0 22.190025 41.730846
v -33.0 26.118631 52.080383
v -33.0 -22.047094 3.948349
v -33.0 27.452906 53.448349
v -33.0 -23.516138 2.515482
v -33.0 25.983862 52.015484
v -33.0 -21.985571 4.084696
v -33.0 27.514429 53.584694
v -33.0 -23.653976 2.457379
v -33.0 25.846024 51.957378
v -33.0 -21.930922 4.223939
v -33.0 27.569078 53.723938
v -33.0 -23.79454 2.406218
v -33.0 21.593536 42.79567
v -33.0 25.70546 51.906219
v -33.0 -21.883282 4.365735
v -33.0 27.616718 53.865734
v -33.0 -23.937479 2.362127
v -33.0 25.562521 51.862125
v -33.0 -21.842768 4.509728
v -33.0 27.657232 54.009727
v -33.0 -24.082438 2.325216
v -33.0 25.417562 51.825214
v -33.0 -21.809483 4.655561
v -33.0 -13.378953 8.762918
v -33.0 27.690517 54.155563
v -33.0 -24.229055 2.295577
v -33.0 25.270945 51.795578
v -33.0 -21.783508 4.802873
v -33.0 27.716492 54.302872
v -33.0 -24.376968 2.273282
v -33.0 20.94599 43.830238
v -33.0 25.123032 51.773281
v -33.0 -21.764908 4.951296
v -33.0 27.735092 54.451298
v -33.0 -24.52581 2.258389
v -33.0 24.97419 51.758389
v -33.0 -21.753729 5.100462
v -33.0 -14.415507 9.452417
v -33.0 27.746271 54.600464
v -33.0 -24.675207 2.250932
v -33.0 24.824793 51.750931
v -33.0 -21.75 5.25
v -33.0 27.75 54.75
v -33.0 29.993675 55.007607
v -33.0 -24.824793 2.250932
v -33.0 20.248917 44.832104
v -33.0 24.675207 51.750931
v -33.0 -21.753729 5.399538
v -33.0 27.746271 54.899536
v -33.0 29.97472 55.264591
v -33.0 -24.97419 2.258389
v -33.0 24.52581 51.758389
v -33.0 -21.764908 5.548704
v -33.0 27.735092 55.048702
v -33.0 29.943176 55.520336
v -33.0 -25.123032 2.273282
v -33.0 24.376968 51.773281
v -33.0 -21.783508 5.697127
v -33.0 -15.416598 10.192464
v -33.0 27.716492 55.197128
v -33.0 29.899122 55.774223
v -33.0 24.229055 51.795578
v -33.0 -21.809483 5.844439
v -33.0 27.690517 55.344437
v -33.0 29.842665 56.025646
v -33.0 19.503967 45.798901
v -33.0 24.082438 51.825214
v -33.0 -21.842768 5.990272
v -33.0 27.657232 55.490273
v -33.0 29.773937 56.273994
v -33.0 23.937479 51.862125
v -33.0 -21.883282 6.134265
v -33.0 27.616718 55.634266
v -33.0 29.693106 56.518673
v -33.0 23.79454 51.906219
v -33.0 -21.930922 6.276061
v -33.0 -16.379765 10.981238
v -33.0 27.569078 55.776062
v -33.0 29.600367 56.759087
v -33.0 23.653976 51.957378
v -33.0 -21.985571 6.415304
v -33.0 27.514429 55.915306
v -33.0 29.495943 56.994663
v -33.0 18.712898 46.72834
v -33.0 23.516138 52.015484
v -33.0 -22.047094 6.551651
v -33.0 27.452906 56.051651
v -33.0 29.380087 57.224834
v -33.0 23.381369 52.080383
v -33.0 -22.115335 6.684762
v -33.0 27.384665 56.184761
v -33.0 29.253075 57.449039
v -33.0 23.25 52.151924
v -33.0 -22.190126 6.814306
v -33.0 27.309874 56.314304
v -33.0 29.115215 57.666744
v -33.0 23.122362 52.229923
v -33.0 -17.302635 11.816799
v -33.0 -22.271284 6.93996
v -33.0 27.228716 56.43996
v -33.0 28.966839 57.877422
v -33.0 22.99877 52.314186
v -33.0 -22.358603 7.061413
v -33.0 27.141397 56.561413
v -33.0 28.808306 58.080566
v -33.0 -22.451866 7.178363
v -33.0 27.048134 56.678364
v -33.0 28.639994 58.275684
v -33.0 22.87953 52.404507
v -33.0 17.877584 47.618229
v -33.0 22.764942 52.500656
v -33.0 -22.550844 7.290518
v -33.0 26.949156 56.79052
v -33.0 22.655289 52.602398
v -33.0 -26.735058 3.000656
v -33.0 -30.0 0.0
v -33.0 -26.844711 3.102399
v -33.0 -26.62047 2.904505
v -33.0 -26.50123 2.814186
v -33.0 -26.377638 2.729922
v -33.0 -26.25 2.651924
v -33.0 -26.118631 2.580384
v -33.0 -25.983862 2.515482
v -33.0 -25.846024 2.457379
v -33.0 -25.70546 2.406218
v -33.0 -25.562521 2.362127
v -33.0 -25.417562 2.325216
v -33.0 -25.270945 2.295577
v -33.0 28.462311 58.462311
v -33.0 -22.655289 7.397601
v -33.0 26.844711 56.897602
v -33.0 -26.949156 3.209482
v -33.0 22.550844 52.70948
v -33.0 26.735058 56.999344
v -33.0 28.275684 58.639992
v -33.0 -27.048134 3.321637
v -33.0 22.451866 52.821636
v -33.0 -27.141397 3.438587
v -33.0 28.080564 58.808304
v -33.0 26.62047 57.095493
v -33.0 -27.228716 3.56004
v -33.0 -22.99877 7.685814
v -33.0 -18.182941 12.697092
v -33.0 -22.87953 7.595494
v -33.0 -22.764942 7.499343
v -33.0 -23.122362 7.770078
v -33.0 -27.309874 3.685694
v -33.0 27.87742 58.966839
v -33.0 26.50123 57.185814
v -33.0 -27.384665 3.815238
v -33.0 -27.452906 3.948349
v -33.0 27.666744 59.115215
v -33.0 26.377638 57.270077
v -33.0 17.0 48.466457
v -33.0 22.115335 53.315239
v -33.0 22.047094 53.448349
v -33.0 22.190126 53.185696
v -33.0 22.271284 53.06004
v -33.0 22.358603 52.938587
v -33.0 -27.514429 4.084696
v -33.0 21.985571 53.584694
v -33.0 -27.569078 4.223939
v -33.0 21.930922 53.723938
v -33.0 27.449039 59.253075
v -33.0 26.25 57.348076
v -33.0 -27.616718 4.365735
v -33.0 21.883282 53.865734
v -33.0 27.224833 59.380085
v -33.0 26.118631 57.419617
v -33.0 -27.657232 4.509728
v -33.0 -27.690517 4.655561
v -33.0 25.983862 57.484516
v -33.0 26.994665 59.495945
v -33.0 -27.716492 4.802873
v -33.0 -23.25 7.848076
v -33.0 -19.018517 13.61995
v -33.0 -23.381369 7.919615
v -33.0 -23.516138 7.984518
v -33.0 -23.653976 8.042622
v -33.0 -27.735092 4.951296
v -33.0 25.846024 57.542622
v -33.0 26.759089 59.600368
v -33.0 -27.746271 5.100462
v -33.0 -27.75 5.25
v -33.0 -27.746271 5.399538
v -33.0 26.518671 59.693108
v -33.0 25.70546 57.593781
v -33.0 -27.735092 5.548704
v -33.0 -27.716492 5.697127
v -33.0 26.273994 59.773937
v -33.0 25.562521 57.637875
v -33.0 -27.690517 5.844439
v -33.0 -27.657232 5.990272
v -33.0 -27.616718 6.134265
v -33.0 26.025646 59.842663
v -33.0 25.417562 57.674786
v -33.0 25.774223 59.899124
v -33.0 25.270945 57.704422
v -33.0 -23.79454 8.093782
v -33.0 -19.807306 14.583105
v -33.0 -23.937479 8.137873
v -33.0 -24.082438 8.174784
v -33.0 -24.229055 8.204423
v -33.0 25.520334 59.943176
v -33.0 25.123032 57.726719
v -33.0 25.264589 59.97472
v -33.0 24.97419 57.741611
v -33.0 25.007605 59.993675
v -33.0 24.824793 57.749069
v -33.0 24.75 60.0
v -33.0 24.675207 57.749069
v -33.0 24.52581 57.741611
v -33.0 24.376968 57.726719
v -33.0 24.229055 57.704422
v -33.0 24.082438 57.674786
v -33.0 23.937479 57.637875
v -33.0 23.79454 57.593781
v -33.0 23.653976 57.542622
v -33.0 23.516138 57.484516
v -33.0 23.381369 57.419617
v -33.0 -24.376968 8.226718
v -33.0 -20.547367 15.584186
v -33.0 -24.52581 8.241611
v -33.0 -24.675207 8.249067
v -33.0 -24.824793 8.249067
v -33.0 -24.97419 8.241611
v -33.0 -21.236881 16.620729
v -33.0 -25.123032 8.226718
v -33.0 -25.270945 8.204423
v -33.0 -25.417562 8.174784
v -33.0 -25.562521 8.137873
v -33.0 -21.874151 17.690187
v -33.0 -25.70546 8.093782
v -33.0 -25.846024 8.042622
v -33.0 22.99877 57.185814
v -33.0 20.0 60.0
v -33.0 23.122362 57.270077
v -33.0 22.87953 57.095493
v -33.0 22.764942 56.999344
v -33.0 22.655289 56.897602
v -33.0 22.550844 56.79052
v -33.0 22.451866 56.678364
v -33.0 22.358603 56.561413
v -33.0 22.271284 56.43996
v -33.0 22.190126 56.314304
v -33.0 22.115335 56.184761
v -33.0 23.25 57.348076
v -33.0 21.930922 55.776062
v -33.0 17.0 57.0
v -33.0 21.985571 55.915306
v -33.0 21.883282 55.634266
v -33.0 21.842768 55.490273
v -33.0 21.809483 55.344437
v -33.0 21.783508 55.197128
v -33.0 21.764908 55.048702
v -33.0 21.753729 54.899536
v -33.0 21.75 54.75
v -33.0 21.753729 54.600464
v -33.0 21.764908 54.451298
v -33.0 21.783508 54.302872
v -33.0 21.809483 54.155563
v -33.0 21.842768 54.009727
v -33.0 17.003614 57.147202
v -33.0 19.852797 59.996387
v -33.0 17.014446 57.294052
v -33.0 19.705948 59.985554
v -33.0 17.032471 57.440193
v -33.0 22.047094 56.051651
v -33.0 19.559809 59.967529
v -33.0 17.057644 57.58527
v -33.0 19.414728 59.942356
v -33.0 17.089907 57.728939
v -33.0 19.271059 59.910095
v -33.0 17.129179 57.870853
v -33.0 19.129147 59.870823
v -33.0 17.175367 58.01067
v -33.0 18.98933 59.824631
v -33.0 17.228361 58.148048
v -33.0 18.85195 59.771637
v -33.0 17.288033 58.282665
v -33.0 18.717335 59.711967
v -33.0 17.354237 58.414188
v -33.0 18.58581 59.645763
v -33.0 17.426815 58.542309
v -33.0 18.457691 59.573185
v -33.0 17.50559 58.66671
v -33.0 18.33329 59.494408
v -33.0 17.590378 58.787098
v -33.0 18.212902 59.409622
v -33.0 17.680969 58.903179
v -33.0 18.096821 59.319031
v -33.0 17.777147 59.014675
v -33.0 17.985323 59.222855
v -33.0 17.878679 59.121319
v -33.0 -25.983862 7.984518
v -33.0 -22.457611 18.789928
v -33.0 -26.118631 7.919615
v -33.0 -26.25 7.848076
v -33.0 -22.985823 19.917246
v -33.0 -26.377638 7.770078
v -33.0 -26.50123 7.685814
v -33.0 -26.62047 7.595494
v -33.0 -26.735058 7.499343
v -33.0 -23.457489 21.069368
v -33.0 -26.844711 7.397601
v -33.0 -26.949156 7.290518
v -33.0 -23.871449 22.24346
v -33.0 -27.048134 7.178363
v -33.0 -27.141397 7.061413
v -33.0 -24.226685 23.436632
v -33.0 -27.228716 6.93996
v -33.0 -24.52232 24.645952
v -33.0 -27.309874 6.814306
v -33.0 -27.384665 6.684762
v -33.0 -27.452906 6.551651
v -33.0 -24.757629 25.868443
v -33.0 -22.655289 52.602398
v -33.0 -22.550844 52.70948
v -33.0 -17.894722 47.600822
v -33.0 -22.764942 52.500656
v -33.0 -22.451866 52.821636
v -33.0 -17.0 48.466457
v -33.0 -22.87953 52.404507
v -33.0 -22.358603 52.938587
v -33.0 -22.99877 52.314186
v -33.0 -18.745424 46.691887
v -33.0 -22.271284 53.06004
v -33.0 -23.122362 52.229923
v -33.0 -22.190126 53.185696
v -33.0 -23.25 52.151924
v -33.0 -22.115335 53.315239
v -33.0 -23.381369 52.080383
v -33.0 -22.047094 53.448349
v -33.0 -23.516138 52.015484
v -33.0 -19.550011 45.74189
v -33.0 -21.985571 53.584694
v -33.0 -23.653976 51.957378
v -33.0 -21.930922 53.723938
v -33.0 -23.79454 51.906219
v -33.0 -21.883282 53.865734
v -33.0 -17.0 57.0
v -33.0 -23.937479 51.862125
v -33.0 -21.842768 54.009727
v -33.0 -24.082438 51.825214
v -33.0 -20.306503 44.753166
v -33.0 -21.809483 54.155563
v -33.0 -24.229055 51.795578
v -33.0 -21.783508 54.302872
v -33.0 -24.376968 51.773281
v -33.0 -21.764908 54.451298
v -33.0 -24.52581 51.758389
v -33.0 -21.753729 54.600464
v -33.0 -24.675207 51.750931
v -33.0 -21.013041 43.728149
v -33.0 -21.75 54.75
v -33.0 -24.824793 51.750931
v -33.0 -21.753729 54.899536
v -33.0 -24.97419 51.758389
v -33.0 -21.764908 55.048702
v -33.0 -25.123032 51.773281
v -33.0 -21.783508 55.197128
v -33.0 -25.270945 51.795578
v -33.0 -21.667885 42.669361
v -33.0 -21.809483 55.344437
v -33.0 -25.417562 51.825214
v -33.0 -21.842768 55.490273
v -33.0 -25.562521 51.862125
v -33.0 -21.883282 55.634266
v -33.0 -25.70546 51.906219
v -33.0 -22.269426 41.579407
v -33.0 -21.930922 55.776062
v -33.0 -25.846024 51.957378
v -33.0 -17.014446 57.294052
v -33.0 -21.985571 55.915306
v -33.0 -17.032471 57.440193
v -33.0 -17.003614 57.147202
v -33.0 -25.983862 52.015484
v -33.0 -18.096821 59.319031
v -33.0 -22.047094 56.051651
v -33.0 -18.212902 59.409622
v -33.0 -17.985323 59.222855
v -33.0 -17.878679 59.121319
v -33.0 -17.777147 59.014675
v -33.0 -17.680969 58.903179
v -33.0 -17.590378 58.787098
v -33.0 -17.50559 58.66671
v -33.0 -17.426815 58.542309
v -33.0 -17.354237 58.414188
v -33.0 -17.288033 58.282665
v -33.0 -17.228361 58.148048
v -33.0 -17.175367 58.01067
v -33.0 -17.129179 57.870853
v -33.0 -17.089907 57.728939
v -33.0 -17.057644 57.58527
v -33.0 -26.118631 52.080383
v -33.0 -22.816183 40.460964
v -33.0 -22.115335 56.184761
v -33.0 -18.457691 59.573185
v -33.0 -18.58581 59.645763
v -33.0 -18.33329 59.494408
v -33.0 -26.25 52.151924
v -33.0 -18.717335 59.711967
v -33.0 -26.377638 52.229923
v -33.0 -18.85195 59.771637
v -33.0 -18.98933 59.824631
v -33.0 -26.50123 52.314186
v -33.0 -23.30681 39.316792
v -33.0 -19.129147 59.870823
v -33.0 -26.62047 52.404507
v -33.0 -19.271059 59.910095
v -33.0 -26.735058 52.500656
v -33.0 -19.414728 59.942356
v -33.0 -26.844711 52.602398
v -33.0 -23.740103 38.149696
v -33.0 -19.559809 59.967529
v -33.0 -19.705948 59.985554
v -33.0 -19.852797 59.996387
v -33.0 -20.0 60.0
v -33.0 -22.190126 56.314304
v -33.0 -22.271284 56.43996
v -33.0 -22.358603 56.561413
v -33.0 -22.451866 56.678364
v -33.0 -22.550844 56.79052
v -33.0 -22.655289 56.897602
v -33.0 -22.764942 56.999344
v -33.0 -22.87953 57.095493
v -33.0 -22.99877 57.185814
v -33.0 -23.122362 57.270077
v -33.0 -23.25 57.348076
v -33.0 -23.381369 57.419617
v -33.0 -27.746271 54.600464
v -33.0 -30.0 54.75
v -33.0 -27.75 54.75
v -33.0 -27.735092 54.451298
v -33.0 -27.716492 54.302872
v -33.0 -27.690517 54.155563
v -33.0 -27.657232 54.009727
v -33.0 -27.616718 53.865734
v -33.0 -27.569078 53.723938
v -33.0 -27.514429 53.584694
v -33.0 -27.452906 53.448349
v -33.0 -27.384665 53.315239
v -33.0 -27.309874 53.185696
v -33.0 -27.228716 53.06004
v -33.0 -27.141397 52.938587
v -33.0 -27.048134 52.821636
v -33.0 -26.949156 52.70948
v -33.0 -24.880762 33.310234
v -33.0 -24.686026 34.539841
v -33.0 -24.430559 35.758278
v -33.0 -24.114992 36.962551
v -33.0 -24.75 60.0
v -33.0 -23.516138 57.484516
v -33.0 -23.653976 57.542622
v -33.0 -23.79454 57.593781
v -33.0 -23.937479 57.637875
v -33.0 -24.082438 57.674786
v -33.0 -24.229055 57.704422
v -33.0 -24.376968 57.726719
v -33.0 -24.52581 57.741611
v -33.0 -24.675207 57.749069
v -33.0 -24.824793 57.749069
v -33.0 -24.97419 57.741611
v -33.0 -25.007605 59.993675
v -33.0 -29.993675 55.007607
v -33.0 -27.746271 54.899536
v -33.0 -25.264589 59.97472
v -33.0 -25.123032 57.726719
v -33.0 -29.97472 55.264591
v -33.0 -27.735092 55.048702
v -33.0 -25.520334 59.943176
v -33.0 -25.270945 57.704422
v -33.0 -29.943176 55.520336
v -33.0 -27.716492 55.197128
v -33.0 -25.774223 59.899124
v -33.0 -25.417562 57.674786
v -33.0 -29.899122 55.774223
v -33.0 -27.690517 55.344437
v -33.0 -25.562521 57.637875
v -33.0 -26.025646 59.842663
v -33.0 -29.842665 56.025646
v -33.0 -27.657232 55.490273
v -33.0 -25.70546 57.593781
v -33.0 -26.273994 59.773937
v -33.0 -29.773937 56.273994
v -33.0 -27.616718 55.634266
v -33.0 -25.846024 57.542622
v -33.0 -26.518671 59.693108
v -33.0 -29.693106 56.518673
v -33.0 -27.569078 55.776062
v -33.0 -25.983862 57.484516
v -33.0 -26.759089 59.600368
v -33.0 -29.600367 56.759087
v -33.0 -27.514429 55.915306
v -33.0 -26.118631 57.419617
v -33.0 -26.994665 59.495945
v -33.0 -29.495943 56.994663
v -33.0 -27.452906 56.051651
v -33.0 -26.25 57.348076
v -33.0 -27.224833 59.380085
v -33.0 -29.380087 57.224834
v -33.0 -27.384665 56.184761
v -33.0 -26.377638 57.270077
v -33.0 -27.449039 59.253075
v -33.0 -29.253075 57.449039
v -33.0 -27.309874 56.314304
v -33.0 -26.50123 57.185814
v -33.0 -27.666744 59.115215
v -33.0 -29.115215 57.666744
v -33.0 -27.228716 56.43996
v -33.0 -28.966839 57.877422
v -33.0 -27.141397 56.561413
v -33.0 -26.62047 57.095493
v -33.0 -27.87742 58.966839
v -33.0 -26.735058 56.999344
v -33.0 -28.080564 58.808304
v -33.0 -28.808306 58.080566
v -33.0 -27.048134 56.678364
v -33.0 -26.844711 56.897602
v -33.0 -28.275684 58.639992
v -33.0 -28.639994 58.275684
v -33.0 -26.949156 56.79052
v -33.0 -28.462311 58.462311
v -33.0 -27.569078 6.276061
v -33.0 -27.514429 6.415304
v -33.0 -25.045105 28.340881
v -33.0 -24.932035 27.101097
v -33.0 -25.096565 29.584749
v -33.0 -25.086285 30.829638
v -33.0 -25.014292 32.072487
v 33.0 -20.0 60.0
v 33.0 -24.75 60.0
v 33.0 -19.852797 59.996387
v 33.0 -19.705948 59.985554
v 33.0 -19.559809 59.967529
v 33.0 -19.414728 59.942356
v 33.0 -19.271059 59.910095
v 33.0 -19.129147 59.870823
v 33.0 -18.98933 59.824631
v 33.0 -18.85195 59.771637
v 33.0 -18.717335 59.711967
v 33.0 -18.58581 59.645763
v 33.0 -18.457691 59.573185
v 33.0 -18.33329 59.494408
v 33.0 -18.212902 59.409622
v 33.0 -18.096821 59.319031
v 33.0 -17.985323 59.222855
v 33.0 -17.878679 59.121319
v 33.0 -17.777147 59.014675
v 33.0 -17.680969 58.903179
v 33.0 -17.590378 58.787098
v 33.0 -17.50559 58.66671
v 33.0 -17.426815 58.542309
v 33.0 -17.354237 58.414188
v 33.0 -17.288033 58.282665
v 33.0 -17.228361 58.148048
v 33.0 -17.175367 58.01067
v 33.0 -17.129179 57.870853
v 33.0 -17.089907 57.728939
v 33.0 -17.057644 57.58527
v 33.0 -17.032471 57.440193
v 33.0 -17.014446 57.294052
v 33.0 -17.003614 57.147202
v 33.0 -17.0 57.0
v 33.0 -25.007605 59.993675
v 33.0 -25.264589 59.97472
v 33.0 -25.520334 59.943176
v 33.0 -25.774223 59.899124
v 33.0 -26.025646 59.842663
v 33.0 -26.273994 59.773937
v 33.0 -26.518671 59.693108
v 33.0 -26.759089 59.600368
v 33.0 -26.994665 59.495945
v 33.0 -27.224833 59.380085
v 33.0 -27.449039 59.253075
v 33.0 -27.666744 59.115215
v 33.0 -27.87742 58.966839
v 33.0 -28.080564 58.808304
v 33.0 -28.275684 58.639992
v 33.0 -28.462311 58.462311
v 33.0 -28.639994 58.275684
v 33.0 -28.808306 58.080566
v 33.0 -28.966839 57.877422
v 33.0 -29.115215 57.666744
v 33.0 -29.253075 57.449039
v 33.0 -29.380087 57.224834
v 33.0 -29.495943 56.994663
v 33.0 -29.600367 56.759087
v 33.0 -29.693106 56.518673
v 33.0 -29.773937 56.273994
v 33.0 -29.842665 56.025646
v 33.0 -29.899122 55.774223
v 33.0 -29.943176 55.520336
v 33.0 -29.97472 55.264591
v 33.0 -29.993675 55.007607
v 33.0 -30.0 54.75
v -29.5 -17.0 48.466457
v 29.5 -17.0 48.466457
v -29.5 -17.0 45.491932
v 29.5 -17.0 45.491932
v 33.0 -17.0 48.466457
v 29.285715 -30.0 0.0
v 33.0 -30.0 0.0
v -29.285715 -30.0 0.0
v -29.5 17.0 48.466457
v -29.5 17.877584 47.618229
v -29.5 18.712898 46.72834
v -29.5 19.503967 45.798901
v -29.5 20.248917 44.832104
v -29.5 20.94599 43.830238
v -29.5 21.593536 42.79567
v -29.5 22.190025 41.730846
v -29.5 22.734045 40.638287
v -29.5 23.224312 39.520573
v -29.5 23.659666 38.380348
v -29.5 24.039076 37.220306
v -29.5 24.361647 36.043194
v -29.5 24.626614 34.851791
v -29.5 24.833353 33.648918
v -29.5 24.981373 32.437416
v -29.5 25.070326 31.22015
v -29.5 25.1 30.0
v -29.5 25.069126 28.755451
v -29.5 24.976582 27.513966
v -29.5 24.822594 26.278595
v -29.5 24.60754 25.052378
v -29.5 24.331951 23.838333
v -29.5 23.996506 22.639446
v -29.5 23.602026 21.458668
v -29.5 23.149485 20.298901
v -29.5 22.639996 19.162998
v -29.5 22.07481 18.053755
v -29.5 21.45532 16.973902
v -29.5 20.783049 15.926091
v -29.5 20.05965 14.912904
v -29.5 19.286903 13.936832
v -29.5 18.466711 13.000277
v -29.5 17.601088 12.10554
v -29.5 16.692167 11.254826
v -29.5 15.742182 10.450225
v -29.5 14.75347 9.693718
v -29.5 13.728465 8.987164
v -29.5 12.669686 8.332304
v -29.5 11.579741 7.730747
v -29.5 10.461308 7.183974
v -29.5 9.317139 6.693329
v -29.5 8.15005 6.260019
v -29.5 6.962912 5.885111
v -29.5 5.758644 5.569527
v -29.5 4.54021 5.314043
v -29.5 3.310607 5.119287
v -29.5 2.07286 4.985739
v -29.5 0.830013 4.913727
v -29.5 -0.414876 4.903429
v -29.5 -1.658744 4.954869
v -29.5 -2.898531 5.067922
v -29.5 -4.131188 5.242309
v -29.5 -5.353682 5.4776
v -29.5 -6.563005 5.773218
v -29.5 -7.756184 6.128435
v -29.5 -8.930282 6.542377
v -29.5 -10.082411 7.014026
v -29.5 -11.209736 7.542222
v -29.5 -12.309485 8.125664
v -29.5 -13.378953 8.762918
v -29.5 -14.415507 9.452417
v -29.5 -15.416598 10.192464
v -29.5 -16.379765 10.981238
v -29.5 -17.302635 11.816799
v -29.5 -18.182941 12.697092
v -29.5 -19.018517 13.61995
v -29.5 -19.807306 14.583105
v -29.5 -20.547367 15.584186
v -29.5 -21.236881 16.620729
v -29.5 -21.874151 17.690187
v -29.5 -22.457611 18.789928
v -29.5 -22.985823 19.917246
v -29.5 -23.457489 21.069368
v -29.5 -23.871449 22.24346
v -29.5 -24.226685 23.436632
v -29.5 -24.52232 24.645952
v -29.5 -24.757629 25.868443
v -29.5 -24.932035 27.101097
v -29.5 -25.045105 28.340881
v -29.5 -25.096565 29.584749
v -29.5 -25.086285 30.829638
v -29.5 -25.014292 32.072487
v -29.5 -24.880762 33.310234
v -29.5 -24.686026 34.539841
v -29.5 -24.430559 35.758278
v -29.5 -24.114992 36.962551
v -29.5 -23.740103 38.149696
v -29.5 -23.30681 39.316792
v -29.5 -22.816183 40.460964
v -29.5 -22.269426 41.579407
v -29.5 -21.667885 42.669361
v -29.5 -21.013041 43.728149
v -29.5 -20.306503 44.753166
v -29.5 -19.550011 45.74189
v -29.5 -18.745424 46.691887
v -29.5 -17.894722 47.600822
v -37.012394 -26.093868 -1.910102
v -37.052895 -26.089867 -1.928553
v -36.972588 -26.099428 -1.89201
v -36.933506 -26.10651 -1.874292
v -36.89518 -26.115082 -1.85696
v -36.857635 -26.125107 -1.840027
v -43.383343 -32.245235 -5.098516
v -50.0 -33.0 -8.0
v -49.988819 -33.448486 -8.0
v -36.820896 -26.136555 -1.823505
v -36.784985 -26.149389 -1.807403
v -43.347378 -32.139874 -5.071919
v -43.414368 -32.35128 -5.123415
v -49.955303 -33.895863 -8.0
v -36.749928 -26.163584 -1.791733
v -36.71574 -26.179106 -1.776503
v -36.682446 -26.195925 -1.761723
v -43.306442 -32.035465 -5.043619
v -43.430573 -32.414917 -5.1375
v -36.650059 -26.214018 -1.7474
v -36.618603 -26.233353 -1.733544
v -36.588089 -26.253908 -1.720163
v -43.260529 -31.932289 -5.013616
v -43.20966 -31.830639 -4.981919
v -36.55854 -26.275658 -1.707265
v -36.529968 -26.298578 -1.694857
v -43.153873 -31.730812 -4.948547
v -36.502392 -26.322649 -1.682947
v -43.093246 -31.633139 -4.913537
v -36.47583 -26.347845 -1.671545
v -36.450298 -26.374149 -1.660658
v -43.027901 -31.537943 -4.876938
v -36.425812 -26.401541 -1.650294
v -37.266449 -28.284092 -2.120384
v -37.736008 -26.253855 -2.24536
v -37.785301 -26.283405 -2.268634
v -37.094051 -26.087461 -1.947346
v -37.13583 -26.086687 -1.966465
v -39.929245 -30.740911 -3.494801
v -37.178185 -26.08758 -1.985891
v -42.957977 -31.445549 -4.838813
v -39.854843 -30.7777 -3.467089
v -39.78199 -30.816778 -3.440326
v -39.710728 -30.858089 -3.414529
v -39.641083 -30.901585 -3.389713
v -39.573093 -30.947212 -3.365895
v -39.506794 -30.994923 -3.34309
v -39.442215 -31.044674 -3.321316
v -39.379387 -31.096418 -3.300589
v -39.318352 -31.150118 -3.280927
v -37.441563 -26.129864 -2.107565
v -37.486412 -26.143345 -2.12843
v -37.686096 -26.226685 -2.221862
v -37.534214 -26.159773 -2.150716
v -37.585056 -26.179628 -2.174473
v -37.308239 -26.100615 -2.045788
v -37.352402 -26.108522 -2.066211
v -37.635731 -26.201935 -2.19821
v -37.39687 -26.118265 -2.086814
v -37.221073 -26.090176 -2.005602
v -37.264442 -26.094509 -2.025576
v -36.40239 -26.429998 -1.640463
v -42.883656 -31.35627 -4.799237
v -42.805141 -31.270414 -4.7583
v -36.380051 -26.459509 -1.631174
v -37.243675 -28.331615 -2.11303
v -36.358818 -26.490051 -1.622436
v -42.722683 -31.188272 -4.716108
v -37.222492 -28.380358 -2.106508
v -39.25914 -31.20573 -3.262348
v -39.201786 -31.263214 -3.244873
v -39.146324 -31.322535 -3.228519
v -39.092796 -31.383656 -3.213308
v -39.041233 -31.446541 -3.199261
v -38.99168 -31.511156 -3.186401
v -38.944176 -31.577471 -3.174752
v -38.898766 -31.645447 -3.164338
v -38.855495 -31.715052 -3.155187
v -38.814407 -31.786251 -3.147325
v -38.775558 -31.859013 -3.140782
v -38.738995 -31.9333 -3.135586
v -38.704769 -32.009083 -3.131769
v -36.338707 -26.521608 -1.614259
v -42.63657 -31.110121 -4.672779
v -36.31974 -26.554167 -1.606654
v -36.301937 -26.587709 -1.59963
v -36.28532 -26.622223 -1.5932
v -36.269917 -26.657688 -1.587376
v -36.255749 -26.694094 -1.582169
v -36.242847 -26.731421 -1.577593
v -35.678665 -30.809027 -1.577593
v -38.672943 -32.086319 -3.129364
v -38.643578 -32.164967 -3.128403
v -38.616737 -32.244984 -3.128922
v -38.59248 -32.326324 -3.130954
v -42.547085 -31.036196 -4.628438
v -42.454556 -30.966711 -4.583221
v -36.085178 -32.405857 -1.977639
v -38.570873 -32.408939 -3.134535
v -38.551994 -32.492775 -3.139701
v -38.535912 -32.57777 -3.146487
v -36.049831 -32.373112 -1.954815
v -36.015266 -32.338776 -1.932169
v -35.981575 -32.302914 -1.909769
v -35.948845 -32.265606 -1.887678
v -35.664021 -30.844107 -1.573663
v -35.91716 -32.22694 -1.865962
v -35.650501 -30.880058 -1.570391
v -35.886597 -32.187008 -1.844687
v -35.63813 -30.916862 -1.567793
v -35.857235 -32.145901 -1.823913
v -35.62693 -30.954504 -1.565885
v -35.829147 -32.103729 -1.803701
v -35.616928 -30.99296 -1.564682
v -35.802399 -32.0606 -1.78411
v -35.608147 -31.032211 -1.564202
v -35.600616 -31.072235 -1.564461
v -35.777054 -32.016628 -1.765191
v -35.59436 -31.113007 -1.565477
v -35.753159 -31.971918 -1.746993
v -35.589413 -31.154499 -1.567268
v -35.730766 -31.926588 -1.729559
v -35.5858 -31.196686 -1.569851
v -35.709908 -31.880751 -1.712928
v -35.583549 -31.239534 -1.573243
v -35.690617 -31.834518 -1.697133
v -35.582699 -31.283009 -1.577464
v -35.618164 -31.601028 -1.631433
v -35.600368 -31.508261 -1.611528
v -35.593815 -31.462326 -1.60294
v -35.608479 -31.554518 -1.621023
v -35.672916 -31.787998 -1.682201
v -35.583267 -31.32707 -1.582528
v -35.62944 -31.647717 -1.642759
v -35.588799 -31.416779 -1.595253
v -35.656815 -31.741293 -1.668151
v -35.585293 -31.371675 -1.588453
v -35.642323 -31.6945 -1.655
v -46.985313 -37.206764 -7.302767
v -48.680336 -37.691742 -8.0
v -48.436996 -38.068638 -8.0
v -48.175175 -38.432941 -8.0
v -47.895527 -38.783745 -8.0
v -47.598743 -39.120178 -8.0
v -47.285564 -39.441402 -8.0
v -46.956768 -39.74662 -8.0
v -44.549873 -37.69302 -6.605534
v -44.158096 -35.608204 -5.944386
v -42.883804 -34.643559 -5.272462
v -42.958473 -34.553829 -5.283271
v -43.02898 -34.460564 -5.292274
v -43.095181 -34.363895 -5.299469
v -43.15694 -34.263969 -5.304851
v -43.214108 -34.160919 -5.308411
v -43.266541 -34.054893 -5.310136
v -43.309559 -33.957047 -5.310107
v -43.344803 -33.867119 -5.308785
v -43.376675 -33.775509 -5.306222
v -43.40509 -33.682304 -5.302404
v -43.429966 -33.587601 -5.297314
v -43.45121 -33.491489 -5.290932
v -43.468746 -33.394077 -5.283239
v -43.482479 -33.295464 -5.274212
v -43.492325 -33.195763 -5.263828
v -43.498192 -33.095097 -5.252062
v -43.499992 -32.993595 -5.238889
v -44.141857 -35.653629 -5.948233
v -44.123924 -35.698418 -5.951424
v -44.104351 -35.742527 -5.953969
v -44.083187 -35.785915 -5.955878
v -42.63623 -34.890175 -5.229157
v -42.722542 -34.811863 -5.245412
v -42.805111 -34.729614 -5.259845
v -44.232224 -37.928867 -6.572821
v -42.535553 -36.547981 -5.594353
v -42.567322 -38.152042 -6.114923
v -42.523575 -38.127766 -6.092286
v -42.704853 -38.215702 -6.181367
v -42.658062 -38.196033 -6.159506
v -42.400097 -38.046169 -6.023571
v -42.361877 -38.016182 -6.000578
v -42.899208 -38.278622 -6.265132
v -42.849724 -38.265263 -6.244802
v -42.800777 -38.250324 -6.224047
v -42.752457 -38.233803 -6.202892
v -42.949139 -38.290401 -6.285012
v -42.481052 -38.102001 -6.069481
v -41.483345 -35.452831 -4.925607
v -41.600502 -35.426807 -4.962969
v -42.439857 -38.074791 -6.046558
v -41.715744 -35.395351 -4.998333
v -41.828869 -35.358597 -5.031708
v -41.939686 -35.316677 -5.06311
v -42.048004 -35.269733 -5.092554
v -42.153656 -35.217899 -5.120058
v -42.256474 -35.161312 -5.145643
v -42.356289 -35.100113 -5.169327
v -42.612186 -38.174809 -6.137344
v -42.452957 -35.034431 -5.191129
v -42.546318 -34.964409 -5.211067
v -42.325306 -37.98489 -5.977639
v -43.96191 -38.118752 -6.546277
v -43.050034 -38.309254 -6.323349
v -42.999443 -38.30061 -6.304424
v -39.205242 -35.195374 -3.977639
v -39.07608 -34.596413 -3.775356
v -39.140278 -34.670761 -3.819537
v -39.207317 -34.742496 -3.864339
v -39.277054 -34.811478 -3.909629
v -39.349335 -34.877579 -3.955278
v -39.424 -34.940678 -4.001157
v -39.500896 -35.000671 -4.047143
v -39.579853 -35.057472 -4.093115
v -39.660713 -35.111 -4.138962
v -39.743309 -35.161186 -4.184572
v -39.827477 -35.207985 -4.229846
v -39.913052 -35.251343 -4.274689
v -39.999874 -35.291233 -4.319012
v -37.593624 -33.965153 -2.98882
v -38.501038 -32.927959 -3.190505
v -38.500061 -33.017643 -3.205881
v -38.502335 -33.107983 -3.223055
v -38.507923 -33.198864 -3.242046
v -38.516895 -33.290161 -3.262865
v -38.529316 -33.381741 -3.285518
v -38.545242 -33.473454 -3.31
v -38.564716 -33.565144 -3.336302
v -38.587776 -33.656643 -3.364401
v -38.614452 -33.747776 -3.394267
v -34.453033 -28.372473 -0.788797
v -48.545368 -36.07711 -7.651383
v -49.899532 -34.341007 -8.0
v -49.821651 -34.782825 -8.0
v -49.721851 -35.220211 -8.0
v -49.600376 -35.652077 -8.0
v -49.457535 -36.077358 -8.0
v -49.293674 -36.494991 -8.0
v -43.497639 -32.891388 -5.224282
v -43.491047 -32.788628 -5.208214
v -43.480137 -32.685471 -5.190659
v -43.464821 -32.582085 -5.171591
v -43.445034 -32.478657 -5.150986
v -48.457378 -36.280933 -7.651383
v -49.109207 -36.903938 -8.0
v -48.904594 -37.303185 -8.0
v -41.380493 -37.498875 -5.49441
v -45.108349 -41.007587 -8.0
v -35.279388 -31.975447 -1.49441
v -38.329941 -34.73716 -3.49441
v -38.716251 -34.017101 -3.493986
v -38.757393 -34.104862 -3.530381
v -38.802078 -34.19128 -3.568219
v -38.85025 -34.276157 -3.607403
v -38.901833 -34.359303 -3.647826
v -38.956738 -34.44051 -3.689373
v -39.014858 -34.519608 -3.731925
v -37.174156 -33.742744 -2.747205
v -38.512432 -32.75098 -3.165057
v -38.505188 -32.839039 -3.176906
v -41.148979 -37.378433 -5.373602
v -35.083046 -31.86968 -1.373602
v -38.116013 -34.624058 -3.373602
v -38.64476 -33.838356 -3.425857
v -38.678696 -33.9282 -3.459119
v -37.070541 -33.687553 -2.686801
v -38.522701 -32.663864 -3.154928
v -41.0914 -37.348396 -5.3434
v -35.034283 -31.843361 -1.343401
v -38.06284 -34.595879 -3.343401
v -37.044716 -33.673782 -2.6717
v -41.077023 -37.340893 -5.33585
v -35.022114 -31.836788 -1.33585
v -38.049568 -34.58884 -3.33585
v -37.038265 -33.670341 -2.667925
v -41.073429 -37.339016 -5.333962
v -41.0 -35.5 -4.756154
v -41.122566 -35.496994 -4.801501
v -41.244148 -35.488049 -4.844868
v -41.364487 -35.473286 -4.88624
v -40.087788 -35.327633 -4.362735
v -40.176636 -35.360523 -4.405784
v -40.266266 -35.389904 -4.448094
v -40.356529 -35.415771 -4.489604
v -40.447285 -35.438137 -4.530264
v -40.538395 -35.457016 -4.570025
v -40.629719 -35.472427 -4.608848
v -40.721134 -35.484398 -4.646698
v -40.794292 -35.491524 -4.676277
v -40.884182 -35.497314 -4.711772
v -40.942184 -35.499332 -4.734187
v -35.019073 -31.835146 -1.333963
v -46.613171 -40.035076 -8.0
v -44.29282 -37.903637 -6.584663
v -46.255627 -40.306053 -8.0
v -44.087669 -38.076542 -6.572821
v -45.885021 -40.558872 -8.0
v -44.025345 -38.098728 -6.560029
v -43.813637 -38.260921 -6.546277
v -45.502277 -40.792912 -8.0
v -43.748783 -38.277824 -6.531555
v -43.683025 -38.292458 -6.515854
v -43.616455 -38.30476 -6.499166
v -43.549171 -38.314671 -6.481484
v -43.481274 -38.322128 -6.462803
v -43.412868 -38.327061 -6.44312
v -43.344074 -38.329418 -6.422434
v -43.275021 -38.329132 -6.400751
v -43.205841 -38.326153 -6.378077
v -43.173359 -38.323807 -6.367094
v -43.140865 -38.32085 -6.355886
v -43.090698 -38.31506 -6.338139
v -40.74939 -30.512592 -3.820204
v -40.661892 -30.522968 -3.784021
v -40.575455 -30.536312 -3.748584
v -40.490147 -30.552542 -3.71392
v -40.406033 -30.571585 -3.680054
v -40.323166 -30.593365 -3.647009
v -40.2416 -30.617809 -3.614807
v -40.161381 -30.644854 -3.583466
v -40.082554 -30.674427 -3.553006
v -40.005161 -30.706467 -3.523445
v -42.359314 -30.901844 -4.537268
v -42.2617 -30.841732 -4.49072
v -42.162048 -30.786486 -4.443723
v -42.060707 -30.736176 -4.39642
v -41.958 -30.690836 -4.348946
v -41.854237 -30.650473 -4.301433
v -41.756035 -30.617058 -4.25686
v -41.663357 -30.589615 -4.21513
v -41.570477 -30.56596 -4.173628
v -41.477562 -30.546038 -4.132421
v -41.384766 -30.529787 -4.091577
v -41.29224 -30.517139 -4.051152
v -41.200111 -30.508022 -4.011204
v -41.108505 -30.502356 -3.971782
v -41.017532 -30.500061 -3.932931
v -40.927296 -30.501057 -3.894693
v -40.837883 -30.505262 -3.857105
v -47.875 7.899375 -7.0
v -50.0 33.0 -8.0
v -45.75 15.0975 -6.0
v -45.75 -15.0975 -6.0
v -43.625 7.198125 -5.0
v -39.375 6.496875 -3.0
v -41.5 -0.0 -4.0
v -39.375 -6.496875 -3.0
v -43.625 -7.198125 -5.0
v -35.125 -5.795625 -1.0
v -35.125 17.386875 -1.0
v -37.25 -12.2925 -2.0
v -35.125 -17.386875 -1.0
v -39.375 -19.490625 -3.0
v -46.8125 27.034218 -6.5
v -43.625 21.594376 -5.0
v -42.5625 10.534219 -4.5
v -44.6875 3.686719 -5.5
v -45.75 -0.0 -6.0
v -37.25 -0.0 -2.0
v -37.25 12.2925 -2.0
v -38.3125 -3.160781 -2.5
v -42.5625 -10.534219 -4.5
v -42.5625 -17.557032 -4.5
v -44.6875 -25.807032 -5.5
v -36.1875 -20.898281 -1.5
v -44.15625 27.32168 -5.25
v -40.96875 21.969492 -3.75
v -40.4375 16.68047 -3.5
v -35.65625 22.062305 -1.25
v -38.3125 22.125469 -2.5
v -43.09375 15.998554 -4.75
v -37.78125 17.143242 -2.25
v -39.90625 11.52293 -3.25
v -39.90625 -11.52293 -3.25
v -38.84375 -24.034571 -2.75
v -38.578125 24.665888 -2.625
v 33.0 17.0 48.466457
v 33.0 17.0 57.0
v 29.5 17.0 48.466457
v -29.5 17.0 45.491932
v 29.5 17.0 45.491932
v -43.413334 32.347446 -5.122547
v -49.955303 33.895863 -8.0
v -49.988819 33.448486 -8.0
v -43.43787 32.446121 -5.144178
v -43.384583 32.249157 -5.09947
v -43.351585 32.151447 -5.074935
v -43.314323 32.054531 -5.048938
v -43.2714 31.955612 -5.020583
v -43.222363 31.854961 -4.989706
v -43.16853 31.756025 -4.957197
v -43.109978 31.659105 -4.923085
v -43.046791 31.564507 -4.887412
v -42.979107 31.47254 -4.850234
v -42.907089 31.383518 -4.811621
v -42.830925 31.297735 -4.771657
v -42.750851 31.215477 -4.730436
v -42.667114 31.137011 -4.68807
v -42.579998 31.062578 -4.644673
v -42.489803 30.992393 -4.600375
v -43.531765 38.316826 -6.476776
v -43.461842 38.323792 -6.457301
v -45.108349 41.007587 -8.0
v -43.391418 38.328079 -6.436767
v -43.601063 38.307251 -6.495194
v -43.320621 38.32962 -6.415174
v -43.669628 38.295135 -6.51256
v -43.249603 38.328354 -6.392532
v -43.705265 38.287785 -6.521251
v -43.740654 38.279766 -6.529656
v -43.178509 38.324219 -6.36885
v -43.791054 38.26709 -6.541237
v -43.10751 38.317165 -6.344147
v -43.840881 38.253078 -6.552234
v -45.502277 40.792912 -8.0
v -45.885021 40.558872 -8.0
v -43.036781 38.307144 -6.318447
v -42.966507 38.294109 -6.291783
v -42.896893 38.278034 -6.264195
v -42.828148 38.258896 -6.235734
v -42.760509 38.236683 -6.206465
v -43.988972 38.110519 -6.552234
v -44.037842 38.094482 -6.562652
v -42.694237 38.211407 -6.176469
v -44.086037 38.077156 -6.572495
v -46.255627 40.306053 -8.0
v -42.629585 38.18309 -6.145836
v -42.566822 38.151779 -6.114669
v -42.506233 38.117527 -6.083085
v -44.230602 37.929508 -6.572495
v -44.277668 37.910191 -6.581768
v -42.448097 38.080425 -6.051213
v -44.323967 37.889637 -6.590475
v -46.613171 40.035076 -8.0
v -44.553905 37.690788 -6.606209
v -46.956768 39.74662 -8.0
v -43.278233 37.285118 -6.062314
v -42.392708 38.040569 -6.019197
v -42.30555 37.966785 -5.964818
v -42.345585 38.002579 -5.990479
v -42.407196 35.066349 -5.180951
v -42.331425 35.115967 -5.163536
v -42.253788 35.162872 -5.144989
v -42.174355 35.207008 -5.125303
v -42.093201 35.248314 -5.104467
v -42.010403 35.28672 -5.082473
v -36.065258 32.387688 -1.964817
v -38.543068 32.53796 -3.143116
v -38.562759 32.443352 -3.136471
v -38.585911 32.350243 -3.131835
v -35.602325 31.520248 -1.613907
v -35.61198 31.572205 -1.624879
v -35.623623 31.624445 -1.637003
v -35.594631 31.468674 -1.604077
v -35.63728 31.676857 -1.650278
v -35.588875 31.417576 -1.59538
v -35.652954 31.729322 -1.664699
v -35.585014 31.367035 -1.587799
v -35.583015 31.317125 -1.581317
v -35.67065 31.78171 -1.680255
v -35.582832 31.267912 -1.57591
v -35.690365 31.833881 -1.696923
v -35.584427 31.219454 -1.571558
v -35.712074 31.885693 -1.714674
v -35.587761 31.171804 -1.568235
v -35.735744 31.936989 -1.733471
v -35.592785 31.125011 -1.565917
v -35.761341 31.987616 -1.753266
v -35.599461 31.079121 -1.56458
v -35.788799 32.037415 -1.774004
v -35.607746 31.03417 -1.564197
v -35.818054 32.086224 -1.79562
v -35.617599 30.990191 -1.564744
v -35.849026 32.133884 -1.818043
v -35.62899 30.94721 -1.566197
v -35.881626 32.180244 -1.841193
v -35.641876 30.905256 -1.568532
v -35.915749 32.225159 -1.864989
v -35.656227 30.864359 -1.571728
v -35.672005 30.824539 -1.575763
v -35.95129 32.268482 -1.88934
v -35.689182 30.785826 -1.580615
v -35.988136 32.310089 -1.914156
v -36.026165 32.349861 -1.939346
v -38.612423 32.258732 -3.12916
v -38.642193 32.168884 -3.128394
v -38.675133 32.080761 -3.129488
v -38.711159 31.994413 -3.132394
v -37.237984 28.344404 -2.111254
v -38.750183 31.909895 -3.137065
v -38.792133 31.827261 -3.143456
v -38.836926 31.746561 -3.151525
v -38.884495 31.667847 -3.16123
v -38.934765 31.591167 -3.172532
v -38.987679 31.516569 -3.185393
v -39.043171 31.444103 -3.199777
v -39.101181 31.373814 -3.21565
v -39.161655 31.30575 -3.232982
v -39.224545 31.239956 -3.251742
v -39.289803 31.176481 -3.271904
v -37.263149 28.290855 -2.119308
v -39.357376 31.115383 -3.293441
v -39.427212 31.056721 -3.316323
v -39.49926 31.000555 -3.340527
v -39.573483 30.946943 -3.366029
v -39.649822 30.895952 -3.392804
v -39.728237 30.847649 -3.42083
v -39.808678 30.802103 -3.450085
v -39.891094 30.759392 -3.480544
v -37.756031 26.265524 -2.254806
v -41.0 30.5 -3.925478
v -41.12545 30.503149 -3.979051
v -41.252064 30.512739 -4.033695
v -41.379539 30.528978 -4.089284
v -41.507534 30.552059 -4.145679
v -41.635662 30.582163 -4.202722
v -41.763504 30.61944 -4.260237
v -41.890583 30.664007 -4.318027
v -42.003883 30.710411 -4.370099
v -42.104641 30.757286 -4.416869
v -42.203938 30.808989 -4.463418
v -42.301449 30.865467 -4.509612
v -42.396847 30.92664 -4.555309
v -39.975437 30.719589 -3.512187
v -40.061657 30.682779 -3.54499
v -40.149693 30.649048 -3.578928
v -40.239487 30.618484 -3.613977
v -40.330975 30.591181 -3.650109
v -40.424091 30.567238 -3.687298
v -40.518761 30.546755 -3.725511
v -40.614902 30.529839 -3.764718
v -40.70797 30.517115 -3.803038
v -40.79998 30.508015 -3.841263
v -40.896721 30.502134 -3.881807
v -40.948181 30.500538 -3.903517
v -37.707031 26.237753 -2.231709
v -37.65752 26.21232 -2.208434
v -37.607651 26.189259 -2.18505
v -37.551987 26.16643 -2.159014
v -36.251423 26.7061 -1.580615
v -37.490036 26.144514 -2.130118
v -36.266933 26.66502 -1.586266
v -37.428207 26.126207 -2.101361
v -36.284004 26.625114 -1.592696
v -36.302597 26.586409 -1.599888
v -37.366718 26.111464 -2.07284
v -36.322678 26.548922 -1.607825
v -37.305759 26.100222 -2.044642
v -36.344219 26.512676 -1.616491
v -37.245499 26.092405 -2.016847
v -36.367195 26.47769 -1.625871
v -36.391567 26.443983 -1.635952
v -37.1861 26.087931 -1.989526
v -36.41732 26.411587 -1.64672
v -37.127693 26.086708 -1.962739
v -37.103699 26.087133 -1.951758
v -36.444416 26.380524 -1.658162
v -37.079952 26.0881 -1.940903
v -36.472836 26.350821 -1.670264
v -37.035519 26.091383 -1.920632
v -36.502548 26.322506 -1.683014
v -36.993523 26.0963 -1.901519
v -36.533535 26.295609 -1.696402
v -36.951313 26.103081 -1.882359
v -36.565773 26.270159 -1.710415
v -36.908009 26.11203 -1.862756
v -36.599232 26.246187 -1.725042
v -36.865673 26.122822 -1.843649
v -36.633892 26.223728 -1.740272
v -36.824345 26.135408 -1.825055
v -36.669731 26.202818 -1.756094
v -36.784058 26.149744 -1.806988
v -36.706722 26.183489 -1.772495
v -36.744843 26.165785 -1.789464
v -46.98719 37.205379 -7.303105
v -47.285564 39.441402 -8.0
v -47.598743 39.120178 -8.0
v -47.895527 38.783745 -8.0
v -48.175175 38.432941 -8.0
v -48.436996 38.068638 -8.0
v -48.680336 37.691742 -8.0
v -44.083366 35.787647 -5.956327
v -42.879475 34.648506 -5.2718
v -42.818703 34.715321 -5.262106
v -42.755589 34.779861 -5.251326
v -42.690197 34.842072 -5.239455
v -42.622597 34.90189 -5.226488
v -42.552849 34.959248 -5.212419
v -42.481026 35.014091 -5.197242
v -44.103737 35.746223 -5.954558
v -44.122654 35.704136 -5.952208
v -44.140079 35.661423 -5.949269
v -44.155968 35.618114 -5.945733
v -43.499256 32.939072 -5.231266
v -43.499733 33.036514 -5.24462
v -43.496445 33.133255 -5.256674
v -43.489471 33.229191 -5.26745
v -43.478889 33.3242 -5.27697
v -43.464775 33.41819 -5.285257
v -43.447205 33.511059 -5.292329
v -43.426258 33.602715 -5.298207
v -43.402008 33.693073 -5.302907
v -43.374531 33.782047 -5.306445
v -43.343899 33.86956 -5.308836
v -43.310184 33.955536 -5.310094
v -43.273457 34.039898 -5.31023
v -43.233791 34.122574 -5.309254
v -43.191254 34.203499 -5.307173
v -43.145908 34.282604 -5.303996
v -43.097832 34.359818 -5.299728
v -43.047081 34.435081 -5.294372
v -42.993729 34.508324 -5.287931
v -42.93784 34.579487 -5.280407
v -39.185406 35.177238 -3.964817
v -40.06789 35.319736 -4.352939
v -39.946053 35.266979 -4.291673
v -39.826519 35.207474 -4.229339
v -39.709724 35.141304 -4.16617
v -39.596104 35.068592 -4.102427
v -39.486107 34.989506 -4.038395
v -39.390877 34.9133 -3.980958
v -39.308483 34.840862 -3.929635
v -39.229206 34.764736 -3.878692
v -39.153255 34.685093 -3.828313
v -39.080841 34.602135 -3.77868
v -37.583832 33.956135 -2.982409
v -38.614063 33.746529 -3.393845
v -38.584457 33.644325 -3.360509
v -38.559391 33.541691 -3.329399
v -38.538822 33.438873 -3.300556
v -38.522697 33.336102 -3.274006
v -38.510937 33.233593 -3.249759
v -38.503464 33.131542 -3.227813
v -38.500183 33.030132 -3.208154
v -38.500992 32.929531 -3.19076
v -34.456955 28.360334 -0.790308
v -48.458183 36.280136 -7.651552
v -48.904594 37.303185 -8.0
v -49.109207 36.903938 -8.0
v -49.293674 36.494991 -8.0
v -48.546154 36.076302 -7.651552
v -49.457535 36.077358 -8.0
v -49.600376 35.652077 -8.0
v -49.721851 35.220211 -8.0
v -49.821651 34.782825 -8.0
v -49.899532 34.341007 -8.0
v -43.458244 32.544987 -5.164379
v -43.474506 32.643871 -5.183167
v -43.486717 32.742615 -5.200562
v -43.494942 32.841064 -5.216588
v -41.37566 37.494392 -5.491204
v -41.926041 35.322166 -5.059313
v -41.866455 35.345051 -5.042503
v -41.806183 35.366447 -5.025121
v -41.689461 35.403049 -4.990388
v -35.274513 31.970949 -1.491204
v -38.325089 34.73267 -3.491204
v -39.012154 34.516071 -3.729977
v -38.947376 34.427139 -3.682387
v -38.886662 34.33559 -3.636086
v -38.830158 34.241688 -3.591241
v -38.777981 34.145699 -3.548009
v -38.730221 34.047905 -3.506533
v -38.686954 33.948593 -3.466942
v -37.171734 33.740501 -2.745602
v -38.505795 32.829884 -3.175599
v -38.514481 32.731331 -3.162633
v -41.147778 37.377316 -5.372801
v -41.570549 35.434025 -4.953552
v -35.081833 31.868559 -1.372801
v -38.114807 34.622936 -3.372801
v -38.648228 33.848042 -3.429348
v -37.069939 33.686993 -2.686401
v -38.526939 32.633984 -3.151821
v -41.091099 37.348118 -5.3432
v -41.449665 35.459229 -4.914601
v -35.033981 31.843081 -1.3432
v -38.062538 34.5956 -3.3432
v -37.044567 33.673645 -2.6716
v -41.076946 37.340824 -5.3358
v -35.022038 31.836718 -1.3358
v -38.049492 34.588772 -3.3358
v -37.038227 33.670307 -2.6679
v -41.07341 37.339001 -5.33395
v -41.077625 35.498795 -4.785064
v -40.951363 35.499527 -4.7377
v -40.824463 35.493828 -4.688294
v -40.697224 35.481598 -4.636894
v -40.569977 35.462738 -4.583566
v -40.44305 35.437172 -4.52839
v -40.316799 35.404835 -4.471467
v -40.191608 35.365692 -4.41293
v -41.327045 35.478516 -4.873533
v -41.202946 35.491749 -4.830349
v -35.019054 31.835129 -1.33395
v 33.0 17.003614 57.147202
v 33.0 17.014446 57.294052
v 33.0 17.032471 57.440193
v 33.0 17.057644 57.58527
v 33.0 17.089907 57.728939
v 33.0 17.129179 57.870853
v 33.0 17.175367 58.01067
v 33.0 17.228361 58.148048
v 33.0 17.288033 58.282665
v 33.0 17.354237 58.414188
v 33.0 17.426815 58.542309
v 33.0 17.50559 58.66671
v 33.0 17.590378 58.787098
v 33.0 17.680969 58.903179
v 33.0 17.777147 59.014675
v 33.0 17.878679 59.121319
v 33.0 17.985323 59.222855
v 33.0 18.096821 59.319031
v 33.0 18.212902 59.409622
v 33.0 18.33329 59.494408
v 33.0 18.457691 59.573185
v 33.0 18.58581 59.645763
v 33.0 18.717335 59.711967
v 33.0 18.85195 59.771637
v 33.0 18.98933 59.824631
v 33.0 19.129147 59.870823
v 33.0 19.271059 59.910095
v 33.0 19.414728 59.942356
v 33.0 19.559809 59.967529
v 33.0 19.705948 59.985554
v 33.0 19.852797 59.996387
v 33.0 20.0 60.0
v 29.285715 30.0 -0.0
v 33.0 30.0 54.75
v 33.0 30.0 -0.0
v -29.285715 30.0 -0.0
v 33.0 24.75 60.0
v 33.0 29.993675 55.007607
v 33.0 29.97472 55.264591
v 33.0 29.943176 55.520336
v 33.0 29.899122 55.774223
v 33.0 29.842665 56.025646
v 33.0 29.773937 56.273994
v 33.0 29.693106 56.518673
v 33.0 29.600367 56.759087
v 33.0 29.495943 56.994663
v 33.0 29.380087 57.224834
v 33.0 29.253075 57.449039
v 33.0 29.115215 57.666744
v 33.0 28.966839 57.877422
v 33.0 28.808306 58.080566
v 33.0 28.639994 58.275684
v 33.0 28.462311 58.462311
v 33.0 28.275684 58.639992
v 33.0 28.080564 58.808304
v 33.0 27.87742 58.966839
v 33.0 27.666744 59.115215
v 33.0 27.449039 59.253075
v 33.0 27.224833 59.380085
v 33.0 26.994665 59.495945
v 33.0 26.759089 59.600368
v 33.0 26.518671 59.693108
v 33.0 26.273994 59.773937
v 33.0 26.025646 59.842663
v 33.0 25.774223 59.899124
v 33.0 25.520334 59.943176
v 33.0 25.264589 59.97472
v 33.0 25.007605 59.993675
v 33.0 27.75 5.25
v 33.0 27.746271 5.399538
v 33.0 27.735092 5.548704
v 33.0 27.716492 5.697127
v 33.0 27.690517 5.844439
v 33.0 27.657232 5.990272
v 33.0 27.616718 6.134265
v 33.0 27.569078 6.276061
v 33.0 27.514429 6.415304
v 33.0 27.452906 6.551651
v 33.0 27.384665 6.684762
v 33.0 27.309874 6.814306
v 33.0 27.228716 6.93996
v 33.0 27.141397 7.061413
v 33.0 27.048134 7.178363
v 33.0 26.949156 7.290518
v 33.0 26.844711 7.397601
v 33.0 26.735058 7.499343
v 33.0 26.62047 7.595494
v 33.0 26.50123 7.685814
v 33.0 26.377638 7.770078
v 33.0 26.25 7.848076
v 33.0 26.118631 7.919615
v 33.0 25.983862 7.984518
v 33.0 25.846024 8.042622
v 33.0 25.70546 8.093782
v 33.0 25.562521 8.137873
v 33.0 25.417562 8.174784
v 33.0 25.270945 8.204423
v 33.0 25.123032 8.226718
v 33.0 24.97419 8.241611
v 33.0 24.824793 8.249067
v 33.0 24.675207 8.249067
v 33.0 24.52581 8.241611
v 33.0 24.376968 8.226718
v 33.0 24.229055 8.204423
v 33.0 24.082438 8.174784
v 33.0 23.937479 8.137873
v 33.0 23.79454 8.093782
v 33.0 23.653976 8.042622
v 33.0 23.516138 7.984518
v 33.0 23.381369 7.919615
v 33.0 23.25 7.848076
v 33.0 23.122362 7.770078
v 33.0 22.99877 7.685814
v 33.0 22.87953 7.595494
v 33.0 22.764942 7.499343
v 33.0 22.655289 7.397601
v 33.0 22.550844 7.290518
v 33.0 22.451866 7.178363
v 33.0 22.358603 7.061413
v 33.0 22.271284 6.93996
v 33.0 22.190126 6.814306
v 33.0 22.115335 6.684762
v 33.0 22.047094 6.551651
v 33.0 21.985571 6.415304
v 33.0 21.930922 6.276061
v 33.0 21.883282 6.134265
v 33.0 21.842768 5.990272
v 33.0 21.809483 5.844439
v 33.0 21.783508 5.697127
v 33.0 21.764908 5.548704
v 33.0 21.753729 5.399538
v 33.0 21.75 5.25
v 33.0 21.753729 5.100462
v 33.0 21.764908 4.951296
v 33.0 21.783508 4.802873
v 33.0 21.809483 4.655561
v 33.0 21.842768 4.509728
v 33.0 21.883282 4.365735
v 33.0 21.930922 4.223939
v 33.0 21.985571 4.084696
v 33.0 22.047094 3.948349
v 33.0 22.115335 3.815238
v 33.0 22.190126 3.685694
v 33.0 22.271284 3.56004
v 33.0 22.358603 3.438587
v 33.0 22.451866 3.321637
v 33.0 22.550844 3.209482
v 33.0 22.655289 3.102399
v 33.0 22.764942 3.000656
v 33.0 22.87953 2.904505
v 33.0 22.99877 2.814186
v 33.0 23.122362 2.729922
v 33.0 23.25 2.651924
v 33.0 23.381369 2.580384
v 33.0 23.516138 2.515482
v 33.0 23.653976 2.457379
v 33.0 23.79454 2.406218
v 33.0 23.937479 2.362127
v 33.0 24.082438 2.325216
v 33.0 24.229055 2.295577
v 33.0 24.376968 2.273282
v 33.0 24.52581 2.258389
v 33.0 24.675207 2.250932
v 33.0 24.824793 2.250932
v 33.0 24.97419 2.258389
v 33.0 25.123032 2.273282
v 33.0 25.270945 2.295577
v 33.0 25.417562 2.325216
v 33.0 25.562521 2.362127
v 33.0 25.70546 2.406218
v 33.0 25.846024 2.457379
v 33.0 25.983862 2.515482
v 33.0 26.118631 2.580384
v 33.0 26.25 2.651924
v 33.0 26.377638 2.729922
v 33.0 26.50123 2.814186
v 33.0 26.62047 2.904505
v 33.0 26.735058 3.000656
v 33.0 26.844711 3.102399
v 33.0 26.949156 3.209482
v 33.0 27.048134 3.321637
v 33.0 27.141397 3.438587
v 33.0 27.228716 3.56004
v 33.0 27.309874 3.685694
v 33.0 27.384665 3.815238
v 33.0 27.452906 3.948349
v 33.0 27.514429 4.084696
v 33.0 27.569078 4.223939
v 33.0 27.616718 4.365735
v 33.0 27.657232 4.509728
v 33.0 27.690517 4.655561
v 33.0 27.716492 4.802873
v 33.0 27.735092 4.951296
v 33.0 27.746271 5.100462
v 33.0 27.75 54.75
v 33.0 27.746271 54.899536
v 33.0 27.735092 55.048702
v 33.0 27.716492 55.197128
v 33.0 27.690517 55.344437
v 33.0 27.657232 55.490273
v 33.0 27.616718 55.634266
v 33.0 27.569078 55.776062
v 33.0 27.514429 55.915306
v 33.0 27.452906 56.051651
v 33.0 27.384665 56.184761
v 33.0 27.309874 56.314304
v 33.0 27.228716 56.43996
v 33.0 27.141397 56.561413
v 33.0 27.048134 56.678364
v 33.0 26.949156 56.79052
v 33.0 26.844711 56.897602
v 33.0 26.735058 56.999344
v 33.0 26.62047 57.095493
v 33.0 26.50123 57.185814
v 33.0 26.377638 57.270077
v 33.0 26.25 57.348076
v 33.0 26.118631 57.419617
v 33.0 25.983862 57.484516
v 33.0 25.846024 57.542622
v 33.0 25.70546 57.593781
v 33.0 25.562521 57.637875
v 33.0 25.417562 57.674786
v 33.0 25.270945 57.704422
v 33.0 25.123032 57.726719
v 33.0 24.97419 57.741611
v 33.0 24.824793 57.749069
v 33.0 24.675207 57.749069
v 33.0 24.52581 57.741611
v 33.0 24.376968 57.726719
v 33.0 24.229055 57.704422
v 33.0 24.082438 57.674786
v 33.0 23.937479 57.637875
v 33.0 23.79454 57.593781
v 33.0 23.653976 57.542622
v 33.0 23.516138 57.484516
v 33.0 23.381369 57.419617
v 33.0 23.25 57.348076
v 33.0 23.122362 57.270077
v 33.0 22.99877 57.185814
v 33.0 22.87953 57.095493
v 33.0 22.764942 56.999344
v 33.0 22.655289 56.897602
v 33.0 22.550844 56.79052
v 33.0 22.451866 56.678364
v 33.0 22.358603 56.561413
v 33.0 22.271284 56.43996
v 33.0 22.190126 56.314304
v 33.0 22.115335 56.184761
v 33.0 22.047094 56.051651
v 33.0 21.985571 55.915306
v 33.0 21.930922 55.776062
v 33.0 21.883282 55.634266
v 33.0 21.842768 55.490273
v 33.0 21.809483 55.344437
v 33.0 21.783508 55.197128
v 33.0 21.764908 55.048702
v 33.0 21.753729 54.899536
v 33.0 21.75 54.75
v 33.0 21.753729 54.600464
v 33.0 21.764908 54.451298
v 33.0 21.783508 54.302872
v 33.0 21.809483 54.155563
v 33.0 21.842768 54.009727
v 33.0 21.883282 53.865734
v 33.0 21.930922 53.723938
v 33.0 21.985571 53.584694
v 33.0 22.047094 53.448349
v 33.0 22.115335 53.315239
v 33.0 22.190126 53.185696
v 33.0 22.271284 53.06004
v 33.0 22.358603 52.938587
v 33.0 22.451866 52.821636
v 33.0 22.550844 52.70948
v 33.0 22.655289 52.602398
v 33.0 22.764942 52.500656
v 33.0 22.87953 52.404507
v 33.0 22.99877 52.314186
v 33.0 23.122362 52.229923
v 33.0 23.25 52.151924
v 33.0 23.381369 52.080383
v 33.0 23.516138 52.015484
v 33.0 23.653976 51.957378
v 33.0 23.79454 51.906219
v 33.0 23.937479 51.862125
v 33.0 24.082438 51.825214
v 33.0 24.229055 51.795578
v 33.0 24.376968 51.773281
v 33.0 24.52581 51.758389
v 33.0 24.675207 51.750931
v 33.0 24.824793 51.750931
v 33.0 24.97419 51.758389
v 33.0 25.123032 51.773281
v 33.0 25.270945 51.795578
v 33.0 25.417562 51.825214
v 33.0 25.562521 51.862125
v 33.0 25.70546 51.906219
v 33.0 25.846024 51.957378
v 33.0 25.983862 52.015484
v 33.0 26.118631 52.080383
v 33.0 26.25 52.151924
v 33.0 26.377638 52.229923
v 33.0 26.50123 52.314186
v 33.0 26.62047 52.404507
v 33.0 26.735058 52.500656
v 33.0 26.844711 52.602398
v 33.0 26.949156 52.70948
v 33.0 27.048134 52.821636
v 33.0 27.141397 52.938587
v 33.0 27.228716 53.06004
v 33.0 27.309874 53.185696
v 33.0 27.384665 53.315239
v 33.0 27.452906 53.448349
v 33.0 27.514429 53.584694
v 33.0 27.569078 53.723938
v 33.0 27.616718 53.865734
v 33.0 27.657232 54.009727
v 33.0 27.690517 54.155563
v 33.0 27.716492 54.302872
v 33.0 27.735092 54.451298
v 33.0 27.746271 54.600464
v 33.0 -21.75 5.25
v 33.0 -21.753729 5.399538
v 33.0 -21.764908 5.548704
v 33.0 -21.783508 5.697127
v 33.0 -21.809483 5.844439
v 33.0 -21.842768 5.990272
v 33.0 -21.883282 6.134265
v 33.0 -21.930922 6.276061
v 33.0 -21.985571 6.415304
v 33.0 -22.047094 6.551651
v 33.0 -22.115335 6.684762
v 33.0 -22.190126 6.814306
v 33.0 -22.271284 6.93996
v 33.0 -22.358603 7.061413
v 33.0 -22.451866 7.178363
v 33.0 -22.550844 7.290518
v 33.0 -22.655289 7.397601
v 33.0 -22.764942 7.499343
v 33.0 -22.87953 7.595494
v 33.0 -22.99877 7.685814
v 33.0 -23.122362 7.770078
v 33.0 -23.25 7.848076
v 33.0 -23.381369 7.919615
v 33.0 -23.516138 7.984518
v 33.0 -23.653976 8.042622
v 33.0 -23.79454 8.093782
v 33.0 -23.937479 8.137873
v 33.0 -24.082438 8.174784
v 33.0 -24.229055 8.204423
v 33.0 -24.376968 8.226718
v 33.0 -24.52581 8.241611
v 33.0 -24.675207 8.249067
v 33.0 -24.824793 8.249067
v 33.0 -24.97419 8.241611
v 33.0 -25.123032 8.226718
v 33.0 -25.270945 8.204423
v 33.0 -25.417562 8.174784
v 33.0 -25.562521 8.137873
v 33.0 -25.70546 8.093782
v 33.0 -25.846024 8.042622
v 33.0 -25.983862 7.984518
v 33.0 -26.118631 7.919615
v 33.0 -26.25 7.848076
v 33.0 -26.377638 7.770078
v 33.0 -26.50123 7.685814
v 33.0 -26.62047 7.595494
v 33.0 -26.735058 7.499343
v 33.0 -26.844711 7.397601
v 33.0 -26.949156 7.290518
v 33.0 -27.048134 7.178363
v 33.0 -27.141397 7.061413
v 33.0 -27.228716 6.93996
v 33.0 -27.309874 6.814306
v 33.0 -27.384665 6.684762
v 33.0 -27.452906 6.551651
v 33.0 -27.514429 6.415304
v 33.0 -27.569078 6.276061
v 33.0 -27.616718 6.134265
v 33.0 -27.657232 5.990272
v 33.0 -27.690517 5.844439
v 33.0 -27.716492 5.697127
v 33.0 -27.735092 5.548704
v 33.0 -27.746271 5.399538
v 33.0 -27.75 5.25
v 33.0 -27.746271 5.100462
v 33.0 -27.735092 4.951296
v 33.0 -27.716492 4.802873
v 33.0 -27.690517 4.655561
v 33.0 -27.657232 4.509728
v 33.0 -27.616718 4.365735
v 33.0 -27.569078 4.223939
v 33.0 -27.514429 4.084696
v 33.0 -27.452906 3.948349
v 33.0 -27.384665 3.815238
v 33.0 -27.309874 3.685694
v 33.0 -27.228716 3.56004
v 33.0 -27.141397 3.438587
v 33.0 -27.048134 3.321637
v 33.0 -26.949156 3.209482
v 33.0 -26.844711 3.102399
v 33.0 -26.735058 3.000656
v 33.0 -26.62047 2.904505
v 33.0 -26.50123 2.814186
v 33.0 -26.377638 2.729922
v 33.0 -26.25 2.651924
v 33.0 -26.118631 2.580384
v 33.0 -25.983862 2.515482
v 33.0 -25.846024 2.457379
v 33.0 -25.70546 2.406218
v 33.0 -25.562521 2.362127
v 33.0 -25.417562 2.325216
v 33.0 -25.270945 2.295577
v 33.0 -25.123032 2.273282
v 33.0 -24.97419 2.258389
v 33.0 -24.824793 2.250932
v 33.0 -24.675207 2.250932
v 33.0 -24.52581 2.258389
v 33.0 -24.376968 2.273282
v 33.0 -24.229055 2.295577
v 33.0 -24.082438 2.325216
v 33.0 -23.937479 2.362127
v 33.0 -23.79454 2.406218
v 33.0 -23.653976 2.457379
v 33.0 -23.516138 2.515482
v 33.0 -23.381369 2.580384
v 33.0 -23.25 2.651924
v 33.0 -23.122362 2.729922
v 33.0 -22.99877 2.814186
v 33.0 -22.87953 2.904505
v 33.0 -22.764942 3.000656
v 33.0 -22.655289 3.102399
v 33.0 -22.550844 3.209482
v 33.0 -22.451866 3.321637
v 33.0 -22.358603 3.438587
v 33.0 -22.271284 3.56004
v 33.0 -22.190126 3.685694
v 33.0 -22.115335 3.815238
v 33.0 -22.047094 3.948349
v 33.0 -21.985571 4.084696
v 33.0 -21.930922 4.223939
v 33.0 -21.883282 4.365735
v 33.0 -21.842768 4.509728
v 33.0 -21.809483 4.655561
v 33.0 -21.783508 4.802873
v 33.0 -21.764908 4.951296
v 33.0 -21.753729 5.100462
v 33.0 -21.75 54.75
v 33.0 -21.753729 54.899536
v 33.0 -21.764908 55.048702
v 33.0 -21.783508 55.197128
v 33.0 -21.809483 55.344437
v 33.0 -21.842768 55.490273
v 33.0 -21.883282 55.634266
v 33.0 -21.930922 55.776062
v 33.0 -21.985571 55.915306
v 33.0 -22.047094 56.051651
v 33.0 -22.115335 56.184761
v 33.0 -22.190126 56.314304
v 33.0 -22.271284 56.43996
v 33.0 -22.358603 56.561413
v 33.0 -22.451866 56.678364
v 33.0 -22.550844 56.79052
v 33.0 -22.655289 56.897602
v 33.0 -22.764942 56.999344
v 33.0 -22.87953 57.095493
v 33.0 -22.99877 57.185814
v 33.0 -23.122362 57.270077
v 33.0 -23.25 57.348076
v 33.0 -23.381369 57.419617
v 33.0 -23.516138 57.484516
v 33.0 -23.653976 57.542622
v 33.0 -23.79454 57.593781
v 33.0 -23.937479 57.637875
v 33.0 -24.082438 57.674786
v 33.0 -24.229055 57.704422
v 33.0 -24.376968 57.726719
v 33.0 -24.52581 57.741611
v 33.0 -24.675207 57.749069
v 33.0 -24.824793 57.749069
v 33.0 -24.97419 57.741611
v 33.0 -25.123032 57.726719
v 33.0 -25.270945 57.704422
v 33.0 -25.417562 57.674786
v 33.0 -25.562521 57.637875
v 33.0 -25.70546 57.593781
v 33.0 -25.846024 57.542622
v 33.0 -25.983862 57.484516
v 33.0 -26.118631 57.419617
v 33.0 -26.25 57.348076
v 33.0 -26.377638 57.270077
v 33.0 -26.50123 57.185814
v 33.0 -26.62047 57.095493
v 33.0 -26.735058 56.999344
v 33.0 -26.844711 56.897602
v 33.0 -26.949156 56.79052
v 33.0 -27.048134 56.678364
v 33.0 -27.141397 56.561413
v 33.0 -27.228716 56.43996
v 33.0 -27.309874 56.314304
v 33.0 -27.384665 56.184761
v 33.0 -27.452906 56.051651
v 33.0 -27.514429 55.915306
v 33.0 -27.569078 55.776062
v 33.0 -27.616718 55.634266
v 33.0 -27.657232 55.490273
v 33.0 -27.690517 55.344437
v 33.0 -27.716492 55.197128
v 33.0 -27.735092 55.048702
v 33.0 -27.746271 54.899536
v 33.0 -27.75 54.75
v 33.0 -27.746271 54.600464
v 33.0 -27.735092 54.451298
v 33.0 -27.716492 54.302872
v 33.0 -27.690517 54.155563
v 33.0 -27.657232 54.009727
v 33.0 -27.616718 53.865734
v 33.0 -27.569078 53.723938
v 33.0 -27.514429 53.584694
v 33.0 -27.452906 53.448349
v 33.0 -27.384665 53.315239
v 33.0 -27.309874 53.185696
v 33.0 -27.228716 53.06004
v 33.0 -27.141397 52.938587
v 33.0 -27.048134 52.821636
v 33.0 -26.949156 52.70948
v 33.0 -26.844711 52.602398
v 33.0 -26.735058 52.500656
v 33.0 -26.62047 52.404507
v 33.0 -26.50123 52.314186
v 33.0 -26.377638 52.229923
v 33.0 -26.25 52.151924
v 33.0 -26.118631 52.080383
v 33.0 -25.983862 52.015484
v 33.0 -25.846024 51.957378
v 33.0 -25.70546 51.906219
v 33.0 -25.562521 51.862125
v 33.0 -25.417562 51.825214
v 33.0 -25.270945 51.795578
v 33.0 -25.123032 51.773281
v 33.0 -24.97419 51.758389
v 33.0 -24.824793 51.750931
v 33.0 -24.675207 51.750931
v 33.0 -24.52581 51.758389
v 33.0 -24.376968 51.773281
v 33.0 -24.229055 51.795578
v 33.0 -24.082438 51.825214
v 33.0 -23.937479 51.862125
v 33.0 -23.79454 51.906219
v 33.0 -23.653976 51.957378
v 33.0 -23.516138 52.015484
v 33.0 -23.381369 52.080383
v 33.0 -23.25 52.151924
v 33.0 -23.122362 52.229923
v 33.0 -22.99877 52.314186
v 33.0 -22.87953 52.404507
v 33.0 -22.764942 52.500656
v 33.0 -22.655289 52.602398
v 33.0 -22.550844 52.70948
v 33.0 -22.451866 52.821636
v 33.0 -22.358603 52.938587
v 33.0 -22.271284 53.06004
v 33.0 -22.190126 53.185696
v 33.0 -22.115335 53.315239
v 33.0 -22.047094 53.448349
v 33.0 -21.985571 53.584694
v 33.0 -21.930922 53.723938
v 33.0 -21.883282 53.865734
v 33.0 -21.842768 54.009727
v 33.0 -21.809483 54.155563
v 33.0 -21.783508 54.302872
v 33.0 -21.764908 54.451298
v 33.0 -21.753729 54.600464
v 33.0 21.780001 -0.0
v 33.0 17.601088 12.10554
v 33.0 18.466711 13.000277
v 33.0 16.692167 11.254826
v 33.0 19.286903 13.936832
v 33.0 15.742182 10.450225
v 33.0 20.05965 14.912904
v 33.0 14.75347 9.693718
v 33.0 20.783049 15.926091
v 33.0 13.728465 8.987164
v 33.0 21.45532 16.973902
v 33.0 12.669686 8.332304
v 33.0 22.07481 18.053755
v 33.0 11.579741 7.730747
v 33.0 22.639996 19.162998
v 33.0 10.461308 7.183974
v 33.0 23.149485 20.298901
v 33.0 9.317139 6.693329
v 33.0 23.602026 21.458668
v 33.0 8.15005 6.260019
v 33.0 23.996506 22.639446
v 33.0 6.962912 5.885111
v 33.0 24.331951 23.838333
v 33.0 5.758644 5.569527
v 33.0 24.60754 25.052378
v 33.0 4.54021 5.314043
v 33.0 24.822594 26.278595
v 33.0 3.310607 5.119287
v 33.0 24.976582 27.513966
v 33.0 2.07286 4.985739
v 33.0 25.069126 28.755451
v 33.0 0.830013 4.913727
v 33.0 -0.414876 4.903429
v 33.0 -21.780001 0.0
v 33.0 -11.209736 7.542222
v 33.0 -12.309485 8.125664
v 33.0 -10.082411 7.014026
v 33.0 -8.930282 6.542377
v 33.0 -7.756184 6.128435
v 33.0 -6.563005 5.773218
v 33.0 -5.353682 5.4776
v 33.0 -4.131188 5.242309
v 33.0 -2.898531 5.067922
v 33.0 -1.658744 4.954869
v 33.0 25.070326 31.22015
v 33.0 25.1 30.0
v 33.0 24.981373 32.437416
v 33.0 24.833353 33.648918
v 33.0 24.626614 34.851791
v 33.0 24.361647 36.043194
v 33.0 24.039076 37.220306
v 33.0 23.659666 38.380348
v 33.0 23.224312 39.520573
v 33.0 22.734045 40.638287
v 33.0 22.190025 41.730846
v 33.0 21.593536 42.79567
v 33.0 -13.378953 8.762918
v 33.0 20.94599 43.830238
v 33.0 -14.415507 9.452417
v 33.0 20.248917 44.832104
v 33.0 -15.416598 10.192464
v 33.0 19.503967 45.798901
v 33.0 -16.379765 10.981238
v 33.0 18.712898 46.72834
v 33.0 -17.302635 11.816799
v 33.0 17.877584 47.618229
v 33.0 -18.182941 12.697092
v 33.0 -19.018517 13.61995
v 33.0 -19.807306 14.583105
v 33.0 -20.547367 15.584186
v 33.0 -21.236881 16.620729
v 33.0 -21.874151 17.690187
v 33.0 -22.457611 18.789928
v 33.0 -22.985823 19.917246
v 33.0 -23.457489 21.069368
v 33.0 -23.871449 22.24346
v 33.0 -24.226685 23.436632
v 33.0 -24.52232 24.645952
v 33.0 -24.757629 25.868443
v 33.0 -17.894722 47.600822
v 33.0 -18.745424 46.691887
v 33.0 -19.550011 45.74189
v 33.0 -20.306503 44.753166
v 33.0 -21.013041 43.728149
v 33.0 -21.667885 42.669361
v 33.0 -22.269426 41.579407
v 33.0 -22.816183 40.460964
v 33.0 -23.30681 39.316792
v 33.0 -23.740103 38.149696
v 33.0 -24.114992 36.962551
v 33.0 -24.430559 35.758278
v 33.0 -24.686026 34.539841
v 33.0 -24.880762 33.310234
v 33.0 -25.045105 28.340881
v 33.0 -24.932035 27.101097
v 33.0 -25.096565 29.584749
v 33.0 -25.086285 30.829638
v 33.0 -25.014292 32.072487
v 29.5 -17.894722 47.600822
v 29.5 -18.745424 46.691887
v 29.5 -19.550011 45.74189
v 29.5 -20.306503 44.753166
v 29.5 -21.013041 43.728149
v 29.5 -21.667885 42.669361
v 29.5 -22.269426 41.579407
v 29.5 -22.816183 40.460964
v 29.5 -23.30681 39.316792
v 29.5 -23.740103 38.149696
v 29.5 -24.114992 36.962551
v 29.5 -24.430559 35.758278
v 29.5 -24.686026 34.539841
v 29.5 -24.880762 33.310234
v 29.5 -25.014292 32.072487
v 29.5 -25.086285 30.829638
v 29.5 -25.096565 29.584749
v 29.5 -25.045105 28.340881
v 29.5 -24.932035 27.101097
v 29.5 -24.757629 25.868443
v 29.5 -24.52232 24.645952
v 29.5 -24.226685 23.436632
v 29.5 -23.871449 22.24346
v 29.5 -23.457489 21.069368
v 29.5 -22.985823 19.917246
v 29.5 -22.457611 18.789928
v 29.5 -21.874151 17.690187
v 29.5 -21.236881 16.620729
v 29.5 -20.547367 15.584186
v 29.5 -19.807306 14.583105
v 29.5 -19.018517 13.61995
v 29.5 -18.182941 12.697092
v 29.5 -17.302635 11.816799
v 29.5 -16.379765 10.981238
v 29.5 -15.416598 10.192464
v 29.5 -14.415507 9.452417
v 29.5 -13.378953 8.762918
v 29.5 -12.309485 8.125664
v 29.5 -11.209736 7.542222
v 29.5 -10.082411 7.014026
v 29.5 -8.930282 6.542377
v 29.5 -7.756184 6.128435
v 29.5 -6.563005 5.773218
v 29.5 -5.353682 5.4776
v 29.5 -4.131188 5.242309
v 29.5 -2.898531 5.067922
v 29.5 -1.658744 4.954869
v 29.5 -0.414876 4.903429
v 29.5 0.830013 4.913727
v 29.5 2.07286 4.985739
v 29.5 3.310607 5.119287
v 29.5 4.54021 5.314043
v 29.5 5.758644 5.569527
v 29.5 6.962912 5.885111
v 29.5 8.15005 6.260019
v 29.5 9.317139 6.693329
v 29.5 10.461308 7.183974
v 29.5 11.579741 7.730747
v 29.5 12.669686 8.332304
v 29.5 13.728465 8.987164
v 29.5 14.75347 9.693718
v 29.5 15.742182 10.450225
v 29.5 16.692167 11.254826
v 29.5 17.601088 12.10554
v 29.5 18.466711 13.000277
v 29.5 19.286903 13.936832
v 29.5 20.05965 14.912904
v 29.5 20.783049 15.926091
v 29.5 21.45532 16.973902
v 29.5 22.07481 18.053755
v 29.5 22.639996 19.162998
v 29.5 23.149485 20.298901
v 29.5 23.602026 21.458668
v 29.5 23.996506 22.639446
v 29.5 24.331951 23.838333
v 29.5 24.60754 25.052378
v 29.5 24.822594 26.278595
v 29.5 24.976582 27.513966
v 29.5 25.069126 28.755451
v 29.5 25.1 30.0
v 29.5 25.070326 31.22015
v 29.5 24.981373 32.437416
v 29.5 24.833353 33.648918
v 29.5 24.626614 34.851791
v 29.5 24.361647 36.043194
v 29.5 24.039076 37.220306
v 29.5 23.659666 38.380348
v 29.5 23.224312 39.520573
v 29.5 22.734045 40.638287
v 29.5 22.190025 41.730846
v 29.5 21.593536 42.79567
v 29.5 20.94599 43.830238
v 29.5 20.248917 44.832104
v 29.5 19.503967 45.798901
v 29.5 18.712898 46.72834
v 29.5 17.877584 47.618229
v 29.5 16.010088 13.487063
v 29.5 16.810257 14.302381
v 29.5 15.170424 12.712482
v 29.5 17.568956 15.156423
v 29.5 14.293334 11.980549
v 29.5 18.284313 16.047083
v 29.5 13.380983 11.293069
v 29.5 18.954563 16.972164
v 29.5 12.435623 10.651737
v 29.5 19.578054 17.929384
v 29.5 11.459585 10.058137
v 29.5 20.153248 18.916382
v 29.5 10.455276 9.513732
v 29.5 20.678724 19.930723
v 29.5 9.425176 9.019865
v 29.5 21.153189 20.969904
v 29.5 8.371823 8.577755
v 29.5 21.575468 22.031361
v 29.5 7.297818 8.188493
v 29.5 21.944521 23.112476
v 29.5 6.20581 7.853038
v 29.5 22.259439 24.210585
v 29.5 5.098492 7.572218
v 29.5 22.519445 25.322973
v 29.5 3.978597 7.346727
v 29.5 22.723896 26.446899
v 29.5 2.848886 7.17712
v 29.5 22.87229 27.579592
v 29.5 1.712148 7.063816
v 29.5 22.964258 28.718256
v 29.5 0.571186 7.007093
v 29.5 22.999575 29.860081
v 29.5 -0.571186 7.007093
v 29.5 22.978153 31.002251
v 29.5 -1.712148 7.063816
v 29.5 22.900045 32.141949
v 29.5 -2.848886 7.17712
v 29.5 22.765444 33.276363
v 29.5 -3.978597 7.346727
v 29.5 22.574682 34.402695
v 29.5 -5.098492 7.572218
v 29.5 22.32823 35.518166
v 29.5 -6.20581 7.853038
v 29.5 22.026695 36.620022
v 29.5 -7.297818 8.188493
v 29.5 21.670822 37.705547
v 29.5 -8.371823 8.577755
v 29.5 21.261488 38.772064
v 29.5 -9.425176 9.019865
v 29.5 20.799704 39.81694
v 29.5 -10.455276 9.513732
v 29.5 20.286608 40.837601
v 29.5 -11.459585 10.058137
v 29.5 19.723465 41.831524
v 29.5 -12.435623 10.651737
v 29.5 19.111666 42.796257
v 29.5 -13.380983 11.293069
v 29.5 18.452721 43.729427
v 29.5 -14.293334 11.980549
v 29.5 17.748253 44.628723
v 29.5 -15.170424 12.712482
v 29.5 -16.010088 13.487063
v 29.5 -16.810257 14.302381
v 29.5 -17.568956 15.156423
v 29.5 -18.284313 16.047083
v 29.5 -18.954563 16.972164
v 29.5 -19.578054 17.929384
v 29.5 -20.153248 18.916382
v 29.5 -20.678724 19.930723
v 29.5 -21.153189 20.969904
v 29.5 -21.575468 22.031361
v 29.5 -21.944521 23.112476
v 29.5 -22.259439 24.210585
v 29.5 -22.519445 25.322973
v 29.5 -22.723896 26.446899
v 29.5 -22.87229 27.579592
v 29.5 -22.964258 28.718256
v 29.5 -22.999575 29.860081
v 29.5 -22.978153 31.002251
v 29.5 -22.900045 32.141949
v 29.5 -22.765444 33.276363
v 29.5 -22.574682 34.402695
v 29.5 -22.32823 35.518166
v 29.5 -22.026695 36.620022
v 29.5 -21.670822 37.705547
v 29.5 -21.261488 38.772064
v 29.5 -20.799704 39.81694
v 29.5 -20.286608 40.837601
v 29.5 -19.723465 41.831524
v 29.5 -19.111666 42.796257
v 29.5 -18.452721 43.729427
v 29.5 -17.748253 44.628723
v -29.5 -17.748253 44.628723
v -29.5 -18.452721 43.729427
v -29.5 -19.111666 42.796257
v -29.5 -19.723465 41.831524
v -29.5 -20.286608 40.837601
v -29.5 -20.799704 39.81694
v -29.5 -21.261488 38.772064
v -29.5 -21.670822 37.705547
v -29.5 -22.026695 36.620022
v -29.5 -22.32823 35.518166
v -29.5 -22.574682 34.402695
v -29.5 -22.765444 33.276363
v -29.5 -22.900045 32.141949
v -29.5 -22.978153 31.002251
v -29.5 -22.999575 29.860081
v -29.5 -22.964258 28.718256
v -29.5 -22.87229 27.579592
v -29.5 -22.723896 26.446899
v -29.5 -22.519445 25.322973
v -29.5 -22.259439 24.210585
v -29.5 -21.944521 23.112476
v -29.5 -21.575468 22.031361
v -29.5 -21.153189 20.969904
v -29.5 -20.678724 19.930723
v -29.5 -20.153248 18.916382
v -29.5 -19.578054 17.929384
v -29.5 -18.954563 16.972164
v -29.5 -18.284313 16.047083
v -29.5 -17.568956 15.156423
v -29.5 -16.810257 14.302381
v -29.5 -16.010088 13.487063
v -29.5 -15.170424 12.712482
v -29.5 -14.293334 11.980549
v -29.5 -13.380983 11.293069
v -29.5 -12.435623 10.651737
v -29.5 -11.459585 10.058137
v -29.5 -10.455276 9.513732
v -29.5 -9.425176 9.019865
v -29.5 -8.371823 8.577755
v -29.5 -7.297818 8.188493
v -29.5 -6.20581 7.853038
v -29.5 -5.098492 7.572218
v -29.5 -3.978597 7.346727
v -29.5 -2.848886 7.17712
v -29.5 -1.712148 7.063816
v -29.5 -0.571186 7.007093
v -29.5 0.571186 7.007093
v -29.5 1.712148 7.063816
v -29.5 2.848886 7.17712
v -29.5 3.978597 7.346727
v -29.5 5.098492 7.572218
v -29.5 6.20581 7.853038
v -29.5 7.297818 8.188493
v -29.5 8.371823 8.577755
v -29.5 9.425176 9.019865
v -29.5 10.455276 9.513732
v -29.5 11.459585 10.058137
v -29.5 12.435623 10.651737
v -29.5 13.380983 11.293069
v -29.5 14.293334 11.980549
v -29.5 15.170424 12.712482
v -29.5 16.010088 13.487063
v -29.5 16.810257 14.302381
v -29.5 17.568956 15.156423
v -29.5 18.284313 16.047083
v -29.5 18.954563 16.972164
v -29.5 19.578054 17.929384
v -29.5 20.153248 18.916382
v -29.5 20.678724 19.930723
v -29.5 21.153189 20.969904
v -29.5 21.575468 22.031361
v -29.5 21.944521 23.112476
v -29.5 22.259439 24.210585
v -29.5 22.519445 25.322973
v -29.5 22.723896 26.446899
v -29.5 22.87229 27.579592
v -29.5 22.964258 28.718256
v -29.5 22.999575 29.860081
v -29.5 22.978153 31.002251
v -29.5 22.900045 32.141949
v -29.5 22.765444 33.276363
v -29.5 22.574682 34.402695
v -29.5 22.32823 35.518166
v -29.5 22.026695 36.620022
v -29.5 21.670822 37.705547
v -29.5 21.261488 38.772064
v -29.5 20.799704 39.81694
v -29.5 20.286608 40.837601
v -29.5 19.723465 41.831524
v -29.5 19.111666 42.796257
v -29.5 18.452721 43.729427
v -29.5 17.748253 44.628723
v -38.865852 -35.551353 -4.0
v -44.724285 -41.193272 -8.0
v -38.67643 -35.596638 -4.0
v -38.485958 -35.639618 -4.0
v -44.331852 -41.360546 -8.0
v -38.294498 -35.680275 -4.0
v -38.1021 -35.718582 -4.0
v -43.931938 -41.509041 -8.0
v -43.525433 -41.638412 -8.0
v -43.113255 -41.748379 -8.0
v -42.696331 -41.838692 -8.0
v -42.275593 -41.909145 -8.0
v -41.85199 -41.959583 -8.0
v -41.426476 -41.989891 -8.0
v -41.0 -42.0 -8.0
v -33.656796 -32.964542 -2.0
v -16.107143 -33.0 -2.0
v -19.035715 -39.0 -6.0
v -0.0 -36.0 -4.0
v 19.035715 -39.0 -6.0
v 41.0 -42.0 -8.0
v 16.107143 -33.0 -2.0
v -33.953125 -39.75 -6.5
v -27.455357 -37.5 -5.0
v -21.506697 -35.25 -3.5
v -28.828125 -33.75 -2.5
v 33.953125 -39.75 -6.5
v 27.455357 -37.5 -5.0
v 28.828125 -33.75 -2.5
v 21.506697 -35.25 -3.5
v -34.662388 -37.875 -5.25
v -28.256138 -35.625 -3.75
v -29.171316 -31.875 -1.25
v -20.385603 -37.125 -4.75
v 20.385603 -37.125 -4.75
v 28.256138 -35.625 -3.75
v 34.662388 -37.875 -5.25
v 29.171316 -31.875 -1.25
v -32.09417 -33.9375 -2.625
v 32.09417 -33.9375 -2.625
v 36.139187 -35.968437 -4.0
v 40.221516 -38.792042 -6.0
v 41.426476 -41.989891 -8.0
v 41.85199 -41.959583 -8.0
v 42.275593 -41.909145 -8.0
v 42.696331 -41.838692 -8.0
v 43.113255 -41.748379 -8.0
v 40.42252 -38.750801 -6.0
v 43.525433 -41.638412 -8.0
v 40.622505 -38.70591 -6.0
v 43.931938 -41.509041 -8.0
v 44.331852 -41.360546 -8.0
v 44.724285 -41.193272 -8.0
v 45.108349 -41.007587 -8.0
v -50.0 -33.0 -14.0
v -49.988819 -33.448486 -14.0
v -49.955303 -33.895863 -14.0
v -49.899532 -34.341007 -14.0
v -49.821651 -34.782825 -14.0
v -49.721851 -35.220211 -14.0
v -49.600376 -35.652077 -14.0
v -49.457535 -36.077358 -14.0
v -49.293674 -36.494991 -14.0
v -49.109207 -36.903938 -14.0
v -48.904594 -37.303185 -14.0
v -48.680336 -37.691742 -14.0
v -48.436996 -38.068638 -14.0
v -48.175175 -38.432941 -14.0
v -47.895527 -38.783745 -14.0
v -47.598743 -39.120178 -14.0
v -47.285564 -39.441402 -14.0
v -46.956768 -39.74662 -14.0
v -46.613171 -40.035076 -14.0
v -46.255627 -40.306053 -14.0
v -45.885021 -40.558872 -14.0
v -45.502277 -40.792912 -14.0
v -45.108349 -41.007587 -14.0
v -44.724285 -41.193272 -14.0
v -44.331852 -41.360546 -14.0
v -43.931938 -41.509041 -14.0
v -43.525433 -41.638412 -14.0
v -43.113255 -41.748379 -14.0
v -42.696331 -41.838692 -14.0
v -42.275593 -41.909145 -14.0
v -41.85199 -41.959583 -14.0
v -41.426476 -41.989891 -14.0
v -41.0 -42.0 -14.0
v -41.0 -35.5 -8.0
v -41.124615 -35.496891 -8.0
v -41.24892 -35.487576 -8.0
v -41.372604 -35.472076 -8.0
v -41.495365 -35.450432 -8.0
v -41.616894 -35.422691 -8.0
v -41.736889 -35.388931 -8.0
v -41.855049 -35.349232 -8.0
v -41.971088 -35.303692 -8.0
v -42.084709 -35.252422 -8.0
v -42.195637 -35.195553 -8.0
v -42.303589 -35.133228 -8.0
v -42.408298 -35.065598 -8.0
v -42.50951 -34.992832 -8.0
v -42.606968 -34.915112 -8.0
v -42.700432 -34.83263 -8.0
v -42.789665 -34.74559 -8.0
v -42.874454 -34.654213 -8.0
v -42.954578 -34.558723 -8.0
v -43.029846 -34.459358 -8.0
v -43.100063 -34.356365 -8.0
v -43.165062 -34.25 -8.0
v -43.224678 -34.140526 -8.0
v -43.278763 -34.028217 -8.0
v -43.327183 -33.913353 -8.0
v -43.36982 -33.796215 -8.0
v -43.406559 -33.677101 -8.0
v -43.437321 -33.556301 -8.0
v -43.462021 -33.43412 -8.0
v -43.480598 -33.31086 -8.0
v -43.493008 -33.186825 -8.0
v -43.499222 -33.062328 -8.0
v -43.499222 -32.937672 -8.0
v -43.493008 -32.813175 -8.0
v -43.480598 -32.68914 -8.0
v -43.462021 -32.56588 -8.0
v -43.437321 -32.443699 -8.0
v -43.406559 -32.322899 -8.0
v -43.36982 -32.203785 -8.0
v -43.327183 -32.086647 -8.0
v -43.278763 -31.971783 -8.0
v -43.224678 -31.859474 -8.0
v -43.165062 -31.75 -8.0
v -43.100063 -31.643635 -8.0
v -43.029846 -31.54064 -8.0
v -42.954578 -31.441275 -8.0
v -42.874454 -31.345785 -8.0
v -42.789665 -31.254408 -8.0
v -42.700432 -31.16737 -8.0
v -42.606968 -31.084888 -8.0
v -42.50951 -31.007168 -8.0
v -42.408298 -30.934402 -8.0
v -42.303589 -30.866774 -8.0
v -42.195637 -30.804445 -8.0
v -42.084709 -30.747578 -8.0
v -41.971088 -30.69631 -8.0
v -41.855049 -30.650768 -8.0
v -41.736889 -30.611069 -8.0
v -41.616894 -30.577307 -8.0
v -41.495365 -30.549568 -8.0
v -41.372604 -30.527924 -8.0
v -41.24892 -30.512423 -8.0
v -41.124615 -30.503107 -8.0
v -41.0 -30.5 -8.0
v -40.875385 -30.503107 -8.0
v -40.75108 -30.512423 -8.0
v -40.627396 -30.527924 -8.0
v -40.504635 -30.549568 -8.0
v -40.383106 -30.577307 -8.0
v -40.263111 -30.611069 -8.0
v -40.144951 -30.650768 -8.0
v -40.028912 -30.69631 -8.0
v -39.915291 -30.747578 -8.0
v -39.804363 -30.804445 -8.0
v -39.696411 -30.866774 -8.0
v -39.591702 -30.934402 -8.0
v -39.49049 -31.007168 -8.0
v -39.393032 -31.084888 -8.0
v -39.299568 -31.16737 -8.0
v -39.210335 -31.254408 -8.0
v -39.125546 -31.345785 -8.0
v -39.045422 -31.441275 -8.0
v -38.970154 -31.54064 -8.0
v -38.899937 -31.643635 -8.0
v -38.834938 -31.75 -8.0
v -38.775322 -31.859474 -8.0
v -38.721237 -31.971783 -8.0
v -38.672817 -32.086647 -8.0
v -38.63018 -32.203785 -8.0
v -38.593441 -32.322899 -8.0
v -38.562679 -32.443699 -8.0
v -38.537979 -32.56588 -8.0
v -38.519402 -32.68914 -8.0
v -38.506992 -32.813175 -8.0
v -38.500778 -32.937672 -8.0
v -38.500778 -33.062328 -8.0
v -38.506992 -33.186825 -8.0
v -38.519402 -33.31086 -8.0
v -38.537979 -33.43412 -8.0
v -38.562679 -33.556301 -8.0
v -38.593441 -33.677101 -8.0
v -38.63018 -33.796215 -8.0
v -38.672817 -33.913353 -8.0
v -38.721237 -34.028217 -8.0
v -38.775322 -34.140526 -8.0
v -38.834938 -34.25 -8.0
v -38.899937 -34.356365 -8.0
v -38.970154 -34.459358 -8.0
v -39.045422 -34.558723 -8.0
v -39.125546 -34.654213 -8.0
v -39.210335 -34.74559 -8.0
v -39.299568 -34.83263 -8.0
v -39.393032 -34.915112 -8.0
v -39.49049 -34.992832 -8.0
v -39.591702 -35.065598 -8.0
v -39.696411 -35.133228 -8.0
v -39.804363 -35.195553 -8.0
v -39.915291 -35.252422 -8.0
v -40.028912 -35.303692 -8.0
v -40.144951 -35.349232 -8.0
v -40.263111 -35.388931 -8.0
v -40.383106 -35.422691 -8.0
v -40.504635 -35.450432 -8.0
v -40.627396 -35.472076 -8.0
v -40.75108 -35.487576 -8.0
v -40.875385 -35.496891 -8.0
v -50.0 33.0 -14.0
v -41.0 42.0 -8.0
v -41.0 42.0 -14.0
v -41.426476 41.989891 -14.0
v -41.426476 41.989891 -8.0
v -41.85199 41.959583 -8.0
v -41.85199 41.959583 -14.0
v -42.275593 41.909145 -8.0
v -42.275593 41.909145 -14.0
v -42.696331 41.838692 -14.0
v -42.696331 41.838692 -8.0
v -43.113255 41.748379 -14.0
v -43.113255 41.748379 -8.0
v -43.525433 41.638412 -8.0
v -43.525433 41.638412 -14.0
v -43.931938 41.509041 -14.0
v -43.931938 41.509041 -8.0
v -44.331852 41.360546 -8.0
v -44.331852 41.360546 -14.0
v -44.724285 41.193272 -14.0
v -44.724285 41.193272 -8.0
v -45.108349 41.007587 -14.0
v -45.502277 40.792912 -14.0
v -45.885021 40.558872 -14.0
v -46.255627 40.306053 -14.0
v -46.613171 40.035076 -14.0
v -46.956768 39.74662 -14.0
v -47.285564 39.441402 -14.0
v -47.598743 39.120178 -14.0
v -47.895527 38.783745 -14.0
v -48.175175 38.432941 -14.0
v -48.436996 38.068638 -14.0
v -48.680336 37.691742 -14.0
v -48.904594 37.303185 -14.0
v -49.109207 36.903938 -14.0
v -49.293674 36.494991 -14.0
v -49.457535 36.077358 -14.0
v -49.600376 35.652077 -14.0
v -49.721851 35.220211 -14.0
v -49.821651 34.782825 -14.0
v -49.899532 34.341007 -14.0
v -49.955303 33.895863 -14.0
v -49.988819 33.448486 -14.0
v -36.139187 35.968437 -4.0
v -40.221516 38.792042 -6.0
v -40.42252 38.750801 -6.0
v -40.622505 38.70591 -6.0
v -41.0 30.5 -8.0
v -41.124615 30.503107 -8.0
v -41.24892 30.512423 -8.0
v -41.372604 30.527924 -8.0
v -41.495365 30.549568 -8.0
v -41.616894 30.577307 -8.0
v -41.736889 30.611069 -8.0
v -41.855049 30.650768 -8.0
v -41.971088 30.69631 -8.0
v -42.084709 30.747578 -8.0
v -42.195637 30.804445 -8.0
v -42.303589 30.866774 -8.0
v -42.408298 30.934402 -8.0
v -42.50951 31.007168 -8.0
v -42.606968 31.084888 -8.0
v -42.700432 31.16737 -8.0
v -42.789665 31.254408 -8.0
v -42.874454 31.345785 -8.0
v -42.954578 31.441275 -8.0
v -43.029846 31.54064 -8.0
v -43.100063 31.643635 -8.0
v -43.165062 31.75 -8.0
v -43.224678 31.859474 -8.0
v -43.278763 31.971783 -8.0
v -43.327183 32.086647 -8.0
v -43.36982 32.203785 -8.0
v -43.406559 32.322899 -8.0
v -43.437321 32.443699 -8.0
v -43.462021 32.56588 -8.0
v -43.480598 32.68914 -8.0
v -43.493008 32.813175 -8.0
v -43.499222 32.937672 -8.0
v -43.499222 33.062328 -8.0
v -43.493008 33.186825 -8.0
v -43.480598 33.31086 -8.0
v -43.462021 33.43412 -8.0
v -43.437321 33.556301 -8.0
v -43.406559 33.677101 -8.0
v -43.36982 33.796215 -8.0
v -43.327183 33.913353 -8.0
v -43.278763 34.028217 -8.0
v -43.224678 34.140526 -8.0
v -43.165062 34.25 -8.0
v -43.100063 34.356365 -8.0
v -43.029846 34.459358 -8.0
v -42.954578 34.558723 -8.0
v -42.874454 34.654213 -8.0
v -42.789665 34.74559 -8.0
v -42.700432 34.83263 -8.0
v -42.606968 34.915112 -8.0
v -42.50951 34.992832 -8.0
v -42.408298 35.065598 -8.0
v -42.303589 35.133228 -8.0
v -42.195637 35.195553 -8.0
v -42.084709 35.252422 -8.0
v -41.971088 35.303692 -8.0
v -41.855049 35.349232 -8.0
v -41.736889 35.388931 -8.0
v -41.616894 35.422691 -8.0
v -41.495365 35.450432 -8.0
v -41.372604 35.472076 -8.0
v -41.24892 35.487576 -8.0
v -41.124615 35.496891 -8.0
v -41.0 35.5 -8.0
v -40.875385 35.496891 -8.0
v -40.75108 35.487576 -8.0
v -40.627396 35.472076 -8.0
v -40.504635 35.450432 -8.0
v -40.383106 35.422691 -8.0
v -40.263111 35.388931 -8.0
v -40.144951 35.349232 -8.0
v -40.028912 35.303692 -8.0
v -39.915291 35.252422 -8.0
v -39.804363 35.195553 -8.0
v -39.696411 35.133228 -8.0
v -39.591702 35.065598 -8.0
v -39.49049 34.992832 -8.0
v -39.393032 34.915112 -8.0
v -39.299568 34.83263 -8.0
v -39.210335 34.74559 -8.0
v -39.125546 34.654213 -8.0
v -39.045422 34.558723 -8.0
v -38.970154 34.459358 -8.0
v -38.899937 34.356365 -8.0
v -38.834938 34.25 -8.0
v -38.775322 34.140526 -8.0
v -38.721237 34.028217 -8.0
v -38.672817 33.913353 -8.0
v -38.63018 33.796215 -8.0
v -38.593441 33.677101 -8.0
v -38.562679 33.556301 -8.0
v -38.537979 33.43412 -8.0
v -38.519402 33.31086 -8.0
v -38.506992 33.186825 -8.0
v -38.500778 33.062328 -8.0
v -38.500778 32.937672 -8.0
v -38.506992 32.813175 -8.0
v -38.519402 32.68914 -8.0
v -38.537979 32.56588 -8.0
v -38.562679 32.443699 -8.0
v -38.593441 32.322899 -8.0
v -38.63018 32.203785 -8.0
v -38.672817 32.086647 -8.0
v -38.721237 31.971783 -8.0
v -38.775322 31.859474 -8.0
v -38.834938 31.75 -8.0
v -38.899937 31.643635 -8.0
v -38.970154 31.54064 -8.0
v -39.045422 31.441275 -8.0
v -39.125546 31.345785 -8.0
v -39.210335 31.254408 -8.0
v -39.299568 31.16737 -8.0
v -39.393032 31.084888 -8.0
v -39.49049 31.007168 -8.0
v -39.591702 30.934402 -8.0
v -39.696411 30.866774 -8.0
v -39.804363 30.804445 -8.0
v -39.915291 30.747578 -8.0
v -40.028912 30.69631 -8.0
v -40.144951 30.650768 -8.0
v -40.263111 30.611069 -8.0
v -40.383106 30.577307 -8.0
v -40.504635 30.549568 -8.0
v -40.627396 30.527924 -8.0
v -40.75108 30.512423 -8.0
v -40.875385 30.503107 -8.0
v 16.107143 33.0 -2.0
v 19.035715 39.0 -6.0
v -0.0 36.0 -4.0
v -19.035715 39.0 -6.0
v 41.0 42.0 -8.0
v -16.107143 33.0 -2.0
v 33.953125 39.75 -6.5
v 27.455357 37.5 -5.0
v 21.506697 35.25 -3.5
v 28.828125 33.75 -2.5
v -33.953125 39.75 -6.5
v -27.455357 37.5 -5.0
v -28.828125 33.75 -2.5
v -21.506697 35.25 -3.5
v 34.662388 37.875 -5.25
v 28.256138 35.625 -3.75
v 29.171316 31.875 -1.25
v 20.385603 37.125 -4.75
v -20.385603 37.125 -4.75
v -28.256138 35.625 -3.75
v -34.662388 37.875 -5.25
v -29.171316 31.875 -1.25
v 32.09417 33.9375 -2.625
v -32.09417 33.9375 -2.625
v 38.865852 35.551353 -4.0
v 45.108349 41.007587 -8.0
v 44.724285 41.193272 -8.0
v 38.67643 35.596638 -4.0
v 38.485958 35.639618 -4.0
v 44.331852 41.360546 -8.0
v 38.294498 35.680275 -4.0
v 38.1021 35.718582 -4.0
v 43.931938 41.509041 -8.0
v 43.525433 41.638412 -8.0
v 43.113255 41.748379 -8.0
v 42.696331 41.838692 -8.0
v 42.275593 41.909145 -8.0
v 41.85199 41.959583 -8.0
v 41.426476 41.989891 -8.0
v 33.656796 32.964542 -2.0
v 43.453709 -32.521141 -5.159638
v 49.899532 -34.341007 -8.0
v 49.955303 -33.895863 -8.0
v 43.433075 -32.425415 -5.139764
v 43.408524 -32.32991 -5.118544
v 49.988819 -33.448486 -8.0
v 43.380013 -32.234795 -5.095965
v 50.0 -33.0 -8.0
v 43.347515 -32.140251 -5.072019
v 43.311016 -32.046478 -5.0467
v 43.270504 -31.953671 -5.020007
v 43.225994 -31.862043 -4.991949
v 43.177513 -31.771818 -4.962537
v 43.125111 -31.683222 -4.931794
v 43.068848 -31.596483 -4.899747
v 43.008823 -31.511835 -4.866438
v 42.945141 -31.429516 -4.831913
v 42.877945 -31.349752 -4.796233
v 42.807392 -31.272766 -4.759463
v 42.733654 -31.198765 -4.721678
v 42.656933 -31.127951 -4.682964
v 42.577446 -31.060499 -4.643411
v 42.495415 -30.996569 -4.603114
v 43.533749 -38.316589 -6.477316
v 43.464848 -38.323547 -6.458157
v 43.395454 -38.327908 -6.437969
v 43.354774 -38.329224 -6.425711
v 43.602047 -38.307095 -6.495449
v 43.313919 -38.32962 -6.41308
v 43.273746 -38.329102 -6.400342
v 43.669628 -38.295135 -6.51256
v 43.239803 -38.327953 -6.389328
v 43.716446 -38.285332 -6.523931
v 43.205841 -38.326153 -6.378077
v 43.762829 -38.274372 -6.534808
v 43.136684 -38.320423 -6.354428
v 43.811413 -38.261543 -6.545784
v 45.502277 -40.792912 -8.0
v 45.885021 -40.558872 -8.0
v 43.067707 -38.311901 -6.329822
v 42.999084 -38.300541 -6.304288
v 42.931 -38.286316 -6.277862
v 42.863644 -38.269196 -6.250587
v 42.79723 -38.249172 -6.222517
v 43.959698 -38.119404 -6.545784
v 42.731979 -38.226246 -6.193718
v 44.007404 -38.104649 -6.556214
v 44.054501 -38.088665 -6.566103
v 46.255627 -40.306053 -8.0
v 42.668118 -38.200424 -6.164265
v 42.605892 -38.171738 -6.134245
v 42.545555 -38.140232 -6.10376
v 44.199333 -37.94149 -6.566103
v 42.487366 -38.105972 -6.072921
v 44.245396 -37.923603 -6.575454
v 44.29076 -37.904537 -6.584272
v 46.613171 -40.035076 -8.0
v 36.088196 -32.408546 -1.979572
v 38.527603 -32.629513 -3.151372
v 38.542229 -32.542442 -3.143479
v 38.559784 -32.456535 -3.13728
v 38.5802 -32.371853 -3.13274
v 35.598137 -31.493755 -1.608725
v 35.615273 -31.587893 -1.628405
v 35.626293 -31.635309 -1.639663
v 35.605892 -31.540682 -1.618093
v 35.591984 -31.447182 -1.600293
v 35.638966 -31.68285 -1.651867
v 35.58741 -31.40103 -1.592786
v 35.653301 -31.730419 -1.665014
v 35.584385 -31.355356 -1.586193
v 35.669304 -31.777925 -1.679092
v 35.582882 -31.310215 -1.580498
v 35.686962 -31.825262 -1.694086
v 35.582867 -31.265654 -1.575686
v 35.706261 -31.87232 -1.709976
v 35.584312 -31.221716 -1.571739
v 35.587189 -31.17844 -1.56864
v 35.727188 -31.918991 -1.726735
v 35.591461 -31.135862 -1.56637
v 35.749706 -31.965157 -1.744328
v 35.597099 -31.094015 -1.564911
v 35.773777 -32.0107 -1.762719
v 35.604073 -31.052925 -1.564243
v 35.799358 -32.055496 -1.78186
v 35.61235 -31.012623 -1.564349
v 35.826397 -32.099438 -1.801703
v 35.62191 -30.973129 -1.56521
v 35.854824 -32.142395 -1.822191
v 35.632713 -30.934467 -1.566808
v 35.884571 -32.184265 -1.843266
v 35.644741 -30.89666 -1.569127
v 35.915569 -32.22493 -1.864864
v 35.657967 -30.859726 -1.57215
v 35.947731 -32.264294 -1.88692
v 35.672363 -30.823685 -1.57586
v 35.687912 -30.788551 -1.580242
v 35.980976 -32.30225 -1.909366
v 36.015213 -32.338718 -1.932134
v 36.05035 -32.373611 -1.955154
v 38.603397 -32.288456 -3.129822
v 38.629303 -32.206402 -3.128486
v 38.657848 -32.125736 -3.128698
v 38.688969 -32.046513 -3.13042
v 37.2351 -28.350786 -2.110349
v 38.722599 -31.968765 -3.133617
v 38.758675 -31.892546 -3.138254
v 38.797134 -31.817886 -3.144299
v 38.837933 -31.744827 -3.151719
v 38.881008 -31.673399 -3.160484
v 38.926311 -31.603642 -3.170564
v 38.973797 -31.535587 -3.181932
v 39.023418 -31.469275 -3.19456
v 39.075127 -31.404737 -3.208424
v 39.128883 -31.342012 -3.223497
v 39.184647 -31.281136 -3.239759
v 39.242378 -31.222143 -3.257186
v 39.302044 -31.165075 -3.275759
v 37.257626 -28.301994 -2.117499
v 39.363602 -31.109972 -3.295457
v 39.427017 -31.056877 -3.316259
v 39.492252 -31.005833 -3.338149
v 39.559277 -30.956886 -3.361106
v 39.628052 -30.910082 -3.385115
v 39.698544 -30.865473 -3.410158
v 39.770714 -30.823109 -3.436218
v 39.844528 -30.783045 -3.463277
v 39.919952 -30.745338 -3.49132
v 37.767765 -26.272575 -2.260347
v 40.403969 -30.57209 -3.679227
v 40.489452 -30.552687 -3.713638
v 40.576164 -30.536188 -3.748874
v 40.664047 -30.522676 -3.784909
v 40.753029 -30.51223 -3.821714
v 40.843029 -30.504932 -3.85926
v 40.933971 -30.500872 -3.897512
v 41.025764 -30.500134 -3.936435
v 41.118309 -30.502802 -3.975986
v 41.211494 -30.508963 -4.016124
v 41.305202 -30.5187 -4.056798
v 41.399307 -30.532095 -4.097957
v 41.493664 -30.549225 -4.139541
v 41.58812 -30.570162 -4.181487
v 41.682507 -30.594967 -4.223726
v 41.776646 -30.623695 -4.266184
v 41.870346 -30.656391 -4.308781
v 41.963402 -30.693085 -4.351432
v 42.055592 -30.733788 -4.394045
v 42.146698 -30.778494 -4.436526
v 42.236473 -30.827183 -4.478776
v 42.324684 -30.879808 -4.520693
v 42.411079 -30.9363 -4.562174
v 39.996948 -30.710047 -3.520329
v 40.07547 -30.677235 -3.550286
v 40.155479 -30.646963 -3.581174
v 40.236931 -30.619301 -3.612973
v 40.319778 -30.59432 -3.645665
v 37.723335 -26.2467 -2.239388
v 37.678444 -26.222754 -2.218263
v 37.633198 -26.20076 -2.197023
v 37.587711 -26.180735 -2.175716
v 37.542088 -26.162683 -2.154391
v 36.250378 -26.709078 -1.580242
v 37.496422 -26.146606 -2.133092
v 36.264275 -26.671698 -1.585282
v 37.450809 -26.132492 -2.111863
v 36.279457 -26.635283 -1.590966
v 37.405338 -26.120323 -2.090744
v 36.295902 -26.599848 -1.59728
v 37.360092 -26.110081 -2.069771
v 36.313583 -26.565407 -1.604212
v 37.315144 -26.101734 -2.048978
v 36.332478 -26.531981 -1.611749
v 37.270565 -26.095259 -2.028399
v 36.352558 -26.49958 -1.619879
v 37.226418 -26.090616 -2.008062
v 36.373806 -26.468225 -1.628593
v 37.182762 -26.087776 -1.987993
v 36.396198 -26.437933 -1.63788
v 36.419716 -26.40872 -1.647728
v 37.139652 -26.086699 -1.968217
v 36.44434 -26.380606 -1.65813
v 37.097137 -26.087347 -1.948756
v 36.470051 -26.353611 -1.669074
v 37.055256 -26.089685 -1.92963
v 36.49683 -26.327755 -1.680553
v 37.014053 -26.093672 -1.910857
v 36.524658 -26.303059 -1.692558
v 36.973568 -26.099272 -1.892455
v 36.55352 -26.279547 -1.705079
v 36.933826 -26.106445 -1.874437
v 36.583393 -26.25724 -1.718109
v 36.894867 -26.115158 -1.856819
v 36.614265 -26.236164 -1.731638
v 36.856716 -26.125374 -1.839614
v 36.646114 -26.216343 -1.74566
v 36.819397 -26.137056 -1.822832
v 36.678928 -26.197805 -1.760164
v 36.782936 -26.150173 -1.806487
v 36.712681 -26.180578 -1.775143
v 36.747356 -26.16469 -1.790587
v 46.745289 -37.513794 -7.292136
v 46.956768 -39.74662 -8.0
v 47.285564 -39.441402 -8.0
v 47.598743 -39.120178 -8.0
v 47.895527 -38.783745 -8.0
v 48.175175 -38.432941 -8.0
v 48.436996 -38.068638 -8.0
v 42.509468 -36.565609 -5.590109
v 42.044304 -35.271439 -5.091568
v 41.96323 -35.306988 -5.069616
v 41.885311 -35.337997 -5.047863
v 41.806183 -35.366447 -5.025121
v 41.691139 -35.402565 -4.990898
v 41.573967 -35.43322 -4.954631
v 41.45488 -35.458267 -4.916313
v 42.54829 -36.54266 -5.59735
v 42.378487 -38.029533 -6.010687
v 42.431591 -38.069038 -6.041852
v 42.328327 -37.987583 -5.979572
v 42.633217 -34.892776 -5.22857
v 42.566021 -34.948738 -5.215127
v 42.496861 -35.00235 -5.200646
v 42.425804 -35.053555 -5.185121
v 42.352913 -35.102291 -5.168544
v 42.278252 -35.148506 -5.150909
v 42.201885 -35.192139 -5.132206
v 42.123878 -35.233135 -5.112429
v 43.899136 -36.03846 -5.94719
v 42.76149 -34.774021 -5.252364
v 42.698395 -34.834518 -5.24098
v 43.923653 -36.001091 -5.947254
v 43.94693 -35.963009 -5.946792
v 43.968945 -35.924232 -5.9458
v 42.822445 -34.711342 -5.262723
v 43.989655 -35.884796 -5.944273
v 44.009022 -35.844723 -5.942203
v 44.027012 -35.804043 -5.939584
v 43.498318 -33.091728 -5.251646
v 43.493145 -33.185005 -5.262632
v 43.484554 -33.277462 -5.27243
v 43.472618 -33.369003 -5.281061
v 43.457401 -33.459545 -5.288544
v 43.438976 -33.548996 -5.294896
v 43.417412 -33.637276 -5.300134
v 43.392776 -33.724304 -5.304274
v 43.365139 -33.810013 -5.307329
v 43.33456 -33.894325 -5.309312
v 43.301113 -33.977177 -5.310235
v 43.264858 -34.058495 -5.310108
v 43.225861 -34.138222 -5.30894
v 43.184181 -34.21629 -5.306738
v 43.139877 -34.292641 -5.303508
v 43.093018 -34.36721 -5.299255
v 43.043663 -34.439945 -5.293983
v 42.991867 -34.510784 -5.287693
v 42.937691 -34.579666 -5.280386
v 42.881199 -34.646538 -5.272064
v 39.208263 -35.198063 -3.979572
v 40.018818 -35.299408 -4.32853
v 39.901089 -35.245529 -4.268491
v 39.785694 -35.185284 -4.20752
v 39.673035 -35.118763 -4.145841
v 39.563515 -35.046097 -4.083703
v 39.457554 -34.967449 -4.021374
v 39.355549 -34.883022 -3.959145
v 39.278114 -34.812489 -3.910308
v 39.207211 -34.742386 -3.864268
v 39.139091 -34.669437 -3.818733
v 39.07391 -34.593796 -3.773841
v 37.595112 -33.966488 -2.989786
v 38.608845 -33.729641 -3.388172
v 38.582493 -33.636913 -3.358183
v 38.559872 -33.543842 -3.330027
v 38.540947 -33.450619 -3.303735
v 38.525681 -33.35741 -3.279326
v 38.514019 -33.264385 -3.256809
v 38.505901 -33.171688 -3.236187
v 38.501263 -33.07946 -3.21745
v 38.500031 -32.987835 -3.200586
v 34.456478 -28.361761 -0.790121
v 48.266693 -36.653206 -7.646068
v 48.680336 -37.691742 -8.0
v 48.904594 -37.303185 -8.0
v 49.109207 -36.903938 -8.0
v 48.363762 -36.453766 -7.646068
v 49.293674 -36.494991 -8.0
v 49.457535 -36.077358 -8.0
v 49.600376 -35.652077 -8.0
v 49.721851 -35.220211 -8.0
v 49.821651 -34.782825 -8.0
v 43.470474 -32.61692 -5.178184
v 43.483425 -32.712608 -5.195417
v 43.492622 -32.80806 -5.21136
v 43.498123 -32.903145 -5.226031
v 43.5 -32.997742 -5.239453
v 41.381229 -37.499538 -5.494893
v 35.280125 -31.976112 -1.494893
v 38.330677 -34.737827 -3.494893
v 39.01181 -34.515621 -3.729728
v 38.952923 -34.435085 -3.686532
v 38.897369 -34.352383 -3.644382
v 38.845253 -34.2677 -3.603405
v 38.796669 -34.181244 -3.56372
v 38.751694 -34.09322 -3.525437
v 38.710388 -34.003834 -3.488657
v 37.174522 -33.743076 -2.747447
v 38.502125 -32.896923 -3.185572
v 38.507473 -32.806835 -3.172385
v 38.515991 -32.71767 -3.160996
v 41.149162 -37.378601 -5.373723
v 35.083229 -31.869846 -1.373723
v 38.116196 -34.624222 -3.373723
v 38.672798 -33.913307 -3.453469
v 38.638947 -33.821838 -3.419952
v 37.070633 -33.687637 -2.686862
v 41.091446 -37.348438 -5.343431
v 35.034328 -31.843401 -1.343431
v 38.062885 -34.595921 -3.343431
v 37.044739 -33.673805 -2.671715
v 41.077034 -37.340904 -5.335858
v 35.022125 -31.836798 -1.335858
v 38.04958 -34.588852 -3.335858
v 37.038273 -33.670349 -2.667929
v 41.073433 -37.33902 -5.333964
v 41.0 -35.5 -4.756154
v 40.876705 -35.49696 -4.708855
v 40.752964 -35.487766 -4.659644
v 40.629074 -35.472328 -4.608576
v 40.505348 -35.450577 -4.555723
v 40.382111 -35.42244 -4.501173
v 40.259705 -35.387878 -4.445035
v 40.138485 -35.34687 -4.387437
v 41.334099 -35.477573 -4.875937
v 41.262917 -35.486137 -4.851422
v 41.191151 -35.492683 -4.82616
v 41.120319 -35.497105 -4.800684
v 41.060268 -35.499275 -4.778657
v 35.019073 -31.835148 -1.333964
v 47.875 -7.899375 -7.0
v 50.0 33.0 -8.0
v 45.75 -15.0975 -6.0
v 45.75 15.0975 -6.0
v 35.125 -17.386875 -1.0
v 39.375 -19.490625 -3.0
v 37.25 -12.2925 -2.0
v 43.625 -7.198125 -5.0
v 39.375 -6.496875 -3.0
v 41.5 -0.0 -4.0
v 35.125 -5.795625 -1.0
v 39.375 6.496875 -3.0
v 43.625 7.198125 -5.0
v 35.125 17.386875 -1.0
v 37.25 12.2925 -2.0
v 39.375 19.490625 -3.0
v 44.6875 -25.807032 -5.5
v 42.5625 -17.557032 -4.5
v 36.1875 -20.898281 -1.5
v 42.5625 -10.534219 -4.5
v 44.6875 -3.686719 -5.5
v 45.75 -0.0 -6.0
v 38.3125 -3.160781 -2.5
v 37.25 0.0 -2.0
v 42.5625 10.534219 -4.5
v 42.5625 17.557032 -4.5
v 44.6875 25.807032 -5.5
v 36.1875 20.898281 -1.5
v 38.84375 -24.034571 -2.75
v 39.90625 -11.52293 -3.25
v 39.90625 11.52293 -3.25
v 38.84375 24.034571 -2.75
v 36.072289 32.394184 -1.969355
v 35.685875 30.792961 -1.579649
v 38.579319 32.375252 -3.132892
v 38.557167 32.468433 -3.138044
v 38.538475 32.563087 -3.145204
v 43.383343 32.245235 -5.098516
v 49.988819 33.448486 -8.0
v 36.033161 32.35685 -1.943935
v 35.995064 32.317566 -1.918777
v 35.958122 32.27644 -1.893973
v 35.667225 30.836123 -1.574492
v 43.347378 32.139874 -5.071919
v 35.922451 32.233585 -1.869613
v 35.651913 30.876122 -1.570713
v 35.888168 32.189129 -1.845789
v 35.638027 30.917189 -1.567773
v 43.306442 32.035465 -5.043619
v 35.855377 32.143204 -1.822588
v 35.625607 30.959297 -1.565694
v 35.824184 32.095959 -1.800093
v 35.614681 31.00242 -1.564498
v 35.794678 32.047546 -1.778384
v 35.605289 31.046528 -1.564209
v 35.597469 31.091591 -1.56485
v 43.260529 31.932289 -5.013616
v 35.766937 31.998117 -1.757532
v 35.591263 31.137569 -1.566446
v 35.741035 31.94783 -1.737604
v 35.586704 31.184429 -1.569022
v 35.717033 31.896845 -1.718656
v 35.583839 31.232126 -1.572602
v 43.20966 31.830639 -4.981919
v 35.694969 31.845318 -1.700737
v 35.582706 31.280611 -1.577211
v 35.614571 31.584616 -1.62766
v 35.604477 31.532768 -1.616452
v 35.596336 31.481277 -1.606382
v 35.674885 31.7934 -1.683886
v 35.583351 31.329834 -1.582872
v 43.153873 31.730812 -4.948547
v 35.626644 31.636719 -1.640011
v 35.59013 31.430237 -1.597438
v 35.656796 31.741236 -1.668135
v 35.585812 31.37973 -1.589608
v 35.640717 31.688967 -1.653505
v 46.977207 37.212669 -7.301288
v 48.680336 37.691742 -8.0
v 48.436996 38.068638 -8.0
v 48.175175 38.432941 -8.0
v 47.895527 38.783745 -8.0
v 47.598743 39.120178 -8.0
v 47.285564 39.441402 -8.0
v 46.956768 39.74662 -8.0
v 44.532455 37.702496 -6.602575
v 44.142746 35.636765 -5.944921
v 42.869499 34.659809 -5.270257
v 42.931961 34.58667 -5.279574
v 42.991631 34.511093 -5.287663
v 43.048428 34.433159 -5.294524
v 43.102276 34.352936 -5.300157
v 43.153091 34.270512 -5.304558
v 43.200794 34.185959 -5.307722
v 43.245308 34.099361 -5.309642
v 43.286545 34.010803 -5.310309
v 43.324421 33.920361 -5.309713
v 43.358856 33.828125 -5.307841
v 43.389763 33.734188 -5.304678
v 43.417049 33.638645 -5.300207
v 43.440632 33.541592 -5.29441
v 43.460411 33.443134 -5.287266
v 43.476307 33.34338 -5.278753
v 43.093246 31.633139 -4.913537
v 43.488216 33.242439 -5.268847
v 43.496052 33.140446 -5.257522
v 43.499718 33.037518 -5.244751
v 43.499123 32.933804 -5.230509
v 44.125309 35.682636 -5.948493
v 44.106144 35.727821 -5.951391
v 43.027901 31.537943 -4.876938
v 44.085308 35.772282 -5.953627
v 44.062851 35.815975 -5.955208
v 42.440487 35.043282 -5.188381
v 42.518047 34.986336 -5.20515
v 42.593292 34.926506 -5.220659
v 42.666138 34.863861 -5.234918
v 43.288124 37.281693 -6.064615
v 42.736507 34.798481 -5.247934
v 42.804321 34.730438 -5.259712
v 39.192387 35.183716 -3.969355
v 39.094177 34.617973 -3.787946
v 39.167004 34.700039 -3.837554
v 39.243301 34.778767 -3.887869
v 39.322868 34.853977 -3.938711
v 39.405491 34.925495 -3.989898
v 39.490936 34.993168 -4.041255
v 39.578979 35.056866 -4.092612
v 39.669399 35.116482 -4.143813
v 39.761959 35.171925 -4.194707
v 39.856438 35.223122 -4.245153
v 42.957977 31.445549 -4.838813
v 39.952602 35.270012 -4.295023
v 40.050236 35.312561 -4.344197
v 37.587284 33.959358 -2.984678
v 38.500416 32.954468 -3.194876
v 38.500603 33.054924 -3.212763
v 38.504879 33.156139 -3.232904
v 38.513344 33.25795 -3.25532
v 38.526081 33.360172 -3.280022
v 38.543175 33.462608 -3.30701
v 38.56469 33.565037 -3.33627
v 38.590683 33.667225 -3.367772
v 34.455711 28.364067 -0.789824
v 42.883656 31.35627 -4.799237
v 37.236397 28.348385 -2.110787
v 36.248707 26.71389 -1.579649
v 48.45388 36.284332 -7.650644
v 49.457535 36.077358 -8.0
v 49.293674 36.494991 -8.0
v 49.109207 36.903938 -8.0
v 48.904594 37.303185 -8.0
v 43.494175 32.829453 -5.214765
v 43.484787 32.724621 -5.197492
v 41.377357 37.495991 -5.492339
v 42.312485 37.973244 -5.969355
v 42.35276 38.008633 -5.994949
v 42.805141 31.270414 -4.7583
v 41.652744 35.41328 -4.97917
v 41.747116 35.385754 -5.007721
v 41.840008 35.354652 -5.034923
v 41.93132 35.320053 -5.060785
v 42.02095 35.282028 -5.085317
v 42.4855 38.104805 -6.071907
v 42.395115 38.042404 -6.020627
v 42.439411 38.074486 -6.046306
v 35.276234 31.972557 -1.492339
v 42.722683 31.188272 -4.716108
v 49.315357 35.127048 -7.825322
v 49.955303 33.895863 -8.0
v 49.899532 34.341007 -8.0
v 49.821651 34.782825 -8.0
v 49.721851 35.220211 -8.0
v 49.600376 35.652077 -8.0
v 43.470871 32.619488 -5.178663
v 43.452354 32.514236 -5.158251
v 43.43478 32.432686 -5.141321
v 42.63657 31.110121 -4.67278
v 43.414368 32.35128 -5.123415
v 38.326797 34.734276 -3.492339
v 38.695789 33.969852 -3.475208
v 38.739849 34.068516 -3.515065
v 38.788361 34.165611 -3.556767
v 38.84124 34.260857 -3.600186
v 38.898396 34.353981 -3.645176
v 38.959702 34.44471 -3.691578
v 39.025017 34.532787 -3.739227
v 37.172588 33.741302 -2.746169
v 38.511894 32.756439 -3.165744
v 38.504211 32.854927 -3.179215
v 42.547089 31.036198 -4.628439
v 41.148201 37.377716 -5.373085
v 41.557011 35.437157 -4.949265
v 42.454559 30.966713 -4.583223
v 35.08226 31.868959 -1.373085
v 38.115231 34.623337 -3.373085
v 38.656227 33.869896 -3.437311
v 37.070152 33.687195 -2.686542
v 38.52335 32.659122 -3.154422
v 41.091206 37.348217 -5.343271
v 35.034088 31.84318 -1.343271
v 38.062645 34.595699 -3.343271
v 37.044621 33.673695 -2.671636
v 41.076973 37.340847 -5.335818
v 41.460026 35.45731 -4.918
v 35.022064 31.836742 -1.335818
v 38.049519 34.588795 -3.335818
v 38.621189 33.768932 -3.401473
v 37.038242 33.670322 -2.667909
v 41.073418 37.339008 -5.333954
v 41.162827 35.494694 -4.816037
v 41.262806 35.486149 -4.851383
v 41.361916 35.473663 -4.885372
v 40.149113 35.350742 -4.392569
v 40.249027 35.384541 -4.440043
v 40.34977 35.41396 -4.486534
v 40.451141 35.439007 -4.531967
v 40.55294 35.459702 -4.576277
v 40.654984 35.476078 -4.619409
v 40.757092 35.488171 -4.661315
v 40.859093 35.496025 -4.701959
v 40.960819 35.499695 -4.741309
v 41.062115 35.499229 -4.779341
v 35.019058 31.835135 -1.333954
v 46.613171 40.035076 -8.0
v 44.295509 37.902458 -6.585173
v 46.255627 40.306053 -8.0
v 44.245701 37.923481 -6.575516
v 44.195053 37.943077 -6.565215
v 44.05019 38.090187 -6.565215
v 43.998337 38.107563 -6.554264
v 43.850311 38.250259 -6.554264
v 45.885021 40.558872 -8.0
v 45.502277 40.792912 -8.0
v 43.797382 38.265392 -6.542658
v 43.743801 38.279018 -6.530393
v 43.68961 38.291103 -6.517461
v 43.634861 38.301609 -6.50386
v 43.579609 38.310501 -6.489585
v 43.523907 38.317745 -6.474632
v 43.467815 38.323303 -6.459
v 43.411392 38.327141 -6.442686
v 43.35471 38.329224 -6.425692
v 43.297836 38.329521 -6.408019
v 43.240845 38.327999 -6.38967
v 42.108795 35.240662 -5.108528
v 42.194763 35.19603 -5.130429
v 42.278763 35.148201 -5.151031
v 42.360699 35.09726 -5.170345
v 43.183819 38.324631 -6.370655
v 43.126842 38.319382 -6.350979
v 43.070004 38.312229 -6.330657
v 43.013401 38.303154 -6.309704
v 42.957134 38.292133 -6.288138
v 42.901314 38.279152 -6.265984
v 42.84605 38.264202 -6.243267
v 42.791462 38.24728 -6.220022
v 42.737679 38.228382 -6.196284
v 42.684826 38.20752 -6.172099
v 42.633041 38.184704 -6.147511
v 42.582462 38.159958 -6.122577
v 42.533234 38.133312 -6.097353
v 37.785305 26.283407 -2.268635
v 41.0 30.5 -3.925478
v 40.87598 30.503078 -3.873084
v 40.753635 30.512169 -3.821966
v 40.633167 30.52706 -3.77221
v 40.514767 30.547543 -3.723891
v 40.398598 30.573414 -3.677076
v 40.284813 30.604483 -3.631826
v 40.173542 30.640558 -3.588195
v 40.064903 30.681467 -3.546235
v 39.959019 30.727037 -3.505992
v 39.855984 30.777113 -3.467511
v 42.359322 30.901846 -4.53727
v 42.261707 30.841738 -4.490724
v 42.16206 30.786491 -4.443729
v 42.060719 30.736181 -4.396425
v 41.958008 30.69084 -4.348951
v 41.854244 30.650475 -4.301436
v 41.749722 30.615065 -4.254006
v 41.644722 30.584564 -4.206779
v 41.539509 30.558908 -4.15986
v 41.434322 30.538015 -4.11335
v 41.329372 30.521793 -4.06734
v 41.22826 30.510443 -4.023379
v 41.133575 30.503571 -3.982541
v 41.066601 30.500887 -3.95385
v 37.736012 26.253857 -2.245362
v 37.686104 26.226688 -2.221864
v 37.635738 26.201939 -2.198213
v 37.58506 26.17963 -2.174475
v 37.534218 26.159773 -2.150718
v 37.483349 26.142365 -2.127003
v 37.432575 26.127386 -2.103389
v 37.382023 26.114813 -2.07993
v 37.331795 26.104614 -2.056675
v 37.28199 26.096746 -2.03367
v 37.234299 26.091316 -2.011689
v 37.189899 26.088121 -1.99127
v 37.158646 26.08696 -1.976925
v 37.127693 26.086708 -1.962739
v 37.0704 26.088642 -1.936542
v 37.014332 26.093639 -1.910983
v 36.959576 26.101604 -1.886105
v 36.906216 26.112446 -1.861946
v 36.854328 26.12607 -1.838538
v 36.803978 26.142393 -1.815913
v 36.755226 26.161329 -1.794098
v 36.708122 26.1828 -1.773117
v 36.662727 26.20673 -1.752996
v 36.619083 26.233044 -1.733756
v 36.577236 26.261679 -1.715418
v 36.537228 26.292568 -1.698003
v 36.499107 26.325655 -1.681533
v 36.462914 26.36088 -1.666028
v 36.428696 26.398191 -1.651512
v 37.267464 28.282589 -2.12075
v 39.755898 30.831541 -3.430835
v 39.658852 30.890184 -3.396006
v 39.564934 30.952908 -3.363065
v 39.474236 31.019585 -3.332056
v 39.386845 31.090096 -3.303024
v 39.302845 31.164333 -3.276013
v 36.396503 26.437538 -1.638006
v 39.222332 31.242189 -3.251071
v 39.145397 31.323563 -3.22825
v 39.072132 31.408358 -3.207603
v 39.00264 31.496485 -3.189187
v 38.937031 31.587854 -3.173063
v 38.875416 31.682375 -3.159298
v 38.823475 31.770065 -3.148983
v 38.779655 31.851055 -3.141426
v 38.738686 31.933956 -3.135546
v 38.700634 32.018719 -3.131388
v 36.366375 26.478876 -1.625535
v 36.338375 26.522156 -1.614125
v 36.312546 26.567339 -1.603801
v 36.288952 26.614382 -1.594593
v 36.267651 26.663246 -1.586532
v 38.665585 32.105289 -3.128997
v 38.633625 32.193611 -3.128418
v 38.604839 32.283619 -3.1297
v 41.0 -42.0 -14.0
v 41.426476 -41.989891 -14.0
v 41.85199 -41.959583 -14.0
v 42.275593 -41.909145 -14.0
v 42.696331 -41.838692 -14.0
v 43.113255 -41.748379 -14.0
v 43.525433 -41.638412 -14.0
v 43.931938 -41.509041 -14.0
v 44.331852 -41.360546 -14.0
v 44.724285 -41.193272 -14.0
v 45.108349 -41.007587 -14.0
v 45.502277 -40.792912 -14.0
v 45.885021 -40.558872 -14.0
v 46.255627 -40.306053 -14.0
v 46.613171 -40.035076 -14.0
v 46.956768 -39.74662 -14.0
v 47.285564 -39.441402 -14.0
v 47.598743 -39.120178 -14.0
v 47.895527 -38.783745 -14.0
v 48.175175 -38.432941 -14.0
v 48.436996 -38.068638 -14.0
v 48.680336 -37.691742 -14.0
v 48.904594 -37.303185 -14.0
v 49.109207 -36.903938 -14.0
v 49.293674 -36.494991 -14.0
v 49.457535 -36.077358 -14.0
v 49.600376 -35.652077 -14.0
v 49.721851 -35.220211 -14.0
v 49.821651 -34.782825 -14.0
v 49.899532 -34.341007 -14.0
v 49.955303 -33.895863 -14.0
v 49.988819 -33.448486 -14.0
v 50.0 -33.0 -14.0
v -45.366787 -37.259243 -14.0
v -45.149055 -37.471615 -14.0
v -45.573666 -37.036285 -14.0
v -44.921005 -37.672871 -14.0
v -45.769173 -36.803288 -14.0
v -44.683208 -37.862507 -14.0
v -45.952824 -36.560837 -14.0
v -44.436253 -38.040058 -14.0
v -46.124157 -36.309532 -14.0
v -44.180756 -38.205074 -14.0
v -46.282757 -36.049999 -14.0
v -43.917351 -38.357151 -14.0
v -46.428219 -35.782887 -14.0
v -43.64669 -38.495911 -14.0
v -46.560184 -35.50885 -14.0
v -43.369453 -38.621006 -14.0
v -46.678329 -35.22858 -14.0
v -43.086323 -38.732124 -14.0
v -46.782356 -34.942768 -14.0
v -42.798008 -38.828995 -14.0
v -46.872009 -34.652126 -14.0
v -42.505219 -38.911373 -14.0
v -46.94706 -34.357376 -14.0
v -42.208691 -38.979053 -14.0
v -47.007328 -34.059254 -14.0
v -41.909157 -39.031868 -14.0
v -47.052658 -33.758495 -14.0
v -41.607365 -39.069687 -14.0
v -47.082943 -33.455853 -14.0
v -41.304058 -39.092419 -14.0
v -47.098103 -33.152077 -14.0
v -41.0 -39.099998 -14.0
v -47.098103 -32.847923 -14.0
v -40.695942 -39.092419 -14.0
v -47.082943 -32.544147 -14.0
v -40.392635 -39.069687 -14.0
v -47.052658 -32.241505 -14.0
v -40.090843 -39.031868 -14.0
v -47.007328 -31.940746 -14.0
v -39.791309 -38.979053 -14.0
v -46.94706 -31.642622 -14.0
v -39.494781 -38.911373 -14.0
v -46.872009 -31.347874 -14.0
v -39.201992 -38.828995 -14.0
v -46.782356 -31.057232 -14.0
v -38.913677 -38.732124 -14.0
v -46.678329 -30.77142 -14.0
v -38.630547 -38.621006 -14.0
v -46.560184 -30.491148 -14.0
v -38.35331 -38.495911 -14.0
v -46.428219 -30.217115 -14.0
v -38.082649 -38.357151 -14.0
v -46.282757 -29.950001 -14.0
v -37.819244 -38.205074 -14.0
v -46.124157 -29.690468 -14.0
v -37.563747 -38.040058 -14.0
v -45.952824 -29.439163 -14.0
v -37.316792 -37.862507 -14.0
v -45.769173 -29.196712 -14.0
v -37.078995 -37.672871 -14.0
v -45.573666 -28.963717 -14.0
v -36.850945 -37.471615 -14.0
v -45.366787 -28.740755 -14.0
v -35.875843 -29.690468 -14.0
v -32.071068 -27.071068 -14.0
v -35.717243 -29.950001 -14.0
v -35.571781 -30.217115 -14.0
v -31.71559 -27.409512 -14.0
v -35.439816 -30.491148 -14.0
v -36.047176 -29.439163 -14.0
v -32.409512 -26.71559 -14.0
v -36.426334 -28.963717 -14.0
v -32.730106 -26.343933 -14.0
v -36.230827 -29.196712 -14.0
v -31.343933 -27.730104 -14.0
v -35.321671 -30.77142 -14.0
v -36.633213 -28.740755 -14.0
v -33.032074 -25.956993 -14.0
v -30.956993 -28.032076 -14.0
v -35.217644 -31.057232 -14.0
v -35.127991 -31.347874 -14.0
v -37.078995 -28.327129 -14.0
v -33.314697 -25.555702 -14.0
v -36.850945 -28.528383 -14.0
v -30.555702 -28.314695 -14.0
v -35.05294 -31.642622 -14.0
v -37.316792 -28.137491 -14.0
v -33.577286 -25.141027 -14.0
v -30.141027 -28.577286 -14.0
v -34.992672 -31.940746 -14.0
v -34.947342 -32.241505 -14.0
v -37.819244 -27.794926 -14.0
v -33.819214 -24.713968 -14.0
v -37.563747 -27.959944 -14.0
v -29.713968 -28.819212 -14.0
v -34.917057 -32.544147 -14.0
v -38.082649 -27.642849 -14.0
v -34.039894 -24.275551 -14.0
v -29.275551 -29.039892 -14.0
v -34.901897 -32.847923 -14.0
v -38.35331 -27.504089 -14.0
v -34.238796 -23.826834 -14.0
v -28.826834 -29.238796 -14.0
v -34.901897 -33.152077 -14.0
v -34.917057 -33.455853 -14.0
v -38.913677 -27.267876 -14.0
v -34.41544 -23.368898 -14.0
v -38.630547 -27.378996 -14.0
v -28.368898 -29.415442 -14.0
v -34.947342 -33.758495 -14.0
v -39.201992 -27.171005 -14.0
v -34.569405 -22.902847 -14.0
v -27.902847 -29.569403 -14.0
v -34.992672 -34.059254 -14.0
v -34.700314 -22.429802 -14.0
v -39.494781 -27.088629 -14.0
v -27.429802 -29.700312 -14.0
v -35.05294 -34.357376 -14.0
v -35.127991 -34.652126 -14.0
v -34.807854 -21.950903 -14.0
v -40.090843 -26.968132 -14.0
v -39.791309 -27.020948 -14.0
v -26.950903 -29.807854 -14.0
v -35.217644 -34.942768 -14.0
v -34.891766 -21.467304 -14.0
v -40.392635 -26.930313 -14.0
v -26.467304 -29.891766 -14.0
v -35.321671 -35.22858 -14.0
v -34.951847 -20.980171 -14.0
v -40.695942 -26.907583 -14.0
v -25.980171 -29.951847 -14.0
v -35.439816 -35.50885 -14.0
v -34.987953 -20.490677 -14.0
v -41.304058 -26.907583 -14.0
v -41.0 -26.9 -14.0
v -25.490677 -29.987955 -14.0
v -35.571781 -35.782887 -14.0
v -35.717243 -36.049999 -14.0
v -35.0 -20.0 -14.0
v -43.917351 -27.642849 -14.0
v -43.64669 -27.504089 -14.0
v -43.369453 -27.378996 -14.0
v -43.086323 -27.267876 -14.0
v -42.798008 -27.171005 -14.0
v -42.505219 -27.088629 -14.0
v -42.208691 -27.020948 -14.0
v -41.909157 -26.968132 -14.0
v -41.607365 -26.930313 -14.0
v -25.0 -30.0 -14.0
v -35.875843 -36.309532 -14.0
v -36.047176 -36.560837 -14.0
v -36.230827 -36.803288 -14.0
v -36.426334 -37.036285 -14.0
v -36.633213 -37.259243 -14.0
v -45.366787 28.740755 -14.0
v -45.149055 28.528383 -14.0
v -45.149055 -28.528383 -14.0
v -45.573666 28.963717 -14.0
v -44.921005 28.327129 -14.0
v -44.921005 -28.327129 -14.0
v -45.769173 29.196712 -14.0
v -44.683208 28.137491 -14.0
v -44.683208 -28.137491 -14.0
v -45.952824 29.439163 -14.0
v -44.436253 27.959944 -14.0
v -44.436253 -27.959944 -14.0
v -44.180756 -27.794926 -14.0
v -46.124157 29.690468 -14.0
v -44.180756 27.794926 -14.0
v -46.282757 29.950001 -14.0
v -43.917351 27.642849 -14.0
v -46.428219 30.217115 -14.0
v -46.560184 30.491148 -14.0
v -46.678329 30.77142 -14.0
v -46.782356 31.057232 -14.0
v -46.872009 31.347874 -14.0
v -46.94706 31.642622 -14.0
v -47.007328 31.940746 -14.0
v -42.208691 27.020948 -14.0
v -35.0 20.0 -14.0
v -42.505219 27.088629 -14.0
v -42.798008 27.171005 -14.0
v -43.086323 27.267876 -14.0
v -43.369453 27.378996 -14.0
v -43.64669 27.504089 -14.0
v -41.909157 26.968132 -14.0
v -47.052658 32.241505 -14.0
v -41.607365 26.930313 -14.0
v -47.082943 32.544147 -14.0
v -41.304058 26.907583 -14.0
v -34.987953 20.490677 -14.0
v -47.098103 32.847923 -14.0
v -41.0 26.9 -14.0
v -47.098103 33.152077 -14.0
v -40.695942 26.907583 -14.0
v -34.951847 20.980171 -14.0
v -47.082943 33.455853 -14.0
v -40.392635 26.930313 -14.0
v -34.891766 21.467304 -14.0
v -47.052658 33.758495 -14.0
v -40.090843 26.968132 -14.0
v -47.007328 34.059254 -14.0
v -34.807854 21.950903 -14.0
v -39.791309 27.020948 -14.0
v -46.94706 34.357376 -14.0
v -39.494781 27.088629 -14.0
v -34.700314 22.429802 -14.0
v -46.872009 34.652126 -14.0
v -39.201992 27.171005 -14.0
v -46.782356 34.942768 -14.0
v -34.569405 22.902847 -14.0
v -38.913677 27.267876 -14.0
v -46.678329 35.22858 -14.0
v -46.560184 35.50885 -14.0
v -38.630547 27.378996 -14.0
v -34.41544 23.368898 -14.0
v -38.35331 27.504089 -14.0
v -46.428219 35.782887 -14.0
v -38.082649 27.642849 -14.0
v -34.238796 23.826834 -14.0
v -46.282757 36.049999 -14.0
v -46.124157 36.309532 -14.0
v -37.819244 27.794926 -14.0
v -34.039894 24.275551 -14.0
v -45.952824 36.560837 -14.0
v -37.316792 28.137491 -14.0
v -33.819214 24.713968 -14.0
v -37.563747 27.959944 -14.0
v -45.769173 36.803288 -14.0
v -45.573666 37.036285 -14.0
v -37.078995 28.327129 -14.0
v -33.577286 25.141027 -14.0
v -45.366787 37.259243 -14.0
v -36.633213 28.740755 -14.0
v -33.314697 25.555702 -14.0
v -36.850945 28.528383 -14.0
v -45.149055 37.471615 -14.0
v -44.921005 37.672871 -14.0
v -36.426334 28.963717 -14.0
v -33.032074 25.956993 -14.0
v -44.683208 37.862507 -14.0
v -36.047176 29.439163 -14.0
v -32.730106 26.343933 -14.0
v -36.230827 29.196712 -14.0
v -44.436253 38.040058 -14.0
v -35.875843 29.690468 -14.0
v -32.409512 26.71559 -14.0
v -44.180756 38.205074 -14.0
v -35.571781 30.217115 -14.0
v -32.071068 27.071068 -14.0
v -35.717243 29.950001 -14.0
v 25.0 -30.0 -14.0
v -43.917351 38.357151 -14.0
v -35.439816 30.491148 -14.0
v -31.71559 27.409512 -14.0
v -43.64669 38.495911 -14.0
v -35.321671 30.77142 -14.0
v -31.343933 27.730104 -14.0
v -43.369453 38.621006 -14.0
v -43.086323 38.732124 -14.0
v -35.127991 31.347874 -14.0
v -30.956993 28.032076 -14.0
v -35.217644 31.057232 -14.0
v -42.798008 38.828995 -14.0
v -35.05294 31.642622 -14.0
v -30.555702 28.314695 -14.0
v -42.505219 38.911373 -14.0
v -34.947342 32.241505 -14.0
v -30.141027 28.577286 -14.0
v -34.992672 31.940746 -14.0
v -42.208691 38.979053 -14.0
v -34.917057 32.544147 -14.0
v -29.713968 28.819212 -14.0
v -41.909157 39.031868 -14.0
v 36.633213 -37.259243 -14.0
v 36.850945 -37.471615 -14.0
v 36.426334 -37.036285 -14.0
v 37.078995 -37.672871 -14.0
v 36.230827 -36.803288 -14.0
v 37.316792 -37.862507 -14.0
v 36.047176 -36.560837 -14.0
v 37.563747 -38.040058 -14.0
v 35.875843 -36.309532 -14.0
v 37.819244 -38.205074 -14.0
v -41.607365 39.069687 -14.0
v 25.490677 -29.987955 -14.0
v 35.717243 -36.049999 -14.0
v 38.082649 -38.357151 -14.0
v -34.901897 32.847923 -14.0
v -29.275551 29.039892 -14.0
v 35.571781 -35.782887 -14.0
v 38.35331 -38.495911 -14.0
v 25.980171 -29.951847 -14.0
v 35.439816 -35.50885 -14.0
v 38.630547 -38.621006 -14.0
v 26.467304 -29.891766 -14.0
v 35.321671 -35.22858 -14.0
v -41.304058 39.092419 -14.0
v 38.913677 -38.732124 -14.0
v 26.950903 -29.807854 -14.0
v 35.217644 -34.942768 -14.0
v 39.201992 -38.828995 -14.0
v -34.917057 33.455853 -14.0
v -28.826834 29.238796 -14.0
v -34.901897 33.152077 -14.0
v 27.429802 -29.700312 -14.0
v 35.127991 -34.652126 -14.0
v -41.0 39.099998 -14.0
v 39.494781 -38.911373 -14.0
v 35.05294 -34.357376 -14.0
v 39.791309 -38.979053 -14.0
v 27.902847 -29.569403 -14.0
v 34.992672 -34.059254 -14.0
v -40.695942 39.092419 -14.0
v -40.392635 39.069687 -14.0
v -40.090843 39.031868 -14.0
v -39.791309 38.979053 -14.0
v -39.494781 38.911373 -14.0
v -39.201992 38.828995 -14.0
v -38.913677 38.732124 -14.0
v -38.630547 38.621006 -14.0
v -38.35331 38.495911 -14.0
v -38.082649 38.357151 -14.0
v -37.819244 38.205074 -14.0
v -37.563747 38.040058 -14.0
v -37.316792 37.862507 -14.0
v -37.078995 37.672871 -14.0
v -36.850945 37.471615 -14.0
v -34.947342 33.758495 -14.0
v -28.368898 29.415442 -14.0
v 40.090843 -39.031868 -14.0
v 28.368898 -29.415442 -14.0
v 34.947342 -33.758495 -14.0
v 40.392635 -39.069687 -14.0
v 28.826834 -29.238796 -14.0
v 34.917057 -33.455853 -14.0
v 40.695942 -39.092419 -14.0
v -34.992672 34.059254 -14.0
v -27.902847 29.569403 -14.0
v 34.901897 -33.152077 -14.0
v 41.0 -39.099998 -14.0
v 29.275551 -29.039892 -14.0
v 34.901897 -32.847923 -14.0
v 41.304058 -39.092419 -14.0
v -35.127991 34.652126 -14.0
v -27.429802 29.700312 -14.0
v -35.05294 34.357376 -14.0
v 29.713968 -28.819212 -14.0
v 34.917057 -32.544147 -14.0
v 41.607365 -39.069687 -14.0
v 30.141027 -28.577286 -14.0
v 34.947342 -32.241505 -14.0
v -26.950903 29.807854 -14.0
v -35.217644 34.942768 -14.0
v 41.909157 -39.031868 -14.0
v 34.992672 -31.940746 -14.0
v 42.208691 -38.979053 -14.0
v 30.555702 -28.314695 -14.0
v 35.05294 -31.642622 -14.0
v -26.467304 29.891766 -14.0
v -35.321671 35.22858 -14.0
v 42.505219 -38.911373 -14.0
v 30.956993 -28.032076 -14.0
v 35.127991 -31.347874 -14.0
v 42.798008 -38.828995 -14.0
v -25.980171 29.951847 -14.0
v -35.439816 35.50885 -14.0
v 35.217644 -31.057232 -14.0
v 43.086323 -38.732124 -14.0
v -25.490677 29.987955 -14.0
v -35.717243 36.049999 -14.0
v -35.571781 35.782887 -14.0
v 35.321671 -30.77142 -14.0
v 31.343933 -27.730104 -14.0
v 43.369453 -38.621006 -14.0
v 35.439816 -30.491148 -14.0
v 31.71559 -27.409512 -14.0
v -25.0 30.0 -14.0
v -36.633213 37.259243 -14.0
v -36.426334 37.036285 -14.0
v -36.230827 36.803288 -14.0
v -36.047176 36.560837 -14.0
v -35.875843 36.309532 -14.0
v 43.64669 -38.495911 -14.0
v 35.571781 -30.217115 -14.0
v 32.071068 -27.071068 -14.0
v 43.917351 -38.357151 -14.0
v 35.717243 -29.950001 -14.0
v 44.180756 -38.205074 -14.0
v 35.875843 -29.690468 -14.0
v 32.409512 -26.71559 -14.0
v 44.436253 -38.040058 -14.0
v 36.047176 -29.439163 -14.0
v 32.730106 -26.343933 -14.0
v 44.683208 -37.862507 -14.0
v 36.230827 -29.196712 -14.0
v 44.921005 -37.672871 -14.0
v 36.426334 -28.963717 -14.0
v 33.032074 -25.956993 -14.0
v 45.149055 -37.471615 -14.0
v 36.633213 -28.740755 -14.0
v 33.314697 -25.555702 -14.0
v 45.366787 -37.259243 -14.0
v 36.850945 -28.528383 -14.0
v 45.573666 -37.036285 -14.0
v 37.078995 -28.327129 -14.0
v 33.577286 -25.141027 -14.0
v 45.769173 -36.803288 -14.0
v 37.316792 -28.137491 -14.0
v 33.819214 -24.713968 -14.0
v 37.563747 -27.959944 -14.0
v 45.952824 -36.560837 -14.0
v 37.819244 -27.794926 -14.0
v 34.039894 -24.275551 -14.0
v 46.124157 -36.309532 -14.0
v 38.082649 -27.642849 -14.0
v 34.238796 -23.826834 -14.0
v 38.35331 -27.504089 -14.0
v 46.282757 -36.049999 -14.0
v 34.41544 -23.368898 -14.0
v 38.630547 -27.378996 -14.0
v 46.428219 -35.782887 -14.0
v 38.913677 -27.267876 -14.0
v 34.569405 -22.902847 -14.0
v 39.201992 -27.171005 -14.0
v 46.560184 -35.50885 -14.0
v 34.700314 -22.429802 -14.0
v 39.494781 -27.088629 -14.0
v 46.678329 -35.22858 -14.0
v 34.807854 -21.950903 -14.0
v 39.791309 -27.020948 -14.0
v 40.090843 -26.968132 -14.0
v 46.782356 -34.942768 -14.0
v 34.891766 -21.467304 -14.0
v 40.392635 -26.930313 -14.0
v 46.872009 -34.652126 -14.0
v 34.951847 -20.980171 -14.0
v 40.695942 -26.907583 -14.0
v 34.987953 -20.490677 -14.0
v 41.0 -26.9 -14.0
v 41.304058 -26.907583 -14.0
v 46.94706 -34.357376 -14.0
v 35.0 -20.0 -14.0
v 41.607365 -26.930313 -14.0
v 41.909157 -26.968132 -14.0
v 47.007328 -34.059254 -14.0
v 42.208691 -27.020948 -14.0
v 42.505219 -27.088629 -14.0
v 47.052658 -33.758495 -14.0
v 42.798008 -27.171005 -14.0
v 43.086323 -27.267876 -14.0
v 43.369453 -27.378996 -14.0
v 47.082943 -33.455853 -14.0
v 43.64669 -27.504089 -14.0
v 43.917351 -27.642849 -14.0
v 47.098103 -33.152077 -14.0
v 45.366787 -28.740755 -14.0
v 45.573666 -28.963717 -14.0
v 45.769173 -29.196712 -14.0
v 45.952824 -29.439163 -14.0
v 46.124157 -29.690468 -14.0
v 46.282757 -29.950001 -14.0
v 46.428219 -30.217115 -14.0
v 46.560184 -30.491148 -14.0
v 46.678329 -30.77142 -14.0
v 46.782356 -31.057232 -14.0
v 46.872009 -31.347874 -14.0
v 46.94706 -31.642622 -14.0
v 47.007328 -31.940746 -14.0
v 47.052658 -32.241505 -14.0
v 47.082943 -32.544147 -14.0
v 47.098103 -32.847923 -14.0
v 33.032074 25.956993 -14.0
v 36.633213 28.740755 -14.0
v 33.314697 25.555702 -14.0
v 36.850945 28.528383 -14.0
v 36.426334 28.963717 -14.0
v 32.730106 26.343933 -14.0
v 37.078995 28.327129 -14.0
v 33.577286 25.141027 -14.0
v 36.230827 29.196712 -14.0
v 37.316792 28.137491 -14.0
v 33.819214 24.713968 -14.0
v 36.047176 29.439163 -14.0
v 32.409512 26.71559 -14.0
v 37.563747 27.959944 -14.0
v 35.875843 29.690468 -14.0
v 32.071068 27.071068 -14.0
v 37.819244 27.794926 -14.0
v 34.039894 24.275551 -14.0
v 35.717243 29.950001 -14.0
v 38.082649 27.642849 -14.0
v 34.238796 23.826834 -14.0
v 35.571781 30.217115 -14.0
v 31.71559 27.409512 -14.0
v 38.35331 27.504089 -14.0
v 34.41544 23.368898 -14.0
v 31.343933 27.730104 -14.0
v 35.439816 30.491148 -14.0
v 38.630547 27.378996 -14.0
v 30.956993 28.032076 -14.0
v 35.321671 30.77142 -14.0
v 38.913677 27.267876 -14.0
v 34.569405 22.902847 -14.0
v 35.217644 31.057232 -14.0
v 39.201992 27.171005 -14.0
v 34.700314 22.429802 -14.0
v 30.555702 28.314695 -14.0
v 35.127991 31.347874 -14.0
v 39.494781 27.088629 -14.0
v 34.807854 21.950903 -14.0
v 35.05294 31.642622 -14.0
v 30.141027 28.577286 -14.0
v 39.791309 27.020948 -14.0
v 34.992672 31.940746 -14.0
v 40.090843 26.968132 -14.0
v 34.891766 21.467304 -14.0
v 34.947342 32.241505 -14.0
v 29.713968 28.819212 -14.0
v 40.392635 26.930313 -14.0
v 34.951847 20.980171 -14.0
v 34.917057 32.544147 -14.0
v 29.275551 29.039892 -14.0
v 40.695942 26.907583 -14.0
v 34.987953 20.490677 -14.0
v 34.901897 32.847923 -14.0
v 28.826834 29.238796 -14.0
v 41.0 26.9 -14.0
v 34.901897 33.152077 -14.0
v 41.304058 26.907583 -14.0
v 35.0 20.0 -14.0
v 34.917057 33.455853 -14.0
v 28.368898 29.415442 -14.0
v 41.607365 26.930313 -14.0
v 34.947342 33.758495 -14.0
v 27.902847 29.569403 -14.0
v 41.909157 26.968132 -14.0
v 34.992672 34.059254 -14.0
v 27.429802 29.700312 -14.0
v 42.208691 27.020948 -14.0
v 35.05294 34.357376 -14.0
v 42.505219 27.088629 -14.0
v 35.127991 34.652126 -14.0
v 26.950903 29.807854 -14.0
v 42.798008 27.171005 -14.0
v 35.217644 34.942768 -14.0
v 26.467304 29.891766 -14.0
v 43.086323 27.267876 -14.0
v 35.321671 35.22858 -14.0
v 25.980171 29.951847 -14.0
v 43.369453 27.378996 -14.0
v 35.439816 35.50885 -14.0
v 25.490677 29.987955 -14.0
v 43.64669 27.504089 -14.0
v 35.571781 35.782887 -14.0
v 43.917351 27.642849 -14.0
v 35.717243 36.049999 -14.0
v 25.0 30.0 -14.0
v 44.180756 27.794926 -14.0
v 44.180756 -27.794926 -14.0
v 35.875843 36.309532 -14.0
v 44.436253 27.959944 -14.0
v 44.436253 -27.959944 -14.0
v 36.047176 36.560837 -14.0
v 44.683208 28.137491 -14.0
v 44.683208 -28.137491 -14.0
v 36.230827 36.803288 -14.0
v 44.921005 28.327129 -14.0
v 44.921005 -28.327129 -14.0
v 45.149055 -28.528383 -14.0
v 36.426334 37.036285 -14.0
v 45.149055 28.528383 -14.0
v 36.633213 37.259243 -14.0
v 45.366787 28.740755 -14.0
v 36.850945 37.471615 -14.0
v 47.098103 33.152077 -14.0
v 50.0 33.0 -14.0
v 47.098103 32.847923 -14.0
v 47.082943 32.544147 -14.0
v 47.052658 32.241505 -14.0
v 47.007328 31.940746 -14.0
v 46.94706 31.642622 -14.0
v 46.872009 31.347874 -14.0
v 46.782356 31.057232 -14.0
v 46.678329 30.77142 -14.0
v 46.560184 30.491148 -14.0
v 46.428219 30.217115 -14.0
v 46.282757 29.950001 -14.0
v 46.124157 29.690468 -14.0
v 45.952824 29.439163 -14.0
v 45.769173 29.196712 -14.0
v 45.573666 28.963717 -14.0
v 41.0 42.0 -14.0
v 37.078995 37.672871 -14.0
v 37.316792 37.862507 -14.0
v 37.563747 38.040058 -14.0
v 37.819244 38.205074 -14.0
v 38.082649 38.357151 -14.0
v 38.35331 38.495911 -14.0
v 38.630547 38.621006 -14.0
v 38.913677 38.732124 -14.0
v 39.201992 38.828995 -14.0
v 39.494781 38.911373 -14.0
v 39.791309 38.979053 -14.0
v 40.090843 39.031868 -14.0
v 40.392635 39.069687 -14.0
v 40.695942 39.092419 -14.0
v 41.0 39.099998 -14.0
v 41.426476 41.989891 -14.0
v 41.304058 39.092419 -14.0
v 47.082943 33.455853 -14.0
v 49.988819 33.448486 -14.0
v 41.85199 41.959583 -14.0
v 41.607365 39.069687 -14.0
v 49.955303 33.895863 -14.0
v 47.052658 33.758495 -14.0
v 42.275593 41.909145 -14.0
v 41.909157 39.031868 -14.0
v 47.007328 34.059254 -14.0
v 49.899532 34.341007 -14.0
v 42.696331 41.838692 -14.0
v 42.208691 38.979053 -14.0
v 46.94706 34.357376 -14.0
v 49.821651 34.782825 -14.0
v 43.113255 41.748379 -14.0
v 42.505219 38.911373 -14.0
v 46.872009 34.652126 -14.0
v 49.721851 35.220211 -14.0
v 43.525433 41.638412 -14.0
v 42.798008 38.828995 -14.0
v 49.600376 35.652077 -14.0
v 46.782356 34.942768 -14.0
v 43.931938 41.509041 -14.0
v 43.086323 38.732124 -14.0
v 49.457535 36.077358 -14.0
v 46.678329 35.22858 -14.0
v 44.331852 41.360546 -14.0
v 43.369453 38.621006 -14.0
v 49.293674 36.494991 -14.0
v 46.560184 35.50885 -14.0
v 44.724285 41.193272 -14.0
v 43.64669 38.495911 -14.0
v 46.428219 35.782887 -14.0
v 49.109207 36.903938 -14.0
v 45.108349 41.007587 -14.0
v 43.917351 38.357151 -14.0
v 46.282757 36.049999 -14.0
v 48.904594 37.303185 -14.0
v 45.502277 40.792912 -14.0
v 44.180756 38.205074 -14.0
v 46.124157 36.309532 -14.0
v 48.680336 37.691742 -14.0
v 45.885021 40.558872 -14.0
v 44.436253 38.040058 -14.0
v 45.952824 36.560837 -14.0
v 48.436996 38.068638 -14.0
v 46.255627 40.306053 -14.0
v 44.683208 37.862507 -14.0
v 45.769173 36.803288 -14.0
v 48.175175 38.432941 -14.0
v 46.613171 40.035076 -14.0
v 44.921005 37.672871 -14.0
v 45.573666 37.036285 -14.0
v 47.895527 38.783745 -14.0
v 46.956768 39.74662 -14.0
v 45.149055 37.471615 -14.0
v 45.366787 37.259243 -14.0
v 47.598743 39.120178 -14.0
v 47.285564 39.441402 -14.0
v -39.926201 -34.047356 -8.0
v -39.97974 -34.099579 -8.0
v -39.875328 -33.992527 -8.0
v -40.03582 -34.149067 -8.0
v -39.827251 -33.935234 -8.0
v -40.094292 -34.195698 -8.0
v -39.782093 -33.875614 -8.0
v -40.155022 -34.239357 -8.0
v -39.73996 -33.81382 -8.0
v -40.217846 -34.279938 -8.0
v -39.700962 -33.75 -8.0
v -40.282619 -34.317333 -8.0
v -39.665192 -33.684315 -8.0
v -40.349174 -34.351452 -8.0
v -39.63274 -33.616932 -8.0
v -40.417347 -34.382214 -8.0
v -39.603691 -33.548012 -8.0
v -40.486969 -34.409538 -8.0
v -39.57811 -33.47773 -8.0
v -40.557869 -34.433361 -8.0
v -39.556065 -33.406261 -8.0
v -40.629864 -34.453617 -8.0
v -39.537609 -33.333782 -8.0
v -40.702782 -34.470261 -8.0
v -39.522789 -33.260471 -8.0
v -40.776436 -34.483246 -8.0
v -39.511642 -33.186516 -8.0
v -40.850647 -34.492546 -8.0
v -39.504196 -33.112095 -8.0
v -40.925232 -34.498135 -8.0
v -39.500465 -33.037395 -8.0
v -41.0 -34.5 -8.0
v -39.500465 -32.962605 -8.0
v -41.074768 -34.498135 -8.0
v -39.504196 -32.887905 -8.0
v -41.149353 -34.492546 -8.0
v -39.511642 -32.813484 -8.0
v -41.223564 -34.483246 -8.0
v -39.522789 -32.739529 -8.0
v -41.297218 -34.470261 -8.0
v -39.537609 -32.666218 -8.0
v -41.370136 -34.453617 -8.0
v -39.556065 -32.593739 -8.0
v -41.442131 -34.433361 -8.0
v -39.57811 -32.52227 -8.0
v -41.513031 -34.409538 -8.0
v -39.603691 -32.451988 -8.0
v -41.582653 -34.382214 -8.0
v -39.63274 -32.383068 -8.0
v -41.650826 -34.351452 -8.0
v -39.665192 -32.315685 -8.0
v -41.717381 -34.317333 -8.0
v -39.700962 -32.25 -8.0
v -41.782154 -34.279938 -8.0
v -39.73996 -32.18618 -8.0
v -41.844978 -34.239357 -8.0
v -39.782093 -32.124386 -8.0
v -41.905708 -34.195698 -8.0
v -39.827251 -32.064766 -8.0
v -41.96418 -34.149067 -8.0
v -39.875328 -32.007473 -8.0
v -42.02026 -34.099579 -8.0
v -39.926201 -31.952644 -8.0
v -42.073799 -34.047356 -8.0
v -42.124672 -33.992527 -8.0
v -39.97974 -31.900423 -8.0
v -40.03582 -31.850933 -8.0
v -42.172749 -33.935234 -8.0
v -40.094292 -31.8043 -8.0
v -42.217907 -33.875614 -8.0
v -40.155022 -31.760641 -8.0
v -42.26004 -33.81382 -8.0
v -42.299038 -33.75 -8.0
v -40.217846 -31.720064 -8.0
v -40.282619 -31.682667 -8.0
v -42.334808 -33.684315 -8.0
v -42.36726 -33.616932 -8.0
v -40.349174 -31.648546 -8.0
v -40.417347 -31.617786 -8.0
v -42.396309 -33.548012 -8.0
v -40.486969 -31.590462 -8.0
v -42.42189 -33.47773 -8.0
v -40.557869 -31.566641 -8.0
v -42.443935 -33.406261 -8.0
v -40.629864 -31.546385 -8.0
v -42.462391 -33.333782 -8.0
v -40.702782 -31.529741 -8.0
v -42.477211 -33.260471 -8.0
v -40.776436 -31.516754 -8.0
v -42.488358 -33.186516 -8.0
v -40.850647 -31.507454 -8.0
v -42.495804 -33.112095 -8.0
v -40.925232 -31.501865 -8.0
v -42.499535 -33.037395 -8.0
v -41.0 -31.5 -8.0
v -42.499535 -32.962605 -8.0
v -41.074768 -31.501865 -8.0
v -42.495804 -32.887905 -8.0
v -41.149353 -31.507454 -8.0
v -42.488358 -32.813484 -8.0
v -42.477211 -32.739529 -8.0
v -41.223564 -31.516754 -8.0
v -41.297218 -31.529741 -8.0
v -42.462391 -32.666218 -8.0
v -42.443935 -32.593739 -8.0
v -41.370136 -31.546385 -8.0
v -42.42189 -32.52227 -8.0
v -41.442131 -31.566641 -8.0
v -41.513031 -31.590462 -8.0
v -42.396309 -32.451988 -8.0
v -41.582653 -31.617786 -8.0
v -42.36726 -32.383068 -8.0
v -41.650826 -31.648546 -8.0
v -42.334808 -32.315685 -8.0
v -42.299038 -32.25 -8.0
v -41.717381 -31.682667 -8.0
v -41.782154 -31.720064 -8.0
v -42.26004 -32.18618 -8.0
v -42.217907 -32.124386 -8.0
v -41.844978 -31.760641 -8.0
v -42.172749 -32.064766 -8.0
v -41.905708 -31.8043 -8.0
v -42.124672 -32.007473 -8.0
v -41.96418 -31.850933 -8.0
v -42.02026 -31.900423 -8.0
v -42.073799 -31.952644 -8.0
v -39.926201 31.952644 -8.0
v -39.97974 31.900423 -8.0
v -39.875328 32.007473 -8.0
v -40.03582 31.850933 -8.0
v -39.827251 32.064766 -8.0
v -40.094292 31.8043 -8.0
v -39.782093 32.124386 -8.0
v -40.155022 31.760641 -8.0
v -39.73996 32.18618 -8.0
v -40.217846 31.720064 -8.0
v -39.700962 32.25 -8.0
v -40.282619 31.682667 -8.0
v -39.665192 32.315685 -8.0
v -40.349174 31.648546 -8.0
v -39.63274 32.383068 -8.0
v -40.417347 31.617786 -8.0
v -39.603691 32.451988 -8.0
v -40.486969 31.590462 -8.0
v -39.57811 32.52227 -8.0
v -40.557869 31.566641 -8.0
v -39.556065 32.593739 -8.0
v -40.629864 31.546385 -8.0
v -39.537609 32.666218 -8.0
v -40.702782 31.529741 -8.0
v -39.522789 32.739529 -8.0
v -40.776436 31.516754 -8.0
v -39.511642 32.813484 -8.0
v -40.850647 31.507454 -8.0
v -39.504196 32.887905 -8.0
v -40.925232 31.501865 -8.0
v -39.500465 32.962605 -8.0
v -41.0 31.5 -8.0
v -39.500465 33.037395 -8.0
v -41.074768 31.501865 -8.0
v -39.504196 33.112095 -8.0
v -41.149353 31.507454 -8.0
v -39.511642 33.186516 -8.0
v -41.223564 31.516754 -8.0
v -39.522789 33.260471 -8.0
v -41.297218 31.529741 -8.0
v -39.537609 33.333782 -8.0
v -41.370136 31.546385 -8.0
v -39.556065 33.406261 -8.0
v -41.442131 31.566641 -8.0
v -39.57811 33.47773 -8.0
v -41.513031 31.590462 -8.0
v -39.603691 33.548012 -8.0
v -41.582653 31.617786 -8.0
v -39.63274 33.616932 -8.0
v -41.650826 31.648546 -8.0
v -39.665192 33.684315 -8.0
v -41.717381 31.682667 -8.0
v -39.700962 33.75 -8.0
v -41.782154 31.720064 -8.0
v -39.73996 33.81382 -8.0
v -41.844978 31.760641 -8.0
v -39.782093 33.875614 -8.0
v -41.905708 31.8043 -8.0
v -39.827251 33.935234 -8.0
v -41.96418 31.850933 -8.0
v -39.875328 33.992527 -8.0
v -42.02026 31.900423 -8.0
v -39.926201 34.047356 -8.0
v -42.073799 31.952644 -8.0
v -39.97974 34.099579 -8.0
v -42.124672 32.007473 -8.0
v -40.03582 34.149067 -8.0
v -42.172749 32.064766 -8.0
v -40.094292 34.195698 -8.0
v -42.217907 32.124386 -8.0
v -40.155022 34.239357 -8.0
v -42.26004 32.18618 -8.0
v -40.217846 34.279938 -8.0
v -42.299038 32.25 -8.0
v -40.282619 34.317333 -8.0
v -42.334808 32.315685 -8.0
v -40.349174 34.351452 -8.0
v -42.36726 32.383068 -8.0
v -40.417347 34.382214 -8.0
v -42.396309 32.451988 -8.0
v -40.486969 34.409538 -8.0
v -42.42189 32.52227 -8.0
v -40.557869 34.433361 -8.0
v -42.443935 32.593739 -8.0
v -40.629864 34.453617 -8.0
v -42.462391 32.666218 -8.0
v -40.702782 34.470261 -8.0
v -42.477211 32.739529 -8.0
v -40.776436 34.483246 -8.0
v -40.850647 34.492546 -8.0
v -42.488358 32.813484 -8.0
v -42.495804 32.887905 -8.0
v -40.925232 34.498135 -8.0
v -42.499535 32.962605 -8.0
v -41.0 34.5 -8.0
v -41.074768 34.498135 -8.0
v -42.499535 33.037395 -8.0
v -41.149353 34.492546 -8.0
v -42.495804 33.112095 -8.0
v -42.488358 33.186516 -8.0
v -41.223564 34.483246 -8.0
v -41.297218 34.470261 -8.0
v -42.477211 33.260471 -8.0
v -42.462391 33.333782 -8.0
v -41.370136 34.453617 -8.0
v -42.443935 33.406261 -8.0
v -41.442131 34.433361 -8.0
v -41.513031 34.409538 -8.0
v -42.42189 33.47773 -8.0
v -41.582653 34.382214 -8.0
v -42.396309 33.548012 -8.0
v -41.650826 34.351452 -8.0
v -42.36726 33.616932 -8.0
v -41.717381 34.317333 -8.0
v -42.334808 33.684315 -8.0
v -41.782154 34.279938 -8.0
v -42.299038 33.75 -8.0
v -41.844978 34.239357 -8.0
v -42.26004 33.81382 -8.0
v -41.905708 34.195698 -8.0
v -42.217907 33.875614 -8.0
v -41.96418 34.149067 -8.0
v -42.172749 33.935234 -8.0
v -42.02026 34.099579 -8.0
v -42.124672 33.992527 -8.0
v -42.073799 34.047356 -8.0
v 41.0 -35.5 -8.0
v 40.875385 -35.496891 -8.0
v 40.75108 -35.487576 -8.0
v 40.627396 -35.472076 -8.0
v 40.504635 -35.450432 -8.0
v 40.383106 -35.422691 -8.0
v 40.263111 -35.388931 -8.0
v 40.144951 -35.349232 -8.0
v 40.028912 -35.303692 -8.0
v 39.915291 -35.252422 -8.0
v 39.804363 -35.195553 -8.0
v 39.696411 -35.133228 -8.0
v 39.591702 -35.065598 -8.0
v 39.49049 -34.992832 -8.0
v 39.393032 -34.915112 -8.0
v 39.299568 -34.83263 -8.0
v 39.210335 -34.74559 -8.0
v 39.125546 -34.654213 -8.0
v 39.045422 -34.558723 -8.0
v 38.970154 -34.459358 -8.0
v 38.899937 -34.356365 -8.0
v 38.834938 -34.25 -8.0
v 38.775322 -34.140526 -8.0
v 38.721237 -34.028217 -8.0
v 38.672817 -33.913353 -8.0
v 38.63018 -33.796215 -8.0
v 38.593441 -33.677101 -8.0
v 38.562679 -33.556301 -8.0
v 38.537979 -33.43412 -8.0
v 38.519402 -33.31086 -8.0
v 38.506992 -33.186825 -8.0
v 38.500778 -33.062328 -8.0
v 38.500778 -32.937672 -8.0
v 38.506992 -32.813175 -8.0
v 38.519402 -32.68914 -8.0
v 38.537979 -32.56588 -8.0
v 38.562679 -32.443699 -8.0
v 38.593441 -32.322899 -8.0
v 38.63018 -32.203785 -8.0
v 38.672817 -32.086647 -8.0
v 38.721237 -31.971783 -8.0
v 38.775322 -31.859474 -8.0
v 38.834938 -31.75 -8.0
v 38.899937 -31.643635 -8.0
v 38.970154 -31.54064 -8.0
v 39.045422 -31.441275 -8.0
v 39.125546 -31.345785 -8.0
v 39.210335 -31.254408 -8.0
v 39.299568 -31.16737 -8.0
v 39.393032 -31.084888 -8.0
v 39.49049 -31.007168 -8.0
v 39.591702 -30.934402 -8.0
v 39.696411 -30.866774 -8.0
v 39.804363 -30.804445 -8.0
v 39.915291 -30.747578 -8.0
v 40.028912 -30.69631 -8.0
v 40.144951 -30.650768 -8.0
v 40.263111 -30.611069 -8.0
v 40.383106 -30.577307 -8.0
v 40.504635 -30.549568 -8.0
v 40.627396 -30.527924 -8.0
v 40.75108 -30.512423 -8.0
v 40.875385 -30.503107 -8.0
v 41.0 -30.5 -8.0
v 41.124615 -30.503107 -8.0
v 41.24892 -30.512423 -8.0
v 41.372604 -30.527924 -8.0
v 41.495365 -30.549568 -8.0
v 41.616894 -30.577307 -8.0
v 41.736889 -30.611069 -8.0
v 41.855049 -30.650768 -8.0
v 41.971088 -30.69631 -8.0
v 42.084709 -30.747578 -8.0
v 42.195637 -30.804445 -8.0
v 42.303589 -30.866774 -8.0
v 42.408298 -30.934402 -8.0
v 42.50951 -31.007168 -8.0
v 42.606968 -31.084888 -8.0
v 42.700432 -31.16737 -8.0
v 42.789665 -31.254408 -8.0
v 42.874454 -31.345785 -8.0
v 42.954578 -31.441275 -8.0
v 43.029846 -31.54064 -8.0
v 43.100063 -31.643635 -8.0
v 43.165062 -31.75 -8.0
v 43.224678 -31.859474 -8.0
v 43.278763 -31.971783 -8.0
v 43.327183 -32.086647 -8.0
v 43.36982 -32.203785 -8.0
v 43.406559 -32.322899 -8.0
v 43.437321 -32.443699 -8.0
v 43.462021 -32.56588 -8.0
v 43.480598 -32.68914 -8.0
v 43.493008 -32.813175 -8.0
v 43.499222 -32.937672 -8.0
v 43.499222 -33.062328 -8.0
v 43.493008 -33.186825 -8.0
v 43.480598 -33.31086 -8.0
v 43.462021 -33.43412 -8.0
v 43.437321 -33.556301 -8.0
v 43.406559 -33.677101 -8.0
v 43.36982 -33.796215 -8.0
v 43.327183 -33.913353 -8.0
v 43.278763 -34.028217 -8.0
v 43.224678 -34.140526 -8.0
v 43.165062 -34.25 -8.0
v 43.100063 -34.356365 -8.0
v 43.029846 -34.459358 -8.0
v 42.954578 -34.558723 -8.0
v 42.874454 -34.654213 -8.0
v 42.789665 -34.74559 -8.0
v 42.700432 -34.83263 -8.0
v 42.606968 -34.915112 -8.0
v 42.50951 -34.992832 -8.0
v 42.408298 -35.065598 -8.0
v 42.303589 -35.133228 -8.0
v 42.195637 -35.195553 -8.0
v 42.084709 -35.252422 -8.0
v 41.971088 -35.303692 -8.0
v 41.855049 -35.349232 -8.0
v 41.736889 -35.388931 -8.0
v 41.616894 -35.422691 -8.0
v 41.495365 -35.450432 -8.0
v 41.372604 -35.472076 -8.0
v 41.24892 -35.487576 -8.0
v 41.124615 -35.496891 -8.0
v 41.0 30.5 -8.0
v 40.875385 30.503107 -8.0
v 40.75108 30.512423 -8.0
v 40.627396 30.527924 -8.0
v 40.504635 30.549568 -8.0
v 40.383106 30.577307 -8.0
v 40.263111 30.611069 -8.0
v 40.144951 30.650768 -8.0
v 40.028912 30.69631 -8.0
v 39.915291 30.747578 -8.0
v 39.804363 30.804445 -8.0
v 39.696411 30.866774 -8.0
v 39.591702 30.934402 -8.0
v 39.49049 31.007168 -8.0
v 39.393032 31.084888 -8.0
v 39.299568 31.16737 -8.0
v 39.210335 31.254408 -8.0
v 39.125546 31.345785 -8.0
v 39.045422 31.441275 -8.0
v 38.970154 31.54064 -8.0
v 38.899937 31.643635 -8.0
v 38.834938 31.75 -8.0
v 38.775322 31.859474 -8.0
v 38.721237 31.971783 -8.0
v 38.672817 32.086647 -8.0
v 38.63018 32.203785 -8.0
v 38.593441 32.322899 -8.0
v 38.562679 32.443699 -8.0
v 38.537979 32.56588 -8.0
v 38.519402 32.68914 -8.0
v 38.506992 32.813175 -8.0
v 38.500778 32.937672 -8.0
v 38.500778 33.062328 -8.0
v 38.506992 33.186825 -8.0
v 38.519402 33.31086 -8.0
v 38.537979 33.43412 -8.0
v 38.562679 33.556301 -8.0
v 38.593441 33.677101 -8.0
v 38.63018 33.796215 -8.0
v 38.672817 33.913353 -8.0
v 38.721237 34.028217 -8.0
v 38.775322 34.140526 -8.0
v 38.834938 34.25 -8.0
v 38.899937 34.356365 -8.0
v 38.970154 34.459358 -8.0
v 39.045422 34.558723 -8.0
v 39.125546 34.654213 -8.0
v 39.210335 34.74559 -8.0
v 39.299568 34.83263 -8.0
v 39.393032 34.915112 -8.0
v 39.49049 34.992832 -8.0
v 39.591702 35.065598 -8.0
v 39.696411 35.133228 -8.0
v 39.804363 35.195553 -8.0
v 39.915291 35.252422 -8.0
v 40.028912 35.303692 -8.0
v 40.144951 35.349232 -8.0
v 40.263111 35.388931 -8.0
v 40.383106 35.422691 -8.0
v 40.504635 35.450432 -8.0
v 40.627396 35.472076 -8.0
v 40.75108 35.487576 -8.0
v 40.875385 35.496891 -8.0
v 41.0 35.5 -8.0
v 41.124615 35.496891 -8.0
v 41.24892 35.487576 -8.0
v 41.372604 35.472076 -8.0
v 41.495365 35.450432 -8.0
v 41.616894 35.422691 -8.0
v 41.736889 35.388931 -8.0
v 41.855049 35.349232 -8.0
v 41.971088 35.303692 -8.0
v 42.084709 35.252422 -8.0
v 42.195637 35.195553 -8.0
v 42.303589 35.133228 -8.0
v 42.408298 35.065598 -8.0
v 42.50951 34.992832 -8.0
v 42.606968 34.915112 -8.0
v 42.700432 34.83263 -8.0
v 42.789665 34.74559 -8.0
v 42.874454 34.654213 -8.0
v 42.954578 34.558723 -8.0
v 43.029846 34.459358 -8.0
v 43.100063 34.356365 -8.0
v 43.165062 34.25 -8.0
v 43.224678 34.140526 -8.0
v 43.278763 34.028217 -8.0
v 43.327183 33.913353 -8.0
v 43.36982 33.796215 -8.0
v 43.406559 33.677101 -8.0
v 43.437321 33.556301 -8.0
v 43.462021 33.43412 -8.0
v 43.480598 33.31086 -8.0
v 43.493008 33.186825 -8.0
v 43.499222 33.062328 -8.0
v 43.499222 32.937672 -8.0
v 43.493008 32.813175 -8.0
v 43.480598 32.68914 -8.0
v 43.462021 32.56588 -8.0
v 43.437321 32.443699 -8.0
v 43.406559 32.322899 -8.0
v 43.36982 32.203785 -8.0
v 43.327183 32.086647 -8.0
v 43.278763 31.971783 -8.0
v 43.224678 31.859474 -8.0
v 43.165062 31.75 -8.0
v 43.100063 31.643635 -8.0
v 43.029846 31.54064 -8.0
v 42.954578 31.441275 -8.0
v 42.874454 31.345785 -8.0
v 42.789665 31.254408 -8.0
v 42.700432 31.16737 -8.0
v 42.606968 31.084888 -8.0
v 42.50951 31.007168 -8.0
v 42.408298 30.934402 -8.0
v 42.303589 30.866774 -8.0
v 42.195637 30.804445 -8.0
v 42.084709 30.747578 -8.0
v 41.971088 30.69631 -8.0
v 41.855049 30.650768 -8.0
v 41.736889 30.611069 -8.0
v 41.616894 30.577307 -8.0
v 41.495365 30.549568 -8.0
v 41.372604 30.527924 -8.0
v 41.24892 30.512423 -8.0
v 41.124615 30.503107 -8.0
v -41.304058 -39.092419 -13.0
v -41.0 -39.099998 -13.0
v -41.607365 -39.069687 -13.0
v -41.909157 -39.031868 -13.0
v -42.208691 -38.979053 -13.0
v -42.505219 -38.911373 -13.0
v -42.798008 -38.828995 -13.0
v -43.086323 -38.732124 -13.0
v -43.369453 -38.621006 -13.0
v -43.64669 -38.495911 -13.0
v -43.917351 -38.357151 -13.0
v -44.180756 -38.205074 -13.0
v -44.436253 -38.040058 -13.0
v -44.683208 -37.862507 -13.0
v -44.921005 -37.672871 -13.0
v -45.149055 -37.471615 -13.0
v -45.366787 -37.259243 -13.0
v -45.573666 -37.036285 -13.0
v -45.769173 -36.803288 -13.0
v -45.952824 -36.560837 -13.0
v -46.124157 -36.309532 -13.0
v -46.282757 -36.049999 -13.0
v -46.428219 -35.782887 -13.0
v -46.560184 -35.50885 -13.0
v -46.678329 -35.22858 -13.0
v -46.782356 -34.942768 -13.0
v -46.872009 -34.652126 -13.0
v -46.94706 -34.357376 -13.0
v -47.007328 -34.059254 -13.0
v -47.052658 -33.758495 -13.0
v -47.082943 -33.455853 -13.0
v -47.098103 -33.152077 -13.0
v -47.098103 -32.847923 -13.0
v -47.082943 -32.544147 -13.0
v -47.052658 -32.241505 -13.0
v -47.007328 -31.940746 -13.0
v -46.94706 -31.642622 -13.0
v -46.872009 -31.347874 -13.0
v -46.782356 -31.057232 -13.0
v -46.678329 -30.77142 -13.0
v -46.560184 -30.491148 -13.0
v -46.428219 -30.217115 -13.0
v -46.282757 -29.950001 -13.0
v -46.124157 -29.690468 -13.0
v -45.952824 -29.439163 -13.0
v -45.769173 -29.196712 -13.0
v -45.573666 -28.963717 -13.0
v -45.366787 -28.740755 -13.0
v -45.149055 -28.528383 -13.0
v -44.921005 -28.327129 -13.0
v -44.683208 -28.137491 -13.0
v -44.436253 -27.959944 -13.0
v -44.180756 -27.794926 -13.0
v -43.917351 -27.642849 -13.0
v -43.64669 -27.504089 -13.0
v -43.369453 -27.378996 -13.0
v -43.086323 -27.267876 -13.0
v -42.798008 -27.171005 -13.0
v -42.505219 -27.088629 -13.0
v -42.208691 -27.020948 -13.0
v -41.909157 -26.968132 -13.0
v -41.607365 -26.930313 -13.0
v -41.304058 -26.907583 -13.0
v -41.0 -26.9 -13.0
v -40.695942 -26.907583 -13.0
v -40.392635 -26.930313 -13.0
v -40.090843 -26.968132 -13.0
v -39.791309 -27.020948 -13.0
v -39.494781 -27.088629 -13.0
v -39.201992 -27.171005 -13.0
v -38.913677 -27.267876 -13.0
v -38.630547 -27.378996 -13.0
v -38.35331 -27.504089 -13.0
v -38.082649 -27.642849 -13.0
v -37.819244 -27.794926 -13.0
v -37.563747 -27.959944 -13.0
v -37.316792 -28.137491 -13.0
v -37.078995 -28.327129 -13.0
v -36.850945 -28.528383 -13.0
v -36.633213 -28.740755 -13.0
v -36.426334 -28.963717 -13.0
v -36.230827 -29.196712 -13.0
v -36.047176 -29.439163 -13.0
v -35.875843 -29.690468 -13.0
v -35.717243 -29.950001 -13.0
v -35.571781 -30.217115 -13.0
v -35.439816 -30.491148 -13.0
v -35.321671 -30.77142 -13.0
v -35.217644 -31.057232 -13.0
v -35.127991 -31.347874 -13.0
v -35.05294 -31.642622 -13.0
v -34.992672 -31.940746 -13.0
v -34.947342 -32.241505 -13.0
v -34.917057 -32.544147 -13.0
v -34.901897 -32.847923 -13.0
v -34.901897 -33.152077 -13.0
v -34.917057 -33.455853 -13.0
v -34.947342 -33.758495 -13.0
v -34.992672 -34.059254 -13.0
v -35.05294 -34.357376 -13.0
v -35.127991 -34.652126 -13.0
v -35.217644 -34.942768 -13.0
v -35.321671 -35.22858 -13.0
v -35.439816 -35.50885 -13.0
v -35.571781 -35.782887 -13.0
v -35.717243 -36.049999 -13.0
v -35.875843 -36.309532 -13.0
v -36.047176 -36.560837 -13.0
v -36.230827 -36.803288 -13.0
v -36.426334 -37.036285 -13.0
v -36.633213 -37.259243 -13.0
v -36.850945 -37.471615 -13.0
v -37.078995 -37.672871 -13.0
v -37.316792 -37.862507 -13.0
v -37.563747 -38.040058 -13.0
v -37.819244 -38.205074 -13.0
v -38.082649 -38.357151 -13.0
v -38.35331 -38.495911 -13.0
v -38.630547 -38.621006 -13.0
v -38.913677 -38.732124 -13.0
v -39.201992 -38.828995 -13.0
v -39.494781 -38.911373 -13.0
v -39.791309 -38.979053 -13.0
v -40.090843 -39.031868 -13.0
v -40.392635 -39.069687 -13.0
v -40.695942 -39.092419 -13.0
v 40.695942 -39.092419 -13.0
v 41.0 -39.099998 -13.0
v 40.392635 -39.069687 -13.0
v 40.090843 -39.031868 -13.0
v 39.791309 -38.979053 -13.0
v 39.494781 -38.911373 -13.0
v 39.201992 -38.828995 -13.0
v 38.913677 -38.732124 -13.0
v 38.630547 -38.621006 -13.0
v 38.35331 -38.495911 -13.0
v 38.082649 -38.357151 -13.0
v 37.819244 -38.205074 -13.0
v 37.563747 -38.040058 -13.0
v 37.316792 -37.862507 -13.0
v 37.078995 -37.672871 -13.0
v 36.850945 -37.471615 -13.0
v 36.633213 -37.259243 -13.0
v 36.426334 -37.036285 -13.0
v 36.230827 -36.803288 -13.0
v 36.047176 -36.560837 -13.0
v 35.875843 -36.309532 -13.0
v 35.717243 -36.049999 -13.0
v 35.571781 -35.782887 -13.0
v 35.439816 -35.50885 -13.0
v 35.321671 -35.22858 -13.0
v 35.217644 -34.942768 -13.0
v 35.127991 -34.652126 -13.0
v 35.05294 -34.357376 -13.0
v 34.992672 -34.059254 -13.0
v 34.947342 -33.758495 -13.0
v 34.917057 -33.455853 -13.0
v 34.901897 -33.152077 -13.0
v 34.901897 -32.847923 -13.0
v 34.917057 -32.544147 -13.0
v 34.947342 -32.241505 -13.0
v 34.992672 -31.940746 -13.0
v 35.05294 -31.642622 -13.0
v 35.127991 -31.347874 -13.0
v 35.217644 -31.057232 -13.0
v 35.321671 -30.77142 -13.0
v 35.439816 -30.491148 -13.0
v 35.571781 -30.217115 -13.0
v 35.717243 -29.950001 -13.0
v 35.875843 -29.690468 -13.0
v 36.047176 -29.439163 -13.0
v 36.230827 -29.196712 -13.0
v 36.426334 -28.963717 -13.0
v 36.633213 -28.740755 -13.0
v 36.850945 -28.528383 -13.0
v 37.078995 -28.327129 -13.0
v 37.316792 -28.137491 -13.0
v 37.563747 -27.959944 -13.0
v 37.819244 -27.794926 -13.0
v 38.082649 -27.642849 -13.0
v 38.35331 -27.504089 -13.0
v 38.630547 -27.378996 -13.0
v 38.913677 -27.267876 -13.0
v 39.201992 -27.171005 -13.0
v 39.494781 -27.088629 -13.0
v 39.791309 -27.020948 -13.0
v 40.090843 -26.968132 -13.0
v 40.392635 -26.930313 -13.0
v 40.695942 -26.907583 -13.0
v 41.0 -26.9 -13.0
v 41.304058 -26.907583 -13.0
v 41.607365 -26.930313 -13.0
v 41.909157 -26.968132 -13.0
v 42.208691 -27.020948 -13.0
v 42.505219 -27.088629 -13.0
v 42.798008 -27.171005 -13.0
v 43.086323 -27.267876 -13.0
v 43.369453 -27.378996 -13.0
v 43.64669 -27.504089 -13.0
v 43.917351 -27.642849 -13.0
v 44.180756 -27.794926 -13.0
v 44.436253 -27.959944 -13.0
v 44.683208 -28.137491 -13.0
v 44.921005 -28.327129 -13.0
v 45.149055 -28.528383 -13.0
v 45.366787 -28.740755 -13.0
v 45.573666 -28.963717 -13.0
v 45.769173 -29.196712 -13.0
v 45.952824 -29.439163 -13.0
v 46.124157 -29.690468 -13.0
v 46.282757 -29.950001 -13.0
v 46.428219 -30.217115 -13.0
v 46.560184 -30.491148 -13.0
v 46.678329 -30.77142 -13.0
v 46.782356 -31.057232 -13.0
v 46.872009 -31.347874 -13.0
v 46.94706 -31.642622 -13.0
v 47.007328 -31.940746 -13.0
v 47.052658 -32.241505 -13.0
v 47.082943 -32.544147 -13.0
v 47.098103 -32.847923 -13.0
v 47.098103 -33.152077 -13.0
v 47.082943 -33.455853 -13.0
v 47.052658 -33.758495 -13.0
v 47.007328 -34.059254 -13.0
v 46.94706 -34.357376 -13.0
v 46.872009 -34.652126 -13.0
v 46.782356 -34.942768 -13.0
v 46.678329 -35.22858 -13.0
v 46.560184 -35.50885 -13.0
v 46.428219 -35.782887 -13.0
v 46.282757 -36.049999 -13.0
v 46.124157 -36.309532 -13.0
v 45.952824 -36.560837 -13.0
v 45.769173 -36.803288 -13.0
v 45.573666 -37.036285 -13.0
v 45.366787 -37.259243 -13.0
v 45.149055 -37.471615 -13.0
v 44.921005 -37.672871 -13.0
v 44.683208 -37.862507 -13.0
v 44.436253 -38.040058 -13.0
v 44.180756 -38.205074 -13.0
v 43.917351 -38.357151 -13.0
v 43.64669 -38.495911 -13.0
v 43.369453 -38.621006 -13.0
v 43.086323 -38.732124 -13.0
v 42.798008 -38.828995 -13.0
v 42.505219 -38.911373 -13.0
v 42.208691 -38.979053 -13.0
v 41.909157 -39.031868 -13.0
v 41.607365 -39.069687 -13.0
v 41.304058 -39.092419 -13.0
v 33.624935 -20.849482 -12.666667
v 33.500137 -21.690783 -12.666667
v 33.293484 -22.5158 -12.666667
v 33.006954 -23.316589 -12.666667
v 32.298023 -20.718792 -11.333333
v 32.643318 -24.085438 -12.666667
v 32.192425 -21.430662 -11.333333
v 32.20607 -24.814941 -12.666667
v 32.017563 -22.128754 -11.333333
v 31.699425 -25.498075 -12.666667
v 31.775116 -22.806345 -11.333333
v 30.971107 -20.588102 -10.0
v 27.0 -20.0 -6.0
v 31.12826 -26.12826 -12.666667
v 31.467422 -23.456909 -11.333333
v 30.884712 -21.170542 -10.0
v 30.498075 -26.699425 -12.666667
v 31.097445 -24.074183 -11.333333
v 30.741642 -21.741709 -10.0
v 29.814941 -27.20607 -12.666667
v 30.668743 -24.652218 -11.333333
v 30.543278 -22.296101 -10.0
v 29.644196 -20.457413 -8.666667
v 29.085438 -27.643318 -12.666667
v 30.18545 -25.18545 -11.333333
v 30.291527 -22.828381 -10.0
v 29.576998 -20.910421 -8.666667
v 28.316589 -28.006956 -12.666667
v 29.652218 -25.668743 -11.333333
v 29.988817 -23.333422 -10.0
v 29.465721 -21.354662 -8.666667
v 27.5158 -28.293484 -12.666667
v 29.074183 -26.097445 -11.333333
v 29.638063 -23.80636 -10.0
v 29.311438 -21.785856 -8.666667
v 28.317282 -20.326723 -7.333333
v 26.997591 -20.098135 -6.0
v 26.99037 -20.196033 -6.0
v 26.978354 -20.293461 -6.0
v 26.690783 -28.500139 -12.666667
v 28.456909 -26.467422 -11.333333
v 29.242641 -24.242641 -10.0
v 29.115633 -22.199852 -8.666667
v 28.269285 -20.650301 -7.333333
v 26.961571 -20.390181 -6.0
v 26.940062 -20.48596 -6.0
v 25.849482 -28.624935 -12.666667
v 27.806345 -26.775116 -11.333333
v 28.80636 -24.638063 -10.0
v 28.880192 -22.592661 -8.666667
v 28.1898 -20.967615 -7.333333
v 26.913881 -20.58057 -6.0
v 26.883089 -20.67378 -6.0
v 27.128754 -27.017563 -11.333333
v 28.333422 -24.988817 -10.0
v 28.607382 -22.960503 -8.666667
v 28.079599 -21.275612 -7.333333
v 26.847759 -20.765368 -6.0
v 26.807978 -20.85511 -6.0
v 26.430662 -27.192425 -11.333333
v 27.828381 -25.291527 -10.0
v 28.299831 -23.299831 -8.666667
v 27.939737 -21.571323 -7.333333
v 26.763842 -20.942793 -6.0
v 26.715458 -21.028206 -6.0
v 25.718792 -27.298021 -11.333333
v 27.296101 -25.543278 -10.0
v 27.960503 -23.607382 -8.666667
v 27.771564 -21.8519 -7.333333
v 26.662939 -21.111141 -6.0
v 26.606415 -21.191399 -6.0
v 26.741709 -25.741642 -10.0
v 27.592661 -23.880192 -8.666667
v 27.576702 -22.114645 -7.333333
v 26.546021 -21.268787 -6.0
v 26.481903 -21.343119 -6.0
v 26.170542 -25.884712 -10.0
v 27.199852 -24.115633 -8.666667
v 27.357023 -22.357023 -7.333333
v 26.414213 -21.414213 -6.0
v 26.343119 -21.481903 -6.0
v 25.588102 -25.971107 -10.0
v 25.0 -22.0 -6.0
v 26.785856 -24.311438 -8.666667
v 27.114645 -22.576702 -7.333333
v 26.268787 -21.546021 -6.0
v 26.191399 -21.606415 -6.0
v 26.354662 -24.465721 -8.666667
v 26.8519 -22.771564 -7.333333
v 26.111141 -21.662939 -6.0
v 26.028206 -21.715458 -6.0
v 25.910421 -24.576998 -8.666667
v 26.571323 -22.939737 -7.333333
v 25.942793 -21.763842 -6.0
v 25.85511 -21.807978 -6.0
v 25.457413 -24.644196 -8.666667
v 26.275612 -23.079599 -7.333333
v 25.765368 -21.847759 -6.0
v 25.67378 -21.883089 -6.0
v 25.967615 -23.1898 -7.333333
v 25.58057 -21.913881 -6.0
v 25.48596 -21.940062 -6.0
v 25.650301 -23.269285 -7.333333
v 25.390181 -21.961571 -6.0
v 25.293461 -21.978354 -6.0
v 25.326723 -23.317282 -7.333333
v 25.196033 -21.99037 -6.0
v 25.098135 -21.997591 -6.0
v 27.0 20.0 -6.0
v 25.849482 28.624935 -12.666667
v 26.690783 28.500139 -12.666667
v 27.5158 28.293484 -12.666667
v 28.316589 28.006956 -12.666667
v 25.718792 27.298021 -11.333333
v 29.085438 27.643318 -12.666667
v 26.430662 27.192425 -11.333333
v 29.814941 27.20607 -12.666667
v 27.128754 27.017563 -11.333333
v 30.498075 26.699425 -12.666667
v 27.806345 26.775116 -11.333333
v 25.588102 25.971107 -10.0
v 25.0 22.0 -6.0
v 31.12826 26.12826 -12.666667
v 28.456909 26.467422 -11.333333
v 26.170542 25.884712 -10.0
v 31.699425 25.498075 -12.666667
v 29.074183 26.097445 -11.333333
v 26.741709 25.741642 -10.0
v 32.20607 24.814941 -12.666667
v 29.652218 25.668743 -11.333333
v 27.296101 25.543278 -10.0
v 25.457413 24.644196 -8.666667
v 32.643318 24.085438 -12.666667
v 30.18545 25.18545 -11.333333
v 27.828381 25.291527 -10.0
v 25.910421 24.576998 -8.666667
v 33.006954 23.316589 -12.666667
v 30.668743 24.652218 -11.333333
v 28.333422 24.988817 -10.0
v 26.354662 24.465721 -8.666667
v 33.293484 22.5158 -12.666667
v 31.097445 24.074183 -11.333333
v 28.80636 24.638063 -10.0
v 26.785856 24.311438 -8.666667
v 25.326723 23.317282 -7.333333
v 25.098135 21.997591 -6.0
v 25.196033 21.99037 -6.0
v 25.293461 21.978354 -6.0
v 33.500137 21.690783 -12.666667
v 31.467422 23.456909 -11.333333
v 29.242641 24.242641 -10.0
v 27.199852 24.115633 -8.666667
v 25.650301 23.269285 -7.333333
v 25.390181 21.961571 -6.0
v 25.48596 21.940062 -6.0
v 33.624935 20.849482 -12.666667
v 31.775116 22.806345 -11.333333
v 29.638063 23.80636 -10.0
v 27.592661 23.880192 -8.666667
v 25.967615 23.1898 -7.333333
v 25.58057 21.913881 -6.0
v 25.67378 21.883089 -6.0
v 32.017563 22.128754 -11.333333
v 29.988817 23.333422 -10.0
v 27.960503 23.607382 -8.666667
v 26.275612 23.079599 -7.333333
v 25.765368 21.847759 -6.0
v 25.85511 21.807978 -6.0
v 32.192425 21.430662 -11.333333
v 30.291527 22.828381 -10.0
v 28.299831 23.299831 -8.666667
v 26.571323 22.939737 -7.333333
v 25.942793 21.763842 -6.0
v 26.028206 21.715458 -6.0
v 32.298023 20.718792 -11.333333
v 30.543278 22.296101 -10.0
v 28.607382 22.960503 -8.666667
v 26.8519 22.771564 -7.333333
v 26.111141 21.662939 -6.0
v 26.191399 21.606415 -6.0
v 30.741642 21.741709 -10.0
v 28.880192 22.592661 -8.666667
v 27.114645 22.576702 -7.333333
v 26.268787 21.546021 -6.0
v 26.343119 21.481903 -6.0
v 30.884712 21.170542 -10.0
v 29.115633 22.199852 -8.666667
v 27.357023 22.357023 -7.333333
v 26.414213 21.414213 -6.0
v 26.481903 21.343119 -6.0
v 30.971107 20.588102 -10.0
v 29.311438 21.785856 -8.666667
v 27.576702 22.114645 -7.333333
v 26.546021 21.268787 -6.0
v 26.606415 21.191399 -6.0
v 29.465721 21.354662 -8.666667
v 27.771564 21.8519 -7.333333
v 26.662939 21.111141 -6.0
v 26.715458 21.028206 -6.0
v 29.576998 20.910421 -8.666667
v 27.939737 21.571323 -7.333333
v 26.763842 20.942793 -6.0
v 26.807978 20.85511 -6.0
v 29.644196 20.457413 -8.666667
v 28.079599 21.275612 -7.333333
v 26.847759 20.765368 -6.0
v 26.883089 20.67378 -6.0
v 28.1898 20.967615 -7.333333
v 26.913881 20.58057 -6.0
v 26.940062 20.48596 -6.0
v 28.269285 20.650301 -7.333333
v 26.961571 20.390181 -6.0
v 26.978354 20.293461 -6.0
v 28.317282 20.326723 -7.333333
v 26.99037 20.196033 -6.0
v 26.997591 20.098135 -6.0
v -25.0 22.0 -6.0
v -33.624935 20.849482 -12.666667
v -33.500137 21.690783 -12.666667
v -33.293484 22.5158 -12.666667
v -33.006954 23.316589 -12.666667
v -32.298023 20.718792 -11.333333
v -32.643318 24.085438 -12.666667
v -32.192425 21.430662 -11.333333
v -32.20607 24.814941 -12.666667
v -32.017563 22.128754 -11.333333
v -31.699425 25.498075 -12.666667
v -31.775116 22.806345 -11.333333
v -30.971107 20.588102 -10.0
v -27.0 20.0 -6.0
v -31.12826 26.12826 -12.666667
v -31.467422 23.456909 -11.333333
v -30.884712 21.170542 -10.0
v -30.498075 26.699425 -12.666667
v -31.097445 24.074183 -11.333333
v -30.741642 21.741709 -10.0
v -29.814941 27.20607 -12.666667
v -30.668743 24.652218 -11.333333
v -30.543278 22.296101 -10.0
v -29.644196 20.457413 -8.666667
v -29.085438 27.643318 -12.666667
v -30.18545 25.18545 -11.333333
v -30.291527 22.828381 -10.0
v -29.576998 20.910421 -8.666667
v -28.316589 28.006956 -12.666667
v -29.652218 25.668743 -11.333333
v -29.988817 23.333422 -10.0
v -29.465721 21.354662 -8.666667
v -27.5158 28.293484 -12.666667
v -29.074183 26.097445 -11.333333
v -29.638063 23.80636 -10.0
v -29.311438 21.785856 -8.666667
v -28.317282 20.326723 -7.333333
v -26.997591 20.098135 -6.0
v -26.99037 20.196033 -6.0
v -26.978354 20.293461 -6.0
v -26.690783 28.500139 -12.666667
v -28.456909 26.467422 -11.333333
v -29.242641 24.242641 -10.0
v -29.115633 22.199852 -8.666667
v -28.269285 20.650301 -7.333333
v -26.961571 20.390181 -6.0
v -26.940062 20.48596 -6.0
v -25.849482 28.624935 -12.666667
v -27.806345 26.775116 -11.333333
v -28.80636 24.638063 -10.0
v -28.880192 22.592661 -8.666667
v -28.1898 20.967615 -7.333333
v -26.913881 20.58057 -6.0
v -26.883089 20.67378 -6.0
v -27.128754 27.017563 -11.333333
v -28.333422 24.988817 -10.0
v -28.607382 22.960503 -8.666667
v -28.079599 21.275612 -7.333333
v -26.847759 20.765368 -6.0
v -26.807978 20.85511 -6.0
v -26.430662 27.192425 -11.333333
v -27.828381 25.291527 -10.0
v -28.299831 23.299831 -8.666667
v -27.939737 21.571323 -7.333333
v -26.763842 20.942793 -6.0
v -26.715458 21.028206 -6.0
v -25.718792 27.298021 -11.333333
v -27.296101 25.543278 -10.0
v -27.960503 23.607382 -8.666667
v -27.771564 21.8519 -7.333333
v -26.662939 21.111141 -6.0
v -26.606415 21.191399 -6.0
v -26.741709 25.741642 -10.0
v -27.592661 23.880192 -8.666667
v -27.576702 22.114645 -7.333333
v -26.546021 21.268787 -6.0
v -26.481903 21.343119 -6.0
v -26.170542 25.884712 -10.0
v -27.199852 24.115633 -8.666667
v -27.357023 22.357023 -7.333333
v -26.414213 21.414213 -6.0
v -26.343119 21.481903 -6.0
v -25.588102 25.971107 -10.0
v -26.785856 24.311438 -8.666667
v -27.114645 22.576702 -7.333333
v -26.268787 21.546021 -6.0
v -26.191399 21.606415 -6.0
v -26.354662 24.465721 -8.666667
v -26.8519 22.771564 -7.333333
v -26.111141 21.662939 -6.0
v -26.028206 21.715458 -6.0
v -25.910421 24.576998 -8.666667
v -26.571323 22.939737 -7.333333
v -25.942793 21.763842 -6.0
v -25.85511 21.807978 -6.0
v -25.457413 24.644196 -8.666667
v -26.275612 23.079599 -7.333333
v -25.765368 21.847759 -6.0
v -25.67378 21.883089 -6.0
v -25.967615 23.1898 -7.333333
v -25.58057 21.913881 -6.0
v -25.48596 21.940062 -6.0
v -25.650301 23.269285 -7.333333
v -25.390181 21.961571 -6.0
v -25.293461 21.978354 -6.0
v -25.326723 23.317282 -7.333333
v -25.196033 21.99037 -6.0
v -25.098135 21.997591 -6.0
v -27.0 -20.0 -6.0
v -25.849482 -28.624935 -12.666667
v -26.690783 -28.500139 -12.666667
v -27.5158 -28.293484 -12.666667
v -28.316589 -28.006956 -12.666667
v -25.718792 -27.298021 -11.333333
v -29.085438 -27.643318 -12.666667
v -26.430662 -27.192425 -11.333333
v -29.814941 -27.20607 -12.666667
v -27.128754 -27.017563 -11.333333
v -30.498075 -26.699425 -12.666667
v -27.806345 -26.775116 -11.333333
v -25.588102 -25.971107 -10.0
v -25.0 -22.0 -6.0
v -31.12826 -26.12826 -12.666667
v -28.456909 -26.467422 -11.333333
v -26.170542 -25.884712 -10.0
v -31.699425 -25.498075 -12.666667
v -29.074183 -26.097445 -11.333333
v -26.741709 -25.741642 -10.0
v -32.20607 -24.814941 -12.666667
v -29.652218 -25.668743 -11.333333
v -27.296101 -25.543278 -10.0
v -25.457413 -24.644196 -8.666667
v -32.643318 -24.085438 -12.666667
v -30.18545 -25.18545 -11.333333
v -27.828381 -25.291527 -10.0
v -25.910421 -24.576998 -8.666667
v -33.006954 -23.316589 -12.666667
v -30.668743 -24.652218 -11.333333
v -28.333422 -24.988817 -10.0
v -26.354662 -24.465721 -8.666667
v -33.293484 -22.5158 -12.666667
v -31.097445 -24.074183 -11.333333
v -28.80636 -24.638063 -10.0
v -26.785856 -24.311438 -8.666667
v -25.326723 -23.317282 -7.333333
v -25.098135 -21.997591 -6.0
v -25.196033 -21.99037 -6.0
v -25.293461 -21.978354 -6.0
v -33.500137 -21.690783 -12.666667
v -31.467422 -23.456909 -11.333333
v -29.242641 -24.242641 -10.0
v -27.199852 -24.115633 -8.666667
v -25.650301 -23.269285 -7.333333
v -25.390181 -21.961571 -6.0
v -25.48596 -21.940062 -6.0
v -33.624935 -20.849482 -12.666667
v -31.775116 -22.806345 -11.333333
v -29.638063 -23.80636 -10.0
v -27.592661 -23.880192 -8.666667
v -25.967615 -23.1898 -7.333333
v -25.58057 -21.913881 -6.0
v -25.67378 -21.883089 -6.0
v -32.017563 -22.128754 -11.333333
v -29.988817 -23.333422 -10.0
v -27.960503 -23.607382 -8.666667
v -26.275612 -23.079599 -7.333333
v -25.765368 -21.847759 -6.0
v -25.85511 -21.807978 -6.0
v -32.192425 -21.430662 -11.333333
v -30.291527 -22.828381 -10.0
v -28.299831 -23.299831 -8.666667
v -26.571323 -22.939737 -7.333333
v -25.942793 -21.763842 -6.0
v -26.028206 -21.715458 -6.0
v -32.298023 -20.718792 -11.333333
v -30.543278 -22.296101 -10.0
v -28.607382 -22.960503 -8.666667
v -26.8519 -22.771564 -7.333333
v -26.111141 -21.662939 -6.0
v -26.191399 -21.606415 -6.0
v -30.741642 -21.741709 -10.0
v -28.880192 -22.592661 -8.666667
v -27.114645 -22.576702 -7.333333
v -26.268787 -21.546021 -6.0
v -26.343119 -21.481903 -6.0
v -30.884712 -21.170542 -10.0
v -29.115633 -22.199852 -8.666667
v -27.357023 -22.357023 -7.333333
v -26.414213 -21.414213 -6.0
v -26.481903 -21.343119 -6.0
v -30.971107 -20.588102 -10.0
v -29.311438 -21.785856 -8.666667
v -27.576702 -22.114645 -7.333333
v -26.546021 -21.268787 -6.0
v -26.606415 -21.191399 -6.0
v -29.465721 -21.354662 -8.666667
v -27.771564 -21.8519 -7.333333
v -26.662939 -21.111141 -6.0
v -26.715458 -21.028206 -6.0
v -29.576998 -20.910421 -8.666667
v -27.939737 -21.571323 -7.333333
v -26.763842 -20.942793 -6.0
v -26.807978 -20.85511 -6.0
v -29.644196 -20.457413 -8.666667
v -28.079599 -21.275612 -7.333333
v -26.847759 -20.765368 -6.0
v -26.883089 -20.67378 -6.0
v -28.1898 -20.967615 -7.333333
v -26.913881 -20.58057 -6.0
v -26.940062 -20.48596 -6.0
v -28.269285 -20.650301 -7.333333
v -26.961571 -20.390181 -6.0
v -26.978354 -20.293461 -6.0
v -28.317282 -20.326723 -7.333333
v -26.99037 -20.196033 -6.0
v -26.997591 -20.098135 -6.0
v -41.304058 26.907583 -13.0
v -41.0 26.9 -13.0
v -41.607365 26.930313 -13.0
v -41.909157 26.968132 -13.0
v -42.208691 27.020948 -13.0
v -42.505219 27.088629 -13.0
v -42.798008 27.171005 -13.0
v -43.086323 27.267876 -13.0
v -43.369453 27.378996 -13.0
v -43.64669 27.504089 -13.0
v -43.917351 27.642849 -13.0
v -44.180756 27.794926 -13.0
v -44.436253 27.959944 -13.0
v -44.683208 28.137491 -13.0
v -44.921005 28.327129 -13.0
v -45.149055 28.528383 -13.0
v -45.366787 28.740755 -13.0
v -45.573666 28.963717 -13.0
v -45.769173 29.196712 -13.0
v -45.952824 29.439163 -13.0
v -46.124157 29.690468 -13.0
v -46.282757 29.950001 -13.0
v -46.428219 30.217115 -13.0
v -46.560184 30.491148 -13.0
v -46.678329 30.77142 -13.0
v -46.782356 31.057232 -13.0
v -46.872009 31.347874 -13.0
v -46.94706 31.642622 -13.0
v -47.007328 31.940746 -13.0
v -47.052658 32.241505 -13.0
v -47.082943 32.544147 -13.0
v -47.098103 32.847923 -13.0
v -47.098103 33.152077 -13.0
v -47.082943 33.455853 -13.0
v -47.052658 33.758495 -13.0
v -47.007328 34.059254 -13.0
v -46.94706 34.357376 -13.0
v -46.872009 34.652126 -13.0
v -46.782356 34.942768 -13.0
v -46.678329 35.22858 -13.0
v -46.560184 35.50885 -13.0
v -46.428219 35.782887 -13.0
v -46.282757 36.049999 -13.0
v -46.124157 36.309532 -13.0
v -45.952824 36.560837 -13.0
v -45.769173 36.803288 -13.0
v -45.573666 37.036285 -13.0
v -45.366787 37.259243 -13.0
v -45.149055 37.471615 -13.0
v -44.921005 37.672871 -13.0
v -44.683208 37.862507 -13.0
v -44.436253 38.040058 -13.0
v -44.180756 38.205074 -13.0
v -43.917351 38.357151 -13.0
v -43.64669 38.495911 -13.0
v -43.369453 38.621006 -13.0
v -43.086323 38.732124 -13.0
v -42.798008 38.828995 -13.0
v -42.505219 38.911373 -13.0
v -42.208691 38.979053 -13.0
v -41.909157 39.031868 -13.0
v -41.607365 39.069687 -13.0
v -41.304058 39.092419 -13.0
v -41.0 39.099998 -13.0
v -40.695942 39.092419 -13.0
v -40.392635 39.069687 -13.0
v -40.090843 39.031868 -13.0
v -39.791309 38.979053 -13.0
v -39.494781 38.911373 -13.0
v -39.201992 38.828995 -13.0
v -38.913677 38.732124 -13.0
v -38.630547 38.621006 -13.0
v -38.35331 38.495911 -13.0
v -38.082649 38.357151 -13.0
v -37.819244 38.205074 -13.0
v -37.563747 38.040058 -13.0
v -37.316792 37.862507 -13.0
v -37.078995 37.672871 -13.0
v -36.850945 37.471615 -13.0
v -36.633213 37.259243 -13.0
v -36.426334 37.036285 -13.0
v -36.230827 36.803288 -13.0
v -36.047176 36.560837 -13.0
v -35.875843 36.309532 -13.0
v -35.717243 36.049999 -13.0
v -35.571781 35.782887 -13.0
v -35.439816 35.50885 -13.0
v -35.321671 35.22858 -13.0
v -35.217644 34.942768 -13.0
v -35.127991 34.652126 -13.0
v -35.05294 34.357376 -13.0
v -34.992672 34.059254 -13.0
v -34.947342 33.758495 -13.0
v -34.917057 33.455853 -13.0
v -34.901897 33.152077 -13.0
v -34.901897 32.847923 -13.0
v -34.917057 32.544147 -13.0
v -34.947342 32.241505 -13.0
v -34.992672 31.940746 -13.0
v -35.05294 31.642622 -13.0
v -35.127991 31.347874 -13.0
v -35.217644 31.057232 -13.0
v -35.321671 30.77142 -13.0
v -35.439816 30.491148 -13.0
v -35.571781 30.217115 -13.0
v -35.717243 29.950001 -13.0
v -35.875843 29.690468 -13.0
v -36.047176 29.439163 -13.0
v -36.230827 29.196712 -13.0
v -36.426334 28.963717 -13.0
v -36.633213 28.740755 -13.0
v -36.850945 28.528383 -13.0
v -37.078995 28.327129 -13.0
v -37.316792 28.137491 -13.0
v -37.563747 27.959944 -13.0
v -37.819244 27.794926 -13.0
v -38.082649 27.642849 -13.0
v -38.35331 27.504089 -13.0
v -38.630547 27.378996 -13.0
v -38.913677 27.267876 -13.0
v -39.201992 27.171005 -13.0
v -39.494781 27.088629 -13.0
v -39.791309 27.020948 -13.0
v -40.090843 26.968132 -13.0
v -40.392635 26.930313 -13.0
v -40.695942 26.907583 -13.0
v 40.695942 26.907583 -13.0
v 41.0 26.9 -13.0
v 40.392635 26.930313 -13.0
v 40.090843 26.968132 -13.0
v 39.791309 27.020948 -13.0
v 39.494781 27.088629 -13.0
v 39.201992 27.171005 -13.0
v 38.913677 27.267876 -13.0
v 38.630547 27.378996 -13.0
v 38.35331 27.504089 -13.0
v 38.082649 27.642849 -13.0
v 37.819244 27.794926 -13.0
v 37.563747 27.959944 -13.0
v 37.316792 28.137491 -13.0
v 37.078995 28.327129 -13.0
v 36.850945 28.528383 -13.0
v 36.633213 28.740755 -13.0
v 36.426334 28.963717 -13.0
v 36.230827 29.196712 -13.0
v 36.047176 29.439163 -13.0
v 35.875843 29.690468 -13.0
v 35.717243 29.950001 -13.0
v 35.571781 30.217115 -13.0
v 35.439816 30.491148 -13.0
v 35.321671 30.77142 -13.0
v 35.217644 31.057232 -13.0
v 35.127991 31.347874 -13.0
v 35.05294 31.642622 -13.0
v 34.992672 31.940746 -13.0
v 34.947342 32.241505 -13.0
v 34.917057 32.544147 -13.0
v 34.901897 32.847923 -13.0
v 34.901897 33.152077 -13.0
v 34.917057 33.455853 -13.0
v 34.947342 33.758495 -13.0
v 34.992672 34.059254 -13.0
v 35.05294 34.357376 -13.0
v 35.127991 34.652126 -13.0
v 35.217644 34.942768 -13.0
v 35.321671 35.22858 -13.0
v 35.439816 35.50885 -13.0
v 35.571781 35.782887 -13.0
v 35.717243 36.049999 -13.0
v 35.875843 36.309532 -13.0
v 36.047176 36.560837 -13.0
v 36.230827 36.803288 -13.0
v 36.426334 37.036285 -13.0
v 36.633213 37.259243 -13.0
v 36.850945 37.471615 -13.0
v 37.078995 37.672871 -13.0
v 37.316792 37.862507 -13.0
v 37.563747 38.040058 -13.0
v 37.819244 38.205074 -13.0
v 38.082649 38.357151 -13.0
v 38.35331 38.495911 -13.0
v 38.630547 38.621006 -13.0
v 38.913677 38.732124 -13.0
v 39.201992 38.828995 -13.0
v 39.494781 38.911373 -13.0
v 39.791309 38.979053 -13.0
v 40.090843 39.031868 -13.0
v 40.392635 39.069687 -13.0
v 40.695942 39.092419 -13.0
v 41.0 39.099998 -13.0
v 41.304058 39.092419 -13.0
v 41.607365 39.069687 -13.0
v 41.909157 39.031868 -13.0
v 42.208691 38.979053 -13.0
v 42.505219 38.911373 -13.0
v 42.798008 38.828995 -13.0
v 43.086323 38.732124 -13.0
v 43.369453 38.621006 -13.0
v 43.64669 38.495911 -13.0
v 43.917351 38.357151 -13.0
v 44.180756 38.205074 -13.0
v 44.436253 38.040058 -13.0
v 44.683208 37.862507 -13.0
v 44.921005 37.672871 -13.0
v 45.149055 37.471615 -13.0
v 45.366787 37.259243 -13.0
v 45.573666 37.036285 -13.0
v 45.769173 36.803288 -13.0
v 45.952824 36.560837 -13.0
v 46.124157 36.309532 -13.0
v 46.282757 36.049999 -13.0
v 46.428219 35.782887 -13.0
v 46.560184 35.50885 -13.0
v 46.678329 35.22858 -13.0
v 46.782356 34.942768 -13.0
v 46.872009 34.652126 -13.0
v 46.94706 34.357376 -13.0
v 47.007328 34.059254 -13.0
v 47.052658 33.758495 -13.0
v 47.082943 33.455853 -13.0
v 47.098103 33.152077 -13.0
v 47.098103 32.847923 -13.0
v 47.082943 32.544147 -13.0
v 47.052658 32.241505 -13.0
v 47.007328 31.940746 -13.0
v 46.94706 31.642622 -13.0
v 46.872009 31.347874 -13.0
v 46.782356 31.057232 -13.0
v 46.678329 30.77142 -13.0
v 46.560184 30.491148 -13.0
v 46.428219 30.217115 -13.0
v 46.282757 29.950001 -13.0
v 46.124157 29.690468 -13.0
v 45.952824 29.439163 -13.0
v 45.769173 29.196712 -13.0
v 45.573666 28.963717 -13.0
v 45.366787 28.740755 -13.0
v 45.149055 28.528383 -13.0
v 44.921005 28.327129 -13.0
v 44.683208 28.137491 -13.0
v 44.436253 27.959944 -13.0
v 44.180756 27.794926 -13.0
v 43.917351 27.642849 -13.0
v 43.64669 27.504089 -13.0
v 43.369453 27.378996 -13.0
v 43.086323 27.267876 -13.0
v 42.798008 27.171005 -13.0
v 42.505219 27.088629 -13.0
v 42.208691 27.020948 -13.0
v 41.909157 26.968132 -13.0
v 41.607365 26.930313 -13.0
v 41.304058 26.907583 -13.0
v -41.0 -34.5 -13.0
v -41.074768 -34.498135 -13.0
v -41.149353 -34.492546 -13.0
v -41.223564 -34.483246 -13.0
v -41.297218 -34.470261 -13.0
v -41.370136 -34.453617 -13.0
v -41.442131 -34.433361 -13.0
v -41.513031 -34.409538 -13.0
v -41.582653 -34.382214 -13.0
v -41.650826 -34.351452 -13.0
v -41.717381 -34.317333 -13.0
v -41.782154 -34.279938 -13.0
v -41.844978 -34.239357 -13.0
v -41.905708 -34.195698 -13.0
v -41.96418 -34.149067 -13.0
v -42.02026 -34.099579 -13.0
v -42.073799 -34.047356 -13.0
v -42.124672 -33.992527 -13.0
v -42.172749 -33.935234 -13.0
v -42.217907 -33.875614 -13.0
v -42.26004 -33.81382 -13.0
v -42.299038 -33.75 -13.0
v -42.334808 -33.684315 -13.0
v -42.36726 -33.616932 -13.0
v -42.396309 -33.548012 -13.0
v -42.42189 -33.47773 -13.0
v -42.443935 -33.406261 -13.0
v -42.462391 -33.333782 -13.0
v -42.477211 -33.260471 -13.0
v -42.488358 -33.186516 -13.0
v -42.495804 -33.112095 -13.0
v -42.499535 -33.037395 -13.0
v -42.499535 -32.962605 -13.0
v -42.495804 -32.887905 -13.0
v -42.488358 -32.813484 -13.0
v -42.477211 -32.739529 -13.0
v -42.462391 -32.666218 -13.0
v -42.443935 -32.593739 -13.0
v -42.42189 -32.52227 -13.0
v -42.396309 -32.451988 -13.0
v -42.36726 -32.383068 -13.0
v -42.334808 -32.315685 -13.0
v -42.299038 -32.25 -13.0
v -42.26004 -32.18618 -13.0
v -42.217907 -32.124386 -13.0
v -42.172749 -32.064766 -13.0
v -42.124672 -32.007473 -13.0
v -42.073799 -31.952644 -13.0
v -42.02026 -31.900423 -13.0
v -41.96418 -31.850933 -13.0
v -41.905708 -31.8043 -13.0
v -41.844978 -31.760641 -13.0
v -41.782154 -31.720064 -13.0
v -41.717381 -31.682667 -13.0
v -41.650826 -31.648546 -13.0
v -41.582653 -31.617786 -13.0
v -41.513031 -31.590462 -13.0
v -41.442131 -31.566641 -13.0
v -41.370136 -31.546385 -13.0
v -41.297218 -31.529741 -13.0
v -41.223564 -31.516754 -13.0
v -41.149353 -31.507454 -13.0
v -41.074768 -31.501865 -13.0
v -41.0 -31.5 -13.0
v -40.925232 -31.501865 -13.0
v -40.850647 -31.507454 -13.0
v -40.776436 -31.516754 -13.0
v -40.702782 -31.529741 -13.0
v -40.629864 -31.546385 -13.0
v -40.557869 -31.566641 -13.0
v -40.486969 -31.590462 -13.0
v -40.417347 -31.617786 -13.0
v -40.349174 -31.648546 -13.0
v -40.282619 -31.682667 -13.0
v -40.217846 -31.720064 -13.0
v -40.155022 -31.760641 -13.0
v -40.094292 -31.8043 -13.0
v -40.03582 -31.850933 -13.0
v -39.97974 -31.900423 -13.0
v -39.926201 -31.952644 -13.0
v -39.875328 -32.007473 -13.0
v -39.827251 -32.064766 -13.0
v -39.782093 -32.124386 -13.0
v -39.73996 -32.18618 -13.0
v -39.700962 -32.25 -13.0
v -39.665192 -32.315685 -13.0
v -39.63274 -32.383068 -13.0
v -39.603691 -32.451988 -13.0
v -39.57811 -32.52227 -13.0
v -39.556065 -32.593739 -13.0
v -39.537609 -32.666218 -13.0
v -39.522789 -32.739529 -13.0
v -39.511642 -32.813484 -13.0
v -39.504196 -32.887905 -13.0
v -39.500465 -32.962605 -13.0
v -39.500465 -33.037395 -13.0
v -39.504196 -33.112095 -13.0
v -39.511642 -33.186516 -13.0
v -39.522789 -33.260471 -13.0
v -39.537609 -33.333782 -13.0
v -39.556065 -33.406261 -13.0
v -39.57811 -33.47773 -13.0
v -39.603691 -33.548012 -13.0
v -39.63274 -33.616932 -13.0
v -39.665192 -33.684315 -13.0
v -39.700962 -33.75 -13.0
v -39.73996 -33.81382 -13.0
v -39.782093 -33.875614 -13.0
v -39.827251 -33.935234 -13.0
v -39.875328 -33.992527 -13.0
v -39.926201 -34.047356 -13.0
v -39.97974 -34.099579 -13.0
v -40.03582 -34.149067 -13.0
v -40.094292 -34.195698 -13.0
v -40.155022 -34.239357 -13.0
v -40.217846 -34.279938 -13.0
v -40.282619 -34.317333 -13.0
v -40.349174 -34.351452 -13.0
v -40.417347 -34.382214 -13.0
v -40.486969 -34.409538 -13.0
v -40.557869 -34.433361 -13.0
v -40.629864 -34.453617 -13.0
v -40.702782 -34.470261 -13.0
v -40.776436 -34.483246 -13.0
v -40.850647 -34.492546 -13.0
v -40.925232 -34.498135 -13.0
v -41.0 31.5 -13.0
v -41.074768 31.501865 -13.0
v -41.149353 31.507454 -13.0
v -41.223564 31.516754 -13.0
v -41.297218 31.529741 -13.0
v -41.370136 31.546385 -13.0
v -41.442131 31.566641 -13.0
v -41.513031 31.590462 -13.0
v -41.582653 31.617786 -13.0
v -41.650826 31.648546 -13.0
v -41.717381 31.682667 -13.0
v -41.782154 31.720064 -13.0
v -41.844978 31.760641 -13.0
v -41.905708 31.8043 -13.0
v -41.96418 31.850933 -13.0
v -42.02026 31.900423 -13.0
v -42.073799 31.952644 -13.0
v -42.124672 32.007473 -13.0
v -42.172749 32.064766 -13.0
v -42.217907 32.124386 -13.0
v -42.26004 32.18618 -13.0
v -42.299038 32.25 -13.0
v -42.334808 32.315685 -13.0
v -42.36726 32.383068 -13.0
v -42.396309 32.451988 -13.0
v -42.42189 32.52227 -13.0
v -42.443935 32.593739 -13.0
v -42.462391 32.666218 -13.0
v -42.477211 32.739529 -13.0
v -42.488358 32.813484 -13.0
v -42.495804 32.887905 -13.0
v -42.499535 32.962605 -13.0
v -42.499535 33.037395 -13.0
v -42.495804 33.112095 -13.0
v -42.488358 33.186516 -13.0
v -42.477211 33.260471 -13.0
v -42.462391 33.333782 -13.0
v -42.443935 33.406261 -13.0
v -42.42189 33.47773 -13.0
v -42.396309 33.548012 -13.0
v -42.36726 33.616932 -13.0
v -42.334808 33.684315 -13.0
v -42.299038 33.75 -13.0
v -42.26004 33.81382 -13.0
v -42.217907 33.875614 -13.0
v -42.172749 33.935234 -13.0
v -42.124672 33.992527 -13.0
v -42.073799 34.047356 -13.0
v -42.02026 34.099579 -13.0
v -41.96418 34.149067 -13.0
v -41.905708 34.195698 -13.0
v -41.844978 34.239357 -13.0
v -41.782154 34.279938 -13.0
v -41.717381 34.317333 -13.0
v -41.650826 34.351452 -13.0
v -41.582653 34.382214 -13.0
v -41.513031 34.409538 -13.0
v -41.442131 34.433361 -13.0
v -41.370136 34.453617 -13.0
v -41.297218 34.470261 -13.0
v -41.223564 34.483246 -13.0
v -41.149353 34.492546 -13.0
v -41.074768 34.498135 -13.0
v -41.0 34.5 -13.0
v -40.925232 34.498135 -13.0
v -40.850647 34.492546 -13.0
v -40.776436 34.483246 -13.0
v -40.702782 34.470261 -13.0
v -40.629864 34.453617 -13.0
v -40.557869 34.433361 -13.0
v -40.486969 34.409538 -13.0
v -40.417347 34.382214 -13.0
v -40.349174 34.351452 -13.0
v -40.282619 34.317333 -13.0
v -40.217846 34.279938 -13.0
v -40.155022 34.239357 -13.0
v -40.094292 34.195698 -13.0
v -40.03582 34.149067 -13.0
v -39.97974 34.099579 -13.0
v -39.926201 34.047356 -13.0
v -39.875328 33.992527 -13.0
v -39.827251 33.935234 -13.0
v -39.782093 33.875614 -13.0
v -39.73996 33.81382 -13.0
v -39.700962 33.75 -13.0
v -39.665192 33.684315 -13.0
v -39.63274 33.616932 -13.0
v -39.603691 33.548012 -13.0
v -39.57811 33.47773 -13.0
v -39.556065 33.406261 -13.0
v -39.537609 33.333782 -13.0
v -39.522789 33.260471 -13.0
v -39.511642 33.186516 -13.0
v -39.504196 33.112095 -13.0
v -39.500465 33.037395 -13.0
v -39.500465 32.962605 -13.0
v -39.504196 32.887905 -13.0
v -39.511642 32.813484 -13.0
v -39.522789 32.739529 -13.0
v -39.537609 32.666218 -13.0
v -39.556065 32.593739 -13.0
v -39.57811 32.52227 -13.0
v -39.603691 32.451988 -13.0
v -39.63274 32.383068 -13.0
v -39.665192 32.315685 -13.0
v -39.700962 32.25 -13.0
v -39.73996 32.18618 -13.0
v -39.782093 32.124386 -13.0
v -39.827251 32.064766 -13.0
v -39.875328 32.007473 -13.0
v -39.926201 31.952644 -13.0
v -39.97974 31.900423 -13.0
v -40.03582 31.850933 -13.0
v -40.094292 31.8043 -13.0
v -40.155022 31.760641 -13.0
v -40.217846 31.720064 -13.0
v -40.282619 31.682667 -13.0
v -40.349174 31.648546 -13.0
v -40.417347 31.617786 -13.0
v -40.486969 31.590462 -13.0
v -40.557869 31.566641 -13.0
v -40.629864 31.546385 -13.0
v -40.702782 31.529741 -13.0
v -40.776436 31.516754 -13.0
v -40.850647 31.507454 -13.0
v -40.925232 31.501865 -13.0
v 42.073799 -34.047356 -8.0
v 42.02026 -34.099579 -8.0
v 42.124672 -33.992527 -8.0
v 41.96418 -34.149067 -8.0
v 42.172749 -33.935234 -8.0
v 41.905708 -34.195698 -8.0
v 42.217907 -33.875614 -8.0
v 41.844978 -34.239357 -8.0
v 42.26004 -33.81382 -8.0
v 41.782154 -34.279938 -8.0
v 42.299038 -33.75 -8.0
v 41.717381 -34.317333 -8.0
v 42.334808 -33.684315 -8.0
v 41.650826 -34.351452 -8.0
v 42.36726 -33.616932 -8.0
v 41.582653 -34.382214 -8.0
v 42.396309 -33.548012 -8.0
v 41.513031 -34.409538 -8.0
v 42.42189 -33.47773 -8.0
v 41.442131 -34.433361 -8.0
v 42.443935 -33.406261 -8.0
v 41.370136 -34.453617 -8.0
v 42.462391 -33.333782 -8.0
v 41.297218 -34.470261 -8.0
v 42.477211 -33.260471 -8.0
v 41.223564 -34.483246 -8.0
v 42.488358 -33.186516 -8.0
v 41.149353 -34.492546 -8.0
v 42.495804 -33.112095 -8.0
v 41.074768 -34.498135 -8.0
v 42.499535 -33.037395 -8.0
v 41.0 -34.5 -8.0
v 42.499535 -32.962605 -8.0
v 40.925232 -34.498135 -8.0
v 42.495804 -32.887905 -8.0
v 40.850647 -34.492546 -8.0
v 42.488358 -32.813484 -8.0
v 40.776436 -34.483246 -8.0
v 42.477211 -32.739529 -8.0
v 40.702782 -34.470261 -8.0
v 42.462391 -32.666218 -8.0
v 40.629864 -34.453617 -8.0
v 42.443935 -32.593739 -8.0
v 40.557869 -34.433361 -8.0
v 42.42189 -32.52227 -8.0
v 40.486969 -34.409538 -8.0
v 42.396309 -32.451988 -8.0
v 40.417347 -34.382214 -8.0
v 42.36726 -32.383068 -8.0
v 40.349174 -34.351452 -8.0
v 42.334808 -32.315685 -8.0
v 40.282619 -34.317333 -8.0
v 42.299038 -32.25 -8.0
v 40.217846 -34.279938 -8.0
v 42.26004 -32.18618 -8.0
v 40.155022 -34.239357 -8.0
v 42.217907 -32.124386 -8.0
v 40.094292 -34.195698 -8.0
v 42.172749 -32.064766 -8.0
v 40.03582 -34.149067 -8.0
v 42.124672 -32.007473 -8.0
v 39.97974 -34.099579 -8.0
v 42.073799 -31.952644 -8.0
v 39.926201 -34.047356 -8.0
v 42.02026 -31.900423 -8.0
v 39.875328 -33.992527 -8.0
v 41.96418 -31.850933 -8.0
v 39.827251 -33.935234 -8.0
v 41.905708 -31.8043 -8.0
v 39.782093 -33.875614 -8.0
v 39.73996 -33.81382 -8.0
v 41.844978 -31.760641 -8.0
v 41.782154 -31.720064 -8.0
v 39.700962 -33.75 -8.0
v 41.717381 -31.682667 -8.0
v 39.665192 -33.684315 -8.0
v 41.650826 -31.648546 -8.0
v 39.63274 -33.616932 -8.0
v 41.582653 -31.617786 -8.0
v 39.603691 -33.548012 -8.0
v 41.513031 -31.590462 -8.0
v 39.57811 -33.47773 -8.0
v 41.442131 -31.566641 -8.0
v 39.556065 -33.406261 -8.0
v 41.370136 -31.546385 -8.0
v 41.297218 -31.529741 -8.0
v 39.537609 -33.333782 -8.0
v 39.522789 -33.260471 -8.0
v 41.223564 -31.516754 -8.0
v 39.511642 -33.186516 -8.0
v 39.504196 -33.112095 -8.0
v 41.149353 -31.507454 -8.0
v 41.074768 -31.501865 -8.0
v 39.500465 -33.037395 -8.0
v 39.500465 -32.962605 -8.0
v 41.0 -31.5 -8.0
v 40.925232 -31.501865 -8.0
v 39.504196 -32.887905 -8.0
v 39.511642 -32.813484 -8.0
v 40.850647 -31.507454 -8.0
v 40.776436 -31.516754 -8.0
v 39.522789 -32.739529 -8.0
v 39.537609 -32.666218 -8.0
v 40.702782 -31.529741 -8.0
v 40.629864 -31.546385 -8.0
v 39.556065 -32.593739 -8.0
v 40.557869 -31.566641 -8.0
v 39.57811 -32.52227 -8.0
v 39.603691 -32.451988 -8.0
v 40.486969 -31.590462 -8.0
v 39.63274 -32.383068 -8.0
v 40.417347 -31.617786 -8.0
v 40.349174 -31.648546 -8.0
v 39.665192 -32.315685 -8.0
v 39.700962 -32.25 -8.0
v 40.282619 -31.682667 -8.0
v 39.73996 -32.18618 -8.0
v 40.217846 -31.720064 -8.0
v 40.155022 -31.760641 -8.0
v 39.782093 -32.124386 -8.0
v 39.827251 -32.064766 -8.0
v 40.094292 -31.8043 -8.0
v 39.875328 -32.007473 -8.0
v 40.03582 -31.850933 -8.0
v 39.926201 -31.952644 -8.0
v 39.97974 -31.900423 -8.0
v 42.073799 31.952644 -8.0
v 42.02026 31.900423 -8.0
v 42.124672 32.007473 -8.0
v 41.96418 31.850933 -8.0
v 42.172749 32.064766 -8.0
v 41.905708 31.8043 -8.0
v 42.217907 32.124386 -8.0
v 41.844978 31.760641 -8.0
v 42.26004 32.18618 -8.0
v 41.782154 31.720064 -8.0
v 42.299038 32.25 -8.0
v 41.717381 31.682667 -8.0
v 42.334808 32.315685 -8.0
v 41.650826 31.648546 -8.0
v 42.36726 32.383068 -8.0
v 41.582653 31.617786 -8.0
v 42.396309 32.451988 -8.0
v 41.513031 31.590462 -8.0
v 42.42189 32.52227 -8.0
v 41.442131 31.566641 -8.0
v 42.443935 32.593739 -8.0
v 41.370136 31.546385 -8.0
v 42.462391 32.666218 -8.0
v 41.297218 31.529741 -8.0
v 42.477211 32.739529 -8.0
v 41.223564 31.516754 -8.0
v 42.488358 32.813484 -8.0
v 41.149353 31.507454 -8.0
v 42.495804 32.887905 -8.0
v 41.074768 31.501865 -8.0
v 42.499535 32.962605 -8.0
v 41.0 31.5 -8.0
v 42.499535 33.037395 -8.0
v 40.925232 31.501865 -8.0
v 42.495804 33.112095 -8.0
v 40.850647 31.507454 -8.0
v 42.488358 33.186516 -8.0
v 40.776436 31.516754 -8.0
v 42.477211 33.260471 -8.0
v 40.702782 31.529741 -8.0
v 42.462391 33.333782 -8.0
v 40.629864 31.546385 -8.0
v 42.443935 33.406261 -8.0
v 40.557869 31.566641 -8.0
v 42.42189 33.47773 -8.0
v 40.486969 31.590462 -8.0
v 42.396309 33.548012 -8.0
v 40.417347 31.617786 -8.0
v 42.36726 33.616932 -8.0
v 40.349174 31.648546 -8.0
v 42.334808 33.684315 -8.0
v 40.282619 31.682667 -8.0
v 42.299038 33.75 -8.0
v 40.217846 31.720064 -8.0
v 42.26004 33.81382 -8.0
v 40.155022 31.760641 -8.0
v 42.217907 33.875614 -8.0
v 40.094292 31.8043 -8.0
v 42.172749 33.935234 -8.0
v 40.03582 31.850933 -8.0
v 42.124672 33.992527 -8.0
v 39.97974 31.900423 -8.0
v 42.073799 34.047356 -8.0
v 39.926201 31.952644 -8.0
v 42.02026 34.099579 -8.0
v 39.875328 32.007473 -8.0
v 39.827251 32.064766 -8.0
v 41.96418 34.149067 -8.0
v 39.782093 32.124386 -8.0
v 41.905708 34.195698 -8.0
v 41.844978 34.239357 -8.0
v 39.73996 32.18618 -8.0
v 41.782154 34.279938 -8.0
v 39.700962 32.25 -8.0
v 41.717381 34.317333 -8.0
v 39.665192 32.315685 -8.0
v 41.650826 34.351452 -8.0
v 39.63274 32.383068 -8.0
v 41.582653 34.382214 -8.0
v 39.603691 32.451988 -8.0
v 41.513031 34.409538 -8.0
v 39.57811 32.52227 -8.0
v 41.442131 34.433361 -8.0
v 39.556065 32.593739 -8.0
v 41.370136 34.453617 -8.0
v 39.537609 32.666218 -8.0
v 41.297218 34.470261 -8.0
v 39.522789 32.739529 -8.0
v 41.223564 34.483246 -8.0
v 39.511642 32.813484 -8.0
v 41.149353 34.492546 -8.0
v 39.504196 32.887905 -8.0
v 41.074768 34.498135 -8.0
v 39.500465 32.962605 -8.0
v 39.500465 33.037395 -8.0
v 41.0 34.5 -8.0
v 40.925232 34.498135 -8.0
v 39.504196 33.112095 -8.0
v 40.850647 34.492546 -8.0
v 39.511642 33.186516 -8.0
v 39.522789 33.260471 -8.0
v 40.776436 34.483246 -8.0
v 40.702782 34.470261 -8.0
v 39.537609 33.333782 -8.0
v 39.556065 33.406261 -8.0
v 40.629864 34.453617 -8.0
v 40.557869 34.433361 -8.0
v 40.486969 34.409538 -8.0
v 39.57811 33.47773 -8.0
v 40.417347 34.382214 -8.0
v 39.603691 33.548012 -8.0
v 39.63274 33.616932 -8.0
v 40.349174 34.351452 -8.0
v 40.282619 34.317333 -8.0
v 39.665192 33.684315 -8.0
v 40.217846 34.279938 -8.0
v 39.700962 33.75 -8.0
v 39.73996 33.81382 -8.0
v 40.155022 34.239357 -8.0
v 40.094292 34.195698 -8.0
v 39.782093 33.875614 -8.0
v 39.827251 33.935234 -8.0
v 39.875328 33.992527 -8.0
v 40.03582 34.149067 -8.0
v 39.97974 34.099579 -8.0
v 39.926201 34.047356 -8.0
v 42.02026 -31.900423 -13.0
v 42.073799 -31.952644 -13.0
v 42.124672 -32.007473 -13.0
v 41.96418 -31.850933 -13.0
v 42.172749 -32.064766 -13.0
v 41.905708 -31.8043 -13.0
v 42.217907 -32.124386 -13.0
v 41.844978 -31.760641 -13.0
v 42.26004 -32.18618 -13.0
v 41.782154 -31.720064 -13.0
v 42.299038 -32.25 -13.0
v 41.717381 -31.682667 -13.0
v 42.334808 -32.315685 -13.0
v 41.650826 -31.648546 -13.0
v 42.36726 -32.383068 -13.0
v 41.582653 -31.617786 -13.0
v 42.396309 -32.451988 -13.0
v 41.513031 -31.590462 -13.0
v 42.42189 -32.52227 -13.0
v 41.442131 -31.566641 -13.0
v 42.443935 -32.593739 -13.0
v 41.370136 -31.546385 -13.0
v 42.462391 -32.666218 -13.0
v 41.297218 -31.529741 -13.0
v 42.477211 -32.739529 -13.0
v 41.223564 -31.516754 -13.0
v 42.488358 -32.813484 -13.0
v 41.149353 -31.507454 -13.0
v 42.495804 -32.887905 -13.0
v 41.074768 -31.501865 -13.0
v 42.499535 -32.962605 -13.0
v 41.0 -31.5 -13.0
v 42.499535 -33.037395 -13.0
v 40.925232 -31.501865 -13.0
v 42.495804 -33.112095 -13.0
v 40.850647 -31.507454 -13.0
v 42.488358 -33.186516 -13.0
v 40.776436 -31.516754 -13.0
v 42.477211 -33.260471 -13.0
v 40.702782 -31.529741 -13.0
v 42.462391 -33.333782 -13.0
v 40.629864 -31.546385 -13.0
v 42.443935 -33.406261 -13.0
v 40.557869 -31.566641 -13.0
v 42.42189 -33.47773 -13.0
v 40.486969 -31.590462 -13.0
v 42.396309 -33.548012 -13.0
v 40.417347 -31.617786 -13.0
v 42.36726 -33.616932 -13.0
v 40.349174 -31.648546 -13.0
v 42.334808 -33.684315 -13.0
v 40.282619 -31.682667 -13.0
v 42.299038 -33.75 -13.0
v 40.217846 -31.720064 -13.0
v 42.26004 -33.81382 -13.0
v 40.155022 -31.760641 -13.0
v 42.217907 -33.875614 -13.0
v 40.094292 -31.8043 -13.0
v 42.172749 -33.935234 -13.0
v 40.03582 -31.850933 -13.0
v 42.124672 -33.992527 -13.0
v 39.97974 -31.900423 -13.0
v 42.073799 -34.047356 -13.0
v 42.02026 -34.099579 -13.0
v 39.926201 -31.952644 -13.0
v 41.96418 -34.149067 -13.0
v 39.875328 -32.007473 -13.0
v 39.827251 -32.064766 -13.0
v 41.905708 -34.195698 -13.0
v 39.782093 -32.124386 -13.0
v 41.844978 -34.239357 -13.0
v 39.73996 -32.18618 -13.0
v 41.782154 -34.279938 -13.0
v 39.700962 -32.25 -13.0
v 39.665192 -32.315685 -13.0
v 41.717381 -34.317333 -13.0
v 41.582653 -34.382214 -13.0
v 41.650826 -34.351452 -13.0
v 39.63274 -32.383068 -13.0
v 41.513031 -34.409538 -13.0
v 39.603691 -32.451988 -13.0
v 39.57811 -32.52227 -13.0
v 41.442131 -34.433361 -13.0
v 39.556065 -32.593739 -13.0
v 39.537609 -32.666218 -13.0
v 41.370136 -34.453617 -13.0
v 41.297218 -34.470261 -13.0
v 39.522789 -32.739529 -13.0
v 41.223564 -34.483246 -13.0
v 39.511642 -32.813484 -13.0
v 41.149353 -34.492546 -13.0
v 39.504196 -32.887905 -13.0
v 41.0 -34.5 -13.0
v 41.074768 -34.498135 -13.0
v 39.500465 -32.962605 -13.0
v 40.925232 -34.498135 -13.0
v 39.500465 -33.037395 -13.0
v 40.850647 -34.492546 -13.0
v 39.504196 -33.112095 -13.0
v 39.511642 -33.186516 -13.0
v 40.702782 -34.470261 -13.0
v 40.776436 -34.483246 -13.0
v 39.522789 -33.260471 -13.0
v 39.537609 -33.333782 -13.0
v 40.629864 -34.453617 -13.0
v 39.556065 -33.406261 -13.0
v 40.486969 -34.409538 -13.0
v 40.557869 -34.433361 -13.0
v 39.57811 -33.47773 -13.0
v 40.417347 -34.382214 -13.0
v 39.603691 -33.548012 -13.0
v 40.349174 -34.351452 -13.0
v 39.63274 -33.616932 -13.0
v 40.282619 -34.317333 -13.0
v 39.665192 -33.684315 -13.0
v 39.700962 -33.75 -13.0
v 40.217846 -34.279938 -13.0
v 39.73996 -33.81382 -13.0
v 40.155022 -34.239357 -13.0
v 39.782093 -33.875614 -13.0
v 39.827251 -33.935234 -13.0
v 40.094292 -34.195698 -13.0
v 39.97974 -34.099579 -13.0
v 40.03582 -34.149067 -13.0
v 39.875328 -33.992527 -13.0
v 39.926201 -34.047356 -13.0
v 39.875328 32.007473 -13.0
v 39.926201 31.952644 -13.0
v 39.97974 31.900423 -13.0
v 42.02026 34.099579 -13.0
v 42.073799 34.047356 -13.0
v 42.124672 33.992527 -13.0
v 41.96418 34.149067 -13.0
v 42.172749 33.935234 -13.0
v 41.905708 34.195698 -13.0
v 42.217907 33.875614 -13.0
v 41.844978 34.239357 -13.0
v 42.26004 33.81382 -13.0
v 41.782154 34.279938 -13.0
v 42.299038 33.75 -13.0
v 41.717381 34.317333 -13.0
v 42.334808 33.684315 -13.0
v 41.650826 34.351452 -13.0
v 42.36726 33.616932 -13.0
v 41.582653 34.382214 -13.0
v 42.396309 33.548012 -13.0
v 41.513031 34.409538 -13.0
v 42.42189 33.47773 -13.0
v 41.442131 34.433361 -13.0
v 42.443935 33.406261 -13.0
v 41.370136 34.453617 -13.0
v 42.462391 33.333782 -13.0
v 41.297218 34.470261 -13.0
v 42.477211 33.260471 -13.0
v 41.223564 34.483246 -13.0
v 42.488358 33.186516 -13.0
v 41.149353 34.492546 -13.0
v 42.495804 33.112095 -13.0
v 41.074768 34.498135 -13.0
v 42.499535 33.037395 -13.0
v 41.0 34.5 -13.0
v 42.499535 32.962605 -13.0
v 40.925232 34.498135 -13.0
v 42.495804 32.887905 -13.0
v 40.850647 34.492546 -13.0
v 42.488358 32.813484 -13.0
v 40.776436 34.483246 -13.0
v 42.477211 32.739529 -13.0
v 40.702782 34.470261 -13.0
v 42.462391 32.666218 -13.0
v 40.629864 34.453617 -13.0
v 42.443935 32.593739 -13.0
v 40.557869 34.433361 -13.0
v 42.42189 32.52227 -13.0
v 40.486969 34.409538 -13.0
v 42.396309 32.451988 -13.0
v 40.417347 34.382214 -13.0
v 42.36726 32.383068 -13.0
v 40.349174 34.351452 -13.0
v 42.334808 32.315685 -13.0
v 40.282619 34.317333 -13.0
v 42.299038 32.25 -13.0
v 40.217846 34.279938 -13.0
v 42.26004 32.18618 -13.0
v 40.155022 34.239357 -13.0
v 42.217907 32.124386 -13.0
v 40.094292 34.195698 -13.0
v 42.172749 32.064766 -13.0
v 40.03582 34.149067 -13.0
v 42.124672 32.007473 -13.0
v 39.97974 34.099579 -13.0
v 42.073799 31.952644 -13.0
v 42.02026 31.900423 -13.0
v 39.926201 34.047356 -13.0
v 41.96418 31.850933 -13.0
v 39.875328 33.992527 -13.0
v 39.827251 33.935234 -13.0
v 41.905708 31.8043 -13.0
v 39.782093 33.875614 -13.0
v 41.782154 31.720064 -13.0
v 41.844978 31.760641 -13.0
v 39.73996 33.81382 -13.0
v 41.717381 31.682667 -13.0
v 39.700962 33.75 -13.0
v 39.665192 33.684315 -13.0
v 41.582653 31.617786 -13.0
v 41.650826 31.648546 -13.0
v 39.63274 33.616932 -13.0
v 39.603691 33.548012 -13.0
v 41.513031 31.590462 -13.0
v 39.57811 33.47773 -13.0
v 39.556065 33.406261 -13.0
v 41.442131 31.566641 -13.0
v 41.297218 31.529741 -13.0
v 41.370136 31.546385 -13.0
v 39.537609 33.333782 -13.0
v 39.522789 33.260471 -13.0
v 41.223564 31.516754 -13.0
v 39.511642 33.186516 -13.0
v 41.074768 31.501865 -13.0
v 41.149353 31.507454 -13.0
v 39.504196 33.112095 -13.0
v 41.0 31.5 -13.0
v 39.500465 33.037395 -13.0
v 39.500465 32.962605 -13.0
v 40.850647 31.507454 -13.0
v 40.925232 31.501865 -13.0
v 39.504196 32.887905 -13.0
v 40.776436 31.516754 -13.0
v 39.511642 32.813484 -13.0
v 40.702782 31.529741 -13.0
v 39.522789 32.739529 -13.0
v 40.629864 31.546385 -13.0
v 39.537609 32.666218 -13.0
v 39.556065 32.593739 -13.0
v 40.557869 31.566641 -13.0
v 39.57811 32.52227 -13.0
v 39.603691 32.451988 -13.0
v 40.486969 31.590462 -13.0
v 40.417347 31.617786 -13.0
v 39.63274 32.383068 -13.0
v 39.665192 32.315685 -13.0
v 40.349174 31.648546 -13.0
v 40.217846 31.720064 -13.0
v 40.282619 31.682667 -13.0
v 39.700962 32.25 -13.0
v 39.73996 32.18618 -13.0
v 40.094292 31.8043 -13.0
v 40.155022 31.760641 -13.0
v 39.782093 32.124386 -13.0
v 39.827251 32.064766 -13.0
v 40.03582 31.850933 -13.0
vn -1.0 0.0 0.0
vn -1.0 0.0 0.0
vn -1.0 0.0 0.0
vn -1.0 0.0 0.0
vn -1.0 0.0 0.0
vn -1.0 0.0 0.0
vn -1.0 0.0 0.0
vn -1.0 0.0 0.0
vn -1.0 0.0 0.0
vn -1.0 0.0 0.0
vn -1.0 0.0 0.0
vn -1.0 0.0 0.0
vn -1.0 0.0 0.0
vn -1.0 0.0 0.0
vn -1.0 0.0 0.0
vn -1.0 0.0 0.0
vn -1.0 0.0 0.0
vn -1.0 0.0 0.0
vn -1.0 0.0 0.0
vn -1.0 0.0 0.0
vn -1.0 0.0 0.0
vn -1.0 0.0 0.0
vn -1.0 0.0 0.0
vn -1.0 0.0 0.0
vn -1.0 0.0 0.0
vn -1.0 0.0 0.0
vn -1.0 0.0 0.0
vn -1.0 0.0 0.0
vn -1.0 0.0 0.0
vn -1.0 0.0 0.0
vn -1.0 0.0 0.0
vn -1.0 0.0 0.0
vn -1.0 0.0 0.0
vn -1.0 -0.0 0.0
vn -1.0 -0.0 0.0
vn -1.0 -0.0 0.0
vn -1.0 -0.0 0.0
vn -1.0 0.0 0.0
vn -1.0 0.0 0.0
vn -1.0 0.0 0.0
vn -1.0 0.0 0.0
vn -1.0 0.0 0.0
vn -1.0 0.0 0.0
vn -1.0 0.0 0.0
vn -1.0 0.0 0.0
vn -1.0 0.0 0.0
vn -1.0 0.0 0.0
vn -1.0 0.0 0.0
vn -1.0 0.0 0.0
vn -1.0 0.0 0.0
vn -1.0 0.0 0.0
vn -1.0 0.0 0.0
vn -1.0 0.0 0.0
vn -1.0 0.0 0.0
vn -1.0 0.0 0.0
vn -1.0 0.0 0.0
vn -1.0 0.0 0.0
vn -1.0 0.0 0.0
vn -1.0 0.0 0.0
vn -1.0 0.0 0.0
vn -1.0 0.0 0.0
vn -1.0 0.0 0.0
vn -1.0 0.0 0.0
vn -1.0 0.0 0.0
vn -1.0 0.0 0.0
vn -1.0 0.0 0.0
vn -1.0 0.0 0.0
vn -1.0 0.0 0.0
vn -1.0 0.0 0.0
vn -1.0 0.0 0.0
vn -1.0 0.0 0.0
vn -1.0 0.0 0.0
vn -1.0 0.0 0.0
vn -1.0 0.0 0.0
vn -1.0 0.0 0.0
vn -1.0 0.0 0.0
vn -1.0 0.0 0.0
vn -1.0 0.0 0.0
vn -1.0 0.0 0.0
vn -1.0 0.0 0.0
vn -1.0 0.0 0.0
vn -1.0 0.0 0.0
vn -1.0 0.0 0.0
vn -1.0 0.0 0.0
vn -1.0 0.0 0.0
vn -1.0 0.0 0.0
vn -1.0 0.0 0.0
vn -1.0 0.0 0.0
vn -1.0 0.0 0.0
vn -1.0 0.0 0.0
vn -1.0 0.0 0.0
vn -1.0 0.0 0.0
vn -1.0 0.0 0.0
vn -1.0 0.0 0.0
vn -1.0 0.0 0.0
vn -1.0 0.0 0.0
vn -1.0 0.0 0.0
vn -1.0 0.0 0.0
vn -1.0 0.0 0.0
vn -1.0 0.0 0.0
vn -1.0 0.0 0.0
vn -1.0 0.0 0.0
vn -1.0 0.0 0.0
vn -1.0 0.0 0.0
vn -1.0 0.0 0.0
vn -1.0 0.0 0.0
vn -1.0 0.0 0.0
vn -1.0 0.0 0.0
vn -1.0 0.0 0.0
vn -1.0 0.0 0.0
vn -1.0 0.0 0.0
vn -1.0 0.0 0.0
vn -1.0 0.0 0.0
vn -1.0 0.0 0.0
vn -1.0 0.0 0.0
vn -1.0 0.0 0.0
vn -1.0 0.0 0.0
vn -1.0 0.0 0.0
vn -1.0 0.0 0.0
vn -1.0 0.0 0.0
vn -1.0 0.0 0.0
vn -1.0 0.0 0.0
vn -1.0 0.0 0.0
vn -1.0 0.0 0.0
vn -1.0 0.0 0.0
vn -1.0 0.0 0.0
vn -1.0 0.0 0.0
vn -1.0 0.0 0.0
vn -1.0 0.0 0.0
vn -1.0 0.0 0.0
vn -1.0 0.0 0.0
vn -1.0 0.0 0.0
vn -1.0 0.0 0.0
vn -1.0 0.0 0.0
vn -1.0 0.0 0.0
vn -1.0 0.0 0.0
vn -1.0 0.0 0.0
vn -1.0 0.0 0.0
vn -1.0 0.0 0.0
vn -1.0 0.0 0.0
vn -1.0 0.0 0.0
vn -1.0 0.0 0.0
vn -1.0 0.0 0.0
vn -1.0 0.0 0.0
vn -1.0 0.0 0.0
vn -1.0 0.0 0.0
vn -1.0 0.0 0.0
vn -1.0 0.0 0.0
vn -1.0 0.0 0.0
vn -1.0 0.0 0.0
vn -1.0 0.0 0.0
vn -1.0 0.0 0.0
vn -1.0 0.0 0.0
vn -1.0 0.0 0.0
vn -1.0 0.0 0.0
vn -1.0 0.0 0.0
vn -1.0 0.0 0.0
vn -1.0 0.0 0.0
vn -1.0 0.0 0.0
vn -1.0 0.0 0.0
vn -1.0 0.0 0.0
vn -1.0 -0.0 0.0
vn -1.0 -0.0 0.0
vn -1.0 -0.0 0.0
vn -1.0 -0.0 0.0
vn -1.0 -0.0 0.0
vn -1.0 -0.0 0.0
vn -1.0 -0.0 0.0
vn -1.0 -0.0 0.0
vn -1.0 -0.0 0.0
vn -1.0 -0.0 0.0
vn -1.0 0.0 0.0
vn -1.0 0.0 0.0
vn -1.0 0.0 0.0
vn -1.0 0.0 0.0
vn -1.0 0.0 0.0
vn -1.0 0.0 0.0
vn -1.0 0.0 0.0
vn -1.0 0.0 -0.0
vn -1.0 0.0 0.0
vn -1.0 0.0 0.0
vn -1.0 0.0 0.0
vn -1.0 0.0 0.0
vn -1.0 0.0 0.0
vn -1.0 0.0 0.0
vn -1.0 0.0 0.0
vn -1.0 0.0 0.0
vn -1.0 0.0 0.0
vn -1.0 0.0 0.0
vn -1.0 0.0 0.0
vn -1.0 0.0 0.0
vn -1.0 0.0 0.0
vn -1.0 0.0 0.0
vn -1.0 0.0 0.0
vn -1.0 0.0 0.0
vn -1.0 0.0 0.0
vn -1.0 0.0 0.0
vn -1.0 0.0 0.0
vn -1.0 0.0 0.0
vn -1.0 0.0 0.0
vn -1.0 0.0 0.0
vn -1.0 0.0 0.0
vn -1.0 0.0 0.0
vn -1.0 0.0 0.0
vn -1.0 0.0 0.0
vn -1.0 0.0 0.0
vn -1.0 0.0 0.0
vn -1.0 0.0 0.0
vn -1.0 0.0 0.0
vn -1.0 0.0 0.0
vn -1.0 0.0 0.0
vn -1.0 0.0 0.0
vn -1.0 0.0 0.0
vn -1.0 0.0 0.0
vn -1.0 0.0 0.0
vn -1.0 0.0 0.0
vn -1.0 0.0 0.0
vn -1.0 0.0 0.0
vn -1.0 0.0 0.0
vn -1.0 0.0 0.0
vn -1.0 0.0 0.0
vn -1.0 0.0 0.0
vn -1.0 0.0 0.0
vn -1.0 0.0 0.0
vn -1.0 0.0 0.0
vn -1.0 0.0 0.0
vn -1.0 0.0 0.0
vn -1.0 0.0 0.0
vn -1.0 0.0 0.0
vn -1.0 0.0 0.0
vn -1.0 -0.0 0.0
vn -1.0 0.0 0.0
vn -1.0 0.0 0.0
vn -1.0 0.0 0.0
vn -1.0 0.0 0.0
vn -1.0 0.0 0.0
vn -1.0 0.0 0.0
vn -1.0 0.0 0.0
vn -1.0 0.0 0.0
vn -1.0 0.0 0.0
vn -1.0 0.0 0.0
vn -1.0 0.0 0.0
vn -1.0 0.0 0.0
vn -1.0 0.0 0.0
vn -1.0 -0.0 0.0
vn -1.0 0.0 0.0
vn -1.0 0.0 0.0
vn -1.0 0.0 0.0
vn -1.0 0.0 0.0
vn -1.0 0.0 0.0
vn -1.0 0.0 0.0
vn -1.0 0.0 0.0
vn -1.0 0.0 0.0
vn -1.0 0.0 0.0
vn -1.0 0.0 0.0
vn -1.0 0.0 0.0
vn -1.0 -0.0 0.0
vn -1.0 0.0 0.0
vn -1.0 0.0 0.0
vn -1.0 0.0 0.0
vn -1.0 0.0 0.0
vn -1.0 0.0 0.0
vn -1.0 -0.0 0.0
vn -1.0 0.0 0.0
vn -1.0 0.0 0.0
vn -1.0 -0.0 0.0
vn -1.0 0.0 0.0
vn -1.0 -0.0 0.0
vn -1.0 0.0 0.0
vn -1.0 0.0 0.0
vn -1.0 0.0 0.0
vn -1.0 0.0 0.0
vn -1.0 -0.0 0.0
vn -1.0 0.0 0.0
vn -1.0 0.0 0.0
vn -1.0 0.0 0.0
vn -1.0 -0.0 0.0
vn -1.0 0.0 0.0
vn -1.0 0.0 0.0
vn -1.0 0.0 0.0
vn -1.0 -0.0 0.0
vn -1.0 0.0 0.0
vn -1.0 0.0 0.0
vn -1.0 -0.0 0.0
vn -1.0 0.0 0.0
vn -1.0 -0.0 0.0
vn -1.0 0.0 0.0
vn -1.0 0.0 0.0
vn -1.0 0.0 0.0
vn -1.0 0.0 0.0
vn -1.0 -0.0 0.0
vn -1.0 0.0 0.0
vn -1.0 0.0 0.0
vn -1.0 0.0 0.0
vn -1.0 0.0 0.0
vn -1.0 -0.0 0.0
vn -1.0 0.0 0.0
vn -1.0 0.0 0.0
vn -1.0 0.0 0.0
vn -1.0 -0.0 0.0
vn -1.0 0.0 0.0
vn -1.0 0.0 0.0
vn -1.0 0.0 0.0
vn -1.0 -0.0 0.0
vn -1.0 0.0 0.0
vn -1.0 0.0 0.0
vn -1.0 0.0 0.0
vn -1.0 0.0 0.0
vn -1.0 -0.0 0.0
vn -1.0 0.0 0.0
vn -1.0 0.0 0.0
vn -1.0 -0.0 0.0
vn -1.0 0.0 0.0
vn -1.0 0.0 0.0
vn -1.0 0.0 0.0
vn -1.0 0.0 0.0
vn -1.0 -0.0 0.0
vn -1.0 -0.0 0.0
vn -1.0 0.0 0.0
vn -1.0 0.0 0.0
vn -1.0 0.0 0.0
vn -1.0 0.0 0.0
vn -1.0 -0.0 0.0
vn -1.0 -0.0 0.0
vn -1.0 -0.0 0.0
vn -1.0 -0.0 0.0
vn -1.0 -0.0 0.0
vn -1.0 -0.0 0.0
vn -1.0 -0.0 0.0
vn -1.0 -0.0 0.0
vn -1.0 -0.0 0.0
vn -1.0 0.0 0.0
vn -1.0 -0.0 0.0
vn -1.0 -0.0 0.0
vn -1.0 -0.0 0.0
vn -1.0 -0.0 0.0
vn -1.0 0.0 0.0
vn -1.0 0.0 0.0
vn -1.0 0.0 0.0
vn -1.0 0.0 0.0
vn -1.0 0.0 0.0
vn -1.0 0.0 0.0
vn -1.0 0.0 0.0
vn -1.0 0.0 0.0
vn -1.0 0.0 0.0
vn -1.0 0.0 0.0
vn -1.0 0.0 0.0
vn -1.0 0.0 0.0
vn -1.0 0.0 0.0
vn -1.0 0.0 0.0
vn -1.0 0.0 0.0
vn -1.0 0.0 0.0
vn -1.0 0.0 0.0
vn -1.0 0.0 0.0
vn -1.0 0.0 0.0
vn -1.0 0.0 0.0
vn -1.0 0.0 0.0
vn -1.0 0.0 0.0
vn -1.0 0.0 0.0
vn -1.0 0.0 0.0
vn -1.0 0.0 0.0
vn -1.0 0.0 0.0
vn -1.0 -0.0 0.0
vn -1.0 -0.0 0.0
vn -1.0 -0.0 0.0
vn -1.0 -0.0 0.0
vn -1.0 -0.0 0.0
vn -1.0 0.0 0.0
vn -1.0 0.0 0.0
vn -1.0 0.0 0.0
vn -1.0 0.0 0.0
vn -1.0 0.0 0.0
vn -1.0 0.0 0.0
vn -1.0 0.0 0.0
vn -1.0 0.0 0.0
vn -1.0 0.0 0.0
vn -1.0 0.0 0.0
vn -1.0 0.0 0.0
vn -1.0 0.0 0.0
vn -1.0 0.0 0.0
vn -1.0 0.0 0.0
vn -1.0 0.0 0.0
vn -1.0 0.0 0.0
vn -1.0 0.0 0.0
vn -1.0 0.0 0.0
vn -1.0 0.0 0.0
vn -1.0 0.0 0.0
vn -1.0 0.0 0.0
vn -1.0 0.0 0.0
vn -1.0 0.0 0.0
vn -1.0 0.0 0.0
vn -1.0 0.0 0.0
vn -1.0 0.0 0.0
vn -1.0 0.0 0.0
vn -1.0 0.0 0.0
vn -1.0 0.0 0.0
vn -1.0 0.0 0.0
vn -1.0 0.0 0.0
vn -1.0 0.0 0.0
vn -1.0 0.0 0.0
vn -1.0 0.0 0.0
vn -1.0 0.0 0.0
vn -1.0 0.0 0.0
vn -1.0 0.0 0.0
vn -1.0 0.0 0.0
vn -1.0 0.0 0.0
vn -1.0 0.0 0.0
vn -1.0 0.0 0.0
vn -1.0 0.0 0.0
vn -1.0 0.0 0.0
vn -1.0 0.0 0.0
vn -1.0 0.0 0.0
vn -1.0 0.0 0.0
vn -1.0 0.0 0.0
vn -1.0 0.0 0.0
vn -1.0 0.0 0.0
vn -1.0 0.0 0.0
vn -1.0 0.0 0.0
vn -1.0 0.0 0.0
vn -1.0 0.0 0.0
vn -1.0 0.0 0.0
vn -1.0 0.0 0.0
vn -1.0 0.0 0.0
vn -1.0 0.0 0.0
vn -1.0 0.0 0.0
vn -1.0 0.0 0.0
vn -1.0 0.0 0.0
vn -1.0 0.0 0.0
vn -1.0 0.0 0.0
vn -1.0 0.0 0.0
vn -1.0 0.0 0.0
vn -1.0 0.0 0.0
vn -1.0 0.0 0.0
vn -1.0 0.0 0.0
vn -1.0 0.0 0.0
vn -1.0 0.0 0.0
vn -1.0 0.0 0.0
vn -1.0 0.0 0.0
vn -1.0 0.0 0.0
vn -1.0 0.0 0.0
vn -1.0 0.0 0.0
vn -1.0 0.0 0.0
vn -1.0 0.0 0.0
vn -1.0 0.0 0.0
vn -1.0 0.0 0.0
vn -1.0 0.0 0.0
vn -1.0 0.0 0.0
vn -1.0 0.0 0.0
vn -1.0 0.0 0.0
vn -1.0 0.0 0.0
vn -1.0 0.0 0.0
vn -1.0 0.0 0.0
vn -1.0 0.0 0.0
vn -1.0 0.0 0.0
vn -1.0 0.0 0.0
vn -1.0 0.0 0.0
vn -1.0 0.0 0.0
vn -1.0 0.0 0.0
vn -1.0 0.0 0.0
vn -1.0 0.0 0.0
vn -1.0 0.0 0.0
vn -1.0 0.0 0.0
vn -1.0 0.0 0.0
vn -1.0 0.0 0.0
vn -1.0 0.0 0.0
vn -1.0 0.0 0.0
vn -1.0 0.0 0.0
vn -1.0 0.0 0.0
vn -1.0 0.0 0.0
vn -1.0 0.0 0.0
vn -1.0 0.0 0.0
vn -1.0 0.0 0.0
vn -1.0 0.0 0.0
vn -1.0 0.0 0.0
vn -1.0 0.0 0.0
vn -1.0 0.0 0.0
vn -1.0 0.0 0.0
vn -1.0 0.0 0.0
vn -1.0 0.0 0.0
vn -1.0 0.0 0.0
vn -1.0 0.0 0.0
vn -1.0 0.0 0.0
vn -1.0 0.0 0.0
vn -1.0 0.0 0.0
vn -1.0 0.0 0.0
vn -1.0 0.0 0.0
vn -1.0 0.0 0.0
vn -1.0 0.0 0.0
vn -1.0 0.0 0.0
vn -1.0 0.0 0.0
vn -1.0 0.0 0.0
vn -1.0 0.0 0.0
vn -1.0 0.0 0.0
vn -1.0 0.0 0.0
vn -1.0 0.0 0.0
vn -1.0 0.0 0.0
vn -1.0 0.0 0.0
vn -1.0 0.0 0.0
vn -1.0 0.0 0.0
vn -1.0 0.0 0.0
vn -1.0 0.0 0.0
vn -1.0 0.0 0.0
vn -1.0 0.0 0.0
vn -1.0 0.0 0.0
vn -1.0 0.0 0.0
vn -1.0 0.0 0.0
vn -1.0 0.0 0.0
vn -1.0 0.0 0.0
vn -1.0 0.0 0.0
vn -1.0 0.0 0.0
vn -1.0 0.0 0.0
vn -1.0 0.0 0.0
vn -1.0 0.0 0.0
vn -1.0 0.0 0.0
vn -1.0 0.0 0.0
vn -1.0 0.0 0.0
vn -1.0 0.0 0.0
vn -1.0 0.0 0.0
vn -1.0 0.0 0.0
vn -1.0 0.0 0.0
vn -1.0 0.0 0.0
vn -1.0 0.0 0.0
vn -1.0 0.0 0.0
vn -1.0 0.0 0.0
vn -1.0 0.0 0.0
vn -1.0 0.0 0.0
vn -1.0 0.0 0.0
vn -1.0 0.0 0.0
vn -1.0 0.0 0.0
vn -1.0 0.0 0.0
vn -1.0 0.0 0.0
vn -1.0 0.0 0.0
vn -1.0 0.0 0.0
vn -1.0 0.0 0.0
vn -1.0 0.0 0.0
vn -1.0 0.0 0.0
vn -1.0 0.0 0.0
vn -1.0 0.0 0.0
vn -1.0 0.0 0.0
vn -1.0 0.0 0.0
vn -1.0 0.0 0.0
vn -1.0 0.0 0.0
vn -1.0 0.0 0.0
vn -1.0 0.0 0.0
vn -1.0 0.0 0.0
vn -1.0 0.0 0.0
vn -1.0 0.0 0.0
vn -1.0 0.0 0.0
vn -1.0 0.0 0.0
vn -1.0 0.0 0.0
vn -1.0 0.0 0.0
vn -1.0 0.0 0.0
vn -1.0 0.0 0.0
vn -1.0 0.0 0.0
vn -1.0 0.0 0.0
vn -1.0 0.0 0.0
vn -1.0 0.0 0.0
vn -1.0 0.0 0.0
vn -1.0 0.0 0.0
vn -1.0 0.0 0.0
vn -1.0 0.0 0.0
vn -1.0 0.0 0.0
vn -1.0 0.0 0.0
vn -1.0 0.0 0.0
vn -1.0 0.0 0.0
vn -1.0 0.0 0.0
vn -1.0 0.0 0.0
vn -1.0 0.0 0.0
vn -1.0 0.0 0.0
vn -1.0 0.0 0.0
vn -1.0 0.0 0.0
vn -1.0 0.0 0.0
vn -1.0 0.0 0.0
vn -1.0 0.0 0.0
vn -1.0 0.0 0.0
vn -1.0 0.0 0.0
vn -1.0 0.0 0.0
vn -1.0 0.0 0.0
vn -1.0 0.0 0.0
vn -1.0 0.0 0.0
vn -1.0 -0.0 0.0
vn -1.0 -0.0 0.0
vn -1.0 -0.0 0.0
vn -1.0 0.0 0.0
vn -1.0 0.0 0.0
vn -1.0 -0.0 0.0
vn -1.0 -0.0 0.0
vn -1.0 -0.0 0.0
vn -1.0 -0.0 0.0
vn -1.0 -0.0 0.0
vn -1.0 -0.0 0.0
vn -1.0 -0.0 0.0
vn -1.0 -0.0 0.0
vn -1.0 -0.0 0.0
vn -1.0 -0.0 0.0
vn -1.0 -0.0 0.0
vn -1.0 -0.0 0.0
vn -1.0 -0.0 0.0
vn -1.0 -0.0 0.0
vn -1.0 -0.0 0.0
vn -1.0 -0.0 0.0
vn -1.0 0.0 0.0
vn -1.0 0.0 0.0
vn -1.0 0.0 0.0
vn -1.0 0.0 0.0
vn -1.0 -0.0 0.0
vn -1.0 -0.0 0.0
vn -1.0 -0.0 0.0
vn -1.0 0.0 0.0
vn -1.0 0.0 0.0
vn -1.0 0.0 0.0
vn -1.0 0.0 0.0
vn -1.0 0.0 0.0
vn -1.0 0.0 0.0
vn -1.0 0.0 0.0
vn -1.0 0.0 0.0
vn -1.0 0.0 0.0
vn -1.0 0.0 0.0
vn -1.0 0.0 0.0
vn -1.0 0.0 0.0
vn -1.0 0.0 0.0
vn -1.0 0.0 0.0
vn -1.0 0.0 0.0
vn -1.0 0.0 0.0
vn -1.0 0.0 0.0
vn -1.0 0.0 0.0
vn -1.0 0.0 0.0
vn -1.0 0.0 0.0
vn -1.0 0.0 0.0
vn -1.0 0.0 0.0
vn -1.0 0.0 0.0
vn -1.0 0.0 0.0
vn -1.0 0.0 0.0
vn -1.0 0.0 0.0
vn -1.0 0.0 0.0
vn -1.0 0.0 0.0
vn -1.0 0.0 0.0
vn -1.0 0.0 0.0
vn -1.0 0.0 0.0
vn -1.0 0.0 0.0
vn -1.0 0.0 0.0
vn -1.0 0.0 0.0
vn -1.0 0.0 0.0
vn -1.0 0.0 0.0
vn -1.0 0.0 0.0
vn -1.0 0.0 0.0
vn -1.0 0.0 0.0
vn -1.0 0.0 0.0
vn -1.0 0.0 0.0
vn -1.0 0.0 0.0
vn -1.0 0.0 0.0
vn -1.0 0.0 0.0
vn -1.0 0.0 0.0
vn -1.0 0.0 0.0
vn -1.0 0.0 0.0
vn -1.0 0.0 0.0
vn -1.0 0.0 0.0
vn -1.0 0.0 0.0
vn -1.0 0.0 0.0
vn -1.0 0.0 0.0
vn -1.0 0.0 0.0
vn -1.0 0.0 0.0
vn -1.0 0.0 0.0
vn -1.0 0.0 0.0
vn -1.0 0.0 0.0
vn -1.0 0.0 0.0
vn -1.0 0.0 0.0
vn -1.0 0.0 0.0
vn -1.0 0.0 0.0
vn -1.0 0.0 0.0
vn -1.0 0.0 0.0
vn -1.0 0.0 0.0
vn -1.0 0.0 0.0
vn -1.0 0.0 0.0
vn -1.0 0.0 0.0
vn -1.0 0.0 0.0
vn -1.0 0.0 0.0
vn -1.0 0.0 0.0
vn -1.0 0.0 0.0
vn -1.0 0.0 0.0
vn -1.0 0.0 0.0
vn -1.0 0.0 0.0
vn -1.0 0.0 0.0
vn -1.0 0.0 0.0
vn -1.0 0.0 0.0
vn -1.0 0.0 0.0
vn -1.0 0.0 0.0
vn -1.0 0.0 0.0
vn -1.0 0.0 0.0
vn -1.0 0.0 0.0
vn -1.0 0.0 0.0
vn -1.0 0.0 0.0
vn -1.0 0.0 0.0
vn -1.0 0.0 0.0
vn -1.0 0.0 0.0
vn -1.0 0.0 0.0
vn -1.0 0.0 0.0
vn -1.0 0.0 0.0
vn -1.0 0.0 0.0
vn -1.0 0.0 0.0
vn -1.0 0.0 0.0
vn -1.0 0.0 0.0
vn -1.0 0.0 0.0
vn -1.0 0.0 0.0
vn -1.0 0.0 0.0
vn -1.0 0.0 0.0
vn -1.0 0.0 0.0
vn -1.0 0.0 0.0
vn -1.0 0.0 0.0
vn -1.0 0.0 0.0
vn -1.0 0.0 0.0
vn -1.0 0.0 0.0
vn -1.0 0.0 0.0
vn -1.0 0.0 0.0
vn -1.0 0.0 0.0
vn -1.0 0.0 0.0
vn -1.0 0.0 0.0
vn -1.0 0.0 0.0
vn -1.0 0.0 0.0
vn -1.0 0.0 0.0
vn -1.0 0.0 0.0
vn -1.0 0.0 0.0
vn -1.0 0.0 0.0
vn -1.0 0.0 0.0
vn -1.0 0.0 0.0
vn -1.0 0.0 0.0
vn -1.0 0.0 0.0
vn -1.0 0.0 0.0
vn -1.0 0.0 0.0
vn -1.0 0.0 0.0
vn -1.0 0.0 0.0
vn -1.0 0.0 0.0
vn -1.0 0.0 0.0
vn -1.0 0.0 0.0
vn -1.0 0.0 0.0
vn -1.0 0.0 0.0
vn -1.0 0.0 0.0
vn -1.0 0.0 0.0
vn -1.0 0.0 0.0
vn -1.0 0.0 0.0
vn -1.0 0.0 0.0
vn -1.0 0.0 0.0
vn -1.0 0.0 0.0
vn -1.0 0.0 0.0
vn 0.0 0.0 1.0
vn 0.0 0.0 1.0
vn 0.0 0.024534 0.999699
vn 0.0 0.024534 0.999699
vn 0.0 0.073575 0.99729
vn -0.0 0.12241 0.99248
vn 0.0 0.073575 0.99729
vn 0.0 0.12241 0.99248
vn 0.0 0.170957 0.985278
vn 0.0 0.170957 0.985278
vn 0.0 0.219094 0.975704
vn 0.0 0.219094 0.975704
vn 0.0 0.266712 0.963776
vn -0.0 0.313701 0.949522
vn 0.0 0.266712 0.963776
vn 0.0 0.313701 0.949522
vn 0.0 0.359896 0.932992
vn 0.0 0.359896 0.932992
vn 0.0 0.405234 0.914213
vn 0.0 0.405234 0.914213
vn 0.0 0.449611 0.893225
vn 0.0 0.449611 0.893225
vn 0.0 0.492899 0.870086
vn -0.0 0.535003 0.84485
vn 0.0 0.492899 0.870086
vn 0.0 0.535003 0.84485
vn 0.0 0.575802 0.817589
vn -0.0 0.615235 0.788344
vn 0.0 0.575802 0.817589
vn 0.0 0.615235 0.788344
vn 0.0 0.653163 0.757218
vn -0.0 0.68955 0.724238
vn 0.0 0.653163 0.757218
vn -0.0 0.724251 0.689536
vn 0.0 0.68955 0.724238
vn 0.0 0.724251 0.689536
vn 0.0 0.757206 0.653177
vn 0.0 0.757206 0.653177
vn 0.0 0.788344 0.615235
vn 0.0 0.788344 0.615235
vn 0.0 0.817583 0.575811
vn -0.0 0.844856 0.534994
vn 0.0 0.817583 0.575811
vn 0.0 0.844856 0.534994
vn 0.0 0.87009 0.492894
vn -0.0 0.893222 0.449616
vn 0.0 0.87009 0.492894
vn -0.0 0.91421 0.405241
vn 0.0 0.893222 0.449616
vn 0.0 0.91421 0.405241
vn 0.0 0.932991 0.359901
vn 0.0 0.932991 0.359901
vn 0.0 0.94953 0.313677
vn -0.0 0.963777 0.266708
vn 0.0 0.94953 0.313677
vn 0.0 0.963777 0.266708
vn 0.0 0.975701 0.219107
vn -0.0 0.985278 0.170962
vn 0.0 0.975701 0.219107
vn 0.0 0.985278 0.170962
vn 0.0 0.99248 0.122408
vn -0.0 0.997291 0.073561
vn 0.0 0.99248 0.122408
vn 0.0 0.997291 0.073561
vn 0.0 0.999699 0.024547
vn 0.0 0.999699 0.024547
vn 0.0 -0.024545 0.999699
vn 0.0 -0.024545 0.999699
vn 0.0 -0.07356 0.997291
vn 0.0 -0.07356 0.997291
vn 0.0 -0.122413 0.992479
vn 0.0 -0.122413 0.992479
vn 0.0 -0.170955 0.985279
vn 0.0 -0.21911 0.9757
vn 0.0 -0.170955 0.985279
vn 0.0 -0.21911 0.9757
vn 0.0 -0.266707 0.963778
vn 0.0 -0.266707 0.963778
vn 0.0 -0.31368 0.949529
vn 0.0 -0.31368 0.949529
vn 0.0 -0.359895 0.932993
vn 0.0 -0.359895 0.932993
vn 0.0 -0.40524 0.91421
vn 0.0 -0.40524 0.91421
vn 0.0 -0.449622 0.893219
vn 0.0 -0.449622 0.893219
vn 0.0 -0.492894 0.870089
vn 0.0 -0.492894 0.870089
vn 0.0 -0.534996 0.844855
vn 0.0 -0.575812 0.817582
vn 0.0 -0.534996 0.844855
vn 0.0 -0.575812 0.817582
vn 0.0 -0.615231 0.788347
vn 0.0 -0.615231 0.788347
vn 0.0 -0.653174 0.757208
vn 0.0 -0.653174 0.757208
vn 0.0 -0.689536 0.724251
vn 0.0 -0.724248 0.68954
vn 0.0 -0.689536 0.724251
vn 0.0 -0.724248 0.68954
vn 0.0 -0.757205 0.653178
vn 0.0 -0.78835 0.615227
vn 0.0 -0.757205 0.653178
vn 0.0 -0.78835 0.615227
vn 0.0 -0.817584 0.575809
vn 0.0 -0.844855 0.534996
vn 0.0 -0.817584 0.575809
vn 0.0 -0.844855 0.534996
vn 0.0 -0.870084 0.492903
vn 0.0 -0.870084 0.492903
vn 0.0 -0.893228 0.449604
vn 0.0 -0.893228 0.449604
vn 0.0 -0.91421 0.40524
vn 0.0 -0.932991 0.359899
vn 0.0 -0.91421 0.40524
vn 0.0 -0.932991 0.359899
vn 0.0 -0.949527 0.313684
vn 0.0 -0.963776 0.266714
vn 0.0 -0.949527 0.313684
vn 0.0 -0.963776 0.266714
vn 0.0 -0.975703 0.219096
vn 0.0 -0.985277 0.170963
vn 0.0 -0.975703 0.219096
vn 0.0 -0.985277 0.170963
vn 0.0 -0.992479 0.122413
vn 0.0 -0.997291 0.07356
vn 0.0 -0.992479 0.122413
vn 0.0 -0.999699 0.024545
vn 0.0 -0.997291 0.07356
vn 0.0 -0.999699 0.024545
vn 0.0 1.0 0.0
vn -0.0 1.0 0.0
vn 0.0 1.0 0.0
vn 0.0 1.0 0.0
vn 0.0 1.0 0.0
vn -0.0 1.0 0.0
vn 0.0 -1.0 -0.0
vn 0.0 -1.0 0.0
vn 0.0 -1.0 0.0
vn 0.0 -1.0 0.0
vn 0.0 -0.694978 -0.719031
vn 0.0 -0.694978 -0.719031
vn 0.0 -0.729111 -0.684396
vn 0.0 -0.729111 -0.684396
vn 0.0 -0.761516 -0.648146
vn 0.0 -0.761516 -0.648146
vn 0.0 -0.792125 -0.610359
vn 0.0 -0.792125 -0.610359
vn 0.0 -0.820858 -0.571132
vn 0.0 -0.820858 -0.571132
vn 0.0 -0.847651 -0.530553
vn 0.0 -0.847651 -0.530553
vn 0.0 -0.87244 -0.488721
vn 0.0 -0.87244 -0.488721
vn 0.0 -0.895167 -0.445731
vn 0.0 -0.895167 -0.445731
vn 0.0 -0.915776 -0.40169
vn 0.0 -0.915776 -0.40169
vn 0.0 -0.93422 -0.356699
vn 0.0 -0.93422 -0.356699
vn 0.0 -0.950455 -0.310861
vn 0.0 -0.950455 -0.310861
vn 0.0 -0.964443 -0.264292
vn 0.0 -0.964443 -0.264292
vn 0.0 -0.97615 -0.217095
vn 0.0 -0.97615 -0.217095
vn 0.0 -0.98555 -0.169388
vn 0.0 -0.98555 -0.169388
vn 0.0 -0.992619 -0.121277
vn 0.0 -0.992619 -0.121277
vn 0.0 -0.997341 -0.072882
vn 0.0 -0.997341 -0.072882
vn 0.0 -0.999704 -0.024313
vn 0.0 -0.999704 -0.024313
vn 0.0 -0.999692 0.0248
vn 0.0 -0.999692 0.0248
vn 0.0 -0.997233 0.074337
vn 0.0 -0.997233 0.074337
vn 0.0 -0.992321 0.123692
vn 0.0 -0.992321 0.123692
vn 0.0 -0.984967 0.172743
vn 0.0 -0.984967 0.172743
vn 0.0 -0.97519 0.221369
vn 0.0 -0.963015 0.269449
vn 0.0 -0.97519 0.221369
vn 0.0 -0.963015 0.269449
vn 0.0 -0.948469 0.316869
vn 0.0 -0.948469 0.316869
vn 0.0 -0.931591 0.363507
vn 0.0 -0.931591 0.363507
vn 0.0 -0.912422 0.409251
vn 0.0 -0.912422 0.409251
vn 0.0 -0.891007 0.453989
vn 0.0 -0.891007 0.453989
vn 0.0 -0.867401 0.49761
vn 0.0 -0.867401 0.49761
vn 0.0 -0.841661 0.540007
vn 0.0 -0.841661 0.540007
vn 0.0 -0.81385 0.581075
vn 0.0 -0.81385 0.581075
vn 0.0 -0.784036 0.620715
vn 0.0 -0.784036 0.620715
vn 0.0 -0.752296 0.658826
vn 0.0 -0.752296 0.658826
vn 0.0 -0.718703 0.695318
vn 0.0 -0.718703 0.695318
vn 0.0 -0.683343 0.730097
vn 0.0 -0.683343 0.730097
vn 0.0 -0.646301 0.763082
vn 0.0 -0.646301 0.763082
vn 0.0 -0.60767 0.79419
vn 0.0 -0.60767 0.79419
vn 0.0 -0.567544 0.823343
vn 0.0 -0.567544 0.823343
vn 0.0 -0.526021 0.850471
vn 0.0 -0.526021 0.850471
vn 0.0 -0.483205 0.875507
vn 0.0 -0.483205 0.875507
vn 0.0 -0.4392 0.898389
vn 0.0 -0.4392 0.898389
vn 0.0 -0.394114 0.919062
vn 0.0 -0.348059 0.937473
vn 0.0 -0.394114 0.919062
vn 0.0 -0.348059 0.937473
vn 0.0 -0.301147 0.953578
vn 0.0 -0.253496 0.967337
vn 0.0 -0.301147 0.953578
vn 0.0 -0.253496 0.967337
vn 0.0 -0.205219 0.978716
vn 0.0 -0.205219 0.978716
vn 0.0 -0.156439 0.987688
vn 0.0 -0.156439 0.987688
vn 0.0 -0.107273 0.99423
vn 0.0 -0.107273 0.99423
vn 0.0 -0.057844 0.998326
vn 0.0 -0.057844 0.998326
vn 0.0 -0.008272 0.999966
vn 0.0 -0.008272 0.999966
vn 0.0 0.04132 0.999146
vn -0.0 0.04132 0.999146
vn -0.0 0.090811 0.995868
vn 0.0 0.090811 0.995868
vn -0.0 0.140077 0.990141
vn 0.0 0.140077 0.990141
vn -0.0 0.189 0.981977
vn 0.0 0.189 0.981977
vn -0.0 0.237457 0.971398
vn 0.0 0.237457 0.971398
vn -0.0 0.285331 0.958429
vn 0.0 0.285331 0.958429
vn -0.0 0.332502 0.943103
vn 0.0 0.332502 0.943103
vn -0.0 0.378856 0.925456
vn 0.0 0.378856 0.925456
vn -0.0 0.424277 0.905532
vn 0.0 0.424277 0.905532
vn -0.0 0.468654 0.883382
vn 0.0 0.468654 0.883382
vn -0.0 0.511879 0.859057
vn 0.0 0.511879 0.859057
vn -0.0 0.553845 0.83262
vn 0.0 0.553845 0.83262
vn -0.0 0.594448 0.804134
vn 0.0 0.594448 0.804134
vn -0.0 0.633589 0.77367
vn 0.0 0.633589 0.77367
vn -0.0 0.671171 0.741303
vn 0.0 0.671171 0.741303
vn -0.0 0.707101 0.707112
vn 0.0 0.707101 0.707112
vn -0.0 0.741293 0.671182
vn 0.0 0.741293 0.671182
vn -0.0 0.77366 0.633601
vn 0.0 0.77366 0.633601
vn 0.0 0.804126 0.59446
vn -0.0 0.804126 0.59446
vn -0.0 0.832612 0.553857
vn 0.0 0.832612 0.553857
vn 0.0 0.85905 0.511892
vn -0.0 0.85905 0.511892
vn 0.0 0.883374 0.468668
vn -0.0 0.883374 0.468668
vn 0.0 0.905526 0.42429
vn -0.0 0.905526 0.42429
vn 0.0 0.92545 0.378869
vn -0.0 0.92545 0.378869
vn 0.0 0.943098 0.332516
vn -0.0 0.943098 0.332516
vn 0.0 0.958425 0.285346
vn -0.0 0.958425 0.285346
vn 0.0 0.971395 0.237471
vn 0.0 0.981974 0.189014
vn -0.0 0.971395 0.237471
vn 0.0 0.981974 0.189014
vn -0.0 0.990138 0.140093
vn 0.0 0.990138 0.140093
vn -0.0 0.995867 0.090824
vn 0.0 0.995867 0.090824
vn -0.0 0.999145 0.041336
vn 0.0 0.999145 0.041336
vn 0.0 0.999966 -0.008258
vn 0.0 0.999966 -0.008258
vn 0.0 0.998327 -0.057829
vn 0.0 0.998327 -0.057829
vn 0.0 0.994231 -0.107259
vn 0.0 0.994231 -0.107259
vn 0.0 0.98769 -0.156423
vn 0.0 0.98769 -0.156423
vn 0.0 0.978719 -0.205205
vn 0.0 0.978719 -0.205205
vn 0.0 0.96734 -0.253481
vn 0.0 0.96734 -0.253481
vn 0.0 0.953582 -0.301132
vn 0.0 0.953582 -0.301132
vn 0.0 0.937478 -0.348045
vn 0.0 0.937478 -0.348045
vn 0.0 0.919067 -0.394101
vn 0.0 0.919067 -0.394101
vn 0.0 0.898396 -0.439186
vn 0.0 0.898396 -0.439186
vn 0.0 0.875514 -0.483193
vn 0.0 0.875514 -0.483193
vn 0.0 0.850479 -0.526008
vn 0.0 0.850479 -0.526008
vn 0.0 0.823352 -0.567531
vn 0.0 0.823352 -0.567531
vn 0.0 0.794199 -0.607658
vn 0.0 0.794199 -0.607658
vn 0.0 0.763092 -0.64629
vn 0.0 0.763092 -0.64629
vn 0.0 0.730108 -0.683332
vn 0.0 0.730108 -0.683332
vn 0.0 0.695328 -0.718692
vn 0.0 0.695328 -0.718692
vn -0.415816 -0.015869 0.90931
vn -0.415578 -0.016137 0.909414
vn -0.415328 -0.016414 0.909523
vn -0.415083 -0.016684 0.909631
vn -0.414829 -0.01696 0.909742
vn -0.400621 -0.009988 0.916189
vn -0.414559 -0.017249 0.909859
vn -0.414272 -0.017553 0.909984
vn -0.390284 -0.097872 0.915478
vn -0.396508 -0.029705 0.917551
vn -0.384238 -0.103009 0.917469
vn -0.414022 -0.017814 0.910093
vn -0.413719 -0.018128 0.910224
vn -0.413435 -0.018417 0.910348
vn -0.39071 -0.094991 0.9156
vn -0.378996 -0.106931 0.919199
vn -0.413114 -0.01874 0.910487
vn -0.412815 -0.019037 0.910616
vn -0.41246 -0.019386 0.910769
vn -0.391151 -0.09222 0.915694
vn -0.391599 -0.089587 0.915764
vn -0.412133 -0.019702 0.910911
vn -0.411749 -0.020069 0.911076
vn -0.392055 -0.087063 0.915813
vn -0.411365 -0.020431 0.911242
vn -0.392518 -0.084637 0.915842
vn -0.410974 -0.020795 0.91141
vn -0.410548 -0.021186 0.911593
vn -0.392975 -0.082354 0.915854
vn -0.410075 -0.021615 0.911796
vn -0.407836 -0.038169 0.912257
vn -0.420954 -0.037925 0.906289
vn -0.416405 -0.038874 0.908348
vn -0.426189 -0.043572 0.903584
vn -0.415892 -0.038921 0.908581
vn -0.393433 -0.080164 0.915852
vn -0.418872 -0.038484 0.907229
vn -0.38758 -0.092996 0.917133
vn -0.38713 -0.093537 0.917268
vn -0.38665 -0.094089 0.917414
vn -0.386096 -0.094702 0.917584
vn -0.385497 -0.095334 0.917771
vn -0.384838 -0.096002 0.917978
vn -0.384106 -0.096713 0.91821
vn -0.41975 -0.038276 0.906833
vn -0.383281 -0.097478 0.918474
vn -0.421343 -0.037795 0.906113
vn -0.382409 -0.098249 0.918755
vn -0.411852 -0.038896 0.91042
vn -0.418402 -0.03858 0.907442
vn -0.408485 -0.038338 0.91196
vn -0.420586 -0.038041 0.906455
vn -0.421687 -0.037672 0.905958
vn -0.410554 -0.038741 0.911013
vn -0.411243 -0.038833 0.910698
vn -0.42236 -0.037411 0.905656
vn -0.419324 -0.038382 0.907025
vn -0.41365 -0.038992 0.9096
vn -0.409184 -0.038496 0.911639
vn -0.40988 -0.038632 0.911321
vn -0.420146 -0.038169 0.906653
vn -0.422058 -0.037532 0.905792
vn -0.4227 -0.037267 0.905503
vn -0.412475 -0.038945 0.910136
vn -0.417927 -0.038666 0.907657
vn -0.422975 -0.037145 0.90538
vn -0.423254 -0.037014 0.905255
vn -0.423533 -0.036878 0.905129
vn -0.414792 -0.038983 0.909081
vn -0.423781 -0.036751 0.905019
vn -0.42398 -0.036644 0.90493
vn -0.417427 -0.038746 0.907884
vn -0.41694 -0.038813 0.908105
vn -0.41533 -0.038959 0.908836
vn -0.414225 -0.038994 0.909339
vn -0.413033 -0.038975 0.909882
vn -0.424176 -0.036535 0.904842
vn -0.393888 -0.078073 0.915837
vn -0.394345 -0.076045 0.915811
vn -0.409586 -0.022052 0.912005
vn -0.409069 -0.022508 0.912226
vn -0.424357 -0.03643 0.904762
vn -0.423253 -0.062961 0.903821
vn -0.408541 -0.022967 0.912451
vn -0.394805 -0.074064 0.915775
vn -0.424545 -0.036316 0.904678
vn -0.382321 -0.100193 0.918582
vn -0.381292 -0.101069 0.918913
vn -0.380154 -0.101997 0.919282
vn -0.378915 -0.102961 0.919686
vn -0.377509 -0.104005 0.920146
vn -0.375972 -0.105097 0.920652
vn -0.374251 -0.106266 0.921219
vn -0.372333 -0.10751 0.921851
vn -0.370191 -0.108839 0.922558
vn -0.367768 -0.110276 0.923356
vn -0.365075 -0.111805 0.92424
vn -0.362015 -0.113468 0.925241
vn -0.358547 -0.115275 0.926367
vn -0.423217 -0.062994 0.903836
vn -0.40794 -0.023484 0.912707
vn -0.424668 -0.036239 0.904624
vn -0.395255 -0.07218 0.915731
vn -0.424794 -0.036156 0.904568
vn -0.407317 -0.024013 0.912971
vn -0.424869 -0.036105 0.904535
vn -0.406624 -0.024594 0.913265
vn -0.405879 -0.02521 0.913579
vn -0.424922 -0.036068 0.904511
vn -0.424974 -0.03603 0.904488
vn -0.405096 -0.02585 0.913909
vn -0.404226 -0.026552 0.914274
vn -0.424978 -0.036027 0.904487
vn -0.424991 -0.036017 0.904481
vn -0.403315 -0.027278 0.914654
vn -0.404473 -0.052535 0.91304
vn -0.403606 -0.053194 0.913385
vn -0.4308 -0.078047 0.899066
vn -0.407875 -0.139973 0.902245
vn -0.407412 -0.141099 0.902279
vn -0.406876 -0.142326 0.902328
vn -0.406243 -0.143695 0.902396
vn -0.395739 -0.070198 0.915676
vn -0.396241 -0.068178 0.915612
vn -0.417162 -0.147973 0.896705
vn -0.417085 -0.149167 0.896543
vn -0.416964 -0.150464 0.896382
vn -0.418031 -0.119197 0.900579
vn -0.47371 -0.098649 0.875138
vn -0.475396 -0.098045 0.874291
vn -0.476972 -0.097513 0.873492
vn -0.478422 -0.097054 0.872751
vn -0.472084 -0.098918 0.875986
vn -0.47341 -0.098364 0.875333
vn -0.479912 -0.096469 0.871997
vn -0.474707 -0.097821 0.874691
vn -0.481206 -0.095944 0.871341
vn -0.475944 -0.097301 0.874077
vn -0.482414 -0.09545 0.870727
vn -0.477162 -0.096791 0.873469
vn -0.483544 -0.094982 0.870151
vn -0.478275 -0.09632 0.872912
vn -0.479681 -0.095899 0.872186
vn -0.484489 -0.094574 0.86967
vn -0.480662 -0.095477 0.871693
vn -0.485674 -0.093984 0.869073
vn -0.481731 -0.095038 0.87115
vn -0.486318 -0.093682 0.868745
vn -0.482692 -0.094641 0.870662
vn -0.487079 -0.093352 0.868354
vn -0.487519 -0.093128 0.868132
vn -0.483479 -0.094306 0.870261
vn -0.487954 -0.092913 0.86791
vn -0.484509 -0.093912 0.869731
vn -0.487754 -0.09269 0.868046
vn -0.488471 -0.09247 0.867667
vn -0.488347 -0.092722 0.867709
vn -0.485023 -0.093681 0.869469
vn -0.486958 -0.092955 0.868465
vn -0.488788 -0.092395 0.867496
vn -0.488385 -0.092644 0.867697
vn -0.485889 -0.09336 0.86902
vn -0.48636 -0.093171 0.868777
vn -0.488507 -0.092513 0.867642
vn -0.488468 -0.092568 0.867658
vn -0.320879 -0.207173 0.924184
vn -0.310983 -0.223501 0.923763
vn -0.297508 -0.237163 0.924793
vn -0.280909 -0.247803 0.927191
vn -0.261791 -0.255234 0.930764
vn -0.240842 -0.259447 0.935245
vn -0.312814 -0.254706 0.915026
vn -0.348997 -0.179626 0.919747
vn -0.351286 -0.176817 0.91942
vn -0.353911 -0.173971 0.918957
vn -0.356885 -0.171113 0.918343
vn -0.360309 -0.168183 0.917546
vn -0.364214 -0.165197 0.916547
vn -0.368469 -0.162274 0.915368
vn -0.372815 -0.159547 0.914086
vn -0.377462 -0.156851 0.912645
vn -0.382741 -0.154003 0.91093
vn -0.388756 -0.15097 0.908888
vn -0.395748 -0.147658 0.906411
vn -0.403811 -0.144045 0.903431
vn -0.413444 -0.139935 0.899712
vn -0.425032 -0.135192 0.895026
vn -0.439389 -0.129506 0.888913
vn -0.457721 -0.122409 0.880629
vn -0.310466 -0.233848 0.921372
vn -0.383061 -0.213053 0.898817
vn -0.335709 -0.197997 0.920921
vn -0.376724 -0.215031 0.901022
vn -0.334512 -0.199555 0.921021
vn -0.333299 -0.201054 0.921135
vn -0.371204 -0.21682 0.902882
vn -0.344732 -0.189092 0.919458
vn -0.346495 -0.186529 0.919319
vn -0.348508 -0.183935 0.919081
vn -0.279406 -0.247644 0.927688
vn -0.366302 -0.218475 0.904484
vn -0.332059 -0.202511 0.921263
vn -0.30916 -0.288016 0.906348
vn -0.30287 -0.288921 0.908182
vn -0.317894 -0.287576 0.903462
vn -0.295416 -0.290662 0.91008
vn -0.298989 -0.289732 0.909209
vn -0.293815 -0.291141 0.910445
vn -0.311329 -0.287818 0.905668
vn -0.300878 -0.289313 0.908719
vn -0.331212 -0.239698 0.912603
vn -0.341511 -0.228579 0.911659
vn -0.313544 -0.287676 0.904949
vn -0.342003 -0.228128 0.911587
vn -0.342813 -0.227479 0.911445
vn -0.297179 -0.290181 0.909659
vn -0.343957 -0.226689 0.911211
vn -0.345459 -0.22581 0.910861
vn -0.347337 -0.224902 0.910371
vn -0.34965 -0.224001 0.909708
vn -0.352465 -0.223151 0.90883
vn -0.304932 -0.288569 0.907603
vn -0.355833 -0.222402 0.907701
vn -0.359887 -0.221794 0.90625
vn -0.364739 -0.221382 0.904409
vn -0.32423 -0.222246 0.919501
vn -0.306998 -0.288271 0.907002
vn -0.320097 -0.287618 0.902671
vn -0.284556 -0.294486 0.912308
vn -0.291768 -0.287841 0.912151
vn -0.290896 -0.292121 0.911068
vn -0.292272 -0.29164 0.910782
vn -0.31572 -0.287596 0.904217
vn -0.358431 -0.228408 0.905183
vn -0.360544 -0.22793 0.904464
vn -0.361756 -0.227821 0.904008
vn -0.362357 -0.227888 0.90375
vn -0.362582 -0.227982 0.903636
vn -0.362554 -0.227957 0.903654
vn -0.362416 -0.227705 0.903773
vn -0.362248 -0.227057 0.904003
vn -0.362148 -0.225868 0.904341
vn -0.362202 -0.223911 0.904806
vn -0.36251 -0.22093 0.905415
vn -0.363211 -0.216392 0.90623
vn -0.384943 -0.160027 0.908961
vn -0.387432 -0.162761 0.907417
vn -0.389543 -0.165376 0.906039
vn -0.391301 -0.167876 0.904821
vn -0.392739 -0.170278 0.903748
vn -0.39389 -0.172603 0.902806
vn -0.394788 -0.174885 0.901974
vn -0.395447 -0.177111 0.901251
vn -0.395882 -0.179268 0.900633
vn -0.416259 -0.017026 0.909087
vn -0.429312 -0.034429 0.9025
vn -0.477095 0.0 0.878852
vn -0.425376 -0.077906 0.901657
vn -0.423907 -0.078799 0.902271
vn -0.422164 -0.079833 0.902997
vn -0.420134 -0.081009 0.903839
vn -0.417714 -0.08238 0.904836
vn -0.42663 -0.077125 0.901132
vn -0.428224 -0.076106 0.900462
vn -0.293026 -0.036712 0.9554
vn -0.31512 -0.055547 0.947425
vn -0.333892 -0.076186 0.939528
vn -0.347537 -0.097755 0.932557
vn -0.354434 -0.119045 0.927472
vn -0.353517 -0.138704 0.925087
vn -0.3808 -0.099215 0.919319
vn -0.342505 -0.163434 0.925192
vn -0.365683 -0.12342 0.92252
vn -0.367302 -0.120645 0.922244
vn -0.368959 -0.117874 0.921941
vn -0.370678 -0.115061 0.921607
vn -0.372414 -0.112281 0.921249
vn -0.373849 -0.110039 0.920939
vn -0.33929 -0.183861 0.922539
vn -0.34578 -0.155974 0.925261
vn -0.306442 -0.13229 0.942652
vn -0.332919 -0.17062 0.927391
vn -0.313341 -0.180847 0.932262
vn -0.330733 -0.176802 0.927015
vn -0.347459 -0.149997 0.92562
vn -0.307018 -0.300975 0.902859
vn -0.281617 -0.34121 0.89681
vn -0.323654 -0.273165 0.905886
vn -0.303947 -0.306124 0.902167
vn -0.314841 -0.287363 0.904598
vn -0.312424 -0.29197 0.903961
vn -0.463349 -0.097633 0.880781
vn -0.468418 -0.105946 0.877132
vn -0.470605 -0.102831 0.876331
vn -0.468387 -0.106651 0.877063
vn -0.468291 -0.104356 0.87739
vn -0.468389 -0.10514 0.877244
vn -0.46427 -0.098316 0.88022
vn -0.46512 -0.099033 0.879691
vn -0.468117 -0.103586 0.877574
vn -0.465868 -0.099761 0.879213
vn -0.466521 -0.10051 0.878781
vn -0.467844 -0.102769 0.877816
vn -0.46705 -0.10124 0.878416
vn -0.467492 -0.101997 0.878093
vn -0.468533 -0.107554 0.876875
vn -0.468298 -0.107416 0.877017
vn -0.468099 -0.108611 0.876976
vn -0.467887 -0.109164 0.87702
vn -0.467898 -0.109133 0.877018
vn -0.467955 -0.108953 0.877011
vn -0.46806 -0.108578 0.877001
vn -0.468192 -0.108011 0.877
vn -0.469308 -0.105748 0.87668
vn -0.37314 -0.200723 0.905802
vn -0.37513 -0.202133 0.904666
vn -0.376568 -0.203499 0.903761
vn -0.377568 -0.204802 0.90305
vn -0.378223 -0.206017 0.902499
vn -0.378606 -0.207094 0.902092
vn -0.378795 -0.208005 0.901803
vn -0.379937 -0.221388 0.898129
vn -0.39692 -0.154399 0.904774
vn -0.398235 -0.156808 0.903781
vn -0.413299 -0.188346 0.890904
vn -0.318552 -0.292169 0.901755
vn -0.301741 -0.320589 0.897873
vn -0.470218 -0.095717 0.877345
vn -0.478316 -0.107584 0.871573
vn -0.469842 -0.095229 0.877599
vn -0.393385 -0.211578 0.894697
vn -0.376593 -0.193177 0.906013
vn -0.378583 -0.194935 0.904807
vn -0.398786 -0.152155 0.904333
vn -0.417518 -0.188917 0.888814
vn -0.306397 -0.315638 0.89805
vn -0.319357 -0.293724 0.900965
vn -0.471083 -0.094725 0.876988
vn -0.480663 -0.108043 0.870224
vn -0.397412 -0.208002 0.893756
vn -0.419024 -0.188217 0.888253
vn -0.319539 -0.294111 0.900774
vn -0.307526 -0.314426 0.898089
vn -0.481442 -0.107858 0.869816
vn -0.397835 -0.208357 0.893485
vn -0.398758 -0.205747 0.893678
vn -0.420438 -0.183229 0.888627
vn -0.408862 -0.196925 0.891096
vn -0.376793 -0.190099 0.906581
vn -0.42359 -0.17931 0.88793
vn -0.485632 -0.097141 0.868749
vn -0.419188 -0.188525 0.88811
vn -0.424487 -0.178174 0.88773
vn -0.413703 -0.175818 0.893274
vn -0.398463 -0.149854 0.90486
vn -0.453967 -0.138341 0.880214
vn -0.487515 -0.094557 0.867979
vn -0.478839 -0.106446 0.871426
vn -0.319563 -0.294165 0.900748
vn -0.393558 -0.216435 0.893458
vn -0.391824 -0.218499 0.893718
vn -0.308943 -0.312911 0.898132
vn -0.305972 -0.264497 0.914561
vn -0.339957 -0.269513 0.900995
vn -0.341061 -0.26943 0.900603
vn -0.342486 -0.269419 0.900065
vn -0.344259 -0.269525 0.899356
vn -0.307663 -0.314279 0.898094
vn -0.364333 -0.250073 0.897065
vn -0.354635 -0.259321 0.898324
vn -0.336535 -0.270608 0.901951
vn -0.336887 -0.270402 0.901881
vn -0.337112 -0.270278 0.901834
vn -0.337291 -0.270186 0.901795
vn -0.337431 -0.270119 0.901762
vn -0.337561 -0.270063 0.901731
vn -0.383129 -0.228724 0.894929
vn -0.337751 -0.269989 0.901682
vn -0.337966 -0.269916 0.901623
vn -0.338229 -0.269838 0.901548
vn -0.385925 -0.225521 0.89454
vn -0.338581 -0.269747 0.901443
vn -0.338938 -0.269673 0.901331
vn -0.339301 -0.269608 0.901214
vn -0.442677 -0.068399 0.894069
vn -0.481589 -0.108053 0.86971
vn -0.488135 -0.093657 0.867728
vn -0.518814 -0.049558 0.853449
vn -0.471349 -0.094361 0.876884
vn -0.548743 -0.004193 0.83598
vn -0.471125 -0.094146 0.877028
vn -0.470993 -0.094015 0.877113
vn -0.471012 -0.094035 0.877101
vn -0.471152 -0.094193 0.877008
vn -0.471282 -0.094352 0.876921
vn -0.426629 -0.17564 0.887208
vn -0.262334 -0.312482 0.912982
vn -0.250845 -0.33098 0.909686
vn -0.301463 -0.277539 0.912191
vn -0.288732 -0.261118 0.921114
vn -0.237976 -0.348848 0.906462
vn -0.299505 -0.293176 0.907934
vn -0.298302 -0.29169 0.908808
vn -0.288256 -0.282165 0.915036
vn -0.287166 -0.28078 0.915805
vn -0.224992 -0.367948 0.902216
vn -0.206918 -0.379692 0.901676
vn -0.294346 -0.307184 0.904985
vn -0.29559 -0.309189 0.903896
vn -0.29283 -0.305402 0.90608
vn -0.291051 -0.336755 0.895481
vn -0.284243 -0.296446 0.911771
vn -0.289047 -0.337875 0.895708
vn -0.283576 -0.295505 0.912284
vn -0.28722 -0.338937 0.895894
vn -0.28327 -0.294966 0.912553
vn -0.285552 -0.339942 0.896047
vn -0.283265 -0.294956 0.912558
vn -0.283467 -0.295455 0.912334
vn -0.284012 -0.340903 0.896171
vn -0.283784 -0.296366 0.91194
vn -0.282555 -0.341845 0.896273
vn -0.281261 -0.342708 0.89635
vn -0.284225 -0.297834 0.911324
vn -0.284693 -0.299642 0.910585
vn -0.28006 -0.343534 0.89641
vn -0.285167 -0.301781 0.909729
vn -0.278985 -0.344296 0.896453
vn -0.285472 -0.303408 0.909092
vn -0.278213 -0.344858 0.896477
vn -0.277824 -0.345145 0.896487
vn -0.285687 -0.304661 0.908606
vn -0.28591 -0.30608 0.908059
vn -0.277263 -0.345563 0.8965
vn -0.276664 -0.346018 0.896509
vn -0.286122 -0.307662 0.907457
vn -0.276179 -0.346391 0.896515
vn -0.275559 -0.346876 0.896518
vn -0.275019 -0.347305 0.896518
vn -0.274422 -0.347786 0.896514
vn -0.273888 -0.348222 0.896508
vn -0.273244 -0.348754 0.896498
vn -0.27251 -0.349368 0.896482
vn -0.271696 -0.350055 0.896461
vn -0.270693 -0.350909 0.896431
vn -0.2693 -0.352104 0.896382
vn -0.267577 -0.353592 0.896312
vn -0.265093 -0.355746 0.896198
vn -0.387944 -0.065391 0.91936
vn -0.387211 -0.065985 0.919627
vn -0.386454 -0.066576 0.919903
vn -0.385683 -0.06716 0.920184
vn -0.384871 -0.067753 0.92048
vn -0.384017 -0.068356 0.920792
vn -0.383122 -0.068966 0.92112
vn -0.382172 -0.069587 0.921467
vn -0.381174 -0.070217 0.921833
vn -0.38012 -0.070855 0.922219
vn -0.419662 -0.011287 0.90761
vn -0.413497 -0.037348 0.909739
vn -0.407636 -0.044304 0.912069
vn -0.403787 -0.048808 0.91355
vn -0.40113 -0.051872 0.914551
vn -0.399918 -0.053489 0.914989
vn -0.399197 -0.054071 0.915269
vn -0.397658 -0.055795 0.915836
vn -0.396452 -0.057127 0.916276
vn -0.395501 -0.058156 0.916623
vn -0.394683 -0.059027 0.916919
vn -0.393937 -0.059803 0.91719
vn -0.39322 -0.060541 0.917449
vn -0.392572 -0.061191 0.917684
vn -0.391907 -0.061843 0.917924
vn -0.391259 -0.062462 0.918159
vn -0.390618 -0.06306 0.91839
vn -0.389972 -0.063649 0.918624
vn -0.389294 -0.064248 0.91887
vn -0.388633 -0.064817 0.91911
vn -0.424424 -0.005138 0.905449
vn -0.422613 -0.007472 0.90628
vn -0.421414 -0.009007 0.906824
vn -0.420493 -0.010178 0.907239
vn -0.419727 -0.011147 0.907582
vn -0.419185 -0.011827 0.907824
vn -0.418699 -0.012431 0.90804
vn -0.418341 -0.012874 0.908199
vn -0.417947 -0.013357 0.908373
vn -0.417669 -0.013695 0.908496
vn -0.417374 -0.014052 0.908626
vn -0.417097 -0.014382 0.908748
vn -0.416814 -0.014717 0.908873
vn -0.416577 -0.014995 0.908977
vn -0.41631 -0.015305 0.909094
vn -0.416079 -0.01557 0.909195
vn -0.425797 0.0 0.904819
vn -0.425797 0.0 0.904819
vn -0.425797 0.0 0.904819
vn -0.425797 0.0 0.904819
vn -0.425797 0.0 0.904819
vn -0.425797 0.0 0.904819
vn -0.425797 0.0 0.904819
vn -0.425797 0.0 0.904819
vn -0.425797 0.0 0.904819
vn -0.425797 0.0 0.904819
vn -0.425797 0.0 0.904819
vn -0.425797 0.0 0.904819
vn -0.425797 0.0 0.904819
vn -0.425797 0.0 0.904819
vn -0.425797 0.0 0.904819
vn -0.425797 0.0 0.904819
vn -0.425797 0.0 0.904819
vn -0.425797 0.0 0.904819
vn -0.425797 0.0 0.904819
vn -0.425797 0.0 0.904819
vn -0.425797 0.0 0.904819
vn -0.425797 0.0 0.904819
vn -0.425797 0.0 0.904819
vn -0.425797 0.0 0.904819
vn -0.425797 0.0 0.904819
vn -0.425797 0.0 0.904819
vn -0.425797 0.0 0.904819
vn -0.425797 0.0 0.904819
vn -0.425797 0.0 0.904819
vn -0.425797 0.0 0.904819
vn -0.425797 0.0 0.904819
vn -0.425797 0.0 0.904819
vn -0.425797 0.0 0.904819
vn -0.425797 0.0 0.904819
vn -0.425797 0.0 0.904819
vn -0.425797 0.0 0.904819
vn -0.425797 0.0 0.904819
vn -0.425797 0.0 0.904819
vn -0.425797 0.0 0.904819
vn -0.425797 0.0 0.904819
vn -0.425797 0.0 0.904819
vn -0.425797 0.0 0.904819
vn -0.425797 0.0 0.904819
vn -0.425797 0.0 0.904819
vn -0.425797 0.0 0.904819
vn -0.425797 0.0 0.904819
vn -0.425797 0.0 0.904819
vn -0.425797 0.0 0.904819
vn -0.425797 0.0 0.904819
vn -0.425797 0.0 0.904819
vn -0.425797 0.0 0.904819
vn -0.425797 0.0 0.904819
vn -0.425797 0.0 0.904819
vn -0.425797 0.0 0.904819
vn -0.425797 0.0 0.904819
vn -0.425797 0.0 0.904819
vn -0.425797 0.0 0.904819
vn -0.425797 0.0 0.904819
vn -0.425797 0.0 0.904819
vn -0.425797 0.0 0.904819
vn -0.425797 0.0 0.904819
vn -0.425797 0.0 0.904819
vn -0.425797 0.0 0.904819
vn -0.425797 0.0 0.904819
vn -0.425797 0.0 0.904819
vn -0.425797 0.0 0.904819
vn -0.425797 0.0 0.904819
vn -0.425797 0.0 0.904819
vn -0.425797 0.0 0.904819
vn -0.425797 0.0 0.904819
vn -0.425797 0.0 0.904819
vn -0.425797 0.0 0.904819
vn -0.425797 0.0 0.904819
vn -0.425797 0.0 0.904819
vn 0.0 -1.0 0.0
vn 0.0 -1.0 -0.0
vn 0.0 -1.0 0.0
vn -0.0 -1.0 0.0
vn 0.0 -1.0 0.0
vn -0.0 -1.0 0.0
vn -0.396542 0.029708 0.917536
vn -0.37891 0.107285 0.919194
vn -0.400578 0.009987 0.916208
vn -0.384238 0.103013 0.917469
vn -0.390255 0.098081 0.915468
vn -0.390646 0.09541 0.915583
vn -0.391059 0.092786 0.915677
vn -0.391494 0.09019 0.91575
vn -0.391945 0.087658 0.915803
vn -0.392392 0.085284 0.915836
vn -0.392851 0.082965 0.915852
vn -0.393302 0.080783 0.915854
vn -0.393751 0.078698 0.915842
vn -0.394205 0.07666 0.91582
vn -0.394647 0.074739 0.915788
vn -0.395106 0.072798 0.915747
vn -0.395561 0.070919 0.915698
vn -0.396048 0.068949 0.915637
vn -0.283601 0.341165 0.896201
vn -0.282172 0.342097 0.896297
vn -0.285161 0.340182 0.89608
vn -0.280848 0.342989 0.896372
vn -0.286852 0.339155 0.89593
vn -0.279675 0.343804 0.896426
vn -0.288248 0.338338 0.89579
vn -0.289263 0.337756 0.895683
vn -0.278571 0.344595 0.896467
vn -0.29054 0.337039 0.89554
vn -0.277617 0.345296 0.896493
vn -0.206569 0.379052 0.902025
vn -0.224694 0.36746 0.902489
vn -0.292132 0.336171 0.895348
vn -0.276741 0.345957 0.896509
vn -0.275872 0.34663 0.896517
vn -0.275103 0.347237 0.896518
vn -0.274328 0.347862 0.896513
vn -0.273455 0.348578 0.896502
vn -0.284356 0.295389 0.912078
vn -0.283129 0.293536 0.913058
vn -0.28377 0.294618 0.91251
vn -0.283429 0.294081 0.912789
vn -0.283236 0.293741 0.912959
vn -0.293121 0.304494 0.906291
vn -0.272514 0.349364 0.896483
vn -0.237995 0.348875 0.906446
vn -0.294914 0.306751 0.904947
vn -0.295216 0.307201 0.904696
vn -0.271279 0.350409 0.89645
vn -0.269609 0.351837 0.896394
vn -0.267102 0.354001 0.896292
vn -0.288377 0.282356 0.914939
vn -0.287474 0.281265 0.915559
vn -0.299142 0.292897 0.908144
vn -0.263169 0.357415 0.896101
vn -0.250504 0.330531 0.909944
vn -0.298449 0.291541 0.908808
vn -0.301892 0.296163 0.906172
vn -0.26229 0.312429 0.913013
vn -0.288473 0.260563 0.921352
vn -0.302001 0.277042 0.912164
vn -0.289348 0.261731 0.920747
vn -0.294969 0.298014 0.907844
vn -0.292828 0.288867 0.911487
vn -0.30052 0.278154 0.912315
vn -0.298153 0.299663 0.90626
vn -0.290211 0.296581 0.909844
vn -0.301 0.301729 0.904632
vn -0.285318 0.29634 0.911469
vn -0.293365 0.297401 0.908565
vn -0.291762 0.296922 0.909237
vn -0.299635 0.300658 0.905441
vn -0.303291 0.303967 0.903116
vn -0.304733 0.305819 0.902005
vn -0.283375 0.296717 0.911953
vn -0.296595 0.29878 0.907062
vn -0.286284 0.296277 0.911187
vn -0.283545 0.296661 0.911918
vn -0.284506 0.296447 0.911688
vn -0.284358 0.296331 0.911772
vn -0.302234 0.302855 0.903844
vn -0.283929 0.296561 0.911831
vn -0.3541 0.221875 0.908507
vn -0.351922 0.223056 0.909064
vn -0.349983 0.224195 0.909532
vn -0.304134 0.304992 0.902487
vn -0.348278 0.225276 0.909919
vn -0.346766 0.226306 0.910241
vn -0.287469 0.29628 0.910813
vn -0.288799 0.296377 0.91036
vn -0.417186 0.149796 0.896391
vn -0.417301 0.148398 0.89657
vn -0.488926 0.09234 0.867424
vn -0.488433 0.092499 0.867685
vn -0.488462 0.09249 0.867669
vn -0.488769 0.09243 0.867503
vn -0.487064 0.09294 0.868407
vn -0.486674 0.093107 0.868608
vn -0.48842 0.092649 0.867676
vn -0.485487 0.093462 0.869234
vn -0.488101 0.092818 0.867837
vn -0.484876 0.093717 0.869547
vn -0.487801 0.092994 0.867987
vn -0.483968 0.094069 0.870015
vn -0.487445 0.093204 0.868165
vn -0.482874 0.094495 0.870577
vn -0.481946 0.09489 0.871048
vn -0.486691 0.093539 0.868552
vn -0.480824 0.095352 0.871617
vn -0.486005 0.093864 0.868901
vn -0.479658 0.095841 0.872206
vn -0.48509 0.094267 0.869368
vn -0.478473 0.096345 0.872801
vn -0.484032 0.094719 0.869909
vn -0.482766 0.095241 0.870555
vn -0.477101 0.096914 0.873489
vn -0.47578 0.097474 0.874147
vn -0.48147 0.095777 0.871214
vn -0.474328 0.098079 0.874867
vn -0.472692 0.09857 0.875698
vn -0.479763 0.096589 0.872065
vn -0.47653 0.097724 0.87371
vn -0.405645 0.14391 0.902631
vn -0.406389 0.142342 0.902544
vn -0.407015 0.140937 0.902483
vn -0.407545 0.139666 0.902442
vn -0.418657 0.117689 0.900486
vn -0.471167 0.099204 0.876448
vn -0.474727 0.098323 0.874624
vn -0.478109 0.097238 0.872901
vn -0.35868 0.114413 0.926422
vn -0.362468 0.112451 0.925187
vn -0.3658 0.11064 0.924094
vn -0.36869 0.108991 0.923141
vn -0.371254 0.107453 0.922293
vn -0.373487 0.106044 0.921554
vn -0.375467 0.10473 0.9209
vn -0.377234 0.103497 0.920317
vn -0.3788 0.102345 0.919802
vn -0.380194 0.101266 0.919346
vn -0.381437 0.100256 0.918942
vn -0.430629 0.077751 0.899174
vn -0.382068 0.098677 0.918851
vn -0.383096 0.097777 0.918519
vn -0.384025 0.096921 0.918222
vn -0.384835 0.096137 0.917965
vn -0.385587 0.095372 0.917729
vn -0.386248 0.094667 0.917524
vn -0.386839 0.094004 0.917343
vn -0.387369 0.093383 0.917183
vn -0.423792 0.063261 0.903548
vn -0.419688 0.011238 0.907599
vn -0.390611 0.063102 0.918391
vn -0.391502 0.062261 0.918069
vn -0.392391 0.061395 0.917747
vn -0.393314 0.060468 0.917414
vn -0.394304 0.059443 0.917056
vn -0.395404 0.058273 0.916657
vn -0.396705 0.056859 0.916184
vn -0.398213 0.055184 0.915632
vn -0.399969 0.053197 0.914983
vn -0.402174 0.050665 0.91416
vn -0.405216 0.047129 0.913005
vn -0.409668 0.041877 0.911273
vn -0.416803 0.033353 0.908385
vn -0.426998 0.043488 0.903206
vn -0.379656 0.071211 0.922383
vn -0.380852 0.070491 0.921945
vn -0.38199 0.069776 0.921529
vn -0.383053 0.069077 0.92114
vn -0.384063 0.068386 0.920771
vn -0.385005 0.067714 0.920427
vn -0.385908 0.067045 0.920098
vn -0.386769 0.066381 0.919784
vn -0.387579 0.065734 0.91949
vn -0.388326 0.065116 0.919219
vn -0.38905 0.064499 0.918956
vn -0.389589 0.064022 0.918761
vn -0.389987 0.063668 0.918617
vn -0.399867 0.053593 0.915005
vn -0.423306 0.00658 0.905963
vn -0.408203 0.03832 0.912086
vn -0.42187 0.008424 0.906617
vn -0.408861 0.038479 0.911785
vn -0.420849 0.009726 0.907078
vn -0.409546 0.038622 0.911471
vn -0.420024 0.010773 0.907449
vn -0.410274 0.038752 0.911138
vn -0.404012 0.052507 0.913246
vn -0.419268 0.011723 0.907787
vn -0.411061 0.038866 0.910779
vn -0.403979 0.02675 0.914377
vn -0.425062 0.036076 0.904445
vn -0.418658 0.012483 0.908058
vn -0.411905 0.038957 0.910394
vn -0.404962 0.025958 0.913965
vn -0.425051 0.036085 0.90445
vn -0.405875 0.025213 0.913581
vn -0.425023 0.036105 0.904462
vn -0.418155 0.013104 0.908281
vn -0.412743 0.039017 0.910011
vn -0.406716 0.024517 0.913226
vn -0.424967 0.036144 0.904487
vn -0.417715 0.01364 0.908476
vn -0.413566 0.039049 0.909636
vn -0.407456 0.023896 0.912912
vn -0.42484 0.036229 0.904543
vn -0.417279 0.014165 0.908668
vn -0.414336 0.039052 0.909286
vn -0.40812 0.023331 0.91263
vn -0.424664 0.036342 0.904621
vn -0.408813 0.022732 0.912335
vn -0.424556 0.036408 0.904669
vn -0.416935 0.014575 0.908819
vn -0.415139 0.039028 0.90892
vn -0.409365 0.022248 0.912099
vn -0.424305 0.036556 0.904781
vn -0.416562 0.015013 0.908983
vn -0.415878 0.038982 0.908585
vn -0.41631 0.015305 0.909094
vn -0.416389 0.038935 0.908352
vn -0.409944 0.021732 0.911852
vn -0.424113 0.036664 0.904867
vn -0.416211 0.015419 0.909137
vn -0.416737 0.038897 0.908195
vn -0.410446 0.021279 0.911636
vn -0.423845 0.036808 0.904986
vn -0.415978 0.015686 0.909239
vn -0.417131 0.03885 0.908016
vn -0.410955 0.020813 0.911418
vn -0.423602 0.036932 0.905095
vn -0.415723 0.015974 0.909351
vn -0.417673 0.038772 0.90777
vn -0.411399 0.0204 0.911227
vn -0.423291 0.037083 0.905235
vn -0.415444 0.016286 0.909473
vn -0.418168 0.038689 0.907545
vn -0.411811 0.02001 0.91105
vn -0.422951 0.03724 0.905387
vn -0.415183 0.016574 0.909587
vn -0.4187 0.038587 0.907305
vn -0.412242 0.019597 0.910864
vn -0.422644 0.037374 0.905525
vn -0.414882 0.016902 0.909718
vn -0.419193 0.03848 0.907081
vn -0.412622 0.019227 0.910699
vn -0.422277 0.037525 0.90569
vn -0.414592 0.017214 0.909845
vn -0.419688 0.038361 0.906857
vn -0.41298 0.018874 0.910545
vn -0.421885 0.037677 0.905866
vn -0.414302 0.017522 0.909971
vn -0.420176 0.038232 0.906637
vn -0.413332 0.018521 0.910392
vn -0.421488 0.03782 0.906045
vn -0.414001 0.017837 0.910102
vn -0.413649 0.0182 0.910255
vn -0.420645 0.038096 0.906425
vn -0.421045 0.03797 0.906245
vn -0.24077 0.259369 0.935285
vn -0.261729 0.255174 0.930798
vn -0.280861 0.247761 0.927217
vn -0.297475 0.237137 0.924811
vn -0.310967 0.223489 0.923771
vn -0.32088 0.207174 0.924183
vn -0.312866 0.254674 0.915017
vn -0.321638 0.2378 0.916515
vn -0.316876 0.235402 0.91879
vn -0.348659 0.183795 0.919052
vn -0.347045 0.185829 0.919254
vn -0.3456 0.18783 0.919392
vn -0.344313 0.189787 0.919472
vn -0.343147 0.191737 0.919504
vn -0.34213 0.193603 0.919492
vn -0.341222 0.195437 0.919441
vn -0.365749 0.218507 0.9047
vn -0.332061 0.202647 0.921233
vn -0.333269 0.201222 0.921109
vn -0.370416 0.216918 0.903183
vn -0.33442 0.199799 0.921002
vn -0.375554 0.215236 0.901461
vn -0.471613 0.117465 0.873947
vn -0.450748 0.125443 0.883793
vn -0.434711 0.131668 0.890893
vn -0.421825 0.136798 0.896298
vn -0.411254 0.14115 0.900526
vn -0.402365 0.144965 0.903929
vn -0.394805 0.14837 0.906706
vn -0.388263 0.151479 0.909014
vn -0.382542 0.154367 0.910951
vn -0.377511 0.157077 0.912585
vn -0.373044 0.159657 0.913974
vn -0.369048 0.162143 0.915158
vn -0.365496 0.164531 0.916156
vn -0.362297 0.166865 0.917004
vn -0.359404 0.169161 0.917722
vn -0.356813 0.171406 0.918316
vn -0.354464 0.173634 0.918807
vn -0.352349 0.175833 0.919202
vn -0.350446 0.17801 0.919511
vn -0.348721 0.180182 0.919743
vn -0.310539 0.233965 0.921317
vn -0.335571 0.198303 0.920906
vn -0.381441 0.213377 0.899429
vn -0.364874 0.210565 0.906934
vn -0.363331 0.2188 0.905603
vn -0.362746 0.223405 0.904713
vn -0.362689 0.225861 0.904126
vn -0.362874 0.227026 0.90376
vn -0.363051 0.227372 0.903602
vn -0.363005 0.227334 0.90363
vn -0.362607 0.227208 0.903821
vn -0.36157 0.227186 0.904242
vn -0.359613 0.227508 0.904941
vn -0.396085 0.179013 0.900595
vn -0.395592 0.176584 0.901291
vn -0.394822 0.174081 0.902115
vn -0.393753 0.17152 0.903072
vn -0.392342 0.168859 0.904187
vn -0.390573 0.166118 0.90546
vn -0.388386 0.163245 0.906922
vn -0.385726 0.160203 0.908598
vn -0.476807 0.0 0.879008
vn -0.416124 0.017056 0.909148
vn -0.420086 0.080776 0.903882
vn -0.422358 0.079463 0.902939
vn -0.425819 0.077384 0.901493
vn -0.427102 0.07658 0.900955
vn -0.417431 0.082269 0.904977
vn -0.424216 0.078361 0.902164
vn -0.428956 0.034064 0.902683
vn -0.428163 0.075896 0.900509
vn -0.3133 0.180823 0.93228
vn -0.332898 0.170609 0.9274
vn -0.345777 0.155973 0.925262
vn -0.330776 0.176771 0.927006
vn -0.306491 0.132275 0.942638
vn -0.347473 0.149962 0.925621
vn -0.353526 0.138708 0.925084
vn -0.354458 0.119053 0.927462
vn -0.347571 0.097765 0.932543
vn -0.33393 0.076194 0.939513
vn -0.315156 0.055554 0.947412
vn -0.342534 0.162799 0.925293
vn -0.293057 0.036716 0.95539
vn -0.380776 0.099169 0.919334
vn -0.373006 0.111339 0.921124
vn -0.371327 0.114007 0.921476
vn -0.369681 0.11668 0.921804
vn -0.368064 0.119353 0.922108
vn -0.366497 0.122006 0.922385
vn -0.339286 0.183753 0.922562
vn -0.303674 0.257163 0.917415
vn -0.304427 0.305345 0.902269
vn -0.312734 0.291549 0.90399
vn -0.303136 0.307565 0.901949
vn -0.282179 0.340638 0.89685
vn -0.305967 0.302806 0.902604
vn -0.358315 0.268563 0.894139
vn -0.355567 0.268112 0.89537
vn -0.353548 0.267835 0.896252
vn -0.35093 0.267549 0.897366
vn -0.468495 0.10525 0.877174
vn -0.468502 0.106068 0.877072
vn -0.468435 0.106926 0.877004
vn -0.468178 0.108341 0.876967
vn -0.467506 0.101702 0.87812
vn -0.467919 0.10258 0.877798
vn -0.468398 0.104328 0.877336
vn -0.468056 0.108792 0.876977
vn -0.468764 0.107111 0.876805
vn -0.465581 0.099214 0.879427
vn -0.468207 0.103437 0.877544
vn -0.466356 0.100039 0.878922
vn -0.46832 0.107686 0.876972
vn -0.466971 0.100834 0.878505
vn -0.467989 0.109014 0.876985
vn -0.464667 0.098392 0.880002
vn -0.463704 0.097646 0.880593
vn -0.469833 0.104664 0.876529
vn -0.468232 0.108391 0.876932
vn -0.467957 0.109102 0.876991
vn -0.378927 0.207888 0.901774
vn -0.37872 0.206881 0.902093
vn -0.378252 0.205624 0.902577
vn -0.377442 0.20424 0.903229
vn -0.376149 0.202732 0.904108
vn -0.374249 0.201156 0.905248
vn -0.371604 0.199558 0.90669
vn -0.379896 0.221603 0.898093
vn -0.413319 0.188452 0.890872
vn -0.398273 0.156703 0.903783
vn -0.396799 0.154021 0.904891
vn -0.301901 0.320418 0.897879
vn -0.332995 0.266559 0.904467
vn -0.348316 0.269473 0.897809
vn -0.469843 0.095176 0.877604
vn -0.470228 0.095673 0.877344
vn -0.478352 0.107671 0.871542
vn -0.394361 0.20969 0.894712
vn -0.377028 0.19344 0.905776
vn -0.417762 0.188574 0.888771
vn -0.398433 0.151466 0.904604
vn -0.334102 0.267659 0.903734
vn -0.306445 0.315586 0.898052
vn -0.345795 0.269574 0.898752
vn -0.4808 0.107949 0.87016
vn -0.470993 0.094592 0.877051
vn -0.397253 0.208238 0.893771
vn -0.41938 0.187705 0.888193
vn -0.307574 0.314375 0.898091
vn -0.334086 0.268431 0.903511
vn -0.481568 0.107627 0.869775
vn -0.420545 0.183097 0.888604
vn -0.398758 0.205704 0.893688
vn -0.409172 0.196557 0.891035
vn -0.376925 0.190185 0.906508
vn -0.423706 0.179154 0.887906
vn -0.397648 0.208577 0.893516
vn -0.487373 0.094728 0.86804
vn -0.479022 0.106196 0.871356
vn -0.397916 0.148901 0.905258
vn -0.419439 0.187811 0.888143
vn -0.424026 0.178757 0.887833
vn -0.454591 0.137547 0.880016
vn -0.414092 0.175475 0.893161
vn -0.485726 0.097013 0.868711
vn -0.339592 0.269558 0.901119
vn -0.338823 0.26969 0.901369
vn -0.338253 0.269828 0.901542
vn -0.337867 0.269947 0.901651
vn -0.337591 0.27005 0.901724
vn -0.337391 0.270137 0.901772
vn -0.337181 0.27024 0.90182
vn -0.336884 0.270403 0.901882
vn -0.308032 0.313883 0.898106
vn -0.364942 0.249385 0.897008
vn -0.307859 0.313992 0.898127
vn -0.334252 0.268449 0.903444
vn -0.391891 0.218422 0.893708
vn -0.393501 0.216526 0.893461
vn -0.383413 0.228695 0.894815
vn -0.353082 0.260709 0.898534
vn -0.386095 0.225318 0.894518
vn -0.343683 0.269477 0.899591
vn -0.341992 0.269411 0.900255
vn -0.340642 0.269452 0.900755
vn -0.471068 0.094091 0.877064
vn -0.471332 0.094346 0.876895
vn -0.548885 0.003806 0.835889
vn -0.481809 0.107937 0.869603
vn -0.442611 0.068287 0.89411
vn -0.470993 0.094014 0.877113
vn -0.471091 0.094122 0.877049
vn -0.518781 0.049607 0.853467
vn -0.426969 0.175078 0.887155
vn -0.488364 0.093336 0.867634
vn -0.471221 0.094274 0.876962
vn 0.0 -0.999699 0.024547
vn 0.0 -0.999699 0.024547
vn 0.0 -0.997291 0.073561
vn 0.0 -0.99248 0.122408
vn 0.0 -0.997291 0.073561
vn 0.0 -0.99248 0.122408
vn 0.0 -0.985278 0.170962
vn 0.0 -0.985278 0.170962
vn 0.0 -0.975701 0.219107
vn 0.0 -0.975701 0.219107
vn 0.0 -0.963777 0.266708
vn 0.0 -0.94953 0.313677
vn 0.0 -0.963777 0.266708
vn 0.0 -0.94953 0.313677
vn 0.0 -0.932991 0.359901
vn 0.0 -0.932991 0.359901
vn 0.0 -0.91421 0.405241
vn 0.0 -0.91421 0.405241
vn 0.0 -0.893222 0.449616
vn 0.0 -0.893222 0.449616
vn 0.0 -0.87009 0.492894
vn 0.0 -0.844856 0.534994
vn 0.0 -0.87009 0.492894
vn 0.0 -0.844856 0.534994
vn 0.0 -0.817583 0.575811
vn 0.0 -0.788344 0.615235
vn 0.0 -0.817583 0.575811
vn 0.0 -0.788344 0.615235
vn 0.0 -0.757206 0.653177
vn 0.0 -0.724251 0.689536
vn 0.0 -0.757206 0.653177
vn 0.0 -0.68955 0.724238
vn 0.0 -0.724251 0.689536
vn 0.0 -0.68955 0.724238
vn 0.0 -0.653163 0.757218
vn 0.0 -0.653163 0.757218
vn 0.0 -0.615235 0.788344
vn 0.0 -0.615235 0.788344
vn 0.0 -0.575802 0.817589
vn 0.0 -0.535003 0.84485
vn 0.0 -0.575802 0.817589
vn 0.0 -0.535003 0.84485
vn 0.0 -0.492899 0.870086
vn 0.0 -0.449611 0.893225
vn 0.0 -0.492899 0.870086
vn 0.0 -0.405234 0.914213
vn 0.0 -0.449611 0.893225
vn 0.0 -0.405234 0.914213
vn 0.0 -0.359896 0.932992
vn 0.0 -0.359896 0.932992
vn 0.0 -0.313701 0.949522
vn 0.0 -0.266712 0.963776
vn 0.0 -0.313701 0.949522
vn 0.0 -0.266712 0.963776
vn 0.0 -0.219094 0.975704
vn 0.0 -0.170957 0.985278
vn 0.0 -0.219094 0.975704
vn 0.0 -0.170957 0.985278
vn 0.0 -0.12241 0.99248
vn 0.0 -0.073575 0.99729
vn 0.0 -0.12241 0.99248
vn 0.0 -0.024534 0.999699
vn 0.0 -0.073575 0.99729
vn 0.0 -0.024534 0.999699
vn 0.0 1.0 0.0
vn 0.0 1.0 0.0
vn 0.0 1.0 -0.0
vn 0.0 1.0 -0.0
vn -0.0 0.0 1.0
vn 0.0 0.0 1.0
vn 0.0 0.999699 0.024545
vn 0.0 0.999699 0.024545
vn 0.0 0.997291 0.07356
vn -0.0 0.997291 0.07356
vn 0.0 0.992479 0.122413
vn 0.0 0.985277 0.170963
vn -0.0 0.992479 0.122413
vn 0.0 0.985277 0.170963
vn 0.0 0.975703 0.219096
vn 0.0 0.963776 0.266714
vn -0.0 0.975703 0.219096
vn 0.0 0.963776 0.266714
vn 0.0 0.949527 0.313684
vn 0.0 0.932991 0.359899
vn -0.0 0.949527 0.313684
vn 0.0 0.932991 0.359899
vn -0.0 0.91421 0.40524
vn 0.0 0.91421 0.40524
vn 0.0 0.893228 0.449604
vn 0.0 0.893228 0.449604
vn 0.0 0.870084 0.492903
vn 0.0 0.844855 0.534996
vn -0.0 0.870084 0.492903
vn 0.0 0.844855 0.534996
vn 0.0 0.817584 0.575809
vn -0.0 0.817584 0.575809
vn 0.0 0.78835 0.615227
vn -0.0 0.78835 0.615227
vn 0.0 0.757205 0.653178
vn 0.0 0.724248 0.68954
vn -0.0 0.757205 0.653178
vn 0.0 0.724248 0.68954
vn 0.0 0.689536 0.724251
vn -0.0 0.689536 0.724251
vn 0.0 0.653174 0.757208
vn -0.0 0.653174 0.757208
vn 0.0 0.615231 0.788347
vn 0.0 0.575812 0.817582
vn -0.0 0.615231 0.788347
vn 0.0 0.575812 0.817582
vn 0.0 0.534996 0.844855
vn -0.0 0.534996 0.844855
vn 0.0 0.492894 0.870089
vn -0.0 0.492894 0.870089
vn 0.0 0.449622 0.893219
vn 0.0 0.40524 0.91421
vn -0.0 0.449622 0.893219
vn 0.0 0.40524 0.91421
vn 0.0 0.359895 0.932993
vn 0.0 0.31368 0.949529
vn -0.0 0.359895 0.932993
vn 0.0 0.266707 0.963778
vn 0.0 0.31368 0.949529
vn 0.0 0.266707 0.963778
vn 0.0 0.21911 0.9757
vn 0.0 0.170955 0.985279
vn -0.0 0.21911 0.9757
vn 0.0 0.170955 0.985279
vn 0.0 0.122413 0.992479
vn -0.0 0.122413 0.992479
vn 0.0 0.07356 0.997291
vn 0.0 0.024545 0.999699
vn -0.0 0.07356 0.997291
vn 0.0 0.024545 0.999699
vn 0.0 -0.999689 -0.024928
vn 0.0 -0.999689 -0.024928
vn 0.0 -0.997204 -0.074734
vn 0.0 -0.997204 -0.074734
vn 0.0 -0.992239 -0.124348
vn 0.0 -0.992239 -0.124348
vn 0.0 -0.984809 -0.173643
vn 0.0 -0.984809 -0.173643
vn 0.0 -0.974929 -0.222518
vn 0.0 -0.962623 -0.270844
vn 0.0 -0.974929 -0.222518
vn 0.0 -0.962623 -0.270844
vn 0.0 -0.947929 -0.318482
vn 0.0 -0.947929 -0.318482
vn 0.0 -0.930873 -0.365343
vn 0.0 -0.930873 -0.365343
vn 0.0 -0.911502 -0.411295
vn 0.0 -0.911502 -0.411295
vn 0.0 -0.889874 -0.456206
vn 0.0 -0.889874 -0.456206
vn 0.0 -0.866029 -0.499994
vn 0.0 -0.866029 -0.499994
vn 0.0 -0.840021 -0.542554
vn 0.0 -0.840021 -0.542554
vn 0.0 -0.81194 -0.583741
vn 0.0 -0.81194 -0.583741
vn 0.0 -0.781833 -0.623488
vn 0.0 -0.781833 -0.623488
vn 0.0 -0.74978 -0.661687
vn 0.0 -0.74978 -0.661687
vn 0.0 -0.715869 -0.698234
vn 0.0 -0.68017 -0.733055
vn 0.0 -0.715869 -0.698234
vn 0.0 -0.68017 -0.733055
vn 0.0 -0.642789 -0.766043
vn 0.0 -0.642789 -0.766043
vn 0.0 -0.6038 -0.797136
vn 0.0 -0.6038 -0.797136
vn 0.0 -0.56332 -0.826239
vn 0.0 -0.56332 -0.826239
vn 0.0 -0.521439 -0.853289
vn 0.0 -0.521439 -0.853289
vn 0.0 -0.478251 -0.878223
vn 0.0 -0.478251 -0.878223
vn 0.0 -0.433888 -0.900967
vn 0.0 -0.433888 -0.900967
vn 0.0 -0.388436 -0.921475
vn 0.0 -0.388436 -0.921475
vn 0.0 -0.342018 -0.939693
vn 0.0 -0.294752 -0.955574
vn 0.0 -0.342018 -0.939693
vn 0.0 -0.294752 -0.955574
vn 0.0 -0.246758 -0.969077
vn 0.0 -0.198145 -0.980173
vn 0.0 -0.246758 -0.969077
vn 0.0 -0.198145 -0.980173
vn 0.0 -0.149047 -0.98883
vn 0.0 -0.149047 -0.98883
vn 0.0 -0.099566 -0.995031
vn 0.0 -0.099566 -0.995031
vn 0.0 -0.049844 -0.998757
vn 0.0 -0.049844 -0.998757
vn 0.0 0.0 -1.0
vn 0.0 0.049844 -0.998757
vn 0.0 0.0 -1.0
vn 0.0 0.049844 -0.998757
vn 0.0 0.099566 -0.995031
vn 0.0 0.099566 -0.995031
vn 0.0 0.149047 -0.98883
vn 0.0 0.149047 -0.98883
vn 0.0 0.198145 -0.980173
vn 0.0 0.198145 -0.980173
vn 0.0 0.246758 -0.969077
vn 0.0 0.246758 -0.969077
vn 0.0 0.294752 -0.955574
vn 0.0 0.294752 -0.955574
vn 0.0 0.342018 -0.939693
vn 0.0 0.342018 -0.939693
vn 0.0 0.388436 -0.921475
vn 0.0 0.388436 -0.921475
vn 0.0 0.433888 -0.900967
vn 0.0 0.433888 -0.900967
vn 0.0 0.478251 -0.878223
vn 0.0 0.478251 -0.878223
vn 0.0 0.521439 -0.853289
vn 0.0 0.521439 -0.853289
vn 0.0 0.56332 -0.826239
vn 0.0 0.56332 -0.826239
vn 0.0 0.6038 -0.797136
vn 0.0 0.6038 -0.797136
vn 0.0 0.642789 -0.766043
vn 0.0 0.642789 -0.766043
vn 0.0 0.68017 -0.733055
vn 0.0 0.68017 -0.733055
vn 0.0 0.715869 -0.698234
vn 0.0 0.715869 -0.698234
vn 0.0 0.74978 -0.661687
vn 0.0 0.74978 -0.661687
vn 0.0 0.781833 -0.623488
vn 0.0 0.781833 -0.623488
vn 0.0 0.81194 -0.583741
vn 0.0 0.81194 -0.583741
vn 0.0 0.840021 -0.542554
vn 0.0 0.840021 -0.542554
vn 0.0 0.866029 -0.499994
vn 0.0 0.866029 -0.499994
vn 0.0 0.889874 -0.456206
vn 0.0 0.889874 -0.456206
vn 0.0 0.911502 -0.411295
vn 0.0 0.911502 -0.411295
vn 0.0 0.930873 -0.365343
vn 0.0 0.930873 -0.365343
vn 0.0 0.947929 -0.318482
vn 0.0 0.947929 -0.318482
vn 0.0 0.962623 -0.270844
vn 0.0 0.962623 -0.270844
vn 0.0 0.974929 -0.222518
vn 0.0 0.974929 -0.222518
vn 0.0 0.984809 -0.173643
vn 0.0 0.984809 -0.173643
vn 0.0 0.992239 -0.124348
vn 0.0 0.997204 -0.074734
vn 0.0 0.992239 -0.124348
vn 0.0 0.997204 -0.074734
vn 0.0 0.999689 -0.024928
vn 0.0 0.999689 -0.024928
vn -0.0 0.999689 0.024928
vn -0.0 0.999689 0.024928
vn 0.0 0.997204 0.074734
vn -0.0 0.997204 0.074734
vn 0.0 0.992239 0.124348
vn -0.0 0.992239 0.124348
vn 0.0 0.984809 0.173643
vn -0.0 0.984809 0.173643
vn 0.0 0.974929 0.222518
vn -0.0 0.974929 0.222518
vn -0.0 0.962623 0.270844
vn -0.0 0.962623 0.270844
vn 0.0 0.947929 0.318482
vn -0.0 0.947929 0.318482
vn -0.0 0.930873 0.365343
vn -0.0 0.930873 0.365343
vn -0.0 0.911503 0.411294
vn -0.0 0.911503 0.411294
vn 0.0 0.889874 0.456206
vn -0.0 0.889874 0.456206
vn 0.0 0.866028 0.499995
vn -0.0 0.866028 0.499995
vn 0.0 0.840022 0.542552
vn -0.0 0.840022 0.542552
vn -0.0 0.811939 0.583742
vn -0.0 0.811939 0.583742
vn 0.0 0.781833 0.623488
vn -0.0 0.781833 0.623488
vn -0.0 0.74978 0.661687
vn -0.0 0.74978 0.661687
vn 0.0 0.715869 0.698234
vn -0.0 0.715869 0.698234
vn 0.0 0.680171 0.733054
vn -0.0 0.680171 0.733054
vn 0.0 0.642789 0.766043
vn -0.0 0.642789 0.766043
vn 0.0 0.603799 0.797137
vn -0.0 0.603799 0.797137
vn -0.0 0.56332 0.826239
vn 0.0 0.56332 0.826239
vn -0.0 0.521438 0.853289
vn 0.0 0.521438 0.853289
vn -0.0 0.478253 0.878222
vn 0.0 0.478253 0.878222
vn -0.0 0.433887 0.900967
vn 0.0 0.433887 0.900967
vn -0.0 0.388434 0.921477
vn 0.0 0.388434 0.921477
vn -0.0 0.342018 0.939693
vn -0.0 0.342018 0.939693
vn 0.0 0.294755 0.955573
vn -0.0 0.294755 0.955573
vn -0.0 0.246758 0.969077
vn -0.0 0.246758 0.969077
vn 0.0 0.198146 0.980172
vn -0.0 0.198146 0.980172
vn 0.0 0.149044 0.988831
vn -0.0 0.149044 0.988831
vn 0.0 0.099567 0.995031
vn -0.0 0.099567 0.995031
vn 0.0 0.049846 0.998757
vn -0.0 0.049846 0.998757
vn 0.0 0.0 1.0
vn -0.0 0.0 1.0
vn 0.0 -0.049846 0.998757
vn 0.0 -0.049846 0.998757
vn 0.0 -0.099567 0.995031
vn 0.0 -0.099567 0.995031
vn 0.0 -0.149044 0.988831
vn 0.0 -0.149044 0.988831
vn 0.0 -0.198146 0.980172
vn 0.0 -0.198146 0.980172
vn 0.0 -0.246758 0.969077
vn 0.0 -0.246758 0.969077
vn 0.0 -0.294755 0.955573
vn 0.0 -0.294755 0.955573
vn 0.0 -0.342018 0.939693
vn 0.0 -0.342018 0.939693
vn 0.0 -0.388434 0.921477
vn 0.0 -0.388434 0.921477
vn 0.0 -0.433887 0.900967
vn 0.0 -0.478253 0.878222
vn 0.0 -0.433887 0.900967
vn 0.0 -0.478253 0.878222
vn 0.0 -0.521438 0.853289
vn 0.0 -0.56332 0.826239
vn 0.0 -0.521438 0.853289
vn 0.0 -0.56332 0.826239
vn 0.0 -0.603799 0.797137
vn 0.0 -0.642789 0.766043
vn 0.0 -0.603799 0.797137
vn 0.0 -0.642789 0.766043
vn 0.0 -0.680171 0.733054
vn 0.0 -0.680171 0.733054
vn 0.0 -0.715869 0.698234
vn 0.0 -0.715869 0.698234
vn 0.0 -0.74978 0.661687
vn 0.0 -0.74978 0.661687
vn 0.0 -0.781833 0.623488
vn 0.0 -0.781833 0.623488
vn 0.0 -0.811939 0.583742
vn 0.0 -0.811939 0.583742
vn 0.0 -0.840022 0.542552
vn 0.0 -0.840022 0.542552
vn 0.0 -0.866028 0.499995
vn 0.0 -0.866028 0.499995
vn 0.0 -0.889874 0.456206
vn 0.0 -0.889874 0.456206
vn 0.0 -0.911503 0.411294
vn 0.0 -0.911503 0.411294
vn 0.0 -0.930873 0.365343
vn 0.0 -0.930873 0.365343
vn 0.0 -0.947929 0.318482
vn 0.0 -0.962623 0.270844
vn 0.0 -0.947929 0.318482
vn 0.0 -0.962623 0.270844
vn 0.0 -0.974929 0.222518
vn 0.0 -0.984809 0.173643
vn 0.0 -0.974929 0.222518
vn 0.0 -0.984809 0.173643
vn 0.0 -0.992239 0.124348
vn 0.0 -0.997204 0.074734
vn 0.0 -0.992239 0.124348
vn 0.0 -0.997204 0.074734
vn 0.0 -0.999689 0.024928
vn 0.0 -0.999689 0.024928
vn 0.0 -0.999689 -0.024928
vn 0.0 -0.999689 -0.024928
vn 0.0 -0.997204 -0.074734
vn 0.0 -0.997204 -0.074734
vn 0.0 -0.992239 -0.124345
vn 0.0 -0.992239 -0.124345
vn 0.0 -0.984808 -0.173647
vn 0.0 -0.984808 -0.173647
vn 0.0 -0.974929 -0.222515
vn 0.0 -0.962623 -0.270844
vn 0.0 -0.974929 -0.222515
vn 0.0 -0.962623 -0.270844
vn 0.0 -0.94793 -0.31848
vn 0.0 -0.94793 -0.31848
vn 0.0 -0.930874 -0.365341
vn 0.0 -0.930874 -0.365341
vn 0.0 -0.9115 -0.4113
vn 0.0 -0.9115 -0.4113
vn 0.0 -0.889873 -0.456208
vn 0.0 -0.889873 -0.456208
vn 0.0 -0.866028 -0.499995
vn 0.0 -0.866028 -0.499995
vn 0.0 -0.840025 -0.542548
vn 0.0 -0.840025 -0.542548
vn 0.0 -0.811938 -0.583744
vn 0.0 -0.811938 -0.583744
vn 0.0 -0.781837 -0.623483
vn 0.0 -0.781837 -0.623483
vn 0.0 -0.749782 -0.661685
vn 0.0 -0.749782 -0.661685
vn 0.0 -0.715869 -0.698234
vn 0.0 -0.680166 -0.733058
vn 0.0 -0.715869 -0.698234
vn 0.0 -0.680166 -0.733058
vn 0.0 -0.642783 -0.766048
vn 0.0 -0.642783 -0.766048
vn 0.0 -0.603804 -0.797133
vn 0.0 -0.603804 -0.797133
vn 0.0 -0.563316 -0.826242
vn 0.0 -0.563316 -0.826242
vn 0.0 -0.521441 -0.853287
vn 0.0 -0.521441 -0.853287
vn 0.0 -0.478261 -0.878218
vn 0.0 -0.478261 -0.878218
vn 0.0 -0.433872 -0.900974
vn 0.0 -0.433872 -0.900974
vn 0.0 -0.388445 -0.921472
vn 0.0 -0.388445 -0.921472
vn 0.0 -0.342007 -0.939697
vn 0.0 -0.294776 -0.955566
vn 0.0 -0.342007 -0.939697
vn 0.0 -0.294776 -0.955566
vn 0.0 -0.246758 -0.969077
vn 0.0 -0.198126 -0.980177
vn 0.0 -0.246758 -0.969077
vn 0.0 -0.198126 -0.980177
vn 0.0 -0.149059 -0.988828
vn 0.0 -0.149059 -0.988828
vn 0.0 -0.099559 -0.995032
vn 0.0 -0.099559 -0.995032
vn 0.0 -0.049857 -0.998756
vn 0.0 -0.049857 -0.998756
vn 0.0 0.0 -1.0
vn 0.0 0.049857 -0.998756
vn 0.0 0.0 -1.0
vn 0.0 0.049857 -0.998756
vn 0.0 0.099559 -0.995032
vn 0.0 0.099559 -0.995032
vn 0.0 0.149059 -0.988828
vn 0.0 0.149059 -0.988828
vn 0.0 0.198126 -0.980177
vn 0.0 0.198126 -0.980177
vn 0.0 0.246758 -0.969077
vn 0.0 0.246758 -0.969077
vn 0.0 0.294776 -0.955566
vn 0.0 0.294776 -0.955566
vn 0.0 0.342007 -0.939697
vn 0.0 0.342007 -0.939697
vn 0.0 0.388445 -0.921472
vn 0.0 0.388445 -0.921472
vn 0.0 0.433872 -0.900974
vn 0.0 0.433872 -0.900974
vn 0.0 0.478261 -0.878218
vn 0.0 0.478261 -0.878218
vn 0.0 0.521441 -0.853287
vn 0.0 0.521441 -0.853287
vn 0.0 0.563316 -0.826242
vn 0.0 0.563316 -0.826242
vn 0.0 0.603804 -0.797133
vn 0.0 0.603804 -0.797133
vn 0.0 0.642783 -0.766048
vn 0.0 0.642783 -0.766048
vn 0.0 0.680166 -0.733058
vn 0.0 0.680166 -0.733058
vn 0.0 0.715869 -0.698234
vn 0.0 0.715869 -0.698234
vn 0.0 0.749782 -0.661685
vn 0.0 0.749782 -0.661685
vn 0.0 0.781837 -0.623483
vn 0.0 0.781837 -0.623483
vn 0.0 0.811938 -0.583744
vn 0.0 0.811938 -0.583744
vn 0.0 0.840025 -0.542548
vn 0.0 0.840025 -0.542548
vn 0.0 0.866028 -0.499995
vn 0.0 0.866028 -0.499995
vn 0.0 0.889873 -0.456208
vn 0.0 0.889873 -0.456208
vn 0.0 0.9115 -0.4113
vn 0.0 0.9115 -0.4113
vn 0.0 0.930874 -0.365341
vn 0.0 0.930874 -0.365341
vn 0.0 0.94793 -0.31848
vn 0.0 0.94793 -0.31848
vn 0.0 0.962623 -0.270844
vn 0.0 0.962623 -0.270844
vn 0.0 0.974929 -0.222515
vn 0.0 0.974929 -0.222515
vn 0.0 0.984808 -0.173647
vn 0.0 0.984808 -0.173647
vn 0.0 0.992239 -0.124345
vn 0.0 0.997204 -0.074734
vn 0.0 0.992239 -0.124345
vn 0.0 0.997204 -0.074734
vn 0.0 0.999689 -0.024928
vn 0.0 0.999689 -0.024928
vn -0.0 0.999689 0.024928
vn -0.0 0.999689 0.024928
vn 0.0 0.997204 0.074734
vn -0.0 0.997204 0.074734
vn 0.0 0.992239 0.124345
vn -0.0 0.992239 0.124345
vn 0.0 0.984808 0.173647
vn -0.0 0.984808 0.173647
vn 0.0 0.974929 0.222515
vn -0.0 0.974929 0.222515
vn -0.0 0.962623 0.270844
vn -0.0 0.962623 0.270844
vn 0.0 0.94793 0.31848
vn -0.0 0.94793 0.31848
vn -0.0 0.930874 0.365341
vn -0.0 0.930874 0.365341
vn -0.0 0.9115 0.4113
vn -0.0 0.9115 0.4113
vn 0.0 0.889873 0.456208
vn -0.0 0.889873 0.456208
vn 0.0 0.866028 0.499995
vn -0.0 0.866028 0.499995
vn 0.0 0.840025 0.542548
vn -0.0 0.840025 0.542548
vn -0.0 0.811938 0.583744
vn -0.0 0.811938 0.583744
vn 0.0 0.781837 0.623483
vn -0.0 0.781837 0.623483
vn -0.0 0.749782 0.661685
vn -0.0 0.749782 0.661685
vn 0.0 0.715869 0.698234
vn -0.0 0.715869 0.698234
vn 0.0 0.680166 0.733058
vn -0.0 0.680166 0.733058
vn 0.0 0.642783 0.766048
vn -0.0 0.642783 0.766048
vn 0.0 0.603804 0.797133
vn -0.0 0.603804 0.797133
vn -0.0 0.563316 0.826242
vn 0.0 0.563316 0.826242
vn -0.0 0.521441 0.853287
vn 0.0 0.521441 0.853287
vn -0.0 0.478261 0.878218
vn 0.0 0.478261 0.878218
vn -0.0 0.433872 0.900974
vn 0.0 0.433872 0.900974
vn -0.0 0.388445 0.921472
vn 0.0 0.388445 0.921472
vn -0.0 0.342007 0.939697
vn -0.0 0.342007 0.939697
vn 0.0 0.294776 0.955566
vn -0.0 0.294776 0.955566
vn -0.0 0.246758 0.969077
vn -0.0 0.246758 0.969077
vn 0.0 0.198126 0.980177
vn -0.0 0.198126 0.980177
vn 0.0 0.149059 0.988828
vn -0.0 0.149059 0.988828
vn 0.0 0.099559 0.995032
vn -0.0 0.099559 0.995032
vn 0.0 0.049857 0.998756
vn -0.0 0.049857 0.998756
vn 0.0 0.0 1.0
vn -0.0 0.0 1.0
vn 0.0 -0.049857 0.998756
vn 0.0 -0.049857 0.998756
vn 0.0 -0.099559 0.995032
vn 0.0 -0.099559 0.995032
vn 0.0 -0.149059 0.988828
vn 0.0 -0.149059 0.988828
vn 0.0 -0.198126 0.980177
vn 0.0 -0.198126 0.980177
vn 0.0 -0.246758 0.969077
vn 0.0 -0.246758 0.969077
vn 0.0 -0.294776 0.955566
vn 0.0 -0.294776 0.955566
vn 0.0 -0.342007 0.939697
vn 0.0 -0.342007 0.939697
vn 0.0 -0.388445 0.921472
vn 0.0 -0.388445 0.921472
vn 0.0 -0.433872 0.900974
vn 0.0 -0.478261 0.878218
vn 0.0 -0.433872 0.900974
vn 0.0 -0.478261 0.878218
vn 0.0 -0.521441 0.853287
vn 0.0 -0.563316 0.826242
vn 0.0 -0.521441 0.853287
vn 0.0 -0.563316 0.826242
vn 0.0 -0.603804 0.797133
vn 0.0 -0.642783 0.766048
vn 0.0 -0.603804 0.797133
vn 0.0 -0.642783 0.766048
vn 0.0 -0.680166 0.733058
vn 0.0 -0.680166 0.733058
vn 0.0 -0.715869 0.698234
vn 0.0 -0.715869 0.698234
vn 0.0 -0.749782 0.661685
vn 0.0 -0.749782 0.661685
vn 0.0 -0.781837 0.623483
vn 0.0 -0.781837 0.623483
vn 0.0 -0.811938 0.583744
vn 0.0 -0.811938 0.583744
vn 0.0 -0.840025 0.542548
vn 0.0 -0.840025 0.542548
vn 0.0 -0.866028 0.499995
vn 0.0 -0.866028 0.499995
vn 0.0 -0.889873 0.456208
vn 0.0 -0.889873 0.456208
vn 0.0 -0.9115 0.4113
vn 0.0 -0.9115 0.4113
vn 0.0 -0.930874 0.365341
vn 0.0 -0.930874 0.365341
vn 0.0 -0.94793 0.31848
vn 0.0 -0.962623 0.270844
vn 0.0 -0.94793 0.31848
vn 0.0 -0.962623 0.270844
vn 0.0 -0.974929 0.222515
vn 0.0 -0.984808 0.173647
vn 0.0 -0.974929 0.222515
vn 0.0 -0.984808 0.173647
vn 0.0 -0.992239 0.124345
vn 0.0 -0.997204 0.074734
vn 0.0 -0.992239 0.124345
vn 0.0 -0.997204 0.074734
vn 0.0 -0.999689 0.024928
vn 0.0 -0.999689 0.024928
vn 0.0 -0.999689 -0.024928
vn 0.0 -0.999689 -0.024928
vn 0.0 -0.997204 -0.074734
vn 0.0 -0.997204 -0.074734
vn 0.0 -0.992239 -0.124348
vn 0.0 -0.992239 -0.124348
vn 0.0 -0.984809 -0.173643
vn 0.0 -0.984809 -0.173643
vn 0.0 -0.974929 -0.222518
vn 0.0 -0.962623 -0.270844
vn 0.0 -0.974929 -0.222518
vn 0.0 -0.962623 -0.270844
vn 0.0 -0.947929 -0.318482
vn 0.0 -0.947929 -0.318482
vn 0.0 -0.930873 -0.365343
vn 0.0 -0.930873 -0.365343
vn 0.0 -0.911502 -0.411295
vn 0.0 -0.911502 -0.411295
vn 0.0 -0.889874 -0.456206
vn 0.0 -0.889874 -0.456206
vn 0.0 -0.866029 -0.499994
vn 0.0 -0.866029 -0.499994
vn 0.0 -0.840021 -0.542554
vn 0.0 -0.840021 -0.542554
vn 0.0 -0.81194 -0.583741
vn 0.0 -0.81194 -0.583741
vn 0.0 -0.781833 -0.623488
vn 0.0 -0.781833 -0.623488
vn 0.0 -0.74978 -0.661687
vn 0.0 -0.74978 -0.661687
vn 0.0 -0.715869 -0.698234
vn 0.0 -0.68017 -0.733055
vn 0.0 -0.715869 -0.698234
vn 0.0 -0.68017 -0.733055
vn 0.0 -0.642789 -0.766043
vn 0.0 -0.642789 -0.766043
vn 0.0 -0.6038 -0.797136
vn 0.0 -0.6038 -0.797136
vn 0.0 -0.56332 -0.826239
vn 0.0 -0.56332 -0.826239
vn 0.0 -0.521439 -0.853289
vn 0.0 -0.521439 -0.853289
vn 0.0 -0.478251 -0.878223
vn 0.0 -0.478251 -0.878223
vn 0.0 -0.433888 -0.900967
vn 0.0 -0.433888 -0.900967
vn 0.0 -0.388436 -0.921475
vn 0.0 -0.388436 -0.921475
vn 0.0 -0.342018 -0.939693
vn 0.0 -0.294752 -0.955574
vn 0.0 -0.342018 -0.939693
vn 0.0 -0.294752 -0.955574
vn 0.0 -0.246758 -0.969077
vn 0.0 -0.198145 -0.980173
vn 0.0 -0.246758 -0.969077
vn 0.0 -0.198145 -0.980173
vn 0.0 -0.149047 -0.98883
vn 0.0 -0.149047 -0.98883
vn 0.0 -0.099566 -0.995031
vn 0.0 -0.099566 -0.995031
vn 0.0 -0.049844 -0.998757
vn 0.0 -0.049844 -0.998757
vn 0.0 0.0 -1.0
vn 0.0 0.049844 -0.998757
vn 0.0 0.0 -1.0
vn 0.0 0.049844 -0.998757
vn 0.0 0.099566 -0.995031
vn 0.0 0.099566 -0.995031
vn 0.0 0.149047 -0.98883
vn 0.0 0.149047 -0.98883
vn 0.0 0.198145 -0.980173
vn 0.0 0.198145 -0.980173
vn 0.0 0.246758 -0.969077
vn 0.0 0.246758 -0.969077
vn 0.0 0.294752 -0.955574
vn 0.0 0.294752 -0.955574
vn 0.0 0.342018 -0.939693
vn 0.0 0.342018 -0.939693
vn 0.0 0.388436 -0.921475
vn 0.0 0.388436 -0.921475
vn 0.0 0.433888 -0.900967
vn 0.0 0.433888 -0.900967
vn 0.0 0.478251 -0.878223
vn 0.0 0.478251 -0.878223
vn 0.0 0.521439 -0.853289
vn 0.0 0.521439 -0.853289
vn 0.0 0.56332 -0.826239
vn 0.0 0.56332 -0.826239
vn 0.0 0.6038 -0.797136
vn 0.0 0.6038 -0.797136
vn 0.0 0.642789 -0.766043
vn 0.0 0.642789 -0.766043
vn 0.0 0.68017 -0.733055
vn 0.0 0.68017 -0.733055
vn 0.0 0.715869 -0.698234
vn 0.0 0.715869 -0.698234
vn 0.0 0.74978 -0.661687
vn 0.0 0.74978 -0.661687
vn 0.0 0.781833 -0.623488
vn 0.0 0.781833 -0.623488
vn 0.0 0.81194 -0.583741
vn 0.0 0.81194 -0.583741
vn 0.0 0.840021 -0.542554
vn 0.0 0.840021 -0.542554
vn 0.0 0.866029 -0.499994
vn 0.0 0.866029 -0.499994
vn 0.0 0.889874 -0.456206
vn 0.0 0.889874 -0.456206
vn 0.0 0.911502 -0.411295
vn 0.0 0.911502 -0.411295
vn 0.0 0.930873 -0.365343
vn 0.0 0.930873 -0.365343
vn 0.0 0.947929 -0.318482
vn 0.0 0.947929 -0.318482
vn 0.0 0.962623 -0.270844
vn 0.0 0.962623 -0.270844
vn 0.0 0.974929 -0.222518
vn 0.0 0.974929 -0.222518
vn 0.0 0.984809 -0.173643
vn 0.0 0.984809 -0.173643
vn 0.0 0.992239 -0.124348
vn 0.0 0.997204 -0.074734
vn 0.0 0.992239 -0.124348
vn 0.0 0.997204 -0.074734
vn 0.0 0.999689 -0.024928
vn 0.0 0.999689 -0.024928
vn -0.0 0.999689 0.024928
vn -0.0 0.999689 0.024928
vn 0.0 0.997204 0.074734
vn -0.0 0.997204 0.074734
vn 0.0 0.992239 0.124348
vn -0.0 0.992239 0.124348
vn 0.0 0.984809 0.173643
vn -0.0 0.984809 0.173643
vn 0.0 0.974929 0.222518
vn -0.0 0.974929 0.222518
vn -0.0 0.962623 0.270844
vn -0.0 0.962623 0.270844
vn 0.0 0.947929 0.318482
vn -0.0 0.947929 0.318482
vn -0.0 0.930873 0.365343
vn -0.0 0.930873 0.365343
vn -0.0 0.911503 0.411294
vn -0.0 0.911503 0.411294
vn 0.0 0.889874 0.456206
vn -0.0 0.889874 0.456206
vn 0.0 0.866028 0.499995
vn -0.0 0.866028 0.499995
vn 0.0 0.840022 0.542552
vn -0.0 0.840022 0.542552
vn -0.0 0.811939 0.583742
vn -0.0 0.811939 0.583742
vn 0.0 0.781833 0.623488
vn -0.0 0.781833 0.623488
vn -0.0 0.74978 0.661687
vn -0.0 0.74978 0.661687
vn 0.0 0.715869 0.698234
vn -0.0 0.715869 0.698234
vn 0.0 0.680171 0.733054
vn -0.0 0.680171 0.733054
vn 0.0 0.642789 0.766043
vn -0.0 0.642789 0.766043
vn 0.0 0.603799 0.797137
vn -0.0 0.603799 0.797137
vn -0.0 0.56332 0.826239
vn 0.0 0.56332 0.826239
vn -0.0 0.521438 0.853289
vn 0.0 0.521438 0.853289
vn -0.0 0.478253 0.878222
vn 0.0 0.478253 0.878222
vn -0.0 0.433887 0.900967
vn 0.0 0.433887 0.900967
vn -0.0 0.388434 0.921477
vn 0.0 0.388434 0.921477
vn -0.0 0.342018 0.939693
vn -0.0 0.342018 0.939693
vn 0.0 0.294755 0.955573
vn -0.0 0.294755 0.955573
vn -0.0 0.246758 0.969077
vn -0.0 0.246758 0.969077
vn 0.0 0.198146 0.980172
vn -0.0 0.198146 0.980172
vn 0.0 0.149044 0.988831
vn -0.0 0.149044 0.988831
vn 0.0 0.099567 0.995031
vn -0.0 0.099567 0.995031
vn 0.0 0.049846 0.998757
vn -0.0 0.049846 0.998757
vn 0.0 0.0 1.0
vn -0.0 0.0 1.0
vn 0.0 -0.049846 0.998757
vn 0.0 -0.049846 0.998757
vn 0.0 -0.099567 0.995031
vn 0.0 -0.099567 0.995031
vn 0.0 -0.149044 0.988831
vn 0.0 -0.149044 0.988831
vn 0.0 -0.198146 0.980172
vn 0.0 -0.198146 0.980172
vn 0.0 -0.246758 0.969077
vn 0.0 -0.246758 0.969077
vn 0.0 -0.294755 0.955573
vn 0.0 -0.294755 0.955573
vn 0.0 -0.342018 0.939693
vn 0.0 -0.342018 0.939693
vn 0.0 -0.388434 0.921477
vn 0.0 -0.388434 0.921477
vn 0.0 -0.433887 0.900967
vn 0.0 -0.478253 0.878222
vn 0.0 -0.433887 0.900967
vn 0.0 -0.478253 0.878222
vn 0.0 -0.521438 0.853289
vn 0.0 -0.56332 0.826239
vn 0.0 -0.521438 0.853289
vn 0.0 -0.56332 0.826239
vn 0.0 -0.603799 0.797137
vn 0.0 -0.642789 0.766043
vn 0.0 -0.603799 0.797137
vn 0.0 -0.642789 0.766043
vn 0.0 -0.680171 0.733054
vn 0.0 -0.680171 0.733054
vn 0.0 -0.715869 0.698234
vn 0.0 -0.715869 0.698234
vn 0.0 -0.74978 0.661687
vn 0.0 -0.74978 0.661687
vn 0.0 -0.781833 0.623488
vn 0.0 -0.781833 0.623488
vn 0.0 -0.811939 0.583742
vn 0.0 -0.811939 0.583742
vn 0.0 -0.840022 0.542552
vn 0.0 -0.840022 0.542552
vn 0.0 -0.866028 0.499995
vn 0.0 -0.866028 0.499995
vn 0.0 -0.889874 0.456206
vn 0.0 -0.889874 0.456206
vn 0.0 -0.911503 0.411294
vn 0.0 -0.911503 0.411294
vn 0.0 -0.930873 0.365343
vn 0.0 -0.930873 0.365343
vn 0.0 -0.947929 0.318482
vn 0.0 -0.962623 0.270844
vn 0.0 -0.947929 0.318482
vn 0.0 -0.962623 0.270844
vn 0.0 -0.974929 0.222518
vn 0.0 -0.984809 0.173643
vn 0.0 -0.974929 0.222518
vn 0.0 -0.984809 0.173643
vn 0.0 -0.992239 0.124348
vn 0.0 -0.997204 0.074734
vn 0.0 -0.992239 0.124348
vn 0.0 -0.997204 0.074734
vn 0.0 -0.999689 0.024928
vn 0.0 -0.999689 0.024928
vn 0.0 -0.999689 -0.024928
vn 0.0 -0.999689 -0.024928
vn 0.0 -0.997204 -0.074734
vn 0.0 -0.997204 -0.074734
vn 0.0 -0.992239 -0.124345
vn 0.0 -0.992239 -0.124345
vn 0.0 -0.984808 -0.173647
vn 0.0 -0.984808 -0.173647
vn 0.0 -0.974929 -0.222515
vn 0.0 -0.962623 -0.270844
vn 0.0 -0.974929 -0.222515
vn 0.0 -0.962623 -0.270844
vn 0.0 -0.94793 -0.31848
vn 0.0 -0.94793 -0.31848
vn 0.0 -0.930874 -0.365341
vn 0.0 -0.930874 -0.365341
vn 0.0 -0.9115 -0.4113
vn 0.0 -0.9115 -0.4113
vn 0.0 -0.889873 -0.456208
vn 0.0 -0.889873 -0.456208
vn 0.0 -0.866028 -0.499995
vn 0.0 -0.866028 -0.499995
vn 0.0 -0.840025 -0.542548
vn 0.0 -0.840025 -0.542548
vn 0.0 -0.811938 -0.583744
vn 0.0 -0.811938 -0.583744
vn 0.0 -0.781837 -0.623483
vn 0.0 -0.781837 -0.623483
vn 0.0 -0.749782 -0.661685
vn 0.0 -0.749782 -0.661685
vn 0.0 -0.715869 -0.698234
vn 0.0 -0.680166 -0.733058
vn 0.0 -0.715869 -0.698234
vn 0.0 -0.680166 -0.733058
vn 0.0 -0.642783 -0.766048
vn 0.0 -0.642783 -0.766048
vn 0.0 -0.603804 -0.797133
vn 0.0 -0.603804 -0.797133
vn 0.0 -0.563316 -0.826242
vn 0.0 -0.563316 -0.826242
vn 0.0 -0.521441 -0.853287
vn 0.0 -0.521441 -0.853287
vn 0.0 -0.478261 -0.878218
vn 0.0 -0.478261 -0.878218
vn 0.0 -0.433872 -0.900974
vn 0.0 -0.433872 -0.900974
vn 0.0 -0.388445 -0.921472
vn 0.0 -0.388445 -0.921472
vn 0.0 -0.342007 -0.939697
vn 0.0 -0.294776 -0.955566
vn 0.0 -0.342007 -0.939697
vn 0.0 -0.294776 -0.955566
vn 0.0 -0.246758 -0.969077
vn 0.0 -0.198126 -0.980177
vn 0.0 -0.246758 -0.969077
vn 0.0 -0.198126 -0.980177
vn 0.0 -0.149059 -0.988828
vn 0.0 -0.149059 -0.988828
vn 0.0 -0.099559 -0.995032
vn 0.0 -0.099559 -0.995032
vn 0.0 -0.049857 -0.998756
vn 0.0 -0.049857 -0.998756
vn 0.0 0.0 -1.0
vn 0.0 0.049857 -0.998756
vn 0.0 0.0 -1.0
vn 0.0 0.049857 -0.998756
vn 0.0 0.099559 -0.995032
vn 0.0 0.099559 -0.995032
vn 0.0 0.149059 -0.988828
vn 0.0 0.149059 -0.988828
vn 0.0 0.198126 -0.980177
vn 0.0 0.198126 -0.980177
vn 0.0 0.246758 -0.969077
vn 0.0 0.246758 -0.969077
vn 0.0 0.294776 -0.955566
vn 0.0 0.294776 -0.955566
vn 0.0 0.342007 -0.939697
vn 0.0 0.342007 -0.939697
vn 0.0 0.388445 -0.921472
vn 0.0 0.388445 -0.921472
vn 0.0 0.433872 -0.900974
vn 0.0 0.433872 -0.900974
vn 0.0 0.478261 -0.878218
vn 0.0 0.478261 -0.878218
vn 0.0 0.521441 -0.853287
vn 0.0 0.521441 -0.853287
vn 0.0 0.563316 -0.826242
vn 0.0 0.563316 -0.826242
vn 0.0 0.603804 -0.797133
vn 0.0 0.603804 -0.797133
vn 0.0 0.642783 -0.766048
vn 0.0 0.642783 -0.766048
vn 0.0 0.680166 -0.733058
vn 0.0 0.680166 -0.733058
vn 0.0 0.715869 -0.698234
vn 0.0 0.715869 -0.698234
vn 0.0 0.749782 -0.661685
vn 0.0 0.749782 -0.661685
vn 0.0 0.781837 -0.623483
vn 0.0 0.781837 -0.623483
vn 0.0 0.811938 -0.583744
vn 0.0 0.811938 -0.583744
vn 0.0 0.840025 -0.542548
vn 0.0 0.840025 -0.542548
vn 0.0 0.866028 -0.499995
vn 0.0 0.866028 -0.499995
vn 0.0 0.889873 -0.456208
vn 0.0 0.889873 -0.456208
vn 0.0 0.9115 -0.4113
vn 0.0 0.9115 -0.4113
vn 0.0 0.930874 -0.365341
vn 0.0 0.930874 -0.365341
vn 0.0 0.94793 -0.31848
vn 0.0 0.94793 -0.31848
vn 0.0 0.962623 -0.270844
vn 0.0 0.962623 -0.270844
vn 0.0 0.974929 -0.222515
vn 0.0 0.974929 -0.222515
vn 0.0 0.984808 -0.173647
vn 0.0 0.984808 -0.173647
vn 0.0 0.992239 -0.124345
vn 0.0 0.997204 -0.074734
vn 0.0 0.992239 -0.124345
vn 0.0 0.997204 -0.074734
vn 0.0 0.999689 -0.024928
vn 0.0 0.999689 -0.024928
vn -0.0 0.999689 0.024928
vn -0.0 0.999689 0.024928
vn 0.0 0.997204 0.074734
vn -0.0 0.997204 0.074734
vn 0.0 0.992239 0.124345
vn -0.0 0.992239 0.124345
vn 0.0 0.984808 0.173647
vn -0.0 0.984808 0.173647
vn 0.0 0.974929 0.222515
vn -0.0 0.974929 0.222515
vn -0.0 0.962623 0.270844
vn -0.0 0.962623 0.270844
vn 0.0 0.94793 0.31848
vn -0.0 0.94793 0.31848
vn -0.0 0.930874 0.365341
vn -0.0 0.930874 0.365341
vn -0.0 0.9115 0.4113
vn -0.0 0.9115 0.4113
vn 0.0 0.889873 0.456208
vn -0.0 0.889873 0.456208
vn 0.0 0.866028 0.499995
vn -0.0 0.866028 0.499995
vn 0.0 0.840025 0.542548
vn -0.0 0.840025 0.542548
vn -0.0 0.811938 0.583744
vn -0.0 0.811938 0.583744
vn 0.0 0.781837 0.623483
vn -0.0 0.781837 0.623483
vn -0.0 0.749782 0.661685
vn -0.0 0.749782 0.661685
vn 0.0 0.715869 0.698234
vn -0.0 0.715869 0.698234
vn 0.0 0.680166 0.733058
vn -0.0 0.680166 0.733058
vn 0.0 0.642783 0.766048
vn -0.0 0.642783 0.766048
vn 0.0 0.603804 0.797133
vn -0.0 0.603804 0.797133
vn -0.0 0.563316 0.826242
vn 0.0 0.563316 0.826242
vn -0.0 0.521441 0.853287
vn 0.0 0.521441 0.853287
vn -0.0 0.478261 0.878218
vn 0.0 0.478261 0.878218
vn -0.0 0.433872 0.900974
vn 0.0 0.433872 0.900974
vn -0.0 0.388445 0.921472
vn 0.0 0.388445 0.921472
vn -0.0 0.342007 0.939697
vn -0.0 0.342007 0.939697
vn 0.0 0.294776 0.955566
vn -0.0 0.294776 0.955566
vn -0.0 0.246758 0.969077
vn -0.0 0.246758 0.969077
vn 0.0 0.198126 0.980177
vn -0.0 0.198126 0.980177
vn 0.0 0.149059 0.988828
vn -0.0 0.149059 0.988828
vn 0.0 0.099559 0.995032
vn -0.0 0.099559 0.995032
vn 0.0 0.049857 0.998756
vn -0.0 0.049857 0.998756
vn 0.0 0.0 1.0
vn -0.0 0.0 1.0
vn 0.0 -0.049857 0.998756
vn 0.0 -0.049857 0.998756
vn 0.0 -0.099559 0.995032
vn 0.0 -0.099559 0.995032
vn 0.0 -0.149059 0.988828
vn 0.0 -0.149059 0.988828
vn 0.0 -0.198126 0.980177
vn 0.0 -0.198126 0.980177
vn 0.0 -0.246758 0.969077
vn 0.0 -0.246758 0.969077
vn 0.0 -0.294776 0.955566
vn 0.0 -0.294776 0.955566
vn 0.0 -0.342007 0.939697
vn 0.0 -0.342007 0.939697
vn 0.0 -0.388445 0.921472
vn 0.0 -0.388445 0.921472
vn 0.0 -0.433872 0.900974
vn 0.0 -0.478261 0.878218
vn 0.0 -0.433872 0.900974
vn 0.0 -0.478261 0.878218
vn 0.0 -0.521441 0.853287
vn 0.0 -0.563316 0.826242
vn 0.0 -0.521441 0.853287
vn 0.0 -0.563316 0.826242
vn 0.0 -0.603804 0.797133
vn 0.0 -0.642783 0.766048
vn 0.0 -0.603804 0.797133
vn 0.0 -0.642783 0.766048
vn 0.0 -0.680166 0.733058
vn 0.0 -0.680166 0.733058
vn 0.0 -0.715869 0.698234
vn 0.0 -0.715869 0.698234
vn 0.0 -0.749782 0.661685
vn 0.0 -0.749782 0.661685
vn 0.0 -0.781837 0.623483
vn 0.0 -0.781837 0.623483
vn 0.0 -0.811938 0.583744
vn 0.0 -0.811938 0.583744
vn 0.0 -0.840025 0.542548
vn 0.0 -0.840025 0.542548
vn 0.0 -0.866028 0.499995
vn 0.0 -0.866028 0.499995
vn 0.0 -0.889873 0.456208
vn 0.0 -0.889873 0.456208
vn 0.0 -0.9115 0.4113
vn 0.0 -0.9115 0.4113
vn 0.0 -0.930874 0.365341
vn 0.0 -0.930874 0.365341
vn 0.0 -0.94793 0.31848
vn 0.0 -0.962623 0.270844
vn 0.0 -0.94793 0.31848
vn 0.0 -0.962623 0.270844
vn 0.0 -0.974929 0.222515
vn 0.0 -0.984808 0.173647
vn 0.0 -0.974929 0.222515
vn 0.0 -0.984808 0.173647
vn 0.0 -0.992239 0.124345
vn 0.0 -0.997204 0.074734
vn 0.0 -0.992239 0.124345
vn 0.0 -0.997204 0.074734
vn 0.0 -0.999689 0.024928
vn 0.0 -0.999689 0.024928
vn 1.0 0.0 0.0
vn 1.0 -0.0 0.0
vn 1.0 0.0 0.0
vn 1.0 -0.0 0.0
vn 1.0 0.0 0.0
vn 1.0 -0.0 0.0
vn 1.0 0.0 0.0
vn 1.0 -0.0 0.0
vn 1.0 0.0 0.0
vn 1.0 -0.0 0.0
vn 1.0 0.0 0.0
vn 1.0 -0.0 0.0
vn 1.0 0.0 0.0
vn 1.0 -0.0 0.0
vn 1.0 0.0 0.0
vn 1.0 -0.0 0.0
vn 1.0 0.0 0.0
vn 1.0 -0.0 0.0
vn 1.0 0.0 0.0
vn 1.0 -0.0 0.0
vn 1.0 0.0 0.0
vn 1.0 -0.0 0.0
vn 1.0 0.0 0.0
vn 1.0 -0.0 0.0
vn 1.0 0.0 0.0
vn 1.0 -0.0 0.0
vn 1.0 0.0 0.0
vn 1.0 0.0 0.0
vn 1.0 0.0 0.0
vn 1.0 0.0 0.0
vn 1.0 0.0 0.0
vn 1.0 0.0 0.0
vn 1.0 0.0 0.0
vn 1.0 0.0 0.0
vn 1.0 0.0 0.0
vn 1.0 0.0 0.0
vn 1.0 0.0 0.0
vn 1.0 0.0 0.0
vn 1.0 0.0 0.0
vn 1.0 -0.0 0.0
vn 1.0 0.0 0.0
vn 1.0 0.0 0.0
vn 1.0 0.0 0.0
vn 1.0 0.0 0.0
vn 1.0 0.0 0.0
vn 1.0 0.0 0.0
vn 1.0 0.0 0.0
vn 1.0 0.0 0.0
vn 1.0 0.0 0.0
vn 1.0 0.0 0.0
vn 1.0 0.0 0.0
vn 1.0 0.0 0.0
vn 1.0 0.0 0.0
vn 1.0 0.0 0.0
vn 1.0 0.0 0.0
vn 1.0 0.0 0.0
vn 1.0 0.0 0.0
vn 1.0 0.0 0.0
vn 1.0 0.0 0.0
vn 1.0 0.0 0.0
vn 1.0 0.0 0.0
vn 1.0 0.0 0.0
vn 1.0 0.0 0.0
vn 1.0 0.0 0.0
vn 1.0 0.0 0.0
vn 1.0 0.0 0.0
vn 1.0 0.0 0.0
vn 1.0 0.0 0.0
vn 1.0 0.0 0.0
vn 1.0 0.0 0.0
vn 1.0 0.0 0.0
vn 1.0 0.0 0.0
vn 1.0 0.0 0.0
vn 1.0 0.0 0.0
vn 1.0 -0.0 0.0
vn 1.0 0.0 0.0
vn 1.0 0.0 0.0
vn 1.0 0.0 0.0
vn 1.0 0.0 0.0
vn 1.0 0.0 0.0
vn 1.0 0.0 0.0
vn 1.0 0.0 0.0
vn 1.0 0.0 0.0
vn 1.0 0.0 0.0
vn 1.0 0.0 0.0
vn 1.0 0.0 0.0
vn 1.0 0.0 0.0
vn 1.0 0.0 0.0
vn 1.0 0.0 0.0
vn 1.0 -0.0 0.0
vn 1.0 0.0 0.0
vn 1.0 0.0 0.0
vn 1.0 0.0 0.0
vn 1.0 0.0 0.0
vn 1.0 0.0 0.0
vn 1.0 -0.0 0.0
vn 1.0 0.0 0.0
vn 1.0 0.0 0.0
vn 1.0 0.0 0.0
vn 1.0 0.0 0.0
vn 1.0 0.0 0.0
vn 1.0 0.0 0.0
vn 1.0 0.0 0.0
vn 1.0 0.0 0.0
vn 1.0 0.0 0.0
vn 1.0 -0.0 0.0
vn 1.0 0.0 0.0
vn 1.0 0.0 0.0
vn 1.0 0.0 0.0
vn 1.0 0.0 0.0
vn 1.0 0.0 0.0
vn 1.0 0.0 0.0
vn 1.0 0.0 0.0
vn 1.0 0.0 0.0
vn 1.0 -0.0 0.0
vn 1.0 0.0 0.0
vn 1.0 0.0 0.0
vn 1.0 0.0 0.0
vn 1.0 0.0 0.0
vn 1.0 0.0 0.0
vn 1.0 0.0 0.0
vn 1.0 0.0 0.0
vn 1.0 -0.0 0.0
vn 1.0 0.0 0.0
vn 1.0 0.0 0.0
vn 1.0 0.0 0.0
vn 1.0 0.0 0.0
vn 1.0 -0.0 0.0
vn 1.0 0.0 0.0
vn 1.0 0.0 0.0
vn 1.0 0.0 0.0
vn 1.0 0.0 0.0
vn 1.0 -0.0 0.0
vn 1.0 0.0 0.0
vn 1.0 0.0 0.0
vn 1.0 0.0 0.0
vn 1.0 -0.0 0.0
vn 1.0 0.0 0.0
vn 1.0 0.0 0.0
vn 1.0 0.0 0.0
vn 1.0 -0.0 0.0
vn 1.0 0.0 0.0
vn 1.0 0.0 0.0
vn 1.0 0.0 0.0
vn 1.0 -0.0 0.0
vn 1.0 0.0 0.0
vn 1.0 0.0 0.0
vn 1.0 0.0 0.0
vn 1.0 -0.0 0.0
vn 1.0 0.0 0.0
vn 1.0 0.0 0.0
vn 1.0 -0.0 0.0
vn 1.0 0.0 0.0
vn 1.0 0.0 0.0
vn 1.0 0.0 0.0
vn 1.0 0.0 0.0
vn 1.0 -0.0 0.0
vn 1.0 0.0 0.0
vn 1.0 -0.0 0.0
vn 1.0 -0.0 0.0
vn 1.0 -0.0 0.0
vn 1.0 0.0 0.0
vn 1.0 0.0 0.0
vn 1.0 0.0 0.0
vn 1.0 0.0 0.0
vn 1.0 0.0 0.0
vn 1.0 0.0 0.0
vn 1.0 0.0 0.0
vn 1.0 0.0 0.0
vn 1.0 0.0 0.0
vn 1.0 0.0 0.0
vn 1.0 0.0 0.0
vn 1.0 0.0 0.0
vn 1.0 0.0 0.0
vn 1.0 0.0 0.0
vn 1.0 0.0 0.0
vn 1.0 0.0 0.0
vn 1.0 0.0 0.0
vn 1.0 0.0 0.0
vn 1.0 0.0 0.0
vn 1.0 -0.0 0.0
vn 1.0 -0.0 0.0
vn 1.0 0.0 0.0
vn 1.0 0.0 0.0
vn 1.0 -0.0 0.0
vn 1.0 -0.0 0.0
vn 1.0 -0.0 0.0
vn 1.0 0.0 0.0
vn 1.0 -0.0 0.0
vn 1.0 -0.0 0.0
vn 1.0 -0.0 0.0
vn 1.0 0.0 0.0
vn 1.0 0.0 0.0
vn 1.0 -0.0 0.0
vn 1.0 -0.0 0.0
vn 1.0 -0.0 0.0
vn 1.0 0.0 0.0
vn 1.0 -0.0 0.0
vn 1.0 -0.0 0.0
vn 1.0 -0.0 0.0
vn 1.0 0.0 0.0
vn 1.0 -0.0 0.0
vn 1.0 -0.0 0.0
vn 1.0 -0.0 0.0
vn 1.0 0.0 0.0
vn 1.0 0.0 0.0
vn 1.0 -0.0 0.0
vn 1.0 -0.0 0.0
vn 1.0 -0.0 0.0
vn 1.0 0.0 0.0
vn 1.0 -0.0 0.0
vn 1.0 -0.0 0.0
vn 1.0 -0.0 0.0
vn 1.0 0.0 0.0
vn 1.0 -0.0 0.0
vn 1.0 -0.0 0.0
vn 1.0 -0.0 0.0
vn 1.0 0.0 0.0
vn 1.0 0.0 0.0
vn 1.0 -0.0 0.0
vn 1.0 -0.0 0.0
vn 1.0 -0.0 0.0
vn 1.0 -0.0 0.0
vn 1.0 0.0 0.0
vn 1.0 -0.0 0.0
vn 1.0 -0.0 0.0
vn 1.0 -0.0 0.0
vn 1.0 -0.0 0.0
vn 1.0 -0.0 0.0
vn 1.0 -0.0 0.0
vn 1.0 -0.0 0.0
vn 1.0 -0.0 0.0
vn 1.0 0.0 0.0
vn 1.0 -0.0 0.0
vn 1.0 -0.0 0.0
vn 1.0 -0.0 0.0
vn 1.0 -0.0 0.0
vn 1.0 -0.0 0.0
vn 1.0 0.0 0.0
vn 1.0 -0.0 0.0
vn 1.0 -0.0 0.0
vn 1.0 -0.0 0.0
vn 1.0 -0.0 0.0
vn 1.0 -0.0 0.0
vn 1.0 -0.0 0.0
vn 1.0 -0.0 0.0
vn 1.0 0.0 0.0
vn 1.0 -0.0 0.0
vn 1.0 -0.0 0.0
vn 1.0 -0.0 0.0
vn 1.0 0.0 0.0
vn 1.0 -0.0 0.0
vn 1.0 0.0 0.0
vn 1.0 -0.0 0.0
vn 1.0 -0.0 0.0
vn 1.0 -0.0 0.0
vn 1.0 0.0 0.0
vn 1.0 -0.0 0.0
vn 1.0 0.0 0.0
vn 1.0 0.0 0.0
vn 1.0 0.0 0.0
vn 1.0 -0.0 0.0
vn 1.0 -0.0 0.0
vn 1.0 0.0 0.0
vn 1.0 0.0 0.0
vn 1.0 0.0 0.0
vn 1.0 -0.0 0.0
vn 1.0 0.0 0.0
vn 1.0 -0.0 0.0
vn 1.0 0.0 0.0
vn 1.0 -0.0 0.0
vn 1.0 0.0 0.0
vn 1.0 -0.0 0.0
vn 1.0 0.0 0.0
vn 1.0 0.0 0.0
vn 1.0 -0.0 0.0
vn 1.0 0.0 0.0
vn 1.0 -0.0 0.0
vn 1.0 0.0 0.0
vn 1.0 0.0 0.0
vn 1.0 -0.0 0.0
vn 1.0 -0.0 0.0
vn 1.0 0.0 0.0
vn 1.0 0.0 0.0
vn 1.0 -0.0 0.0
vn 1.0 0.0 0.0
vn 1.0 -0.0 0.0
vn 1.0 0.0 0.0
vn 1.0 -0.0 0.0
vn 1.0 0.0 0.0
vn 1.0 -0.0 0.0
vn 1.0 0.0 0.0
vn 1.0 0.0 0.0
vn 1.0 -0.0 0.0
vn 1.0 0.0 0.0
vn 1.0 -0.0 0.0
vn 1.0 0.0 0.0
vn 1.0 -0.0 0.0
vn 1.0 0.0 0.0
vn 1.0 -0.0 0.0
vn 1.0 0.0 0.0
vn 1.0 -0.0 0.0
vn 1.0 0.0 0.0
vn 1.0 -0.0 0.0
vn 1.0 0.0 0.0
vn 1.0 0.0 0.0
vn 1.0 0.0 0.0
vn 1.0 -0.0 0.0
vn 1.0 -0.0 0.0
vn 1.0 0.0 0.0
vn 1.0 0.0 0.0
vn 1.0 -0.0 0.0
vn 1.0 -0.0 0.0
vn 1.0 -0.0 0.0
vn 1.0 -0.0 0.0
vn 1.0 0.0 0.0
vn 1.0 -0.0 0.0
vn 1.0 0.0 0.0
vn 1.0 0.0 0.0
vn 1.0 -0.0 0.0
vn 1.0 -0.0 0.0
vn 1.0 0.0 0.0
vn 1.0 0.0 0.0
vn 1.0 0.0 0.0
vn 1.0 0.0 0.0
vn 1.0 0.0 0.0
vn 1.0 0.0 0.0
vn 1.0 0.0 0.0
vn 1.0 0.0 0.0
vn 1.0 0.0 0.0
vn 1.0 0.0 0.0
vn 1.0 0.0 0.0
vn 1.0 0.0 0.0
vn 1.0 0.0 0.0
vn 1.0 0.0 0.0
vn 1.0 0.0 0.0
vn 1.0 -0.0 0.0
vn 1.0 -0.0 0.0
vn 1.0 -0.0 0.0
vn 1.0 0.0 0.0
vn 1.0 0.0 0.0
vn 1.0 0.0 0.0
vn 1.0 0.0 0.0
vn 1.0 0.0 0.0
vn 1.0 0.0 0.0
vn 1.0 0.0 0.0
vn 1.0 0.0 0.0
vn 1.0 0.0 0.0
vn 1.0 0.0 0.0
vn 1.0 0.0 0.0
vn 1.0 0.0 0.0
vn 1.0 0.0 0.0
vn 1.0 0.0 0.0
vn 1.0 -0.0 0.0
vn 1.0 0.0 0.0
vn 1.0 0.0 0.0
vn 1.0 0.0 0.0
vn 1.0 0.0 0.0
vn 1.0 0.0 0.0
vn 1.0 0.0 0.0
vn 1.0 0.0 0.0
vn 1.0 0.0 0.0
vn 1.0 0.0 0.0
vn 1.0 0.0 0.0
vn 1.0 0.0 0.0
vn 1.0 0.0 0.0
vn 1.0 -0.0 0.0
vn 1.0 0.0 0.0
vn 1.0 0.0 0.0
vn 1.0 0.0 0.0
vn 1.0 0.0 0.0
vn 1.0 0.0 0.0
vn 1.0 0.0 0.0
vn 1.0 0.0 0.0
vn 1.0 0.0 0.0
vn 1.0 0.0 0.0
vn 1.0 0.0 0.0
vn 1.0 0.0 0.0
vn 1.0 0.0 0.0
vn 1.0 0.0 0.0
vn 1.0 0.0 0.0
vn 1.0 0.0 0.0
vn 1.0 0.0 0.0
vn 1.0 0.0 0.0
vn 1.0 0.0 0.0
vn 1.0 0.0 0.0
vn 1.0 0.0 0.0
vn 1.0 0.0 0.0
vn 1.0 0.0 0.0
vn 1.0 0.0 0.0
vn 1.0 0.0 0.0
vn 1.0 0.0 0.0
vn 1.0 0.0 0.0
vn 1.0 0.0 0.0
vn 1.0 0.0 0.0
vn 1.0 0.0 0.0
vn 1.0 0.0 0.0
vn 1.0 0.0 0.0
vn 1.0 0.0 0.0
vn 1.0 0.0 0.0
vn 1.0 0.0 0.0
vn 1.0 0.0 0.0
vn 1.0 0.0 0.0
vn 1.0 0.0 0.0
vn 1.0 0.0 0.0
vn 1.0 0.0 0.0
vn 1.0 0.0 0.0
vn 1.0 0.0 0.0
vn 1.0 0.0 0.0
vn 1.0 0.0 0.0
vn 1.0 0.0 0.0
vn 1.0 0.0 0.0
vn 1.0 0.0 0.0
vn 1.0 0.0 0.0
vn 1.0 0.0 0.0
vn 1.0 0.0 0.0
vn 1.0 0.0 0.0
vn 1.0 0.0 0.0
vn 1.0 0.0 0.0
vn 1.0 0.0 0.0
vn 1.0 0.0 0.0
vn 1.0 0.0 0.0
vn 1.0 0.0 0.0
vn 1.0 0.0 0.0
vn 1.0 0.0 0.0
vn 1.0 0.0 0.0
vn 1.0 0.0 0.0
vn 1.0 0.0 0.0
vn 1.0 0.0 0.0
vn 1.0 0.0 0.0
vn 1.0 0.0 0.0
vn 1.0 0.0 0.0
vn 1.0 0.0 0.0
vn 1.0 0.0 0.0
vn 1.0 0.0 0.0
vn 1.0 0.0 0.0
vn 1.0 0.0 0.0
vn 1.0 0.0 0.0
vn 1.0 0.0 0.0
vn 1.0 0.0 0.0
vn 1.0 0.0 0.0
vn 1.0 0.0 0.0
vn 1.0 0.0 0.0
vn 1.0 0.0 0.0
vn 1.0 0.0 0.0
vn 1.0 0.0 0.0
vn 1.0 0.0 0.0
vn 1.0 0.0 0.0
vn 1.0 0.0 0.0
vn 1.0 0.0 0.0
vn 1.0 0.0 0.0
vn 1.0 0.0 0.0
vn 1.0 -0.0 0.0
vn 1.0 0.0 0.0
vn 1.0 0.0 0.0
vn 1.0 0.0 0.0
vn 1.0 0.0 0.0
vn 1.0 0.0 0.0
vn 1.0 0.0 0.0
vn 1.0 0.0 0.0
vn 1.0 0.0 0.0
vn 1.0 0.0 0.0
vn 1.0 0.0 0.0
vn 1.0 0.0 0.0
vn 1.0 0.0 0.0
vn 1.0 0.0 0.0
vn 1.0 0.0 0.0
vn 1.0 0.0 0.0
vn 1.0 0.0 0.0
vn 1.0 0.0 0.0
vn 1.0 0.0 0.0
vn 1.0 -0.0 0.0
vn 1.0 0.0 0.0
vn 1.0 -0.0 0.0
vn 1.0 0.0 0.0
vn 1.0 0.0 0.0
vn 1.0 -0.0 0.0
vn 1.0 0.0 0.0
vn 1.0 -0.0 0.0
vn 1.0 0.0 0.0
vn 1.0 -0.0 0.0
vn 1.0 0.0 0.0
vn 1.0 -0.0 0.0
vn 1.0 0.0 0.0
vn 1.0 -0.0 0.0
vn 1.0 0.0 0.0
vn 1.0 -0.0 0.0
vn 1.0 0.0 0.0
vn 1.0 -0.0 0.0
vn 1.0 0.0 0.0
vn 1.0 -0.0 0.0
vn 1.0 0.0 0.0
vn 1.0 -0.0 0.0
vn 1.0 0.0 0.0
vn 1.0 -0.0 0.0
vn 1.0 0.0 0.0
vn 1.0 0.0 0.0
vn 1.0 -0.0 0.0
vn 1.0 0.0 0.0
vn 1.0 -0.0 0.0
vn 1.0 0.0 0.0
vn 1.0 -0.0 0.0
vn 1.0 0.0 0.0
vn 1.0 -0.0 0.0
vn 1.0 0.0 0.0
vn 1.0 0.0 0.0
vn 1.0 0.0 0.0
vn 1.0 0.0 0.0
vn 1.0 0.0 0.0
vn 1.0 0.0 0.0
vn 1.0 0.0 0.0
vn 1.0 0.0 0.0
vn 1.0 0.0 0.0
vn 1.0 0.0 0.0
vn 1.0 0.0 0.0
vn 1.0 0.0 0.0
vn 1.0 0.0 0.0
vn 1.0 0.0 0.0
vn 1.0 0.0 0.0
vn 1.0 0.0 0.0
vn 1.0 0.0 0.0
vn 1.0 0.0 0.0
vn 1.0 0.0 0.0
vn 1.0 0.0 0.0
vn 1.0 0.0 0.0
vn 1.0 0.0 0.0
vn 1.0 0.0 0.0
vn 1.0 -0.0 0.0
vn 1.0 0.0 0.0
vn 1.0 0.0 0.0
vn 1.0 -0.0 0.0
vn 1.0 0.0 0.0
vn 1.0 0.0 0.0
vn 1.0 -0.0 0.0
vn 1.0 0.0 0.0
vn 1.0 -0.0 0.0
vn 1.0 0.0 0.0
vn 1.0 -0.0 0.0
vn 1.0 0.0 0.0
vn 1.0 -0.0 0.0
vn 1.0 0.0 0.0
vn 1.0 -0.0 0.0
vn 1.0 0.0 0.0
vn 1.0 0.0 0.0
vn 1.0 -0.0 0.0
vn 1.0 0.0 0.0
vn 1.0 -0.0 0.0
vn 1.0 -0.0 0.0
vn 1.0 0.0 0.0
vn 1.0 -0.0 0.0
vn 1.0 -0.0 0.0
vn 1.0 0.0 0.0
vn 1.0 -0.0 0.0
vn 1.0 -0.0 0.0
vn 1.0 -0.0 0.0
vn 1.0 -0.0 0.0
vn 1.0 -0.0 0.0
vn 1.0 -0.0 0.0
vn 1.0 -0.0 0.0
vn 1.0 -0.0 0.0
vn 1.0 0.0 0.0
vn 1.0 -0.0 0.0
vn 1.0 -0.0 0.0
vn 1.0 -0.0 0.0
vn 1.0 -0.0 0.0
vn 1.0 0.0 0.0
vn 1.0 -0.0 0.0
vn 1.0 0.0 0.0
vn 1.0 -0.0 0.0
vn 1.0 0.0 0.0
vn 1.0 0.0 0.0
vn 1.0 -0.0 0.0
vn 1.0 0.0 0.0
vn 1.0 -0.0 0.0
vn 1.0 0.0 0.0
vn 1.0 -0.0 0.0
vn 1.0 0.0 0.0
vn 1.0 0.0 0.0
vn 1.0 -0.0 0.0
vn 1.0 0.0 0.0
vn 1.0 0.0 0.0
vn 1.0 0.0 0.0
vn 1.0 0.0 0.0
vn 1.0 -0.0 0.0
vn 1.0 0.0 0.0
vn 1.0 0.0 0.0
vn 1.0 0.0 0.0
vn 1.0 0.0 0.0
vn 1.0 0.0 0.0
vn 1.0 0.0 0.0
vn 1.0 -0.0 0.0
vn 1.0 0.0 0.0
vn 1.0 0.0 0.0
vn 1.0 0.0 0.0
vn 1.0 0.0 0.0
vn 1.0 0.0 0.0
vn 1.0 0.0 0.0
vn 1.0 0.0 0.0
vn 1.0 0.0 0.0
vn 1.0 0.0 0.0
vn 1.0 0.0 0.0
vn 1.0 0.0 0.0
vn 1.0 0.0 0.0
vn 1.0 0.0 0.0
vn 1.0 0.0 0.0
vn 1.0 0.0 0.0
vn 1.0 0.0 0.0
vn 1.0 -0.0 0.0
vn 1.0 0.0 0.0
vn 1.0 0.0 0.0
vn 1.0 0.0 0.0
vn 1.0 0.0 0.0
vn 1.0 0.0 0.0
vn 1.0 0.0 0.0
vn 1.0 0.0 0.0
vn 1.0 0.0 0.0
vn 1.0 0.0 0.0
vn 1.0 0.0 0.0
vn 1.0 0.0 0.0
vn 1.0 0.0 0.0
vn 1.0 0.0 0.0
vn 1.0 0.0 0.0
vn 1.0 0.0 0.0
vn 1.0 0.0 0.0
vn 1.0 0.0 0.0
vn 1.0 0.0 0.0
vn 1.0 0.0 0.0
vn 1.0 0.0 0.0
vn 1.0 0.0 0.0
vn 1.0 0.0 0.0
vn 1.0 0.0 0.0
vn 1.0 0.0 0.0
vn 1.0 0.0 0.0
vn 1.0 0.0 0.0
vn 1.0 -0.0 0.0
vn 1.0 -0.0 0.0
vn 1.0 -0.0 0.0
vn 1.0 -0.0 0.0
vn 1.0 0.0 0.0
vn 1.0 0.0 0.0
vn 1.0 0.0 0.0
vn 1.0 0.0 0.0
vn 1.0 -0.0 0.0
vn 1.0 0.0 0.0
vn 1.0 0.0 0.0
vn 1.0 0.0 0.0
vn 1.0 0.0 0.0
vn 1.0 0.0 0.0
vn 1.0 0.0 0.0
vn 1.0 0.0 0.0
vn 1.0 0.0 0.0
vn 1.0 0.0 0.0
vn 1.0 0.0 0.0
vn 1.0 -0.0 0.0
vn 1.0 0.0 0.0
vn 1.0 0.0 0.0
vn 1.0 0.0 0.0
vn 1.0 0.0 0.0
vn 1.0 0.0 0.0
vn 1.0 0.0 0.0
vn 1.0 0.0 0.0
vn 1.0 0.0 0.0
vn 1.0 0.0 0.0
vn 1.0 0.0 0.0
vn 1.0 0.0 0.0
vn 1.0 0.0 0.0
vn 1.0 0.0 0.0
vn 1.0 0.0 0.0
vn 1.0 0.0 0.0
vn 1.0 0.0 0.0
vn 1.0 0.0 0.0
vn 1.0 -0.0 0.0
vn 1.0 0.0 0.0
vn 1.0 0.0 0.0
vn 1.0 -0.0 0.0
vn 1.0 0.0 0.0
vn 1.0 0.0 0.0
vn 1.0 0.0 0.0
vn 1.0 -0.0 0.0
vn 1.0 0.0 0.0
vn 1.0 0.0 0.0
vn 1.0 0.0 0.0
vn 1.0 0.0 0.0
vn 1.0 -0.0 0.0
vn 1.0 0.0 0.0
vn 1.0 0.0 0.0
vn 1.0 0.0 0.0
vn 1.0 -0.0 0.0
vn 1.0 0.0 0.0
vn 1.0 0.0 0.0
vn 1.0 0.0 0.0
vn 1.0 -0.0 0.0
vn 1.0 0.0 0.0
vn 1.0 0.0 0.0
vn 1.0 0.0 0.0
vn 1.0 -0.0 0.0
vn 1.0 0.0 0.0
vn 1.0 0.0 0.0
vn 1.0 0.0 0.0
vn 1.0 -0.0 0.0
vn 1.0 0.0 0.0
vn 1.0 0.0 0.0
vn 1.0 0.0 0.0
vn 1.0 -0.0 0.0
vn 1.0 0.0 0.0
vn 1.0 0.0 0.0
vn 1.0 0.0 0.0
vn 1.0 -0.0 0.0
vn 1.0 0.0 0.0
vn 1.0 0.0 0.0
vn 1.0 0.0 0.0
vn 1.0 -0.0 0.0
vn 1.0 0.0 0.0
vn 1.0 0.0 0.0
vn 1.0 0.0 0.0
vn 1.0 0.0 0.0
vn 1.0 0.0 0.0
vn 1.0 -0.0 0.0
vn 1.0 0.0 0.0
vn 1.0 0.0 0.0
vn 1.0 0.0 0.0
vn 1.0 -0.0 0.0
vn 1.0 0.0 0.0
vn 1.0 -0.0 0.0
vn 1.0 0.0 0.0
vn 1.0 0.0 0.0
vn 1.0 0.0 0.0
vn 1.0 -0.0 0.0
vn 1.0 0.0 0.0
vn 1.0 0.0 0.0
vn 1.0 0.0 0.0
vn 1.0 -0.0 0.0
vn 1.0 0.0 0.0
vn 1.0 0.0 0.0
vn 1.0 0.0 0.0
vn 1.0 0.0 0.0
vn 1.0 0.0 0.0
vn 1.0 0.0 0.0
vn 1.0 0.0 0.0
vn 1.0 0.0 0.0
vn 1.0 0.0 0.0
vn 1.0 0.0 0.0
vn 1.0 0.0 0.0
vn 1.0 0.0 0.0
vn 0.0 0.695328 -0.718692
vn 0.0 0.730108 -0.683332
vn 0.0 0.695328 -0.718692
vn 0.0 0.763092 -0.64629
vn 0.0 0.730108 -0.683332
vn 0.0 0.794199 -0.607658
vn 0.0 0.763092 -0.64629
vn 0.0 0.823352 -0.567531
vn 0.0 0.794199 -0.607658
vn 0.0 0.850479 -0.526008
vn 0.0 0.823352 -0.567531
vn 0.0 0.875514 -0.483193
vn 0.0 0.850479 -0.526008
vn 0.0 0.898396 -0.439186
vn 0.0 0.875514 -0.483193
vn 0.0 0.919067 -0.394101
vn 0.0 0.898396 -0.439186
vn 0.0 0.937478 -0.348045
vn 0.0 0.919067 -0.394101
vn 0.0 0.953582 -0.301132
vn 0.0 0.937478 -0.348045
vn 0.0 0.96734 -0.253481
vn 0.0 0.953582 -0.301132
vn 0.0 0.978719 -0.205205
vn 0.0 0.96734 -0.253481
vn 0.0 0.98769 -0.156423
vn 0.0 0.978719 -0.205205
vn 0.0 0.994231 -0.107259
vn 0.0 0.98769 -0.156423
vn 0.0 0.998327 -0.057829
vn 0.0 0.994231 -0.107259
vn 0.0 0.999966 -0.008258
vn 0.0 0.998327 -0.057829
vn -0.0 0.999145 0.041336
vn 0.0 0.999966 -0.008258
vn -0.0 0.995867 0.090824
vn 0.0 0.999145 0.041336
vn -0.0 0.990138 0.140093
vn 0.0 0.995867 0.090824
vn -0.0 0.981974 0.189014
vn 0.0 0.990138 0.140093
vn -0.0 0.971395 0.237471
vn 0.0 0.981974 0.189014
vn -0.0 0.958425 0.285346
vn 0.0 0.971395 0.237471
vn -0.0 0.943098 0.332516
vn 0.0 0.958425 0.285346
vn -0.0 0.92545 0.378869
vn 0.0 0.943098 0.332516
vn -0.0 0.905526 0.42429
vn 0.0 0.92545 0.378869
vn 0.0 0.905526 0.42429
vn -0.0 0.883374 0.468668
vn 0.0 0.883374 0.468668
vn -0.0 0.85905 0.511892
vn 0.0 0.85905 0.511892
vn -0.0 0.832612 0.553857
vn 0.0 0.832612 0.553857
vn -0.0 0.804126 0.59446
vn 0.0 0.804126 0.59446
vn -0.0 0.77366 0.633601
vn 0.0 0.77366 0.633601
vn -0.0 0.741293 0.671182
vn 0.0 0.741293 0.671182
vn -0.0 0.707101 0.707112
vn -0.0 0.671171 0.741303
vn 0.0 0.707101 0.707112
vn -0.0 0.633589 0.77367
vn 0.0 0.671171 0.741303
vn 0.0 0.633589 0.77367
vn 0.0 0.594448 0.804134
vn -0.0 0.553845 0.83262
vn 0.0 0.594448 0.804134
vn -0.0 0.511879 0.859057
vn 0.0 0.553845 0.83262
vn -0.0 0.468654 0.883382
vn 0.0 0.511879 0.859057
vn 0.0 0.468654 0.883382
vn 0.0 0.424277 0.905532
vn -0.0 0.378856 0.925456
vn 0.0 0.424277 0.905532
vn -0.0 0.332502 0.943103
vn 0.0 0.378856 0.925456
vn 0.0 0.332502 0.943103
vn 0.0 0.285331 0.958429
vn 0.0 0.285331 0.958429
vn 0.0 0.237457 0.971398
vn 0.0 0.237457 0.971398
vn 0.0 0.189 0.981977
vn -0.0 0.140077 0.990141
vn 0.0 0.189 0.981977
vn -0.0 0.090811 0.995868
vn 0.0 0.140077 0.990141
vn 0.0 0.090811 0.995868
vn 0.0 0.04132 0.999146
vn 0.0 -0.008272 0.999966
vn 0.0 0.04132 0.999146
vn 0.0 -0.008272 0.999966
vn 0.0 -0.057844 0.998326
vn 0.0 -0.107273 0.99423
vn 0.0 -0.057844 0.998326
vn 0.0 -0.107273 0.99423
vn 0.0 -0.156439 0.987688
vn 0.0 -0.156439 0.987688
vn 0.0 -0.205219 0.978716
vn 0.0 -0.205219 0.978716
vn 0.0 -0.253496 0.967337
vn 0.0 -0.253496 0.967337
vn 0.0 -0.301147 0.953578
vn 0.0 -0.301147 0.953578
vn 0.0 -0.348059 0.937473
vn 0.0 -0.348059 0.937473
vn 0.0 -0.394114 0.919062
vn 0.0 -0.394114 0.919062
vn 0.0 -0.4392 0.898389
vn 0.0 -0.4392 0.898389
vn 0.0 -0.483205 0.875507
vn 0.0 -0.483205 0.875507
vn 0.0 -0.526021 0.850471
vn 0.0 -0.526021 0.850471
vn 0.0 -0.567544 0.823343
vn 0.0 -0.567544 0.823343
vn 0.0 -0.60767 0.79419
vn 0.0 -0.60767 0.79419
vn 0.0 -0.646301 0.763082
vn 0.0 -0.646301 0.763082
vn 0.0 -0.683343 0.730097
vn 0.0 -0.683343 0.730097
vn 0.0 -0.718703 0.695318
vn 0.0 -0.718703 0.695318
vn 0.0 -0.752296 0.658826
vn 0.0 -0.752296 0.658826
vn 0.0 -0.784036 0.620715
vn 0.0 -0.784036 0.620715
vn 0.0 -0.81385 0.581075
vn 0.0 -0.81385 0.581075
vn 0.0 -0.841661 0.540007
vn 0.0 -0.867401 0.49761
vn 0.0 -0.841661 0.540007
vn 0.0 -0.891007 0.453989
vn 0.0 -0.867401 0.49761
vn 0.0 -0.891007 0.453989
vn 0.0 -0.912422 0.409251
vn 0.0 -0.912422 0.409251
vn 0.0 -0.931591 0.363507
vn 0.0 -0.931591 0.363507
vn 0.0 -0.948469 0.316869
vn 0.0 -0.948469 0.316869
vn 0.0 -0.963015 0.269449
vn 0.0 -0.963015 0.269449
vn 0.0 -0.97519 0.221369
vn 0.0 -0.97519 0.221369
vn 0.0 -0.984967 0.172743
vn 0.0 -0.984967 0.172743
vn 0.0 -0.992321 0.123692
vn 0.0 -0.992321 0.123692
vn 0.0 -0.997233 0.074337
vn 0.0 -0.997233 0.074337
vn 0.0 -0.999692 0.0248
vn 0.0 -0.999692 0.0248
vn -0.0 -0.999704 -0.024313
vn 0.0 -0.999704 -0.024313
vn -0.0 -0.997341 -0.072882
vn 0.0 -0.997341 -0.072882
vn 0.0 -0.992619 -0.121277
vn 0.0 -0.992619 -0.121277
vn -0.0 -0.98555 -0.169388
vn 0.0 -0.98555 -0.169388
vn -0.0 -0.97615 -0.217095
vn 0.0 -0.97615 -0.217095
vn -0.0 -0.964443 -0.264292
vn 0.0 -0.964443 -0.264292
vn -0.0 -0.950455 -0.310861
vn 0.0 -0.950455 -0.310861
vn -0.0 -0.93422 -0.356699
vn 0.0 -0.93422 -0.356699
vn -0.0 -0.915776 -0.40169
vn 0.0 -0.915776 -0.40169
vn -0.0 -0.895167 -0.445731
vn 0.0 -0.895167 -0.445731
vn 0.0 -0.87244 -0.488721
vn 0.0 -0.87244 -0.488721
vn -0.0 -0.847651 -0.530553
vn 0.0 -0.847651 -0.530553
vn 0.0 -0.820858 -0.571132
vn 0.0 -0.820858 -0.571132
vn 0.0 -0.792125 -0.610359
vn 0.0 -0.792125 -0.610359
vn -0.0 -0.761516 -0.648146
vn 0.0 -0.761516 -0.648146
vn 0.0 -0.729111 -0.684396
vn 0.0 -0.729111 -0.684396
vn -0.0 -0.694978 -0.719031
vn 0.0 -0.694978 -0.719031
vn 1.0 0.0 0.0
vn 1.0 0.0 0.0
vn 1.0 0.0 0.0
vn 1.0 -0.0 0.0
vn 1.0 0.0 0.0
vn 1.0 0.0 0.0
vn 1.0 0.0 0.0
vn 1.0 -0.0 0.0
vn 1.0 0.0 0.0
vn 1.0 0.0 0.0
vn 1.0 0.0 0.0
vn 1.0 -0.0 0.0
vn 1.0 0.0 0.0
vn 1.0 0.0 0.0
vn 1.0 0.0 0.0
vn 1.0 -0.0 0.0
vn 1.0 0.0 0.0
vn 1.0 0.0 0.0
vn 1.0 0.0 0.0
vn 1.0 -0.0 0.0
vn 1.0 0.0 0.0
vn 1.0 0.0 0.0
vn 1.0 0.0 0.0
vn 1.0 -0.0 0.0
vn 1.0 0.0 0.0
vn 1.0 0.0 0.0
vn 1.0 0.0 0.0
vn 1.0 0.0 0.0
vn 1.0 -0.0 0.0
vn 1.0 0.0 0.0
vn 1.0 0.0 0.0
vn 1.0 0.0 0.0
vn 1.0 -0.0 0.0
vn 1.0 0.0 0.0
vn 1.0 0.0 0.0
vn 1.0 0.0 0.0
vn 1.0 -0.0 0.0
vn 1.0 0.0 0.0
vn 1.0 0.0 0.0
vn 1.0 0.0 0.0
vn 1.0 -0.0 0.0
vn 1.0 0.0 0.0
vn 1.0 0.0 0.0
vn 1.0 0.0 0.0
vn 1.0 -0.0 0.0
vn 1.0 0.0 0.0
vn 1.0 0.0 0.0
vn 1.0 0.0 0.0
vn 1.0 -0.0 0.0
vn 1.0 0.0 0.0
vn 1.0 0.0 0.0
vn 1.0 0.0 0.0
vn 1.0 -0.0 0.0
vn 1.0 0.0 0.0
vn 1.0 0.0 0.0
vn 1.0 0.0 0.0
vn 1.0 -0.0 0.0
vn 1.0 0.0 0.0
vn 1.0 -0.0 0.0
vn 1.0 -0.0 0.0
vn 1.0 0.0 0.0
vn 1.0 0.0 0.0
vn 1.0 -0.0 0.0
vn 1.0 0.0 0.0
vn 1.0 -0.0 0.0
vn 1.0 0.0 0.0
vn 1.0 -0.0 0.0
vn 1.0 0.0 0.0
vn 1.0 0.0 0.0
vn 1.0 0.0 0.0
vn 1.0 -0.0 0.0
vn 1.0 0.0 0.0
vn 1.0 0.0 0.0
vn 1.0 0.0 0.0
vn 1.0 -0.0 0.0
vn 1.0 0.0 0.0
vn 1.0 0.0 0.0
vn 1.0 0.0 0.0
vn 1.0 -0.0 0.0
vn 1.0 0.0 0.0
vn 1.0 0.0 0.0
vn 1.0 0.0 0.0
vn 1.0 -0.0 0.0
vn 1.0 0.0 0.0
vn 1.0 0.0 0.0
vn 1.0 0.0 0.0
vn 1.0 -0.0 0.0
vn 1.0 0.0 0.0
vn 1.0 0.0 0.0
vn 1.0 0.0 0.0
vn 1.0 -0.0 0.0
vn 1.0 0.0 0.0
vn 1.0 0.0 0.0
vn 1.0 -0.0 0.0
vn 1.0 -0.0 0.0
vn 1.0 0.0 0.0
vn 1.0 0.0 0.0
vn 1.0 -0.0 0.0
vn 1.0 -0.0 0.0
vn 1.0 0.0 0.0
vn 1.0 0.0 0.0
vn 1.0 -0.0 0.0
vn 1.0 -0.0 0.0
vn 1.0 0.0 0.0
vn 1.0 0.0 0.0
vn 1.0 -0.0 0.0
vn 1.0 -0.0 0.0
vn 1.0 0.0 0.0
vn 1.0 0.0 0.0
vn 1.0 -0.0 0.0
vn 1.0 -0.0 0.0
vn 1.0 0.0 0.0
vn 1.0 0.0 0.0
vn 1.0 -0.0 0.0
vn 1.0 -0.0 0.0
vn 1.0 0.0 0.0
vn 1.0 0.0 0.0
vn 1.0 -0.0 0.0
vn 1.0 -0.0 0.0
vn 1.0 0.0 0.0
vn 1.0 0.0 0.0
vn 1.0 -0.0 0.0
vn 1.0 -0.0 0.0
vn 1.0 0.0 0.0
vn 1.0 0.0 0.0
vn 1.0 -0.0 0.0
vn 1.0 0.0 0.0
vn 1.0 0.0 0.0
vn 1.0 -0.0 0.0
vn 1.0 0.0 0.0
vn 1.0 -0.0 0.0
vn 1.0 0.0 0.0
vn 1.0 -0.0 0.0
vn 1.0 0.0 0.0
vn 1.0 0.0 0.0
vn 1.0 -0.0 0.0
vn 1.0 0.0 0.0
vn 1.0 -0.0 0.0
vn 1.0 0.0 0.0
vn 1.0 -0.0 0.0
vn 1.0 0.0 0.0
vn 1.0 -0.0 0.0
vn 1.0 -0.0 0.0
vn 1.0 0.0 0.0
vn 1.0 -0.0 0.0
vn 1.0 0.0 0.0
vn 1.0 -0.0 0.0
vn 1.0 0.0 0.0
vn 1.0 -0.0 0.0
vn 1.0 0.0 0.0
vn 1.0 -0.0 0.0
vn 1.0 0.0 0.0
vn 1.0 -0.0 0.0
vn 1.0 0.0 0.0
vn 1.0 0.0 0.0
vn 1.0 -0.0 0.0
vn 1.0 0.0 0.0
vn 1.0 -0.0 0.0
vn 1.0 0.0 0.0
vn 1.0 -0.0 0.0
vn 1.0 0.0 0.0
vn 1.0 -0.0 0.0
vn 1.0 0.0 0.0
vn 1.0 0.0 0.0
vn 1.0 0.0 0.0
vn 1.0 0.0 0.0
vn 1.0 0.0 0.0
vn 1.0 0.0 0.0
vn 1.0 0.0 0.0
vn 1.0 0.0 0.0
vn 1.0 0.0 0.0
vn 1.0 0.0 0.0
vn 1.0 0.0 0.0
vn 1.0 0.0 0.0
vn 1.0 0.0 0.0
vn 1.0 0.0 0.0
vn 1.0 0.0 0.0
vn 1.0 0.0 0.0
vn 1.0 0.0 0.0
vn 1.0 0.0 0.0
vn 1.0 0.0 0.0
vn 1.0 0.0 0.0
vn 1.0 0.0 0.0
vn 1.0 0.0 0.0
vn 1.0 0.0 0.0
vn 1.0 0.0 0.0
vn 1.0 0.0 0.0
vn 1.0 0.0 0.0
vn 1.0 0.0 0.0
vn 1.0 -0.0 0.0
vn 0.0 0.755629 -0.655
vn 0.0 0.755629 -0.655
vn 0.0 0.78722 -0.616672
vn 0.0 0.78722 -0.616672
vn 0.0 0.81687 -0.576821
vn 0.0 0.81687 -0.576821
vn 0.0 0.844502 -0.535553
vn 0.0 0.844502 -0.535553
vn 0.0 0.870052 -0.492959
vn 0.0 0.870052 -0.492959
vn 0.0 0.893457 -0.449149
vn 0.0 0.914656 -0.404233
vn 0.0 0.893457 -0.449149
vn 0.0 0.914656 -0.404233
vn 0.0 0.933599 -0.35832
vn 0.0 0.933599 -0.35832
vn 0.0 0.950239 -0.311522
vn 0.0 0.964535 -0.263955
vn 0.0 0.950239 -0.311522
vn 0.0 0.964535 -0.263955
vn 0.0 0.976451 -0.215737
vn 0.0 0.985959 -0.166987
vn 0.0 0.976451 -0.215737
vn 0.0 0.985959 -0.166987
vn 0.0 0.993034 -0.117826
vn 0.0 0.993034 -0.117826
vn 0.0 0.99766 -0.068373
vn 0.0 0.999824 -0.018752
vn 0.0 0.99766 -0.068373
vn 0.0 0.999824 -0.018752
vn 0.0 0.999522 0.030915
vn -0.0 0.999522 0.030915
vn 0.0 0.996754 0.080507
vn -0.0 0.996754 0.080507
vn 0.0 0.991527 0.1299
vn -0.0 0.991527 0.1299
vn 0.0 0.983854 0.178971
vn -0.0 0.983854 0.178971
vn -0.0 0.961252 0.275671
vn -0.0 0.973754 0.227602
vn 0.0 0.973754 0.227602
vn -0.0 0.961252 0.275671
vn -0.0 0.946379 0.323059
vn 0.0 0.946379 0.323059
vn -0.0 0.92917 0.369652
vn 0.0 0.92917 0.369652
vn -0.0 0.90967 0.415333
vn 0.0 0.90967 0.415333
vn -0.0 0.86399 0.503508
vn -0.0 0.887926 0.459987
vn 0.0 0.887926 0.459987
vn -0.0 0.86399 0.503508
vn 0.0 0.837924 0.545787
vn -0.0 0.837924 0.545787
vn 0.0 0.809791 0.586718
vn -0.0 0.809791 0.586718
vn 0.0 0.77966 0.626204
vn -0.0 0.77966 0.626204
vn 0.0 0.747604 0.664144
vn -0.0 0.747604 0.664144
vn 0.0 0.713706 0.700445
vn -0.0 0.678047 0.735019
vn -0.0 0.713706 0.700445
vn -0.0 0.678047 0.735019
vn 0.0 0.640714 0.767779
vn -0.0 0.640714 0.767779
vn 0.0 0.601801 0.798646
vn -0.0 0.561404 0.827542
vn -0.0 0.601801 0.798646
vn -0.0 0.561404 0.827542
vn 0.0 0.519621 0.854397
vn -0.0 0.519621 0.854397
vn 0.0 0.476557 0.879144
vn -0.0 0.476557 0.879144
vn 0.0 0.432317 0.901721
vn -0.0 0.387011 0.922075
vn -0.0 0.432317 0.901721
vn -0.0 0.387011 0.922075
vn 0.0 0.340749 0.940154
vn -0.0 0.340749 0.940154
vn -0.0 0.245821 0.969315
vn -0.0 0.293648 0.955914
vn 0.0 0.293648 0.955914
vn -0.0 0.245821 0.969315
vn -0.0 0.148469 0.988917
vn -0.0 0.197389 0.980325
vn 0.0 0.197389 0.980325
vn -0.0 0.148469 0.988917
vn -0.0 0.099184 0.995069
vn 0.0 0.099184 0.995069
vn 0.0 0.0 1.0
vn -0.0 0.049653 0.998766
vn 0.0 0.049653 0.998766
vn -0.0 0.0 1.0
vn 0.0 -0.099184 0.995069
vn 0.0 -0.049653 0.998766
vn 0.0 -0.049653 0.998766
vn 0.0 -0.099184 0.995069
vn 0.0 -0.148469 0.988917
vn 0.0 -0.148469 0.988917
vn 0.0 -0.245821 0.969315
vn 0.0 -0.197389 0.980325
vn 0.0 -0.197389 0.980325
vn 0.0 -0.245821 0.969315
vn 0.0 -0.293648 0.955914
vn 0.0 -0.340749 0.940154
vn 0.0 -0.293648 0.955914
vn 0.0 -0.340749 0.940154
vn 0.0 -0.387011 0.922075
vn 0.0 -0.387011 0.922075
vn 0.0 -0.432317 0.901721
vn 0.0 -0.432317 0.901721
vn 0.0 -0.476557 0.879144
vn 0.0 -0.476557 0.879144
vn 0.0 -0.519621 0.854397
vn 0.0 -0.519621 0.854397
vn 0.0 -0.561404 0.827542
vn 0.0 -0.561404 0.827542
vn 0.0 -0.601801 0.798646
vn 0.0 -0.601801 0.798646
vn 0.0 -0.678047 0.735019
vn 0.0 -0.640714 0.767779
vn 0.0 -0.640714 0.767779
vn 0.0 -0.678047 0.735019
vn 0.0 -0.747604 0.664144
vn 0.0 -0.713706 0.700445
vn 0.0 -0.713706 0.700445
vn 0.0 -0.747604 0.664144
vn 0.0 -0.809791 0.586718
vn 0.0 -0.77966 0.626204
vn 0.0 -0.77966 0.626204
vn 0.0 -0.837924 0.545787
vn 0.0 -0.809791 0.586718
vn 0.0 -0.837924 0.545787
vn 0.0 -0.86399 0.503508
vn 0.0 -0.86399 0.503508
vn 0.0 -0.887926 0.459987
vn 0.0 -0.887926 0.459987
vn 0.0 -0.90967 0.415333
vn 0.0 -0.90967 0.415333
vn 0.0 -0.946379 0.323059
vn 0.0 -0.92917 0.369652
vn 0.0 -0.92917 0.369652
vn 0.0 -0.946379 0.323059
vn 0.0 -0.973754 0.227602
vn 0.0 -0.961252 0.275671
vn 0.0 -0.961252 0.275671
vn 0.0 -0.973754 0.227602
vn 0.0 -0.983854 0.178971
vn 0.0 -0.983854 0.178971
vn 0.0 -0.996754 0.080507
vn 0.0 -0.991527 0.1299
vn 0.0 -0.991527 0.1299
vn 0.0 -0.999522 0.030915
vn 0.0 -0.996754 0.080507
vn 0.0 -0.999522 0.030915
vn 0.0 -0.999824 -0.018752
vn 0.0 -0.99766 -0.068373
vn 0.0 -0.999824 -0.018752
vn 0.0 -0.99766 -0.068373
vn 0.0 -0.993034 -0.117826
vn 0.0 -0.993034 -0.117826
vn 0.0 -0.976451 -0.215737
vn 0.0 -0.985959 -0.166987
vn 0.0 -0.985959 -0.166987
vn 0.0 -0.964535 -0.263955
vn 0.0 -0.976451 -0.215737
vn 0.0 -0.964535 -0.263955
vn 0.0 -0.950239 -0.311522
vn 0.0 -0.950239 -0.311522
vn 0.0 -0.914656 -0.404233
vn 0.0 -0.933599 -0.35832
vn 0.0 -0.933599 -0.35832
vn 0.0 -0.893457 -0.449149
vn 0.0 -0.914656 -0.404233
vn 0.0 -0.893457 -0.449149
vn 0.0 -0.844502 -0.535553
vn 0.0 -0.870052 -0.492959
vn 0.0 -0.870052 -0.492959
vn 0.0 -0.81687 -0.576821
vn 0.0 -0.844502 -0.535553
vn 0.0 -0.81687 -0.576821
vn 0.0 -0.755629 -0.655
vn 0.0 -0.78722 -0.616672
vn 0.0 -0.78722 -0.616672
vn 0.0 -0.755629 -0.655
vn -1.0 0.0 0.0
vn -1.0 0.0 0.0
vn -1.0 0.0 0.0
vn -1.0 0.0 0.0
vn -1.0 0.0 0.0
vn -1.0 0.0 0.0
vn -1.0 0.0 0.0
vn -1.0 0.0 0.0
vn -1.0 0.0 0.0
vn -1.0 0.0 0.0
vn -1.0 0.0 0.0
vn -1.0 0.0 0.0
vn -1.0 0.0 0.0
vn -1.0 0.0 0.0
vn -1.0 0.0 0.0
vn -1.0 0.0 0.0
vn -1.0 0.0 0.0
vn -1.0 0.0 0.0
vn -1.0 0.0 0.0
vn -1.0 0.0 0.0
vn -1.0 0.0 0.0
vn -1.0 0.0 0.0
vn -1.0 0.0 0.0
vn -1.0 0.0 0.0
vn -1.0 0.0 0.0
vn -1.0 0.0 0.0
vn -1.0 0.0 0.0
vn -1.0 0.0 0.0
vn -1.0 0.0 0.0
vn -1.0 0.0 0.0
vn -1.0 0.0 0.0
vn -1.0 0.0 0.0
vn -1.0 0.0 0.0
vn -1.0 0.0 0.0
vn -1.0 0.0 0.0
vn -1.0 0.0 0.0
vn -1.0 0.0 0.0
vn -1.0 0.0 0.0
vn -1.0 0.0 0.0
vn -1.0 0.0 0.0
vn -1.0 0.0 0.0
vn -1.0 0.0 0.0
vn -1.0 0.0 0.0
vn -1.0 0.0 0.0
vn -1.0 0.0 0.0
vn -1.0 0.0 0.0
vn -1.0 0.0 0.0
vn -1.0 0.0 0.0
vn -1.0 0.0 0.0
vn -1.0 0.0 0.0
vn -1.0 0.0 0.0
vn -1.0 0.0 0.0
vn -1.0 0.0 0.0
vn -1.0 0.0 0.0
vn -1.0 0.0 0.0
vn -1.0 0.0 0.0
vn -1.0 0.0 0.0
vn -1.0 0.0 0.0
vn -1.0 0.0 0.0
vn -1.0 0.0 0.0
vn -1.0 0.0 0.0
vn -1.0 0.0 0.0
vn -1.0 0.0 0.0
vn -1.0 0.0 0.0
vn -1.0 0.0 0.0
vn -1.0 0.0 0.0
vn -1.0 0.0 0.0
vn -1.0 0.0 0.0
vn -1.0 0.0 0.0
vn -1.0 0.0 0.0
vn -1.0 0.0 0.0
vn -1.0 0.0 0.0
vn -1.0 0.0 0.0
vn -1.0 0.0 0.0
vn -1.0 0.0 0.0
vn -1.0 0.0 0.0
vn -1.0 0.0 0.0
vn -1.0 0.0 0.0
vn -1.0 0.0 0.0
vn -1.0 0.0 0.0
vn -1.0 0.0 0.0
vn -1.0 0.0 0.0
vn -1.0 0.0 0.0
vn -1.0 0.0 0.0
vn -1.0 0.0 0.0
vn -1.0 0.0 0.0
vn -1.0 0.0 0.0
vn -1.0 0.0 0.0
vn -1.0 0.0 0.0
vn -1.0 0.0 0.0
vn -1.0 0.0 0.0
vn -1.0 0.0 0.0
vn -1.0 0.0 0.0
vn -1.0 0.0 0.0
vn -1.0 0.0 0.0
vn -1.0 0.0 0.0
vn -1.0 0.0 0.0
vn -1.0 0.0 0.0
vn -1.0 0.0 0.0
vn -1.0 0.0 0.0
vn -1.0 0.0 0.0
vn -1.0 0.0 0.0
vn -1.0 0.0 0.0
vn -1.0 0.0 0.0
vn -1.0 0.0 0.0
vn -1.0 0.0 0.0
vn -1.0 0.0 0.0
vn -1.0 0.0 0.0
vn -1.0 0.0 0.0
vn -1.0 0.0 0.0
vn -1.0 0.0 0.0
vn -1.0 0.0 0.0
vn -1.0 0.0 0.0
vn -1.0 0.0 0.0
vn -1.0 0.0 0.0
vn -1.0 0.0 0.0
vn -1.0 0.0 0.0
vn -1.0 0.0 0.0
vn -1.0 0.0 0.0
vn -1.0 0.0 0.0
vn -1.0 0.0 0.0
vn -1.0 0.0 0.0
vn -1.0 0.0 0.0
vn -1.0 0.0 0.0
vn -1.0 0.0 0.0
vn -1.0 0.0 0.0
vn -1.0 0.0 0.0
vn -1.0 0.0 0.0
vn -1.0 0.0 0.0
vn -1.0 0.0 0.0
vn -1.0 0.0 0.0
vn -1.0 -0.0 0.0
vn -1.0 0.0 0.0
vn -1.0 -0.0 0.0
vn -1.0 0.0 0.0
vn -1.0 -0.0 0.0
vn -1.0 -0.0 0.0
vn -1.0 0.0 0.0
vn -1.0 -0.0 0.0
vn -1.0 0.0 0.0
vn -1.0 -0.0 0.0
vn -1.0 0.0 0.0
vn -1.0 0.0 0.0
vn -1.0 0.0 0.0
vn -1.0 0.0 0.0
vn -1.0 0.0 0.0
vn -1.0 0.0 0.0
vn -1.0 0.0 0.0
vn -1.0 0.0 0.0
vn -1.0 0.0 0.0
vn -1.0 0.0 0.0
vn -1.0 0.0 0.0
vn -1.0 0.0 0.0
vn -1.0 0.0 0.0
vn -1.0 0.0 0.0
vn -1.0 0.0 0.0
vn -1.0 0.0 0.0
vn -1.0 0.0 0.0
vn -1.0 0.0 0.0
vn -1.0 0.0 0.0
vn -1.0 0.0 0.0
vn -1.0 0.0 0.0
vn -1.0 0.0 0.0
vn -1.0 0.0 0.0
vn -1.0 0.0 0.0
vn -1.0 0.0 0.0
vn -1.0 0.0 0.0
vn -1.0 0.0 0.0
vn -1.0 0.0 0.0
vn -1.0 0.0 0.0
vn -1.0 0.0 0.0
vn -1.0 0.0 0.0
vn -1.0 0.0 0.0
vn -1.0 0.0 0.0
vn -1.0 0.0 0.0
vn -1.0 0.0 0.0
vn -1.0 0.0 0.0
vn -1.0 0.0 0.0
vn -1.0 0.0 0.0
vn -1.0 0.0 0.0
vn -1.0 0.0 0.0
vn -1.0 0.0 0.0
vn -1.0 0.0 0.0
vn -1.0 0.0 0.0
vn -1.0 0.0 0.0
vn -1.0 0.0 0.0
vn -1.0 0.0 0.0
vn -1.0 0.0 0.0
vn -1.0 0.0 0.0
vn -1.0 0.0 0.0
vn -0.202113 -0.418044 0.885658
vn -0.123895 -0.490585 0.86254
vn -0.117255 -0.490472 0.863533
vn -0.183475 -0.430441 0.883775
vn -0.111718 -0.495093 0.861628
vn -0.105199 -0.495395 0.862274
vn -0.164532 -0.443104 0.881242
vn -0.145949 -0.458593 0.87658
vn -0.126288 -0.473355 0.871772
vn -0.105559 -0.487304 0.866829
vn -0.083783 -0.500341 0.861765
vn -0.061006 -0.51236 0.856601
vn -0.03727 -0.523261 0.851357
vn -0.012633 -0.532941 0.846058
vn -0.099551 -0.499997 0.860286
vn -0.01341 -0.545555 0.837968
vn 0.0 -0.559268 0.828987
vn -0.045778 -0.551692 0.832791
vn -0.105276 -0.466541 0.878212
vn -0.06633 -0.514002 0.85522
vn -0.100455 -0.473056 0.875287
vn -0.10994 -0.459877 0.881151
vn -0.095458 -0.479439 0.872368
vn 0.0 -0.5547 0.83205
vn 0.0 -0.5547 0.83205
vn 0.0 -0.5547 0.83205
vn 0.0 -0.5547 0.83205
vn 0.0 -0.5547 0.83205
vn 0.0 -0.5547 0.83205
vn 0.0 -0.5547 0.83205
vn 0.0 -0.5547 0.83205
vn 0.0 -0.5547 0.83205
vn 0.0 -0.5547 0.83205
vn 0.0 -0.5547 0.83205
vn 0.0 -0.5547 0.83205
vn 0.0 -0.5547 0.83205
vn 0.0 -0.5547 0.83205
vn 0.0 -0.5547 0.83205
vn 0.0 -0.5547 0.83205
vn 0.0 -0.5547 0.83205
vn 0.0 -0.5547 0.83205
vn 0.0 -0.5547 0.83205
vn 0.0 -0.5547 0.83205
vn 0.0 -0.5547 0.83205
vn 0.0 -0.5547 0.83205
vn 0.0 -0.5547 0.83205
vn 0.0 -0.5547 0.83205
vn 0.0 -0.5547 0.83205
vn 0.0 -0.5547 0.83205
vn 0.0 -0.5547 0.83205
vn 0.0 -0.5547 0.83205
vn 0.0 -0.5547 0.83205
vn 0.0 -0.5547 0.83205
vn 0.0 -0.5547 0.83205
vn 0.0 -0.5547 0.83205
vn 0.0 -0.5547 0.83205
vn 0.0 -0.5547 0.83205
vn 0.0 -0.5547 0.83205
vn 0.0 -0.5547 0.83205
vn 0.0 -0.5547 0.83205
vn 0.0 -0.5547 0.83205
vn 0.0 -0.5547 0.83205
vn 0.0 -0.5547 0.83205
vn 0.0 -0.5547 0.83205
vn 0.0 -0.5547 0.83205
vn 0.0 -0.5547 0.83205
vn 0.0 -0.5547 0.83205
vn 0.0 -0.5547 0.83205
vn 0.0 -0.5547 0.83205
vn 0.0 -0.5547 0.83205
vn 0.0 -0.5547 0.83205
vn 0.0 -0.556726 0.830696
vn 0.0172 -0.54294 0.839595
vn 0.012488 -0.526827 0.849881
vn 0.037025 -0.519826 0.853469
vn 0.060767 -0.51035 0.857817
vn 0.083489 -0.498582 0.862813
vn 0.105002 -0.484733 0.868336
vn 0.060207 -0.517531 0.853544
vn 0.125457 -0.47024 0.873576
vn 0.097889 -0.477102 0.87338
vn 0.100209 -0.48841 0.866841
vn 0.144973 -0.455526 0.878339
vn 0.1628 -0.438441 0.883892
vn 0.179054 -0.420069 0.889652
vn 0.193699 -0.400642 0.895526
vn 0.145617 -0.471814 0.86959
vn 0.045683 -0.539453 0.840775
vn 0.108733 -0.484394 0.868066
vn 0.105183 -0.468575 0.877139
vn -0.999689 -0.024923 0.0
vn -0.999689 -0.024923 -0.0
vn -0.997206 -0.074707 -0.0
vn -0.997206 -0.074707 0.0
vn -0.992243 -0.124315 -0.0
vn -0.984817 -0.173597 -0.0
vn -0.992243 -0.124315 0.0
vn -0.984817 -0.173597 -0.0
vn -0.974943 -0.222457 -0.0
vn -0.974943 -0.222457 0.0
vn -0.962643 -0.270772 -0.0
vn -0.947958 -0.318395 -0.0
vn -0.962643 -0.270772 0.0
vn -0.947958 -0.318395 -0.0
vn -0.930911 -0.365247 0.0
vn -0.930911 -0.365247 -0.0
vn -0.911553 -0.411182 0.0
vn -0.911553 -0.411182 -0.0
vn -0.889934 -0.456089 0.0
vn -0.889934 -0.456089 -0.0
vn -0.866098 -0.499874 0.0
vn -0.866098 -0.499874 -0.0
vn -0.840113 -0.542412 0.0
vn -0.840113 -0.542412 -0.0
vn -0.812038 -0.583605 -0.0
vn -0.812038 -0.583605 -0.0
vn -0.781949 -0.623342 0.0
vn -0.781949 -0.623342 -0.0
vn -0.749915 -0.661534 -0.0
vn -0.749915 -0.661534 -0.0
vn -0.716016 -0.698083 0.0
vn -0.716016 -0.698083 -0.0
vn -0.68034 -0.732897 0.0
vn -0.68034 -0.732897 -0.0
vn -0.642975 -0.765887 0.0
vn -0.642975 -0.765887 -0.0
vn -0.604014 -0.796974 0.0
vn -0.604014 -0.796974 -0.0
vn -0.56354 -0.826089 0.0
vn -0.56354 -0.826089 -0.0
vn -0.521678 -0.853143 0.0
vn -0.521678 -0.853143 -0.0
vn -0.43527 -0.9003 -0.0
vn -0.478518 -0.878078 0.0
vn -0.478518 -0.878078 -0.0
vn -0.43527 -0.9003 -0.0
vn -0.392114 -0.919917 -0.0
vn -0.348094 -0.937459 -0.0
vn -0.392114 -0.919917 0.0
vn -0.348094 -0.937459 -0.0
vn -0.303265 -0.952906 -0.0
vn -0.257777 -0.966205 -0.0
vn -0.303265 -0.952906 0.0
vn -0.257777 -0.966205 -0.0
vn -0.211708 -0.977333 -0.0
vn -0.211708 -0.977333 0.0
vn -0.165153 -0.986268 -0.0
vn -0.118234 -0.992986 -0.0
vn -0.165153 -0.986268 0.0
vn -0.118234 -0.992986 -0.0
vn -0.071046 -0.997473 -0.0
vn -0.023697 -0.999719 -0.0
vn -0.071046 -0.997473 0.0
vn -0.023697 -0.999719 -0.0
vn 0.024518 0.999699 0.0
vn 0.024941 0.999689 1.6e-05
vn 0.074731 0.997204 3.6e-05
vn 0.073382 0.997304 -1.5e-05
vn 0.121777 0.992557 -3.5e-05
vn 0.12434 0.99224 6.1e-05
vn 0.169617 0.98551 -5.9e-05
vn 0.173637 0.98481 9e-05
vn 0.222539 0.974924 0.00012
vn 0.216869 0.976201 -8.6e-05
vn 0.270831 0.962627 0.000151
vn 0.263355 0.964699 -0.000114
vn 0.318485 0.947928 0.000182
vn 0.309041 0.951049 -0.000143
vn 0.365326 0.93088 0.00021
vn 0.353853 0.935301 -0.00017
vn 0.4113 0.9115 0.000235
vn 0.397693 0.917518 -0.000196
vn 0.456212 0.889871 0.000255
vn 0.440504 0.897751 -0.000216
vn 0.49999 0.866031 0.000268
vn 0.482209 0.876056 -0.000231
vn 0.542558 0.840018 0.000274
vn 0.52274 0.852492 -0.000241
vn 0.583739 0.811941 0.000272
vn 0.562037 0.827112 -0.000241
vn 0.623493 0.781829 0.000261
vn 0.600042 0.799968 -0.000234
vn 0.661681 0.749785 0.00024
vn 0.636696 0.771115 -0.000216
vn 0.698254 0.71585 0.000208
vn 0.671974 0.740575 -0.00019
vn 0.733038 0.680188 0.000166
vn 0.705744 0.708467 -0.000152
vn 0.76605 0.642781 0.000115
vn 0.737978 0.674825 -0.000106
vn 0.797127 0.603812 5.5e-05
vn 0.768669 0.639647 -5e-05
vn 0.797703 0.60305 1.3e-05
vn 0.826247 0.563307 7.7e-05
vn 0.825074 0.565025 -1.2e-05
vn 0.85329 0.521436 0.000131
vn 0.850644 0.525742 -7.2e-05
vn 0.878223 0.478252 0.000175
vn 0.874458 0.485101 -0.000121
vn 0.900969 0.433883 0.000209
vn 0.89638 0.443285 -0.000162
vn 0.921475 0.388439 0.000272
vn 0.915433 0.40247 -0.000168
vn 0.939687 0.342035 0.000276
vn 0.931049 0.364894 -0.000173
vn 0.955578 0.294737 0.000166
vn 0.944472 0.328592 -0.000122
vn 0.956534 0.291621 4.2e-05
vn 0.967191 0.254052 -3.7e-05
vn 0.969073 0.246774 0.000221
vn 0.97643 0.215836 -0.000158
vn 0.980171 0.198152 0.000285
vn 0.984177 0.177186 -0.000175
vn 0.988832 0.149035 0.000251
vn 0.990441 0.137937 -9.6e-05
vn 0.995033 0.099549 0.000124
vn 0.99516 0.098267 7.3e-05
vn 0.998306 0.05819 -5.9e-05
vn 0.998757 0.049852 0.00022
vn 0.999842 0.017757 -0.000163
vn 1.0 0.0 0.000279
vn 0.999736 -0.022996 -0.000187
vn 0.998757 -0.049852 0.000262
vn 0.99795 -0.063994 -0.000138
vn 0.995033 -0.099549 0.000176
vn 0.994454 -0.10517 -2.6e-05
vn 0.988832 -0.149035 0.000125
vn 0.989203 -0.14655 2.9e-05
vn 0.982192 -0.187883 -0.000104
vn 0.980171 -0.198152 0.000222
vn 0.969073 -0.246774 0.000197
vn 0.975218 -0.221245 -7.4e-05
vn 0.969064 -0.246811 0.000195
vn 0.955578 -0.294737 0.000243
vn 0.959778 -0.280758 -0.000165
vn 0.939687 -0.342035 0.000264
vn 0.946399 -0.322999 -0.000203
vn 0.921475 -0.388439 0.00026
vn 0.93102 -0.364969 -0.000213
vn 0.900969 -0.433883 0.000237
vn 0.913644 -0.406515 -0.000203
vn 0.878223 -0.478252 0.000199
vn 0.894295 -0.447479 -0.000175
vn 0.85329 -0.521436 0.00015
vn 0.87296 -0.487791 -0.000134
vn 0.826252 -0.5633 9.1e-05
vn 0.849645 -0.527355 -8.3e-05
vn 0.797127 -0.603812 2.5e-05
vn 0.824456 -0.565926 -2.5e-05
vn 0.797383 -0.603474 4.1e-05
vn 0.76605 -0.642781 9.7e-05
vn 0.768558 -0.63978 -3.9e-05
vn 0.733038 -0.680188 0.000141
vn 0.737974 -0.674829 -8.9e-05
vn 0.698246 -0.715858 0.000175
vn 0.705778 -0.708433 -0.000129
vn 0.661681 -0.749785 0.000201
vn 0.672091 -0.740468 -0.000159
vn 0.623493 -0.781829 0.000217
vn 0.636947 -0.770908 -0.000179
vn 0.600545 -0.799591 -0.000191
vn 0.583739 -0.811941 0.000225
vn 0.562983 -0.826468 -0.000193
vn 0.542547 -0.840025 0.000223
vn 0.524425 -0.851457 -0.000184
vn 0.500013 -0.866018 0.000211
vn 0.484927 -0.874555 -0.000163
vn 0.4562 -0.889877 0.000185
vn 0.444711 -0.895674 -0.000128
vn 0.411287 -0.911506 0.000145
vn 0.403876 -0.914814 -7.6e-05
vn 0.365339 -0.930875 8.6e-05
vn 0.362533 -0.931971 -5e-06
vn 0.322127 -0.946696 5e-06
vn 0.318485 -0.947928 0.000112
vn 0.283958 -0.958837 -8.2e-05
vn 0.270845 -0.962623 0.000195
vn 0.246854 -0.969053 -0.000121
vn 0.222524 -0.974927 0.000192
vn 0.209681 -0.97777 -7.3e-05
vn 0.173637 -0.98481 0.0001
vn 0.172468 -0.985015 6.7e-05
vn 0.135456 -0.990783 -5.1e-05
vn 0.124355 -0.992238 0.000179
vn 0.098526 -0.995135 -0.000108
vn 0.074731 -0.997204 0.000186
vn 0.061768 -0.998091 -6.1e-05
vn 0.024926 -0.999689 8.7e-05
vn 0.025174 -0.999683 9.4e-05
vn -0.011006 -0.999939 -6.2e-05
vn -0.024926 -0.999689 0.000184
vn -0.074731 -0.997204 0.000158
vn -0.046945 -0.998897 -9.5e-05
vn -0.082545 -0.996587 -7e-06
vn -0.124355 -0.992238 0.000149
vn -0.117764 -0.993042 7e-06
vn -0.173637 -0.98481 0.000178
vn -0.152534 -0.988298 -8.6e-05
vn -0.186876 -0.982384 -5e-05
vn -0.222524 -0.974927 0.00011
vn -0.220833 -0.975312 7e-05
vn -0.270845 -0.962623 0.000178
vn -0.254173 -0.967159 -6.8e-05
vn -0.318485 -0.947928 0.000105
vn -0.287053 -0.957915 -6.4e-05
vn -0.319492 -0.947589 8e-05
vn -0.365339 -0.930875 0.000174
vn -0.351245 -0.936284 -5.3e-05
vn -0.411287 -0.911506 0.000114
vn -0.382484 -0.923962 -6.7e-05
vn -0.413202 -0.910639 6.8e-05
vn -0.443224 -0.896411 -4.6e-05
vn -0.4562 -0.889877 0.00017
vn -0.472667 -0.881241 -6.4e-05
vn -0.500013 -0.866018 0.000111
vn -0.501548 -0.86513 7.3e-05
vn -0.529699 -0.848186 -4.7e-05
vn -0.542547 -0.840025 0.000168
vn -0.557232 -0.830357 -5.8e-05
vn -0.58374 -0.811941 0.0001
vn -0.584122 -0.811666 8.9e-05
vn -0.610278 -0.792187 -5.4e-05
vn -0.623493 -0.781829 0.000166
vn -0.635725 -0.771916 -4.8e-05
vn -0.660562 -0.750771 7.6e-05
vn -0.661681 -0.749785 0.000107
vn -0.684596 -0.728922 -6e-05
vn -0.698246 -0.715858 0.000162
vn -0.7079 -0.706313 -3.5e-05
vn -0.730471 -0.682944 4.8e-05
vn -0.733038 -0.680188 0.000122
vn -0.752282 -0.658841 -6.6e-05
vn -0.76605 -0.642781 0.000156
vn -0.773282 -0.634063 -2.1e-05
vn -0.793522 -0.608541 2.5e-05
vn -0.797127 -0.603812 0.000134
vn -0.812934 -0.582356 -6.8e-05
vn -0.826252 -0.5633 0.000149
vn -0.831525 -0.555487 -7e-06
vn -0.849274 -0.527953 8e-06
vn -0.85329 -0.521436 0.000141
vn -0.866122 -0.499833 -7e-05
vn -0.878223 -0.478252 0.000143
vn -0.882138 -0.470991 2e-06
vn -0.897211 -0.441603 -2e-06
vn -0.900969 -0.433883 0.000144
vn -0.911365 -0.4116 -7.1e-05
vn -0.921475 -0.388439 0.000141
vn -0.924582 -0.380984 2e-06
vn -0.936827 -0.349793 -1e-06
vn -0.939687 -0.342035 0.000141
vn -0.948085 -0.318017 -7.3e-05
vn -0.955578 -0.294737 0.000144
vn -0.958294 -0.285785 -1.2e-05
vn -0.969073 -0.246774 0.000131
vn -0.96746 -0.253022 1.3e-05
vn -0.980171 -0.198152 0.000154
vn -0.975571 -0.219684 -7.4e-05
vn -0.982565 -0.185918 -3.7e-05
vn -0.988431 -0.15167 4.9e-05
vn -0.988832 -0.149035 0.000104
vn -0.993125 -0.117061 -6.6e-05
vn -0.995033 -0.099549 0.000161
vn -0.996634 -0.081979 -6.7e-05
vn -0.998757 -0.049852 0.000106
vn -0.998912 -0.046631 4e-05
vn -0.999941 -0.010883 -3.2e-05
vn -1.0 0.0 0.00015
vn -0.999683 0.025175 -8.5e-05
vn -0.998757 0.049852 0.000151
vn -0.998114 0.061385 -4e-05
vn -0.995207 0.097791 5.3e-05
vn -0.995033 0.099549 9.1e-05
vn -0.990926 0.134412 -6.3e-05
vn -0.988832 0.149035 0.000161
vn -0.985251 0.171117 -9.1e-05
vn -0.980171 0.198152 0.000144
vn -0.978179 0.207765 -3.3e-05
vn -0.969073 0.246774 9.5e-05
vn -0.969682 0.244369 4e-05
vn -0.955578 0.294737 0.000163
vn -0.959723 0.280949 -6.7e-05
vn -0.939687 0.342035 0.000156
vn -0.948313 0.317337 -9.9e-05
vn -0.935484 0.353369 -5.6e-05
vn -0.921475 0.388439 6.1e-05
vn -0.921188 0.389117 8e-05
vn -0.900969 0.433883 0.000152
vn -0.905438 0.42448 -4.5e-05
vn -0.878223 0.478252 0.000175
vn -0.888257 0.459347 -0.000102
vn -0.85329 0.521436 0.000131
vn -0.869674 0.493626 -9.2e-05
vn -0.849751 0.527184 -1.4e-05
vn -0.826247 0.563307 0.000109
vn -0.828427 0.560098 1.7e-05
vn -0.797127 0.603812 0.000174
vn -0.805822 0.592158 -8.1e-05
vn -0.76605 0.642781 0.000175
vn -0.781939 0.623355 -0.000113
vn -0.733038 0.680188 0.000109
vn -0.756862 0.653574 -8e-05
vn -0.730623 0.682781 2.2e-05
vn -0.698254 0.71585 0.000141
vn -0.70324 0.710952 -1.9e-05
vn -0.661681 0.749785 0.000191
vn -0.674821 0.737981 -0.000102
vn -0.623493 0.781829 0.00017
vn -0.645429 0.763821 -0.000115
vn -0.615103 0.788447 -5.6e-05
vn -0.584008 0.811748 7.2e-05
vn -0.58374 0.811941 8.2e-05
vn -0.551968 0.833865 -6e-05
vn -0.542558 0.840018 0.00018
vn -0.519222 0.854639 -0.00012
vn -0.49999 0.866031 0.0002
vn -0.485912 0.874007 -9.7e-05
vn -0.456212 0.889871 0.000138
vn -0.451969 0.892034 1.3e-05
vn -0.4113 0.9115 0.000159
vn -0.417485 0.908684 -1.2e-05
vn -0.365326 0.93088 0.000214
vn -0.382501 0.923955 -0.00011
vn -0.318485 0.947928 0.00017
vn -0.347114 0.937823 -0.000114
vn -0.311485 0.950251 -1.6e-05
vn -0.270831 0.962627 0.000153
vn -0.275496 0.961302 1.9e-05
vn -0.222539 0.974924 0.000224
vn -0.239236 0.970962 -0.000103
vn -0.173637 0.98481 0.000181
vn -0.202851 0.97921 -0.000117
vn -0.166397 0.986059 -1.2e-05
vn -0.12434 0.99224 0.00017
vn -0.129844 0.991535 1.4e-05
vn -0.074731 0.997204 0.000213
vn -0.096913 0.995293 -7.8e-05
vn -0.06427 0.997933 -4.3e-05
vn -0.024941 0.999689 0.000237
vn -0.034784 0.999395 3.6e-05
vn -0.011546 0.999933 0.0
vn -1.0 0.0 0.0
vn -1.0 0.0 0.0
vn -0.023697 0.999719 0.0
vn -0.023697 0.999719 0.0
vn -0.071046 0.997473 0.0
vn -0.071046 0.997473 0.0
vn -0.118234 0.992986 0.0
vn -0.165153 0.986268 0.0
vn -0.118234 0.992986 0.0
vn -0.211708 0.977333 0.0
vn -0.165153 0.986268 0.0
vn -0.211708 0.977333 0.0
vn -0.257777 0.966205 0.0
vn -0.303265 0.952906 0.0
vn -0.257777 0.966205 0.0
vn -0.303265 0.952906 0.0
vn -0.348094 0.937459 0.0
vn -0.348094 0.937459 0.0
vn -0.392114 0.919917 0.0
vn -0.392114 0.919917 0.0
vn -0.43527 0.9003 0.0
vn -0.43527 0.9003 0.0
vn -0.478518 0.878078 0.0
vn -0.478518 0.878078 0.0
vn -0.521678 0.853143 0.0
vn -0.521678 0.853143 0.0
vn -0.56354 0.826089 0.0
vn -0.56354 0.826089 0.0
vn -0.604014 0.796974 0.0
vn -0.604014 0.796974 0.0
vn -0.642975 0.765887 0.0
vn -0.642975 0.765887 0.0
vn -0.68034 0.732897 0.0
vn -0.68034 0.732897 0.0
vn -0.716016 0.698083 0.0
vn -0.749915 0.661534 0.0
vn -0.716016 0.698083 0.0
vn -0.749915 0.661534 0.0
vn -0.781949 0.623342 0.0
vn -0.781949 0.623342 0.0
vn -0.812038 0.583605 0.0
vn -0.812038 0.583605 0.0
vn -0.840113 0.542412 0.0
vn -0.840113 0.542412 0.0
vn -0.866098 0.499874 0.0
vn -0.866098 0.499874 0.0
vn -0.889934 0.456089 0.0
vn -0.889934 0.456089 0.0
vn -0.911553 0.411182 0.0
vn -0.911553 0.411182 0.0
vn -0.930911 0.365247 0.0
vn -0.930911 0.365247 0.0
vn -0.947958 0.318395 0.0
vn -0.947958 0.318395 0.0
vn -0.962643 0.270772 0.0
vn -0.962643 0.270772 0.0
vn -0.974943 0.222457 0.0
vn -0.974943 0.222457 0.0
vn -0.984817 0.173597 0.0
vn -0.984817 0.173597 0.0
vn -0.992243 0.124315 0.0
vn -0.992243 0.124315 0.0
vn -0.997206 0.074707 0.0
vn -0.999689 0.024923 0.0
vn -0.997206 0.074707 0.0
vn -0.999689 0.024923 0.0
vn 0.0 0.556726 0.830696
vn -0.0172 0.54294 0.839595
vn -0.012488 0.526827 0.849881
vn -0.037025 0.519826 0.853469
vn -0.060767 0.51035 0.857817
vn -0.083489 0.498582 0.862813
vn -0.105002 0.484733 0.868336
vn -0.060207 0.517531 0.853544
vn -0.125457 0.47024 0.873576
vn -0.097889 0.477102 0.87338
vn -0.100209 0.48841 0.866841
vn -0.144973 0.455526 0.878339
vn -0.1628 0.438441 0.883892
vn -0.179054 0.420069 0.889652
vn -0.193699 0.400642 0.895526
vn -0.145617 0.471814 0.86959
vn -0.045683 0.539453 0.840775
vn -0.108733 0.484394 0.868066
vn -0.105183 0.468575 0.877139
vn 0.025094 0.999685 0.0
vn 0.024926 0.999689 -5e-06
vn 0.074731 0.997204 -2e-05
vn 0.124355 0.992238 1.9e-05
vn 0.075525 0.997144 5e-06
vn 0.173637 0.98481 4.2e-05
vn 0.126388 0.991981 -4.3e-05
vn 0.222524 0.974927 7.2e-05
vn 0.177497 0.984121 -7.6e-05
vn 0.22877 0.973481 -0.000114
vn 0.270845 0.962623 0.000108
vn 0.279995 0.960001 -0.000156
vn 0.318485 0.947928 0.000145
vn 0.331022 0.943623 -0.000198
vn 0.365339 0.930875 0.000179
vn 0.411287 0.911506 0.000175
vn 0.379076 0.925366 -0.00017
vn 0.4562 0.889877 0.000127
vn 0.421854 0.906664 -0.00011
vn 0.500013 0.866018 6.1e-05
vn 0.461853 0.886956 -5.5e-05
vn 0.501194 0.865335 1.7e-05
vn 0.542547 0.840025 8.9e-05
vn 0.539796 0.841796 -1.6e-05
vn 0.58374 0.811941 0.000145
vn 0.577515 0.81638 -8e-05
vn 0.623493 0.781829 0.000187
vn 0.614162 0.78918 -0.00013
vn 0.661681 0.749785 0.000217
vn 0.649638 0.760244 -0.000167
vn 0.698246 0.715858 0.000235
vn 0.683823 0.729648 -0.000191
vn 0.733038 0.680188 0.00024
vn 0.716606 0.697479 -0.000202
vn 0.76605 0.642781 0.000234
vn 0.747834 0.663886 -0.000202
vn 0.797127 0.603812 0.000214
vn 0.777488 0.628898 -0.000188
vn 0.826252 0.5633 0.000179
vn 0.805424 0.592699 -0.00016
vn 0.85329 0.521436 0.000128
vn 0.83158 0.555406 -0.000113
vn 0.855939 0.517077 -4.8e-05
vn 0.878223 0.478252 4.1e-05
vn 0.878381 0.477962 5.5e-05
vn 0.900969 0.433883 0.000128
vn 0.898984 0.437982 -3.5e-05
vn 0.921475 0.388439 0.000212
vn 0.91737 0.398035 -0.000107
vn 0.939687 0.342035 0.000262
vn 0.933404 0.358828 -0.000162
vn 0.955578 0.294737 0.000253
vn 0.947447 0.319913 -0.000182
vn 0.969073 0.246774 0.000176
vn 0.959789 0.280723 -0.000135
vn 0.970449 0.241305 -1.8e-05
vn 0.980171 0.198152 0.000155
vn 0.979418 0.201843 1.7e-05
vn 0.988832 0.149035 0.000257
vn 0.986749 0.162253 -0.000119
vn 0.995033 0.099549 0.000273
vn 0.992444 0.122697 -0.000175
vn 0.996531 0.083227 -0.000141
vn 0.998757 0.049852 0.000194
vn 0.999033 0.043977 -1e-05
vn 0.999988 0.004895 1e-05
vn 1.0 0.0 0.000186
vn 0.999422 -0.033987 -0.000133
vn 0.998757 -0.049852 0.000278
vn 0.997367 -0.072514 -0.000166
vn 0.995033 -0.099549 0.000256
vn 0.993854 -0.110702 -8.1e-05
vn 0.988913 -0.148494 0.000107
vn 0.988832 -0.149035 0.000129
vn 0.982568 -0.185906 -9.4e-05
vn 0.980171 -0.198152 0.000267
vn 0.974864 -0.222801 -0.000164
vn 0.969073 -0.246774 0.000271
vn 0.955578 -0.294737 0.000133
vn 0.965822 -0.259207 -9.5e-05
vn 0.955476 -0.295069 0.000119
vn 0.939687 -0.342035 0.000271
vn 0.943849 -0.330376 -8.7e-05
vn 0.921475 -0.388439 0.000268
vn 0.930978 -0.365074 -0.000158
vn 0.916876 -0.399172 -7.5e-05
vn 0.900969 -0.433883 0.000157
vn 0.901604 -0.432562 0.0001
vn 0.878223 -0.478252 0.000283
vn 0.885164 -0.465278 -0.000106
vn 0.85329 -0.521436 0.000244
vn 0.867573 -0.49731 -0.000149
vn 0.848895 -0.528561 -2.6e-05
vn 0.826247 -0.563307 0.000209
vn 0.829116 -0.559077 3e-05
vn 0.797127 -0.603812 0.000286
vn 0.808294 -0.58878 -0.000134
vn 0.76605 -0.642781 0.000192
vn 0.786458 -0.617644 -0.000125
vn 0.76358 -0.645713 5.4e-05
vn 0.733038 -0.680188 0.000254
vn 0.739769 -0.67286 -4.6e-05
vn 0.698254 -0.71585 0.000269
vn 0.714977 -0.699148 -0.000147
vn 0.68927 -0.724505 -7.8e-05
vn 0.661681 -0.749785 0.000154
vn 0.662675 -0.748907 0.000104
vn 0.623493 -0.781829 0.000274
vn 0.635181 -0.772364 -0.000103
vn 0.583739 -0.811941 0.000226
vn 0.606912 -0.794769 -0.00014
vn 0.577735 -0.816224 -8e-06
vn 0.547828 -0.836591 9e-06
vn 0.542558 -0.840018 0.000212
vn 0.517139 -0.855901 -0.000134
vn 0.49999 -0.866031 0.000271
vn 0.485718 -0.874116 -0.000113
vn 0.456212 -0.889871 0.000169
vn 0.45359 -0.891211 6.6e-05
vn 0.420802 -0.907152 -5.3e-05
vn 0.4113 -0.9115 0.00024
vn 0.387397 -0.921913 -0.000143
vn 0.365326 -0.93088 0.000252
vn 0.358511 -0.933526 6.3e-05
vn 0.334556 -0.942376 -4.2e-05
vn 0.318485 -0.947928 0.000254
vn 0.299281 -0.954165 -0.00024
vn 0.270831 -0.962627 0.000248
vn 0.252147 -0.967689 -0.000236
vn 0.222539 -0.974924 0.000242
vn 0.204178 -0.978934 -0.000233
vn 0.173637 -0.98481 0.000236
vn 0.155457 -0.987843 -0.000231
vn 0.12434 -0.99224 0.000232
vn 0.106111 -0.994354 -0.00023
vn 0.074731 -0.997204 0.000229
vn 0.056216 -0.998419 -0.000231
vn 0.024941 -0.999689 0.000227
vn 0.005888 -0.999983 -0.000233
vn -0.024941 -0.999689 0.000227
vn -0.044774 -0.998997 -0.000236
vn -0.074731 -0.997204 0.000227
vn -0.095581 -0.995422 -0.000239
vn -0.12434 -0.99224 0.000228
vn -0.173637 -0.98481 0.000226
vn -0.146514 -0.989209 -0.000241
vn -0.222539 -0.974924 0.000224
vn -0.197357 -0.980332 -0.000243
vn -0.270831 -0.962627 0.000218
vn -0.248022 -0.968754 -0.000242
vn -0.318485 -0.947928 0.000207
vn -0.298316 -0.954467 -0.000237
vn -0.365326 -0.93088 0.000191
vn -0.348111 -0.937453 -0.000226
vn -0.4113 -0.9115 0.000166
vn -0.397272 -0.917701 -0.000209
vn -0.456212 -0.889871 0.000133
vn -0.445571 -0.895246 -0.000182
vn -0.49999 -0.866031 8.8e-05
vn -0.492875 -0.8701 -0.000145
vn -0.538987 -0.842314 -9.7e-05
vn -0.542558 -0.840018 3.3e-05
vn -0.583739 -0.811941 -3.5e-05
vn -0.623493 -0.781829 3.3e-05
vn -0.583749 -0.811934 -3.6e-05
vn -0.624799 -0.780785 -1.7e-05
vn -0.660278 -0.751021 1.5e-05
vn -0.661681 -0.749785 6.7e-05
vn -0.692608 -0.721314 -5.8e-05
vn -0.698254 -0.71585 0.000128
vn -0.723651 -0.690167 -0.000107
vn -0.733038 -0.680188 0.000166
vn -0.753319 -0.657655 -0.000136
vn -0.76605 -0.642781 0.000183
vn -0.781552 -0.62384 -0.000142
vn -0.797127 -0.603812 0.000179
vn -0.808273 -0.588809 -0.00013
vn -0.826247 -0.563307 0.000155
vn -0.833361 -0.552729 -9.6e-05
vn -0.85329 -0.521436 0.000113
vn -0.856832 -0.515596 -4.3e-05
vn -0.878223 -0.478252 5e-05
vn -0.878594 -0.477569 3e-05
vn -0.898562 -0.438847 -2.7e-05
vn -0.900969 -0.433883 0.0001
vn -0.916763 -0.399431 -8.3e-05
vn -0.921475 -0.388439 0.000146
vn -0.933166 -0.359446 -0.000116
vn -0.939687 -0.342035 0.000168
vn -0.947751 -0.319012 -0.000125
vn -0.955578 -0.294737 0.000164
vn -0.960503 -0.278269 -0.000106
vn -0.969073 -0.246774 0.000133
vn -0.971443 -0.237273 -5.8e-05
vn -0.980171 -0.198152 7e-05
vn -0.980572 -0.196159 2.2e-05
vn -0.987913 -0.155007 -2e-05
vn -0.988832 -0.149035 0.000106
vn -0.993481 -0.114001 -8.4e-05
vn -0.995033 -0.099549 0.000154
vn -0.997328 -0.073056 -0.000109
vn -0.998757 -0.049852 0.000161
vn -0.999477 -0.032351 -9.3e-05
vn -1.0 0.0 0.000124
vn -0.999968 0.008033 -3.1e-05
vn -0.99884 0.048147 3.7e-05
vn -0.998757 0.049852 7.5e-05
vn -0.995033 0.099549 0.000144
vn -0.996139 0.087789 -5.7e-05
vn -0.991911 0.126937 -9.8e-05
vn -0.988832 0.149035 0.000158
vn -0.986187 0.165637 -8.1e-05
vn -0.980171 0.198152 0.000112
vn -0.979019 0.20377 -2e-06
vn -0.969073 0.246774 0.000113
vn -0.97045 0.241301 1e-06
vn -0.955578 0.294737 0.000159
vn -0.960503 0.278271 -7.7e-05
vn -0.939687 0.342035 0.000133
vn -0.94925 0.314522 -8.7e-05
vn -0.9367 0.350133 -2.2e-05
vn -0.921475 0.388439 0.000102
vn -0.922896 0.38505 2.7e-05
vn -0.900969 0.433883 0.000159
vn -0.907893 0.419202 -6.9e-05
vn -0.878223 0.478252 0.000132
vn -0.891675 0.452677 -8.4e-05
vn -0.874346 0.485304 -1.4e-05
vn -0.85329 0.521436 0.000114
vn -0.855855 0.517215 1.6e-05
vn -0.826252 0.5633 0.000161
vn -0.836296 0.548278 -7.5e-05
vn -0.797126 0.603812 0.000117
vn -0.815641 0.578559 -7.6e-05
vn -0.79395 0.607983 1.4e-05
vn -0.76605 0.642781 0.000135
vn -0.771258 0.636523 -1.3e-05
vn -0.733038 0.680188 0.00016
vn -0.747544 0.664212 -8.4e-05
vn -0.698246 0.715858 8.9e-05
vn -0.722876 0.690978 -6e-05
vn -0.697253 0.716825 5.9e-05
vn -0.661681 0.749785 0.000155
vn -0.670665 0.74176 -4.4e-05
vn -0.623493 0.781829 0.000152
vn -0.643178 0.765717 -8.9e-05
vn -0.614807 0.788678 -3.8e-05
vn -0.583739 0.811941 9.8e-05
vn -0.585549 0.810637 4.8e-05
vn -0.542547 0.840025 0.000166
vn -0.555422 0.831569 -6.7e-05
vn -0.500013 0.866018 0.000142
vn -0.524454 0.851439 -8.9e-05
vn -0.492701 0.870199 -1.9e-05
vn -0.4562 0.889877 0.000116
vn -0.460126 0.887854 2.1e-05
vn -0.411287 0.911506 0.000173
vn -0.426753 0.904368 -7.9e-05
vn -0.365339 0.930875 0.000142
vn -0.392615 0.919703 -9.2e-05
vn -0.357786 0.933804 -2e-05
vn -0.322226 0.946663 2.3e-05
vn -0.318485 0.947928 0.000113
vn -0.285948 0.958245 -8e-05
vn -0.270845 0.962623 0.000176
vn -0.248988 0.968507 -0.000105
vn -0.222524 0.974927 0.000161
vn -0.211449 0.977389 -5.5e-05
vn -0.173319 0.984866 7.5e-05
vn -0.173637 0.98481 6.7e-05
vn -0.135438 0.990786 -4.8e-05
vn -0.124355 0.992238 0.000168
vn -0.074731 0.997204 0.000178
vn -0.098379 0.995149 -0.000102
vn -0.06064 0.99816 -7.8e-05
vn -0.024926 0.999689 0.000184
vn -0.03104 0.999518 7.5e-05
vn -0.010379 0.999946 0.0
vn 0.0 0.5547 0.83205
vn 0.0 0.5547 0.83205
vn -0.0 0.5547 0.83205
vn -0.0 0.5547 0.83205
vn 0.0 0.5547 0.83205
vn -0.0 0.5547 0.83205
vn -0.0 0.5547 0.83205
vn 0.0 0.5547 0.83205
vn 0.0 0.5547 0.83205
vn 0.0 0.5547 0.83205
vn 0.0 0.5547 0.83205
vn 0.0 0.5547 0.83205
vn 0.0 0.5547 0.83205
vn 0.0 0.5547 0.83205
vn 0.0 0.5547 0.83205
vn 0.0 0.5547 0.83205
vn 0.0 0.5547 0.83205
vn 0.0 0.5547 0.83205
vn 0.0 0.5547 0.83205
vn 0.0 0.5547 0.83205
vn 0.0 0.5547 0.83205
vn 0.0 0.5547 0.83205
vn 0.0 0.5547 0.83205
vn 0.0 0.5547 0.83205
vn 0.0 0.5547 0.83205
vn 0.0 0.5547 0.83205
vn 0.0 0.5547 0.83205
vn 0.0 0.5547 0.83205
vn 0.0 0.5547 0.83205
vn 0.0 0.5547 0.83205
vn 0.0 0.5547 0.83205
vn 0.0 0.5547 0.83205
vn 0.0 0.5547 0.83205
vn 0.0 0.5547 0.83205
vn 0.0 0.5547 0.83205
vn 0.0 0.5547 0.83205
vn 0.0 0.5547 0.83205
vn 0.0 0.5547 0.83205
vn 0.0 0.5547 0.83205
vn 0.0 0.5547 0.83205
vn 0.0 0.5547 0.83205
vn 0.0 0.5547 0.83205
vn 0.0 0.5547 0.83205
vn 0.0 0.5547 0.83205
vn 0.0 0.5547 0.83205
vn 0.0 0.5547 0.83205
vn 0.0 0.5547 0.83205
vn 0.0 0.5547 0.83205
vn 0.202113 0.418044 0.885658
vn 0.123895 0.490585 0.86254
vn 0.117255 0.490472 0.863533
vn 0.183475 0.430441 0.883775
vn 0.111718 0.495093 0.861628
vn 0.105199 0.495395 0.862274
vn 0.164532 0.443104 0.881242
vn 0.145949 0.458593 0.87658
vn 0.126288 0.473355 0.871772
vn 0.105559 0.487304 0.866829
vn 0.083783 0.500341 0.861765
vn 0.061006 0.51236 0.856601
vn 0.03727 0.523261 0.851357
vn 0.012633 0.532941 0.846058
vn 0.099551 0.499997 0.860286
vn 0.01341 0.545555 0.837968
vn 0.0 0.559268 0.828987
vn 0.045778 0.551692 0.832791
vn 0.105276 0.466541 0.878212
vn 0.06633 0.514002 0.85522
vn 0.100455 0.473056 0.875287
vn 0.10994 0.459877 0.881151
vn 0.095458 0.479439 0.872368
vn 0.391135 -0.049004 0.919028
vn 0.378449 -0.109259 0.919151
vn 0.396699 -0.029719 0.917467
vn 0.379025 -0.106802 0.919202
vn 0.400734 -0.00999 0.91614
vn 0.384319 -0.102589 0.917483
vn 0.390306 -0.097722 0.915484
vn 0.390687 -0.095148 0.915593
vn 0.391082 -0.092645 0.915681
vn 0.391484 -0.090253 0.915748
vn 0.391891 -0.087957 0.915797
vn 0.392302 -0.085758 0.91583
vn 0.392717 -0.083632 0.915849
vn 0.393126 -0.081626 0.915854
vn 0.393543 -0.079658 0.915849
vn 0.39395 -0.077798 0.915834
vn 0.394353 -0.076013 0.91581
vn 0.394767 -0.074227 0.915778
vn 0.395181 -0.072487 0.915739
vn 0.395595 -0.070783 0.915694
vn 0.396042 -0.068976 0.915638
vn 0.283655 -0.341131 0.896197
vn 0.282242 -0.342051 0.896293
vn 0.281186 -0.342761 0.896353
vn 0.285191 -0.340164 0.896077
vn 0.280463 -0.343256 0.89639
vn 0.279794 -0.343722 0.896421
vn 0.286867 -0.339146 0.895928
vn 0.279227 -0.344124 0.896443
vn 0.288389 -0.338255 0.895776
vn 0.278728 -0.344483 0.896461
vn 0.28977 -0.337469 0.895627
vn 0.277981 -0.345027 0.896484
vn 0.206946 -0.379744 0.901647
vn 0.225016 -0.367988 0.902193
vn 0.291199 -0.336677 0.895462
vn 0.277093 -0.34569 0.896503
vn 0.276255 -0.346331 0.896514
vn 0.275489 -0.346931 0.896518
vn 0.27469 -0.347569 0.896516
vn 0.27392 -0.348195 0.896509
vn 0.284282 -0.296573 0.911717
vn 0.283816 -0.295956 0.912063
vn 0.283267 -0.29505 0.912527
vn 0.283899 -0.296811 0.911759
vn 0.285588 -0.304124 0.908817
vn 0.283527 -0.295707 0.912233
vn 0.285047 -0.301328 0.909917
vn 0.283438 -0.295362 0.912373
vn 0.284786 -0.300148 0.910389
vn 0.284506 -0.298993 0.910857
vn 0.283287 -0.295095 0.912506
vn 0.284234 -0.297969 0.911277
vn 0.285973 -0.30661 0.90786
vn 0.285271 -0.30243 0.909481
vn 0.273099 -0.348875 0.896495
vn 0.292527 -0.305174 0.906254
vn 0.238342 -0.349383 0.906159
vn 0.2942 -0.307311 0.90499
vn 0.294385 -0.307589 0.904835
vn 0.272029 -0.349772 0.89647
vn 0.270702 -0.3509 0.896431
vn 0.268825 -0.352512 0.896364
vn 0.288325 -0.283736 0.914529
vn 0.287525 -0.282762 0.915082
vn 0.266002 -0.354955 0.896242
vn 0.298382 -0.293634 0.908156
vn 0.250867 -0.331009 0.90967
vn 0.30083 -0.296565 0.906394
vn 0.297652 -0.292244 0.908844
vn 0.416847 -0.151273 0.896301
vn 0.416998 -0.149894 0.896462
vn 0.4171 -0.148629 0.896626
vn 0.488575 -0.092441 0.867611
vn 0.487534 -0.092746 0.868164
vn 0.487471 -0.092789 0.868195
vn 0.488865 -0.092379 0.867454
vn 0.48873 -0.092462 0.867522
vn 0.486819 -0.093023 0.868535
vn 0.486405 -0.093196 0.868749
vn 0.48844 -0.092595 0.867671
vn 0.485676 -0.093471 0.869127
vn 0.488387 -0.092667 0.867693
vn 0.488273 -0.092769 0.867746
vn 0.485068 -0.093723 0.869439
vn 0.484206 -0.094069 0.869883
vn 0.482962 -0.094441 0.870533
vn 0.487381 -0.093207 0.868201
vn 0.482062 -0.094808 0.870992
vn 0.486953 -0.093433 0.868416
vn 0.481087 -0.095212 0.871487
vn 0.486388 -0.09371 0.868703
vn 0.480066 -0.09564 0.872003
vn 0.485606 -0.094058 0.869103
vn 0.484647 -0.094464 0.869594
vn 0.478991 -0.096093 0.872544
vn 0.483733 -0.094864 0.87006
vn 0.477746 -0.096604 0.87317
vn 0.476671 -0.097072 0.873706
vn 0.482635 -0.095322 0.870619
vn 0.481338 -0.095846 0.871279
vn 0.47538 -0.097609 0.874349
vn 0.480008 -0.096383 0.871953
vn 0.474073 -0.098155 0.874997
vn 0.472759 -0.098706 0.875646
vn 0.476928 -0.09759 0.873508
vn 0.475384 -0.098095 0.874293
vn 0.478348 -0.097157 0.872779
vn 0.405473 -0.144377 0.902633
vn 0.406175 -0.142923 0.902549
vn 0.406787 -0.141586 0.902484
vn 0.407306 -0.140379 0.902439
vn 0.471151 -0.099189 0.876458
vn 0.418437 -0.118576 0.900472
vn 0.473556 -0.09873 0.875213
vn 0.356032 -0.115876 0.927261
vn 0.359829 -0.113967 0.926032
vn 0.363189 -0.112204 0.924935
vn 0.366108 -0.110603 0.923976
vn 0.368735 -0.109097 0.92311
vn 0.371063 -0.1077 0.922341
vn 0.373132 -0.106402 0.921657
vn 0.374974 -0.105191 0.921048
vn 0.376645 -0.104041 0.920496
vn 0.431399 -0.078359 0.898752
vn 0.378128 -0.102973 0.920008
vn 0.379472 -0.101958 0.919568
vn 0.380679 -0.101003 0.919175
vn 0.38176 -0.100106 0.918824
vn 0.423556 -0.063134 0.903667
vn 0.382317 -0.098681 0.918747
vn 0.383231 -0.097872 0.918452
vn 0.384067 -0.097098 0.918185
vn 0.384808 -0.096379 0.917951
vn 0.385493 -0.095685 0.917736
vn 0.386106 -0.095035 0.917546
vn 0.386668 -0.094413 0.917373
vn 0.38717 -0.093834 0.917221
vn 0.387617 -0.093295 0.917087
vn 0.385669 -0.067201 0.920187
vn 0.386474 -0.06659 0.919893
vn 0.387221 -0.066003 0.919621
vn 0.387951 -0.06541 0.919356
vn 0.388675 -0.064803 0.919093
vn 0.399858 -0.053611 0.915008
vn 0.389354 -0.064217 0.918847
vn 0.390021 -0.063624 0.918605
vn 0.390676 -0.063027 0.918368
vn 0.391335 -0.062406 0.91813
vn 0.391999 -0.061768 0.91789
vn 0.392651 -0.061125 0.917654
vn 0.393346 -0.060425 0.917403
vn 0.394055 -0.059693 0.917146
vn 0.394834 -0.058874 0.916864
vn 0.395691 -0.057957 0.916553
vn 0.396654 -0.056908 0.916203
vn 0.397793 -0.055649 0.915786
vn 0.399201 -0.054068 0.915268
vn 0.40089 -0.052145 0.914641
vn 0.403216 -0.049463 0.913767
vn 0.406278 -0.045883 0.912597
vn 0.410794 -0.040542 0.910826
vn 0.417735 -0.032242 0.907997
vn 0.419678 -0.011257 0.907603
vn 0.426277 -0.043555 0.903544
vn 0.38 -0.070973 0.92226
vn 0.381089 -0.070312 0.921861
vn 0.382103 -0.069672 0.921489
vn 0.383067 -0.06904 0.921137
vn 0.383978 -0.068419 0.920804
vn 0.384853 -0.0678 0.920484
vn 0.407968 -0.038344 0.912191
vn 0.423785 -0.005962 0.905743
vn 0.408589 -0.038501 0.911906
vn 0.422388 -0.00776 0.906382
vn 0.409181 -0.038634 0.911635
vn 0.421262 -0.009201 0.906892
vn 0.409825 -0.038761 0.91134
vn 0.420485 -0.010189 0.907242
vn 0.410462 -0.038868 0.911049
vn 0.419843 -0.011 0.90753
vn 0.403888 -0.052644 0.913292
vn 0.411068 -0.038953 0.910772
vn 0.419261 -0.011731 0.90779
vn 0.42522 -0.036145 0.904368
vn 0.403858 -0.026846 0.914428
vn 0.418792 -0.012316 0.907999
vn 0.411687 -0.039024 0.910489
vn 0.404788 -0.026099 0.914038
vn 0.425235 -0.036134 0.904362
vn 0.418383 -0.012823 0.90818
vn 0.412299 -0.039078 0.91021
vn 0.40561 -0.025431 0.913692
vn 0.425182 -0.036172 0.904385
vn 0.418042 -0.013241 0.908331
vn 0.412923 -0.039116 0.909925
vn 0.406378 -0.024798 0.913368
vn 0.425115 -0.036219 0.904414
vn 0.417708 -0.013648 0.908479
vn 0.413519 -0.039138 0.909654
vn 0.407072 -0.024219 0.913075
vn 0.425002 -0.036295 0.904465
vn 0.417413 -0.014004 0.908609
vn 0.414118 -0.039146 0.909381
vn 0.407749 -0.023647 0.912788
vn 0.424906 -0.036358 0.904507
vn 0.417117 -0.014358 0.908739
vn 0.414688 -0.039138 0.909122
vn 0.408356 -0.023127 0.91253
vn 0.424755 -0.036452 0.904574
vn 0.416852 -0.014673 0.908856
vn 0.415263 -0.039117 0.90886
vn 0.408939 -0.022621 0.912281
vn 0.424604 -0.036543 0.904642
vn 0.40947 -0.022154 0.912054
vn 0.424412 -0.036653 0.904727
vn 0.416598 -0.014971 0.908968
vn 0.415828 -0.039083 0.908603
vn 0.409964 -0.021714 0.911843
vn 0.424194 -0.036774 0.904824
vn 0.41636 -0.015247 0.909072
vn 0.416391 -0.039036 0.908347
vn 0.410426 -0.021297 0.911645
vn 0.423953 -0.036902 0.904932
vn 0.416075 -0.015575 0.909197
vn 0.416891 -0.038982 0.90812
vn 0.410868 -0.020893 0.911455
vn 0.423701 -0.03703 0.905045
vn 0.415833 -0.01585 0.909303
vn 0.417417 -0.038914 0.907881
vn 0.411294 -0.020497 0.911272
vn 0.423441 -0.037156 0.905161
vn 0.4156 -0.016112 0.909405
vn 0.417942 -0.038834 0.907643
vn 0.411676 -0.020138 0.911108
vn 0.423135 -0.037297 0.905299
vn 0.415314 -0.016429 0.90953
vn 0.418396 -0.038754 0.907438
vn 0.412076 -0.019757 0.910935
vn 0.42286 -0.037418 0.905422
vn 0.415079 -0.016688 0.909633
vn 0.418896 -0.038655 0.907211
vn 0.412414 -0.01943 0.910789
vn 0.42251 -0.037564 0.905579
vn 0.414824 -0.016964 0.909743
vn 0.419367 -0.038552 0.906998
vn 0.412778 -0.019074 0.910632
vn 0.422199 -0.037687 0.90572
vn 0.414542 -0.017267 0.909866
vn 0.419796 -0.038448 0.906804
vn 0.413071 -0.018783 0.910505
vn 0.4218 -0.037836 0.905899
vn 0.41427 -0.017555 0.909985
vn 0.420231 -0.038333 0.906607
vn 0.413413 -0.01844 0.910357
vn 0.421462 -0.037955 0.906051
vn 0.413987 -0.017851 0.910108
vn 0.41371 -0.018137 0.910228
vn 0.420647 -0.038214 0.906419
vn 0.421069 -0.038084 0.906229
vn 0.230202 -0.274208 0.933712
vn 0.251367 -0.270786 0.929241
vn 0.27082 -0.264037 0.925711
vn 0.287877 -0.253949 0.923383
vn 0.301935 -0.240692 0.922444
vn 0.312531 -0.224613 0.92297
vn 0.306387 -0.272153 0.912173
vn 0.345841 -0.226459 0.910555
vn 0.344668 -0.227087 0.910843
vn 0.343697 -0.227678 0.911063
vn 0.342762 -0.228317 0.911255
vn 0.341983 -0.228936 0.911392
vn 0.341517 -0.229359 0.911461
vn 0.304955 -0.288356 0.907664
vn 0.313755 -0.241016 0.918406
vn 0.316646 -0.287449 0.903941
vn 0.307806 -0.287978 0.906821
vn 0.292666 -0.291225 0.910788
vn 0.290732 -0.291885 0.911196
vn 0.337598 -0.288414 0.896016
vn 0.297083 -0.289948 0.909765
vn 0.302194 -0.288821 0.908439
vn 0.319625 -0.287493 0.902877
vn 0.294763 -0.290581 0.910317
vn 0.310728 -0.287695 0.905914
vn 0.364942 -0.220943 0.904434
vn 0.361174 -0.221246 0.905872
vn 0.35792 -0.221661 0.907061
vn 0.355058 -0.222173 0.90806
vn 0.352569 -0.222756 0.908887
vn 0.284412 -0.294251 0.912429
vn 0.350397 -0.223396 0.909569
vn 0.348509 -0.224072 0.910128
vn 0.346902 -0.224758 0.910573
vn 0.29959 -0.289351 0.909133
vn 0.313706 -0.287516 0.904944
vn 0.321359 -0.22229 0.920498
vn 0.329718 -0.252111 0.909795
vn 0.286541 -0.255135 0.923472
vn 0.286711 -0.25509 0.923431
vn 0.348475 -0.190758 0.917702
vn 0.346857 -0.192516 0.917948
vn 0.270784 -0.25883 0.927191
vn 0.326323 -0.212532 0.921056
vn 0.358174 -0.233458 0.903996
vn 0.327496 -0.211341 0.920913
vn 0.362108 -0.232276 0.902732
vn 0.366375 -0.231057 0.901322
vn 0.348804 -0.187436 0.918261
vn 0.328636 -0.210129 0.920785
vn 0.371156 -0.229756 0.899697
vn 0.328578 -0.208231 0.921236
vn 0.329776 -0.206957 0.921095
vn 0.376543 -0.228356 0.897813
vn 0.472946 -0.128883 0.871614
vn 0.452855 -0.135466 0.881233
vn 0.437029 -0.140747 0.888367
vn 0.424169 -0.145163 0.893872
vn 0.413521 -0.14896 0.898227
vn 0.404514 -0.152318 0.901758
vn 0.39679 -0.15535 0.904668
vn 0.330953 -0.205647 0.920966
vn 0.390108 -0.158127 0.90709
vn 0.384218 -0.160734 0.909143
vn 0.379057 -0.163175 0.910873
vn 0.382588 -0.226851 0.895637
vn 0.374444 -0.16552 0.912357
vn 0.370342 -0.167766 0.91362
vn 0.366653 -0.169951 0.914703
vn 0.363324 -0.172088 0.915632
vn 0.360338 -0.174171 0.916418
vn 0.357654 -0.176211 0.917079
vn 0.355206 -0.17824 0.917638
vn 0.352992 -0.180245 0.9181
vn 0.351003 -0.182216 0.918474
vn 0.349202 -0.18417 0.918771
vn 0.304411 -0.24435 0.920667
vn 0.363089 -0.216494 0.906254
vn 0.362255 -0.222236 0.905197
vn 0.362043 -0.225482 0.904479
vn 0.362165 -0.227192 0.904003
vn 0.362403 -0.227943 0.903718
vn 0.362508 -0.228071 0.903643
vn 0.362308 -0.227984 0.903746
vn 0.361671 -0.227917 0.904018
vn 0.360409 -0.22804 0.904491
vn 0.358224 -0.22855 0.905229
vn 0.395775 -0.178842 0.900765
vn 0.39528 -0.176628 0.901419
vn 0.394552 -0.174351 0.902181
vn 0.393573 -0.172026 0.903054
vn 0.392321 -0.169639 0.90405
vn 0.390757 -0.167159 0.905189
vn 0.388867 -0.164596 0.906471
vn 0.386607 -0.161915 0.90792
vn 0.42453 -0.078202 0.90203
vn 0.429018 -0.034134 0.902651
vn 0.420997 -0.080283 0.903502
vn 0.476841 0.0 0.87899
vn 0.416032 -0.083075 0.905547
vn 0.428164 -0.075924 0.900506
vn 0.42593 -0.077345 0.901444
vn 0.422902 -0.079175 0.90271
vn 0.427076 -0.076625 0.900963
vn 0.41614 -0.017052 0.909141
vn 0.418653 -0.081618 0.904471
vn 0.30429 -0.196462 0.9321
vn 0.324007 -0.187003 0.927388
vn 0.337302 -0.172866 0.925389
vn 0.324367 -0.192552 0.926126
vn 0.345332 -0.155772 0.925462
vn 0.34712 -0.136194 0.927879
vn 0.341337 -0.114646 0.932923
vn 0.328968 -0.092532 0.939797
vn 0.31151 -0.071079 0.947581
vn 0.290681 -0.051239 0.955447
vn 0.37585 -0.112313 0.919849
vn 0.373859 -0.115153 0.920309
vn 0.371932 -0.117948 0.920736
vn 0.370054 -0.120719 0.921134
vn 0.368252 -0.123437 0.921495
vn 0.366488 -0.126152 0.921831
vn 0.338931 -0.16869 0.925564
vn 0.332639 -0.20018 0.921564
vn 0.372706 -0.116704 0.920581
vn 0.302323 -0.147143 0.94178
vn 0.33974 -0.165354 0.92587
vn 0.309895 -0.296154 0.90347
vn 0.281511 -0.341317 0.896802
vn 0.314587 -0.287818 0.904542
vn 0.304524 -0.305127 0.902309
vn 0.32306 -0.27412 0.905809
vn 0.467896 -0.109119 0.877021
vn 0.467381 -0.101838 0.878171
vn 0.468057 -0.10855 0.877006
vn 0.468501 -0.107612 0.876885
vn 0.467884 -0.109153 0.877024
vn 0.46836 -0.104995 0.877277
vn 0.469257 -0.105848 0.876695
vn 0.468082 -0.108634 0.876982
vn 0.466905 -0.101072 0.878513
vn 0.466312 -0.100299 0.878916
vn 0.468402 -0.105813 0.877156
vn 0.468197 -0.107933 0.877007
vn 0.463951 -0.098108 0.880412
vn 0.464848 -0.09883 0.879857
vn 0.468377 -0.106609 0.877073
vn 0.468252 -0.104247 0.877424
vn 0.468301 -0.107326 0.877026
vn 0.467938 -0.108983 0.877016
vn 0.468043 -0.103406 0.877635
vn 0.470714 -0.102568 0.876303
vn 0.467749 -0.102593 0.877887
vn 0.465621 -0.099547 0.879367
vn 0.379971 -0.2213 0.898136
vn 0.378773 -0.20799 0.901816
vn 0.378571 -0.207054 0.902116
vn 0.378166 -0.205956 0.902537
vn 0.377466 -0.204703 0.903115
vn 0.376405 -0.20337 0.903858
vn 0.374876 -0.201972 0.904807
vn 0.372769 -0.200539 0.905995
vn 0.398984 -0.158345 0.903183
vn 0.397775 -0.155958 0.904131
vn 0.412625 -0.189629 0.890944
vn 0.396371 -0.153486 0.90517
vn 0.318315 -0.292613 0.901695
vn 0.30174 -0.32059 0.897872
vn 0.469713 -0.095082 0.877684
vn 0.470446 -0.096053 0.877185
vn 0.470073 -0.095532 0.877442
vn 0.478041 -0.108161 0.871653
vn 0.378307 -0.194676 0.904978
vn 0.376172 -0.192862 0.906255
vn 0.393581 -0.21121 0.894698
vn 0.417874 -0.188223 0.888793
vn 0.306361 -0.315676 0.898049
vn 0.319111 -0.294153 0.900912
vn 0.480792 -0.107741 0.87019
vn 0.397654 -0.207578 0.893746
vn 0.399074 -0.151294 0.904351
vn 0.418447 -0.189322 0.88829
vn 0.319307 -0.294573 0.900705
vn 0.307592 -0.314355 0.898091
vn 0.481217 -0.108316 0.869884
vn 0.471325 -0.094532 0.876879
vn 0.376311 -0.189727 0.906859
vn 0.399157 -0.205407 0.893578
vn 0.408813 -0.196981 0.891106
vn 0.398079 -0.20792 0.893478
vn 0.423585 -0.179312 0.887932
vn 0.420445 -0.18322 0.888626
vn 0.48563 -0.097146 0.86875
vn 0.424812 -0.177763 0.887657
vn 0.413197 -0.176272 0.893418
vn 0.487481 -0.094564 0.867998
vn 0.453873 -0.138459 0.880244
vn 0.478817 -0.106474 0.871434
vn 0.419601 -0.187933 0.888041
vn 0.319363 -0.294695 0.900645
vn 0.305879 -0.265098 0.914418
vn 0.307924 -0.313999 0.898102
vn 0.36424 -0.250178 0.897073
vn 0.383813 -0.228135 0.894786
vn 0.39359 -0.216406 0.893451
vn 0.307641 -0.314057 0.898179
vn 0.339104 -0.269637 0.901279
vn 0.338469 -0.269772 0.901478
vn 0.338014 -0.269899 0.90161
vn 0.33772 -0.27 0.90169
vn 0.337482 -0.270096 0.901751
vn 0.3373 -0.27018 0.901793
vn 0.337071 -0.270299 0.901844
vn 0.336685 -0.270517 0.901922
vn 0.391851 -0.218461 0.893715
vn 0.354295 -0.259657 0.898362
vn 0.385896 -0.225555 0.894544
vn 0.343785 -0.269485 0.89955
vn 0.342412 -0.269425 0.900091
vn 0.341529 -0.269423 0.900427
vn 0.340776 -0.269451 0.900704
vn 0.340193 -0.269496 0.900911
vn 0.339693 -0.269551 0.901083
vn 0.471085 -0.094118 0.877052
vn 0.471 -0.094025 0.877108
vn 0.487258 -0.094882 0.868088
vn 0.44306 -0.068197 0.893894
vn 0.518785 -0.049601 0.853465
vn 0.471027 -0.094052 0.877091
vn 0.471194 -0.094216 0.876983
vn 0.552843 0.002678 0.833281
vn 0.42263 -0.180336 0.88818
vn 0.471221 -0.094278 0.876962
vn 0.481513 -0.107498 0.869821
vn 0.425797 0.0 0.904819
vn 0.425797 0.0 0.904819
vn 0.425797 0.0 0.904819
vn 0.425797 0.0 0.904819
vn 0.425797 0.0 0.904819
vn 0.425797 0.0 0.904819
vn 0.425797 0.0 0.904819
vn 0.425797 0.0 0.904819
vn 0.425797 0.0 0.904819
vn 0.425797 0.0 0.904819
vn 0.425797 0.0 0.904819
vn 0.425797 0.0 0.904819
vn 0.425797 0.0 0.904819
vn 0.425797 0.0 0.904819
vn 0.425797 0.0 0.904819
vn 0.425797 0.0 0.904819
vn 0.425797 0.0 0.904819
vn 0.425797 0.0 0.904819
vn 0.425797 0.0 0.904819
vn 0.425797 0.0 0.904819
vn 0.425797 0.0 0.904819
vn 0.425797 0.0 0.904819
vn 0.425797 0.0 0.904819
vn 0.425797 0.0 0.904819
vn 0.425797 -0.0 0.904819
vn 0.425797 -0.0 0.904819
vn 0.425797 0.0 0.904819
vn 0.425797 0.0 0.904819
vn 0.425797 0.0 0.904819
vn 0.425797 0.0 0.904819
vn 0.425797 0.0 0.904819
vn 0.425797 -0.0 0.904819
vn 0.425797 0.0 0.904819
vn 0.425797 0.0 0.904819
vn 0.425797 -0.0 0.904819
vn 0.425797 0.0 0.904819
vn 0.425797 0.0 0.904819
vn 0.425797 0.0 0.904819
vn 0.425797 0.0 0.904819
vn 0.425797 0.0 0.904819
vn 0.425797 0.0 0.904819
vn 0.425797 0.0 0.904819
vn 0.425797 0.0 0.904819
vn 0.425797 0.0 0.904819
vn 0.425797 0.0 0.904819
vn 0.425797 0.0 0.904819
vn 0.425797 0.0 0.904819
vn 0.425797 0.0 0.904819
vn 0.425797 0.0 0.904819
vn 0.425797 0.0 0.904819
vn 0.425797 0.0 0.904819
vn 0.425797 0.0 0.904819
vn 0.425797 0.0 0.904819
vn 0.425797 0.0 0.904819
vn 0.425797 0.0 0.904819
vn 0.425797 0.0 0.904819
vn 0.425797 0.0 0.904819
vn 0.425797 0.0 0.904819
vn 0.425797 0.0 0.904819
vn 0.425797 0.0 0.904819
vn 0.425797 0.0 0.904819
vn 0.425797 0.0 0.904819
vn 0.425797 0.0 0.904819
vn 0.425797 0.0 0.904819
vn 0.418768 0.118077 0.900384
vn 0.41722 0.148751 0.896549
vn 0.417094 0.150176 0.89637
vn 0.400621 0.009988 0.916189
vn 0.474433 0.098411 0.874773
vn 0.476213 0.097806 0.873874
vn 0.471643 0.099097 0.876204
vn 0.477884 0.097277 0.87302
vn 0.390284 0.097872 0.915478
vn 0.473209 0.098452 0.875431
vn 0.47954 0.096611 0.872186
vn 0.481087 0.095995 0.871401
vn 0.474613 0.097859 0.874738
vn 0.39071 0.094991 0.9156
vn 0.482396 0.095454 0.870737
vn 0.476047 0.097263 0.874025
vn 0.483695 0.094921 0.870074
vn 0.477335 0.096715 0.873383
vn 0.478597 0.096183 0.872751
vn 0.480123 0.095725 0.871962
vn 0.484765 0.094461 0.869529
vn 0.391151 0.09222 0.915694
vn 0.481339 0.095222 0.871347
vn 0.485907 0.09386 0.868956
vn 0.482357 0.094791 0.870831
vn 0.486707 0.093505 0.868546
vn 0.483405 0.094361 0.870296
vn 0.391599 0.089587 0.915764
vn 0.487456 0.093171 0.868162
vn 0.484269 0.094003 0.869855
vn 0.487808 0.092971 0.867986
vn 0.488489 0.092465 0.867657
vn 0.485221 0.09363 0.869364
vn 0.488275 0.092745 0.867748
vn 0.392055 0.087063 0.915813
vn 0.486825 0.092987 0.868536
vn 0.488772 0.092384 0.867506
vn 0.488411 0.092634 0.867683
vn 0.485958 0.093342 0.868984
vn 0.488664 0.0925 0.867555
vn 0.486781 0.093041 0.868555
vn 0.488538 0.092496 0.867626
vn 0.320875 0.20717 0.924186
vn 0.311051 0.223549 0.923728
vn 0.297648 0.237275 0.92472
vn 0.281118 0.247987 0.927079
vn 0.262057 0.255494 0.930618
vn 0.241153 0.259782 0.935072
vn 0.312587 0.254842 0.915066
vn 0.348698 0.180646 0.919661
vn 0.350541 0.17836 0.919407
vn 0.352602 0.176051 0.919063
vn 0.354903 0.173721 0.918621
vn 0.35747 0.171363 0.918069
vn 0.360338 0.168968 0.917391
vn 0.363527 0.166539 0.916577
vn 0.367107 0.164046 0.915599
vn 0.371151 0.161459 0.914428
vn 0.37568 0.158788 0.913045
vn 0.380812 0.155985 0.911401
vn 0.386694 0.152993 0.909429
vn 0.393444 0.149779 0.907066
vn 0.40134 0.146237 0.90418
vn 0.410613 0.142291 0.900639
vn 0.392518 0.084637 0.915842
vn 0.421851 0.13772 0.896144
vn 0.435607 0.132325 0.890358
vn 0.453129 0.125635 0.882547
vn 0.476226 0.116949 0.871511
vn 0.310311 0.234735 0.921199
vn 0.335171 0.199115 0.920877
vn 0.380368 0.214637 0.899584
vn 0.333925 0.200715 0.920982
vn 0.374209 0.216565 0.901703
vn 0.392975 0.082354 0.915854
vn 0.332687 0.202222 0.9211
vn 0.368883 0.218299 0.903477
vn 0.34178 0.194784 0.919372
vn 0.342835 0.192835 0.91939
vn 0.344047 0.190809 0.919361
vn 0.320228 0.237712 0.917032
vn 0.345403 0.188755 0.919276
vn 0.346928 0.186664 0.919128
vn 0.348645 0.184533 0.918909
vn 0.317198 0.236218 0.91847
vn 0.331421 0.203688 0.921233
vn 0.364135 0.219915 0.90501
vn 0.359783 0.227684 0.904829
vn 0.361613 0.227408 0.904169
vn 0.362514 0.227447 0.903798
vn 0.362852 0.227565 0.903633
vn 0.362873 0.227584 0.90362
vn 0.362725 0.227303 0.90375
vn 0.362553 0.226522 0.904015
vn 0.362489 0.225042 0.90441
vn 0.362661 0.222461 0.90498
vn 0.393433 0.080164 0.915852
vn 0.363222 0.218384 0.905747
vn 0.364433 0.211787 0.906827
vn 0.386247 0.160996 0.908237
vn 0.388797 0.163981 0.906613
vn 0.390885 0.166803 0.905199
vn 0.392584 0.169526 0.903957
vn 0.393915 0.17214 0.902884
vn 0.394928 0.174695 0.90195
vn 0.39564 0.177171 0.901154
vn 0.416662 0.082781 0.905285
vn 0.476897 0.0 0.878959
vn 0.393888 0.078073 0.915837
vn 0.428203 0.075946 0.900486
vn 0.416165 0.017047 0.909129
vn 0.429001 0.034089 0.902661
vn 0.426889 0.076792 0.901038
vn 0.425446 0.077691 0.901643
vn 0.423786 0.078697 0.902337
vn 0.42185 0.079839 0.903143
vn 0.419477 0.081203 0.904127
vn 0.350807 0.137641 0.926277
vn 0.345784 0.155976 0.925259
vn 0.333009 0.170666 0.92735
vn 0.313515 0.180947 0.932184
vn 0.368013 0.121634 0.921831
vn 0.369878 0.118699 0.921467
vn 0.341667 0.163267 0.925531
vn 0.336715 0.188418 0.922563
vn 0.330557 0.176932 0.927053
vn 0.303429 0.307043 0.902029
vn 0.394345 0.076045 0.915811
vn 0.349657 0.267468 0.897887
vn 0.352241 0.267674 0.896815
vn 0.355205 0.268041 0.895535
vn 0.358638 0.26861 0.893995
vn 0.303608 0.256934 0.9175
vn 0.281524 0.341302 0.896804
vn 0.306326 0.302181 0.902691
vn 0.30447 0.305259 0.902283
vn 0.324928 0.271102 0.906049
vn 0.312152 0.292486 0.903888
vn 0.467923 0.109148 0.877003
vn 0.46826 0.10828 0.876931
vn 0.467995 0.108952 0.876989
vn 0.468009 0.108886 0.87699
vn 0.468262 0.107862 0.876981
vn 0.394805 0.074064 0.915775
vn 0.468388 0.107089 0.877009
vn 0.468463 0.106279 0.877068
vn 0.468469 0.105455 0.877164
vn 0.463888 0.097867 0.880472
vn 0.464813 0.098603 0.879901
vn 0.468389 0.104531 0.877317
vn 0.465703 0.099426 0.879338
vn 0.467943 0.102775 0.877762
vn 0.468223 0.10367 0.877508
vn 0.466448 0.100246 0.87885
vn 0.467567 0.10193 0.878061
vn 0.467062 0.101071 0.878429
vn 0.470024 0.104195 0.876482
vn 0.468899 0.106757 0.876776
vn 0.468119 0.108493 0.87698
vn 0.303768 0.022757 0.952474
vn 0.338121 0.042362 0.940149
vn 0.364202 0.064199 0.929105
vn 0.376658 0.085944 0.922357
vn 0.372284 0.104716 0.922192
vn 0.351607 0.118096 0.928669
vn 0.367781 0.116553 0.922579
vn 0.368824 0.114016 0.92248
vn 0.369766 0.111796 0.922375
vn 0.395256 0.072172 0.915731
vn 0.370569 0.109939 0.922275
vn 0.371504 0.107836 0.922148
vn 0.348177 0.118829 0.929867
vn 0.362249 0.130353 0.922921
vn 0.391951 0.061734 0.917912
vn 0.379618 0.222081 0.898093
vn 0.372156 0.199954 0.906377
vn 0.374621 0.20153 0.905011
vn 0.376395 0.203093 0.903925
vn 0.377576 0.204564 0.9031
vn 0.378319 0.20593 0.902479
vn 0.378729 0.207134 0.902031
vn 0.378902 0.208094 0.901737
vn 0.397165 0.154715 0.904612
vn 0.398572 0.157354 0.903537
vn 0.395735 0.070213 0.915677
vn 0.413031 0.188962 0.890898
vn 0.347724 0.269391 0.898063
vn 0.332921 0.266861 0.904405
vn 0.301858 0.320465 0.897878
vn 0.396244 0.068168 0.915611
vn 0.469919 0.095289 0.877551
vn 0.470305 0.095804 0.877288
vn 0.478226 0.107888 0.871585
vn 0.377513 0.19388 0.90548
vn 0.394063 0.210267 0.894708
vn 0.398806 0.152158 0.904324
vn 0.417483 0.189084 0.888794
vn 0.306381 0.315655 0.898049
vn 0.334125 0.267757 0.903696
vn 0.471069 0.094694 0.876999
vn 0.480683 0.108155 0.870199
vn 0.396959 0.208842 0.893761
vn 0.419097 0.188163 0.88823
vn 0.345765 0.26968 0.898732
vn 0.307465 0.314492 0.898087
vn 0.334493 0.267815 0.903543
vn 0.481456 0.107811 0.869814
vn 0.420521 0.183127 0.888609
vn 0.423624 0.179264 0.887923
vn 0.400495 0.204206 0.893254
vn 0.374558 0.188469 0.907847
vn 0.377497 0.190653 0.906172
vn 0.409058 0.196693 0.891058
vn 0.39733 0.209177 0.893518
vn 0.454371 0.137827 0.880086
vn 0.413849 0.175694 0.89323
vn 0.478958 0.106282 0.87138
vn 0.485724 0.097016 0.868712
vn 0.419259 0.188468 0.888089
vn 0.48735 0.094759 0.86805
vn 0.398321 0.149596 0.904965
vn 0.424497 0.178163 0.887728
vn 0.341378 0.269422 0.900485
vn 0.342597 0.269426 0.900021
vn 0.344043 0.26951 0.899443
vn 0.391896 0.218408 0.893709
vn 0.308906 0.312942 0.898134
vn 0.334636 0.268432 0.903307
vn 0.364729 0.249627 0.897028
vn 0.306218 0.315739 0.898075
vn 0.393398 0.216586 0.893493
vn 0.386026 0.225402 0.894527
vn 0.336788 0.270458 0.901901
vn 0.337072 0.270298 0.901843
vn 0.337265 0.270198 0.901801
vn 0.337412 0.270127 0.901767
vn 0.337595 0.270048 0.901722
vn 0.337789 0.269974 0.901672
vn 0.338064 0.269884 0.901596
vn 0.338435 0.269781 0.901488
vn 0.338932 0.26967 0.901334
vn 0.35349 0.260352 0.898477
vn 0.339572 0.269564 0.901125
vn 0.340374 0.269475 0.900849
vn 0.384673 0.22689 0.894733
vn 0.471235 0.094253 0.876957
vn 0.422914 0.180309 0.88805
vn 0.471003 0.094027 0.877106
vn 0.471007 0.094032 0.877103
vn 0.471094 0.094128 0.877046
vn 0.471296 0.094371 0.876912
vn 0.487463 0.094595 0.868004
vn 0.481484 0.107848 0.869794
vn 0.442931 0.068251 0.893954
vn 0.553108 -0.002678 0.833105
vn 0.518792 0.049591 0.853461
vn 0.262521 0.312705 0.912852
vn 0.250816 0.330942 0.909708
vn 0.301336 0.277684 0.912189
vn 0.28937 0.262787 0.920439
vn 0.288565 0.261672 0.921009
vn 0.297605 0.29228 0.908848
vn 0.298377 0.29382 0.908097
vn 0.301086 0.297119 0.906128
vn 0.288248 0.283846 0.914519
vn 0.241137 0.353481 0.903827
vn 0.289956 0.299888 0.908841
vn 0.224588 0.367288 0.902585
vn 0.206446 0.378827 0.902147
vn 0.293368 0.304324 0.906268
vn 0.284358 0.294977 0.912211
vn 0.292391 0.336032 0.895316
vn 0.290691 0.336955 0.895522
vn 0.28373 0.294144 0.912675
vn 0.283314 0.293479 0.913019
vn 0.289079 0.337858 0.895704
vn 0.287554 0.338741 0.895861
vn 0.283103 0.293085 0.913211
vn 0.283108 0.293096 0.913206
vn 0.286143 0.339583 0.895994
vn 0.284826 0.340392 0.896107
vn 0.283578 0.341181 0.896202
vn 0.282398 0.341949 0.896282
vn 0.281332 0.342661 0.896346
vn 0.280346 0.343336 0.896396
vn 0.279417 0.343988 0.896437
vn 0.283387 0.296446 0.912037
vn 0.346919 0.225948 0.910272
vn 0.348548 0.224844 0.909923
vn 0.292403 0.28901 0.911578
vn 0.350422 0.223668 0.909493
vn 0.352555 0.222436 0.908971
vn 0.284269 0.296233 0.911832
vn 0.35495 0.221164 0.908348
vn 0.284848 0.296144 0.91168
vn 0.285542 0.296074 0.911486
vn 0.283545 0.296397 0.912004
vn 0.284352 0.296095 0.911851
vn 0.299997 0.279072 0.912206
vn 0.283823 0.296325 0.911941
vn 0.286374 0.296034 0.911237
vn 0.278581 0.344589 0.896466
vn 0.287297 0.296041 0.910945
vn 0.277778 0.345178 0.896488
vn 0.277022 0.345745 0.896504
vn 0.28831 0.296104 0.910604
vn 0.276357 0.346253 0.896513
vn 0.289443 0.296239 0.910201
vn 0.290626 0.296451 0.909755
vn 0.275698 0.346767 0.896518
vn 0.275063 0.34727 0.896518
vn 0.291869 0.296748 0.90926
vn 0.293155 0.297138 0.908719
vn 0.274441 0.34777 0.896514
vn 0.273787 0.348305 0.896507
vn 0.294454 0.297618 0.908141
vn 0.295763 0.298192 0.907527
vn 0.273079 0.348891 0.896495
vn 0.272234 0.3496 0.896476
vn 0.297037 0.298845 0.906896
vn 0.271224 0.350456 0.896448
vn 0.298288 0.299584 0.906242
vn 0.299476 0.300385 0.905584
vn 0.269898 0.35159 0.896404
vn 0.300602 0.301247 0.904925
vn 0.268125 0.353117 0.896335
vn 0.301636 0.302138 0.904283
vn 0.26557 0.355331 0.896221
vn 0.302581 0.303055 0.903661
vn 0.303395 0.303939 0.90309
vn 0.304126 0.304829 0.902544
vn 0.304709 0.305624 0.902079
vn 0.419662 0.011286 0.90761
vn 0.389713 0.063881 0.918718
vn 0.388799 0.064677 0.91905
vn 0.38783 0.065487 0.919402
vn 0.386823 0.066293 0.919768
vn 0.385758 0.067106 0.920156
vn 0.384639 0.067923 0.920565
vn 0.383432 0.06876 0.921006
vn 0.382129 0.069618 0.921483
vn 0.380748 0.070481 0.921989
vn 0.379231 0.071378 0.922545
vn 0.413539 0.03731 0.909722
vn 0.407615 0.044329 0.912077
vn 0.403783 0.048812 0.913552
vn 0.401143 0.051853 0.914547
vn 0.399173 0.0541 0.915278
vn 0.397674 0.055778 0.91583
vn 0.396424 0.057159 0.916286
vn 0.395376 0.058288 0.916668
vn 0.394477 0.059246 0.916994
vn 0.393658 0.060095 0.917291
vn 0.392857 0.060906 0.91758
vn 0.392136 0.061619 0.917841
vn 0.391458 0.062274 0.918086
vn 0.399918 0.053489 0.914989
vn 0.390866 0.062829 0.918301
vn 0.390419 0.063244 0.918462
vn 0.424394 0.005176 0.905463
vn 0.422642 0.007433 0.906266
vn 0.421429 0.008988 0.906817
vn 0.420444 0.010241 0.907261
vn 0.419744 0.011125 0.907574
vn 0.419171 0.011844 0.90783
vn 0.418636 0.012509 0.908068
vn 0.418245 0.012993 0.908242
vn 0.417847 0.013479 0.908417
vn 0.417482 0.013922 0.908579
vn 0.41719 0.014271 0.908707
vn 0.416917 0.014595 0.908827
vn 0.416649 0.014911 0.908945
vn 0.416487 0.0151 0.909016
vn 0.41622 0.01541 0.909134
vn 0.415899 0.015775 0.909274
vn 0.415546 0.016173 0.909428
vn 0.415191 0.016565 0.909583
vn 0.414847 0.016941 0.909734
vn 0.414483 0.01733 0.909892
vn 0.414113 0.01772 0.910053
vn 0.413697 0.01815 0.910234
vn 0.413312 0.018541 0.910401
vn 0.412872 0.018981 0.910591
vn 0.412416 0.019429 0.910789
vn 0.411914 0.019913 0.911005
vn 0.411406 0.020393 0.911224
vn 0.410823 0.020935 0.911475
vn 0.410216 0.021488 0.911735
vn 0.419266 0.03838 0.907052
vn 0.408501 0.03833 0.911953
vn 0.410566 0.038731 0.911008
vn 0.418635 0.038519 0.907337
vn 0.423243 0.036999 0.905261
vn 0.409195 0.038487 0.911635
vn 0.413935 0.038983 0.909471
vn 0.412636 0.038943 0.910063
vn 0.417333 0.038746 0.907927
vn 0.417996 0.03864 0.907627
vn 0.422832 0.037189 0.905445
vn 0.419861 0.038231 0.906783
vn 0.421494 0.037724 0.906046
vn 0.415642 0.038925 0.908695
vn 0.387045 0.093608 0.917297
vn 0.386342 0.094405 0.917512
vn 0.385526 0.095276 0.917765
vn 0.423573 0.036836 0.905113
vn 0.384601 0.096208 0.918056
vn 0.383539 0.097214 0.918394
vn 0.416609 0.038838 0.908256
vn 0.382321 0.098298 0.918786
vn 0.41606 0.038891 0.908505
vn 0.422426 0.037364 0.905627
vn 0.414592 0.038975 0.909172
vn 0.423896 0.036667 0.904968
vn 0.411931 0.038892 0.910385
vn 0.40986 0.038616 0.911331
vn 0.407832 0.038157 0.91226
vn 0.420949 0.03791 0.906292
vn 0.427463 0.043929 0.902965
vn 0.41127 0.038824 0.910687
vn 0.413294 0.038972 0.909763
vn 0.421968 0.037548 0.905833
vn 0.420437 0.038069 0.906523
vn 0.415197 0.038952 0.908897
vn 0.409577 0.02206 0.912009
vn 0.424207 0.036494 0.90483
vn 0.423527 0.063139 0.903681
vn 0.381573 0.10022 0.918889
vn 0.380039 0.10147 0.919388
vn 0.378266 0.102824 0.919969
vn 0.37623 0.104286 0.920639
vn 0.37388 0.105871 0.921415
vn 0.371132 0.107611 0.922324
vn 0.368095 0.10942 0.923328
vn 0.364941 0.111198 0.924366
vn 0.361527 0.113032 0.925485
vn 0.357572 0.115056 0.926771
vn 0.40882 0.022726 0.912332
vn 0.424406 0.036377 0.904741
vn 0.408063 0.02338 0.912654
vn 0.424649 0.036226 0.904633
vn 0.407161 0.024145 0.913037
vn 0.424772 0.036145 0.904578
vn 0.406211 0.024937 0.913439
vn 0.424901 0.036056 0.904521
vn 0.405124 0.025827 0.913897
vn 0.42495 0.03602 0.9045
vn 0.40413 0.05254 0.913192
vn 0.4039 0.026813 0.91441
vn 0.424939 0.036029 0.904505
vn 0.430987 0.078039 0.898977
vn 0.407525 0.140064 0.902389
vn 0.406979 0.141355 0.902434
vn 0.406325 0.142805 0.9025
vn 0.405562 0.144395 0.902591
vn -0.0 -1.0 0.0
vn 0.0 -1.0 -0.0
vn 0.023697 -0.999719 0.0
vn 0.023697 -0.999719 0.0
vn 0.071046 -0.997473 0.0
vn 0.071046 -0.997473 0.0
vn 0.118234 -0.992986 0.0
vn 0.165153 -0.986268 0.0
vn 0.118234 -0.992986 0.0
vn 0.165153 -0.986268 0.0
vn 0.211708 -0.977333 0.0
vn 0.211708 -0.977333 0.0
vn 0.257777 -0.966205 0.0
vn 0.303265 -0.952906 0.0
vn 0.257777 -0.966205 0.0
vn 0.303265 -0.952906 0.0
vn 0.348094 -0.937459 0.0
vn 0.348094 -0.937459 0.0
vn 0.392114 -0.919917 0.0
vn 0.392114 -0.919917 0.0
vn 0.43527 -0.9003 0.0
vn 0.43527 -0.9003 0.0
vn 0.478518 -0.878078 0.0
vn 0.478518 -0.878078 0.0
vn 0.521678 -0.853143 0.0
vn 0.56354 -0.826089 0.0
vn 0.521678 -0.853143 0.0
vn 0.56354 -0.826089 0.0
vn 0.604014 -0.796974 0.0
vn 0.604014 -0.796974 0.0
vn 0.642975 -0.765887 0.0
vn 0.642975 -0.765887 0.0
vn 0.68034 -0.732897 0.0
vn 0.68034 -0.732897 0.0
vn 0.716016 -0.698083 0.0
vn 0.716016 -0.698083 0.0
vn 0.749915 -0.661534 0.0
vn 0.749915 -0.661534 0.0
vn 0.781949 -0.623342 0.0
vn 0.781949 -0.623342 0.0
vn 0.812038 -0.583605 0.0
vn 0.812038 -0.583605 0.0
vn 0.840113 -0.542412 0.0
vn 0.840113 -0.542412 0.0
vn 0.866098 -0.499874 0.0
vn 0.866098 -0.499874 0.0
vn 0.889934 -0.456089 0.0
vn 0.889934 -0.456089 0.0
vn 0.911553 -0.411182 0.0
vn 0.911553 -0.411182 0.0
vn 0.930911 -0.365247 0.0
vn 0.930911 -0.365247 0.0
vn 0.947958 -0.318395 0.0
vn 0.947958 -0.318395 0.0
vn 0.962643 -0.270772 0.0
vn 0.962643 -0.270772 0.0
vn 0.974943 -0.222457 0.0
vn 0.974943 -0.222457 0.0
vn 0.984817 -0.173597 0.0
vn 0.984817 -0.173597 0.0
vn 0.992243 -0.124315 0.0
vn 0.992243 -0.124315 0.0
vn 0.997206 -0.074707 0.0
vn 0.997206 -0.074707 0.0
vn 0.999689 -0.024923 0.0
vn 0.999689 -0.024923 0.0
vn 0.0 0.0 -1.0
vn 0.0 -0.0 -1.0
vn 0.0 0.0 -1.0
vn 0.0 0.0 -1.0
vn 0.0 0.0 -1.0
vn 0.0 0.0 -1.0
vn 0.0 -0.0 -1.0
vn 0.0 0.0 -1.0
vn 0.0 0.0 -1.0
vn 0.0 0.0 -1.0
vn 0.0 -0.0 -1.0
vn 0.0 0.0 -1.0
vn 0.0 0.0 -1.0
vn 0.0 0.0 -1.0
vn 0.0 -0.0 -1.0
vn 0.0 0.0 -1.0
vn 0.0 0.0 -1.0
vn 0.0 0.0 -1.0
vn 0.0 -0.0 -1.0
vn 0.0 0.0 -1.0
vn 0.0 0.0 -1.0
vn 0.0 0.0 -1.0
vn 0.0 -0.0 -1.0
vn 0.0 0.0 -1.0
vn 0.0 0.0 -1.0
vn 0.0 -0.0 -1.0
vn 0.0 0.0 -1.0
vn 0.0 0.0 -1.0
vn 0.0 0.0 -1.0
vn 0.0 0.0 -1.0
vn 0.0 -0.0 -1.0
vn 0.0 0.0 -1.0
vn 0.0 0.0 -1.0
vn 0.0 0.0 -1.0
vn 0.0 -0.0 -1.0
vn 0.0 0.0 -1.0
vn 0.0 0.0 -1.0
vn 0.0 0.0 -1.0
vn 0.0 -0.0 -1.0
vn 0.0 0.0 -1.0
vn 0.0 0.0 -1.0
vn 0.0 0.0 -1.0
vn 0.0 -0.0 -1.0
vn 0.0 0.0 -1.0
vn 0.0 0.0 -1.0
vn 0.0 0.0 -1.0
vn 0.0 -0.0 -1.0
vn 0.0 0.0 -1.0
vn 0.0 0.0 -1.0
vn 0.0 -0.0 -1.0
vn 0.0 0.0 -1.0
vn 0.0 0.0 -1.0
vn 0.0 0.0 -1.0
vn 0.0 0.0 -1.0
vn 0.0 -0.0 -1.0
vn 0.0 0.0 -1.0
vn 0.0 0.0 -1.0
vn 0.0 0.0 -1.0
vn 0.0 -0.0 -1.0
vn 0.0 0.0 -1.0
vn 0.0 0.0 -1.0
vn 0.0 -0.0 -1.0
vn 0.0 0.0 -1.0
vn 0.0 0.0 -1.0
vn 0.0 0.0 -1.0
vn 0.0 0.0 -1.0
vn 0.0 -0.0 -1.0
vn 0.0 0.0 -1.0
vn 0.0 -0.0 -1.0
vn 0.0 0.0 -1.0
vn 0.0 -0.0 -1.0
vn 0.0 0.0 -1.0
vn 0.0 -0.0 -1.0
vn 0.0 0.0 -1.0
vn 0.0 -0.0 -1.0
vn 0.0 0.0 -1.0
vn 0.0 -0.0 -1.0
vn 0.0 0.0 -1.0
vn 0.0 -0.0 -1.0
vn 0.0 0.0 -1.0
vn 0.0 -0.0 -1.0
vn 0.0 0.0 -1.0
vn 0.0 -0.0 -1.0
vn 0.0 0.0 -1.0
vn 0.0 -0.0 -1.0
vn 0.0 0.0 -1.0
vn 0.0 -0.0 -1.0
vn 0.0 0.0 -1.0
vn 0.0 -0.0 -1.0
vn 0.0 0.0 -1.0
vn 0.0 -0.0 -1.0
vn 0.0 0.0 -1.0
vn 0.0 -0.0 -1.0
vn 0.0 0.0 -1.0
vn 0.0 0.0 -1.0
vn 0.0 0.0 -1.0
vn 0.0 0.0 -1.0
vn 0.0 -0.0 -1.0
vn 0.0 0.0 -1.0
vn 0.0 0.0 -1.0
vn 0.0 0.0 -1.0
vn 0.0 0.0 -1.0
vn 0.0 0.0 -1.0
vn 0.0 0.0 -1.0
vn 0.0 -0.0 -1.0
vn 0.0 0.0 -1.0
vn 0.0 0.0 -1.0
vn 0.0 0.0 -1.0
vn 0.0 0.0 -1.0
vn 0.0 -0.0 -1.0
vn 0.0 0.0 -1.0
vn 0.0 0.0 -1.0
vn 0.0 0.0 -1.0
vn 0.0 0.0 -1.0
vn 0.0 -0.0 -1.0
vn 0.0 0.0 -1.0
vn 0.0 0.0 -1.0
vn 0.0 0.0 -1.0
vn 0.0 0.0 -1.0
vn 0.0 -0.0 -1.0
vn 0.0 0.0 -1.0
vn 0.0 0.0 -1.0
vn 0.0 0.0 -1.0
vn 0.0 0.0 -1.0
vn 0.0 -0.0 -1.0
vn 0.0 0.0 -1.0
vn 0.0 0.0 -1.0
vn 0.0 -0.0 -1.0
vn 0.0 0.0 -1.0
vn 0.0 0.0 -1.0
vn 0.0 0.0 -1.0
vn 0.0 -0.0 -1.0
vn 0.0 0.0 -1.0
vn 0.0 -0.0 -1.0
vn 0.0 0.0 -1.0
vn 0.0 0.0 -1.0
vn 0.0 0.0 -1.0
vn 0.0 -0.0 -1.0
vn 0.0 -0.0 -1.0
vn 0.0 0.0 -1.0
vn 0.0 0.0 -1.0
vn 0.0 -0.0 -1.0
vn 0.0 -0.0 -1.0
vn 0.0 0.0 -1.0
vn 0.0 0.0 -1.0
vn 0.0 -0.0 -1.0
vn 0.0 -0.0 -1.0
vn 0.0 -0.0 -1.0
vn 0.0 0.0 -1.0
vn 0.0 0.0 -1.0
vn 0.0 0.0 -1.0
vn 0.0 -0.0 -1.0
vn 0.0 -0.0 -1.0
vn 0.0 0.0 -1.0
vn 0.0 0.0 -1.0
vn 0.0 -0.0 -1.0
vn 0.0 -0.0 -1.0
vn 0.0 0.0 -1.0
vn 0.0 0.0 -1.0
vn 0.0 -0.0 -1.0
vn 0.0 -0.0 -1.0
vn 0.0 0.0 -1.0
vn 0.0 0.0 -1.0
vn 0.0 0.0 -1.0
vn 0.0 -0.0 -1.0
vn 0.0 -0.0 -1.0
vn 0.0 -0.0 -1.0
vn 0.0 0.0 -1.0
vn 0.0 0.0 -1.0
vn 0.0 0.0 -1.0
vn 0.0 0.0 -1.0
vn 0.0 0.0 -1.0
vn 0.0 0.0 -1.0
vn 0.0 0.0 -1.0
vn 0.0 0.0 -1.0
vn 0.0 0.0 -1.0
vn 0.0 0.0 -1.0
vn 0.0 -0.0 -1.0
vn 0.0 -0.0 -1.0
vn 0.0 -0.0 -1.0
vn 0.0 -0.0 -1.0
vn 0.0 -0.0 -1.0
vn 0.0 -0.0 -1.0
vn 0.0 -0.0 -1.0
vn 0.0 -0.0 -1.0
vn 0.0 0.0 -1.0
vn 0.0 0.0 -1.0
vn 0.0 0.0 -1.0
vn 0.0 0.0 -1.0
vn 0.0 0.0 -1.0
vn 0.0 0.0 -1.0
vn 0.0 0.0 -1.0
vn 0.0 0.0 -1.0
vn 0.0 0.0 -1.0
vn 0.0 0.0 -1.0
vn 0.0 0.0 -1.0
vn 0.0 0.0 -1.0
vn 0.0 0.0 -1.0
vn 0.0 0.0 -1.0
vn 0.0 0.0 -1.0
vn 0.0 0.0 -1.0
vn 0.0 0.0 -1.0
vn 0.0 0.0 -1.0
vn 0.0 0.0 -1.0
vn 0.0 0.0 -1.0
vn 0.0 0.0 -1.0
vn 0.0 0.0 -1.0
vn 0.0 0.0 -1.0
vn 0.0 0.0 -1.0
vn 0.0 0.0 -1.0
vn 0.0 0.0 -1.0
vn 0.0 0.0 -1.0
vn -0.0 -0.0 -1.0
vn -0.0 -0.0 -1.0
vn -0.0 -0.0 -1.0
vn -0.0 -0.0 -1.0
vn -0.0 -0.0 -1.0
vn -0.0 -0.0 -1.0
vn 0.0 0.0 -1.0
vn 0.0 0.0 -1.0
vn 0.0 0.0 -1.0
vn 0.0 0.0 -1.0
vn 0.0 0.0 -1.0
vn 0.0 0.0 -1.0
vn 0.0 0.0 -1.0
vn 0.0 0.0 -1.0
vn 0.0 0.0 -1.0
vn 0.0 0.0 -1.0
vn 0.0 -0.0 -1.0
vn 0.0 0.0 -1.0
vn 0.0 0.0 -1.0
vn 0.0 -0.0 -1.0
vn 0.0 0.0 -1.0
vn 0.0 0.0 -1.0
vn 0.0 0.0 -1.0
vn 0.0 -0.0 -1.0
vn 0.0 0.0 -1.0
vn 0.0 0.0 -1.0
vn 0.0 0.0 -1.0
vn 0.0 -0.0 -1.0
vn 0.0 0.0 -1.0
vn 0.0 0.0 -1.0
vn 0.0 -0.0 -1.0
vn 0.0 0.0 -1.0
vn 0.0 0.0 -1.0
vn 0.0 0.0 -1.0
vn 0.0 -0.0 -1.0
vn 0.0 0.0 -1.0
vn 0.0 0.0 -1.0
vn 0.0 -0.0 -1.0
vn 0.0 0.0 -1.0
vn 0.0 0.0 -1.0
vn 0.0 0.0 -1.0
vn 0.0 -0.0 -1.0
vn 0.0 0.0 -1.0
vn 0.0 -0.0 -1.0
vn 0.0 0.0 -1.0
vn 0.0 -0.0 -1.0
vn 0.0 0.0 -1.0
vn 0.0 0.0 -1.0
vn 0.0 -0.0 -1.0
vn 0.0 0.0 -1.0
vn 0.0 -0.0 -1.0
vn 0.0 0.0 -1.0
vn 0.0 -0.0 -1.0
vn 0.0 0.0 -1.0
vn 0.0 -0.0 -1.0
vn 0.0 0.0 -1.0
vn 0.0 -0.0 -1.0
vn 0.0 0.0 -1.0
vn 0.0 -0.0 -1.0
vn 0.0 0.0 -1.0
vn 0.0 -0.0 -1.0
vn 0.0 -0.0 -1.0
vn 0.0 0.0 -1.0
vn 0.0 0.0 -1.0
vn 0.0 -0.0 -1.0
vn 0.0 0.0 -1.0
vn 0.0 0.0 -1.0
vn 0.0 -0.0 -1.0
vn 0.0 0.0 -1.0
vn 0.0 0.0 -1.0
vn 0.0 0.0 -1.0
vn 0.0 -0.0 -1.0
vn 0.0 -0.0 -1.0
vn 0.0 0.0 -1.0
vn 0.0 0.0 -1.0
vn 0.0 0.0 -1.0
vn 0.0 0.0 -1.0
vn 0.0 -0.0 -1.0
vn 0.0 0.0 -1.0
vn 0.0 0.0 -1.0
vn 0.0 0.0 -1.0
vn 0.0 -0.0 -1.0
vn 0.0 -0.0 -1.0
vn 0.0 0.0 -1.0
vn 0.0 0.0 -1.0
vn 0.0 0.0 -1.0
vn 0.0 -0.0 -1.0
vn 0.0 0.0 -1.0
vn 0.0 0.0 -1.0
vn 0.0 0.0 -1.0
vn 0.0 -0.0 -1.0
vn 0.0 -0.0 -1.0
vn 0.0 0.0 -1.0
vn 0.0 -0.0 -1.0
vn 0.0 0.0 -1.0
vn 0.0 0.0 -1.0
vn 0.0 -0.0 -1.0
vn 0.0 0.0 -1.0
vn 0.0 0.0 -1.0
vn 0.0 0.0 -1.0
vn 0.0 -0.0 -1.0
vn 0.0 0.0 -1.0
vn 0.0 0.0 -1.0
vn 0.0 0.0 -1.0
vn 0.0 0.0 -1.0
vn 0.0 0.0 -1.0
vn 0.0 -0.0 -1.0
vn 0.0 -0.0 -1.0
vn 0.0 0.0 -1.0
vn 0.0 0.0 -1.0
vn 0.0 0.0 -1.0
vn 0.0 -0.0 -1.0
vn 0.0 0.0 -1.0
vn 0.0 0.0 -1.0
vn 0.0 0.0 -1.0
vn 0.0 -0.0 -1.0
vn 0.0 -0.0 -1.0
vn 0.0 0.0 -1.0
vn 0.0 0.0 -1.0
vn 0.0 0.0 -1.0
vn 0.0 -0.0 -1.0
vn 0.0 -0.0 -1.0
vn 0.0 0.0 -1.0
vn 0.0 0.0 -1.0
vn 0.0 0.0 -1.0
vn -0.0 -0.0 -1.0
vn 0.0 0.0 -1.0
vn 0.0 0.0 -1.0
vn 0.0 0.0 -1.0
vn 0.0 0.0 -1.0
vn 0.0 0.0 -1.0
vn 0.0 0.0 -1.0
vn 0.0 0.0 -1.0
vn 0.0 0.0 -1.0
vn 0.0 0.0 -1.0
vn 0.0 0.0 -1.0
vn 0.0 0.0 -1.0
vn 0.0 -0.0 -1.0
vn 0.0 0.0 -1.0
vn 0.0 0.0 -1.0
vn 0.0 -0.0 -1.0
vn 0.0 0.0 -1.0
vn 0.0 0.0 -1.0
vn 0.0 0.0 -1.0
vn 0.0 -0.0 -1.0
vn 0.0 0.0 -1.0
vn 0.0 0.0 -1.0
vn 0.0 -0.0 -1.0
vn 0.0 0.0 -1.0
vn 0.0 0.0 -1.0
vn 0.0 0.0 -1.0
vn 0.0 0.0 -1.0
vn 0.0 -0.0 -1.0
vn 0.0 0.0 -1.0
vn 0.0 0.0 -1.0
vn 0.0 0.0 -1.0
vn 0.0 0.0 -1.0
vn 0.0 0.0 -1.0
vn 0.0 -0.0 -1.0
vn 0.0 0.0 -1.0
vn 0.0 0.0 -1.0
vn 0.0 0.0 -1.0
vn 0.0 0.0 -1.0
vn 0.0 0.0 -1.0
vn 0.0 0.0 -1.0
vn 0.0 -0.0 -1.0
vn 0.0 0.0 -1.0
vn 0.0 0.0 -1.0
vn 0.0 0.0 -1.0
vn 0.0 0.0 -1.0
vn 0.0 0.0 -1.0
vn 0.0 0.0 -1.0
vn 0.0 0.0 -1.0
vn 0.0 0.0 -1.0
vn 0.0 0.0 -1.0
vn 0.0 0.0 -1.0
vn 0.0 0.0 -1.0
vn 0.0 0.0 -1.0
vn 0.0 0.0 -1.0
vn 0.0 0.0 -1.0
vn 0.0 0.0 -1.0
vn 0.0 0.0 -1.0
vn 0.0 0.0 -1.0
vn 0.0 0.0 -1.0
vn 0.0 0.0 -1.0
vn 0.0 0.0 -1.0
vn 0.0 -0.0 -1.0
vn 0.0 0.0 -1.0
vn 0.0 0.0 -1.0
vn 0.0 -0.0 -1.0
vn 0.0 0.0 -1.0
vn 0.0 0.0 -1.0
vn 0.0 0.0 -1.0
vn 0.0 0.0 -1.0
vn 0.0 0.0 -1.0
vn 0.0 0.0 -1.0
vn 0.0 0.0 -1.0
vn 0.0 -0.0 -1.0
vn 0.0 0.0 -1.0
vn 0.0 0.0 -1.0
vn 0.0 0.0 -1.0
vn 0.0 0.0 -1.0
vn 0.0 0.0 -1.0
vn 0.0 0.0 -1.0
vn 0.0 -0.0 -1.0
vn 0.0 0.0 -1.0
vn 0.0 0.0 -1.0
vn 0.0 0.0 -1.0
vn 0.0 -0.0 -1.0
vn 0.0 0.0 -1.0
vn 0.0 0.0 -1.0
vn 0.0 0.0 -1.0
vn 0.0 0.0 -1.0
vn 0.0 0.0 -1.0
vn 0.0 0.0 -1.0
vn 0.0 0.0 -1.0
vn 0.0 0.0 -1.0
vn 0.0 -0.0 -1.0
vn 0.0 0.0 -1.0
vn 0.0 0.0 -1.0
vn 0.0 0.0 -1.0
vn 0.0 0.0 -1.0
vn 0.0 0.0 -1.0
vn 0.0 -0.0 -1.0
vn 0.0 0.0 -1.0
vn 0.0 0.0 -1.0
vn 0.0 0.0 -1.0
vn 0.0 0.0 -1.0
vn 0.0 0.0 -1.0
vn 0.0 0.0 -1.0
vn 0.0 0.0 -1.0
vn 0.0 0.0 -1.0
vn 0.0 0.0 -1.0
vn 0.0 0.0 -1.0
vn 0.0 0.0 -1.0
vn 0.0 0.0 -1.0
vn 0.0 -0.0 -1.0
vn 0.0 0.0 -1.0
vn 0.0 0.0 -1.0
vn 0.0 0.0 -1.0
vn 0.0 -0.0 -1.0
vn 0.0 0.0 -1.0
vn 0.0 0.0 -1.0
vn 0.0 0.0 -1.0
vn 0.0 0.0 -1.0
vn 0.0 0.0 -1.0
vn 0.0 0.0 -1.0
vn 0.0 0.0 -1.0
vn 0.0 0.0 -1.0
vn 0.0 0.0 -1.0
vn 0.0 0.0 -1.0
vn 0.0 0.0 -1.0
vn 0.0 -0.0 -1.0
vn 0.0 0.0 -1.0
vn 0.0 0.0 -1.0
vn 0.0 0.0 -1.0
vn 0.0 0.0 -1.0
vn 0.0 0.0 -1.0
vn 0.0 0.0 -1.0
vn 0.0 -0.0 -1.0
vn 0.0 0.0 -1.0
vn 0.0 0.0 -1.0
vn 0.0 0.0 -1.0
vn 0.0 -0.0 -1.0
vn 0.0 0.0 -1.0
vn 0.0 0.0 -1.0
vn 0.0 0.0 -1.0
vn 0.0 0.0 -1.0
vn 0.0 0.0 -1.0
vn 0.0 0.0 -1.0
vn 0.0 -0.0 -1.0
vn 0.0 0.0 -1.0
vn 0.0 0.0 -1.0
vn 0.0 0.0 -1.0
vn 0.0 -0.0 -1.0
vn 0.0 0.0 -1.0
vn 0.0 0.0 -1.0
vn 0.0 0.0 -1.0
vn 0.0 0.0 -1.0
vn 0.0 0.0 -1.0
vn 0.0 -0.0 -1.0
vn 0.0 0.0 -1.0
vn 0.0 -0.0 -1.0
vn 0.0 0.0 -1.0
vn 0.0 -0.0 -1.0
vn 0.0 0.0 -1.0
vn 0.0 0.0 -1.0
vn 0.0 -0.0 -1.0
vn 0.0 0.0 -1.0
vn 0.0 -0.0 -1.0
vn 0.0 0.0 -1.0
vn 0.0 -0.0 -1.0
vn 0.0 0.0 -1.0
vn 0.0 -0.0 -1.0
vn 0.0 0.0 -1.0
vn 0.0 -0.0 -1.0
vn 0.0 0.0 -1.0
vn 0.0 0.0 -1.0
vn 0.0 0.0 -1.0
vn 0.0 -0.0 -1.0
vn 0.0 0.0 -1.0
vn 0.0 0.0 -1.0
vn 0.0 0.0 -1.0
vn 0.0 0.0 -1.0
vn 0.0 -0.0 -1.0
vn 0.0 0.0 -1.0
vn 0.0 0.0 -1.0
vn 0.0 0.0 -1.0
vn 0.0 -0.0 -1.0
vn 0.0 0.0 -1.0
vn 0.0 0.0 -1.0
vn 0.0 0.0 -1.0
vn 0.0 0.0 -1.0
vn 0.0 -0.0 -1.0
vn 0.0 0.0 -1.0
vn 0.0 0.0 -1.0
vn 0.0 0.0 -1.0
vn 0.0 0.0 -1.0
vn 0.0 -0.0 -1.0
vn 0.0 0.0 -1.0
vn 0.0 0.0 -1.0
vn 0.0 0.0 -1.0
vn 0.0 0.0 -1.0
vn 0.0 0.0 -1.0
vn 0.0 0.0 -1.0
vn 0.0 -0.0 -1.0
vn 0.0 0.0 -1.0
vn 0.0 0.0 -1.0
vn 0.0 0.0 -1.0
vn 0.0 0.0 -1.0
vn 0.0 -0.0 -1.0
vn 0.0 0.0 -1.0
vn 0.0 0.0 -1.0
vn 0.0 0.0 -1.0
vn 0.0 -0.0 -1.0
vn 0.0 0.0 -1.0
vn 0.0 0.0 -1.0
vn 0.0 0.0 -1.0
vn 0.0 -0.0 -1.0
vn 0.0 0.0 -1.0
vn 0.0 0.0 -1.0
vn 0.0 0.0 -1.0
vn 0.0 0.0 -1.0
vn 0.0 -0.0 -1.0
vn 0.0 0.0 -1.0
vn 0.0 0.0 -1.0
vn 0.0 0.0 -1.0
vn 0.0 0.0 -1.0
vn 0.0 0.0 -1.0
vn 0.0 0.0 -1.0
vn 0.0 0.0 -1.0
vn 0.0 0.0 -1.0
vn 0.0 0.0 -1.0
vn 0.0 0.0 -1.0
vn 0.0 0.0 -1.0
vn 0.0 0.0 -1.0
vn 0.0 0.0 -1.0
vn 0.0 0.0 -1.0
vn 0.0 0.0 -1.0
vn 0.0 0.0 -1.0
vn 0.0 0.0 -1.0
vn 0.0 0.0 -1.0
vn 0.0 -0.0 -1.0
vn 0.0 0.0 -1.0
vn 0.0 0.0 -1.0
vn 0.0 -0.0 -1.0
vn 0.0 0.0 -1.0
vn 0.0 0.0 -1.0
vn 0.0 0.0 -1.0
vn 0.0 -0.0 -1.0
vn 0.0 0.0 -1.0
vn 0.0 0.0 -1.0
vn 0.0 -0.0 -1.0
vn 0.0 0.0 -1.0
vn 0.0 0.0 -1.0
vn 0.0 0.0 -1.0
vn 0.0 -0.0 -1.0
vn 0.0 0.0 -1.0
vn 0.0 0.0 -1.0
vn 0.0 -0.0 -1.0
vn 0.0 0.0 -1.0
vn 0.0 0.0 -1.0
vn 0.0 0.0 -1.0
vn 0.0 -0.0 -1.0
vn 0.0 0.0 -1.0
vn 0.0 0.0 -1.0
vn 0.0 -0.0 -1.0
vn 0.0 0.0 -1.0
vn 0.0 0.0 -1.0
vn 0.0 0.0 -1.0
vn 0.0 -0.0 -1.0
vn 0.0 0.0 -1.0
vn 0.0 0.0 -1.0
vn 0.0 -0.0 -1.0
vn 0.0 0.0 -1.0
vn 0.0 0.0 -1.0
vn 0.0 0.0 -1.0
vn 0.0 -0.0 -1.0
vn 0.0 0.0 -1.0
vn 0.0 0.0 -1.0
vn 0.0 -0.0 -1.0
vn 0.0 0.0 -1.0
vn 0.0 0.0 -1.0
vn 0.0 -0.0 -1.0
vn 0.0 0.0 -1.0
vn 0.0 0.0 -1.0
vn 0.0 0.0 -1.0
vn 0.0 -0.0 -1.0
vn 0.0 0.0 -1.0
vn 0.0 0.0 -1.0
vn 0.0 0.0 -1.0
vn 0.0 -0.0 -1.0
vn 0.0 0.0 -1.0
vn 0.0 0.0 -1.0
vn 0.0 -0.0 -1.0
vn 0.0 0.0 -1.0
vn 0.0 0.0 -1.0
vn 0.0 -0.0 -1.0
vn 0.0 0.0 -1.0
vn 0.0 0.0 -1.0
vn 0.0 -0.0 -1.0
vn 0.0 0.0 -1.0
vn 0.0 0.0 -1.0
vn 0.0 -0.0 -1.0
vn 0.0 0.0 -1.0
vn 0.0 0.0 -1.0
vn 0.0 -0.0 -1.0
vn 0.0 0.0 -1.0
vn 0.0 -0.0 -1.0
vn 0.0 0.0 -1.0
vn 0.0 0.0 -1.0
vn 0.0 -0.0 -1.0
vn 0.0 0.0 -1.0
vn 0.0 0.0 -1.0
vn 0.0 -0.0 -1.0
vn 0.0 0.0 -1.0
vn 0.0 0.0 -1.0
vn 0.0 -0.0 -1.0
vn 0.0 0.0 -1.0
vn 0.0 0.0 -1.0
vn 0.0 -0.0 -1.0
vn 0.0 0.0 -1.0
vn 0.0 0.0 -1.0
vn 0.0 -0.0 -1.0
vn 0.0 0.0 -1.0
vn 0.0 0.0 -1.0
vn 0.0 0.0 -1.0
vn 0.0 0.0 -1.0
vn 0.0 0.0 -1.0
vn 0.0 0.0 -1.0
vn 0.0 0.0 -1.0
vn 0.0 0.0 -1.0
vn 0.0 0.0 -1.0
vn 0.0 0.0 -1.0
vn 0.0 0.0 -1.0
vn 0.0 0.0 -1.0
vn 0.0 0.0 -1.0
vn 0.0 0.0 -1.0
vn 0.0 0.0 -1.0
vn 0.0 0.0 -1.0
vn 0.0 0.0 -1.0
vn 0.0 0.0 -1.0
vn 0.0 0.0 -1.0
vn 0.0 0.0 -1.0
vn 0.0 0.0 -1.0
vn 0.0 0.0 -1.0
vn 0.0 -0.0 -1.0
vn 0.0 -0.0 -1.0
vn 0.0 -0.0 -1.0
vn 0.0 -0.0 -1.0
vn 0.0 -0.0 -1.0
vn 0.0 -0.0 -1.0
vn 0.0 -0.0 -1.0
vn 0.0 -0.0 -1.0
vn 0.0 -0.0 -1.0
vn 0.0 -0.0 -1.0
vn 0.0 -0.0 -1.0
vn 0.0 -0.0 -1.0
vn 0.0 -0.0 -1.0
vn 0.0 -0.0 -1.0
vn 0.0 -0.0 -1.0
vn 0.0 0.0 -1.0
vn 0.0 0.0 -1.0
vn 0.0 0.0 -1.0
vn 0.0 0.0 -1.0
vn 0.0 0.0 -1.0
vn 0.0 0.0 -1.0
vn 0.0 0.0 -1.0
vn 0.0 0.0 -1.0
vn 0.0 0.0 -1.0
vn 0.0 0.0 -1.0
vn 0.0 0.0 -1.0
vn 0.0 0.0 -1.0
vn 0.0 0.0 -1.0
vn 0.0 0.0 -1.0
vn 0.0 0.0 -1.0
vn 0.0 0.0 -1.0
vn 0.0 0.0 -1.0
vn 0.0 0.0 -1.0
vn 0.0 0.0 -1.0
vn 0.0 0.0 -1.0
vn 0.0 0.0 -1.0
vn 0.0 0.0 -1.0
vn 0.0 0.0 -1.0
vn 0.0 0.0 -1.0
vn 0.0 0.0 -1.0
vn 0.0 -0.0 -1.0
vn 0.0 0.0 -1.0
vn 0.0 0.0 -1.0
vn 0.0 0.0 -1.0
vn 0.0 -0.0 -1.0
vn 0.0 0.0 -1.0
vn 0.0 0.0 -1.0
vn 0.0 0.0 -1.0
vn 0.0 -0.0 -1.0
vn 0.0 0.0 -1.0
vn 0.0 0.0 -1.0
vn 0.0 0.0 -1.0
vn 0.0 -0.0 -1.0
vn 0.0 0.0 -1.0
vn 0.0 0.0 -1.0
vn 0.0 0.0 -1.0
vn 0.0 -0.0 -1.0
vn 0.0 0.0 -1.0
vn 0.0 0.0 -1.0
vn 0.0 0.0 -1.0
vn 0.0 -0.0 -1.0
vn 0.0 0.0 -1.0
vn 0.0 0.0 -1.0
vn 0.0 0.0 -1.0
vn 0.0 -0.0 -1.0
vn 0.0 0.0 -1.0
vn 0.0 0.0 -1.0
vn 0.0 0.0 -1.0
vn 0.0 -0.0 -1.0
vn 0.0 0.0 -1.0
vn 0.0 0.0 -1.0
vn 0.0 0.0 -1.0
vn 0.0 -0.0 -1.0
vn 0.0 0.0 -1.0
vn 0.0 0.0 -1.0
vn 0.0 0.0 -1.0
vn 0.0 -0.0 -1.0
vn 0.0 0.0 -1.0
vn 0.0 0.0 -1.0
vn 0.0 0.0 -1.0
vn 0.0 -0.0 -1.0
vn 0.0 0.0 -1.0
vn 0.0 0.0 -1.0
vn 0.0 0.0 -1.0
vn 0.0 -0.0 -1.0
vn 0.0 0.0 -1.0
vn 0.0 0.0 -1.0
vn 0.0 0.0 -1.0
vn 0.0 -0.0 -1.0
vn 0.0 0.0 -1.0
vn 0.0 0.0 -1.0
vn 0.0 0.0 -1.0
vn 0.0 -0.0 -1.0
vn 0.0 0.0 -1.0
vn 0.0 0.0 -1.0
vn 0.0 0.0 -1.0
vn 0.0 -0.0 -1.0
vn 0.0 0.0 -1.0
vn 0.0 0.0 1.0
vn 0.0 0.0 1.0
vn -0.0 0.0 1.0
vn 0.0 0.0 1.0
vn 0.0 0.0 1.0
vn 0.0 0.0 1.0
vn -0.0 0.0 1.0
vn 0.0 0.0 1.0
vn 0.0 0.0 1.0
vn -0.0 0.0 1.0
vn 0.0 0.0 1.0
vn 0.0 0.0 1.0
vn 0.0 0.0 1.0
vn 0.0 0.0 1.0
vn -0.0 0.0 1.0
vn 0.0 0.0 1.0
vn 0.0 0.0 1.0
vn 0.0 0.0 1.0
vn -0.0 0.0 1.0
vn 0.0 0.0 1.0
vn 0.0 0.0 1.0
vn 0.0 0.0 1.0
vn -0.0 0.0 1.0
vn 0.0 0.0 1.0
vn 0.0 0.0 1.0
vn 0.0 0.0 1.0
vn -0.0 0.0 1.0
vn 0.0 0.0 1.0
vn 0.0 0.0 1.0
vn 0.0 0.0 1.0
vn -0.0 0.0 1.0
vn 0.0 0.0 1.0
vn 0.0 0.0 1.0
vn 0.0 0.0 1.0
vn -0.0 0.0 1.0
vn 0.0 0.0 1.0
vn 0.0 0.0 1.0
vn 0.0 0.0 1.0
vn -0.0 0.0 1.0
vn 0.0 0.0 1.0
vn 0.0 0.0 1.0
vn 0.0 0.0 1.0
vn -0.0 0.0 1.0
vn 0.0 0.0 1.0
vn 0.0 0.0 1.0
vn 0.0 0.0 1.0
vn -0.0 0.0 1.0
vn 0.0 0.0 1.0
vn 0.0 0.0 1.0
vn 0.0 0.0 1.0
vn -0.0 0.0 1.0
vn 0.0 0.0 1.0
vn 0.0 0.0 1.0
vn 0.0 0.0 1.0
vn 0.0 0.0 1.0
vn -0.0 0.0 1.0
vn 0.0 0.0 1.0
vn -0.0 0.0 1.0
vn 0.0 0.0 1.0
vn -0.0 0.0 1.0
vn -0.0 0.0 1.0
vn 0.0 0.0 1.0
vn 0.0 0.0 1.0
vn -0.0 0.0 1.0
vn -0.0 0.0 1.0
vn 0.0 0.0 1.0
vn 0.0 0.0 1.0
vn -0.0 0.0 1.0
vn 0.0 0.0 1.0
vn 0.0 0.0 1.0
vn 0.0 0.0 1.0
vn 0.0 0.0 1.0
vn -0.0 0.0 1.0
vn 0.0 0.0 1.0
vn 0.0 0.0 1.0
vn -0.0 0.0 1.0
vn 0.0 0.0 1.0
vn 0.0 0.0 1.0
vn 0.0 0.0 1.0
vn -0.0 0.0 1.0
vn 0.0 0.0 1.0
vn 0.0 0.0 1.0
vn 0.0 0.0 1.0
vn 0.0 0.0 1.0
vn -0.0 0.0 1.0
vn 0.0 0.0 1.0
vn 0.0 0.0 1.0
vn -0.0 0.0 1.0
vn 0.0 0.0 1.0
vn 0.0 0.0 1.0
vn 0.0 0.0 1.0
vn -0.0 0.0 1.0
vn 0.0 0.0 1.0
vn 0.0 0.0 1.0
vn 0.0 0.0 1.0
vn 0.0 0.0 1.0
vn -0.0 0.0 1.0
vn 0.0 0.0 1.0
vn 0.0 0.0 1.0
vn -0.0 0.0 1.0
vn 0.0 0.0 1.0
vn 0.0 0.0 1.0
vn 0.0 0.0 1.0
vn 0.0 0.0 1.0
vn -0.0 0.0 1.0
vn 0.0 0.0 1.0
vn 0.0 0.0 1.0
vn 0.0 0.0 1.0
vn -0.0 0.0 1.0
vn 0.0 0.0 1.0
vn 0.0 0.0 1.0
vn -0.0 0.0 1.0
vn 0.0 0.0 1.0
vn 0.0 0.0 1.0
vn 0.0 0.0 1.0
vn -0.0 0.0 1.0
vn 0.0 0.0 1.0
vn 0.0 0.0 1.0
vn 0.0 0.0 1.0
vn -0.0 0.0 1.0
vn -0.0 0.0 1.0
vn 0.0 0.0 1.0
vn 0.0 0.0 1.0
vn -0.0 0.0 1.0
vn -0.0 0.0 1.0
vn 0.0 0.0 1.0
vn 0.0 0.0 1.0
vn 0.0 0.0 1.0
vn 0.0 0.0 1.0
vn -0.0 0.0 1.0
vn 0.0 0.0 1.0
vn 0.0 0.0 1.0
vn -0.0 0.0 1.0
vn 0.0 0.0 1.0
vn 0.0 0.0 1.0
vn 0.0 0.0 1.0
vn -0.0 0.0 1.0
vn 0.0 0.0 1.0
vn 0.0 0.0 1.0
vn 0.0 0.0 1.0
vn 0.0 0.0 1.0
vn 0.0 0.0 1.0
vn -0.0 0.0 1.0
vn 0.0 0.0 1.0
vn 0.0 0.0 1.0
vn -0.0 0.0 1.0
vn 0.0 0.0 1.0
vn 0.0 0.0 1.0
vn 0.0 0.0 1.0
vn 0.0 0.0 1.0
vn -0.0 0.0 1.0
vn 0.0 0.0 1.0
vn 0.0 0.0 1.0
vn -0.0 0.0 1.0
vn 0.0 0.0 1.0
vn 0.0 0.0 1.0
vn 0.0 0.0 1.0
vn -0.0 0.0 1.0
vn 0.0 0.0 1.0
vn 0.0 0.0 1.0
vn 0.0 0.0 1.0
vn -0.0 0.0 1.0
vn 0.0 0.0 1.0
vn 0.0 0.0 1.0
vn -0.0 0.0 1.0
vn 0.0 0.0 1.0
vn 0.0 0.0 1.0
vn 0.0 0.0 1.0
vn -0.0 0.0 1.0
vn 0.0 0.0 1.0
vn 0.0 0.0 1.0
vn 0.0 0.0 1.0
vn 0.0 0.0 1.0
vn -0.0 0.0 1.0
vn 0.0 0.0 1.0
vn 0.0 0.0 1.0
vn -0.0 0.0 1.0
vn 0.0 0.0 1.0
vn 0.0 0.0 1.0
vn 0.0 0.0 1.0
vn 0.0 0.0 1.0
vn -0.0 0.0 1.0
vn 0.0 0.0 1.0
vn 0.0 0.0 1.0
vn -0.0 0.0 1.0
vn 0.0 0.0 1.0
vn 0.0 0.0 1.0
vn 0.0 0.0 1.0
vn 0.0 0.0 1.0
vn 0.0 0.0 1.0
vn -0.0 0.0 1.0
vn 0.0 0.0 1.0
vn 0.0 0.0 1.0
vn 0.0 0.0 1.0
vn -0.0 0.0 1.0
vn 0.0 0.0 1.0
vn 0.0 0.0 1.0
vn 0.0 0.0 1.0
vn 0.0 0.0 1.0
vn -0.0 0.0 1.0
vn 0.0 0.0 1.0
vn 0.0 0.0 1.0
vn -0.0 0.0 1.0
vn 0.0 0.0 1.0
vn 0.0 0.0 1.0
vn 0.0 0.0 1.0
vn 0.0 0.0 1.0
vn -0.0 0.0 1.0
vn 0.0 0.0 1.0
vn 0.0 0.0 1.0
vn 0.0 0.0 1.0
vn -0.0 0.0 1.0
vn 0.0 0.0 1.0
vn 0.0 0.0 1.0
vn -0.0 0.0 1.0
vn 0.0 0.0 1.0
vn 0.0 0.0 1.0
vn 0.0 0.0 1.0
vn -0.0 0.0 1.0
vn 0.0 0.0 1.0
vn 0.0 0.0 1.0
vn 0.0 0.0 1.0
vn -0.0 0.0 1.0
vn 0.0 0.0 1.0
vn 0.0 0.0 1.0
vn 0.0 0.0 1.0
vn 0.0 0.0 1.0
vn -0.0 0.0 1.0
vn 0.0 0.0 1.0
vn 0.0 0.0 1.0
vn -0.0 0.0 1.0
vn 0.0 0.0 1.0
vn 0.0 0.0 1.0
vn 0.0 0.0 1.0
vn 0.0 0.0 1.0
vn -0.0 0.0 1.0
vn 0.0 0.0 1.0
vn 0.0 0.0 1.0
vn 0.0 0.0 1.0
vn 0.0 0.0 1.0
vn -0.0 0.0 1.0
vn 0.0 0.0 1.0
vn 0.0 0.0 1.0
vn 0.0 0.0 1.0
vn -0.0 0.0 1.0
vn 0.0 0.0 1.0
vn 0.0 0.0 1.0
vn -0.0 0.0 1.0
vn 0.0 0.0 1.0
vn 0.0 0.0 1.0
vn 0.0 0.0 1.0
vn -0.0 0.0 1.0
vn -0.0 1.0 0.0
vn 0.0 1.0 0.0
vn 0.0 0.0 1.0
vn -0.0 0.0 1.0
vn 0.0 0.0 1.0
vn 0.0 0.0 1.0
vn 0.0 0.0 1.0
vn 0.0 0.0 1.0
vn -0.0 0.0 1.0
vn 0.0 0.0 1.0
vn 0.0 0.0 1.0
vn 0.0 0.0 1.0
vn -0.0 0.0 1.0
vn 0.0 0.0 1.0
vn 0.0 0.0 1.0
vn 0.0 0.0 1.0
vn -0.0 0.0 1.0
vn 0.0 0.0 1.0
vn 0.0 0.0 1.0
vn 0.0 0.0 1.0
vn -0.0 0.0 1.0
vn 0.0 0.0 1.0
vn 0.0 0.0 1.0
vn 0.0 0.0 1.0
vn -0.0 0.0 1.0
vn 0.0 0.0 1.0
vn 0.0 0.0 1.0
vn 0.0 0.0 1.0
vn -0.0 0.0 1.0
vn 0.0 0.0 1.0
vn 0.0 0.0 1.0
vn 0.0 0.0 1.0
vn -0.0 0.0 1.0
vn 0.0 0.0 1.0
vn 0.0 0.0 1.0
vn 0.0 0.0 1.0
vn -0.0 0.0 1.0
vn 0.0 0.0 1.0
vn 0.0 0.0 1.0
vn 0.0 0.0 1.0
vn -0.0 0.0 1.0
vn 0.0 0.0 1.0
vn 0.0 0.0 1.0
vn 0.0 0.0 1.0
vn -0.0 0.0 1.0
vn 0.0 0.0 1.0
vn 0.0 0.0 1.0
vn 0.0 0.0 1.0
vn -0.0 0.0 1.0
vn 0.0 0.0 1.0
vn 0.0 0.0 1.0
vn 0.0 0.0 1.0
vn -0.0 0.0 1.0
vn 0.0 0.0 1.0
vn 0.0 0.0 1.0
vn -0.0 0.0 1.0
vn 0.0 0.0 1.0
vn 0.0 0.0 1.0
vn -0.0 0.0 1.0
vn 0.0 0.0 1.0
vn -0.0 0.0 1.0
vn -0.0 0.0 1.0
vn 0.0 0.0 1.0
vn 0.0 0.0 1.0
vn -0.0 0.0 1.0
vn -0.0 0.0 1.0
vn 0.0 0.0 1.0
vn 0.0 0.0 1.0
vn 0.0 0.0 1.0
vn -0.0 0.0 1.0
vn 0.0 0.0 1.0
vn 0.0 0.0 1.0
vn 0.0 0.0 1.0
vn -0.0 0.0 1.0
vn 0.0 0.0 1.0
vn 0.0 0.0 1.0
vn 0.0 0.0 1.0
vn -0.0 0.0 1.0
vn 0.0 0.0 1.0
vn 0.0 0.0 1.0
vn 0.0 0.0 1.0
vn -0.0 0.0 1.0
vn 0.0 0.0 1.0
vn 0.0 0.0 1.0
vn 0.0 0.0 1.0
vn -0.0 0.0 1.0
vn 0.0 0.0 1.0
vn 0.0 0.0 1.0
vn 0.0 0.0 1.0
vn -0.0 0.0 1.0
vn 0.0 0.0 1.0
vn 0.0 0.0 1.0
vn 0.0 0.0 1.0
vn -0.0 0.0 1.0
vn 0.0 0.0 1.0
vn 0.0 0.0 1.0
vn 0.0 0.0 1.0
vn -0.0 0.0 1.0
vn 0.0 0.0 1.0
vn 0.0 0.0 1.0
vn 0.0 0.0 1.0
vn -0.0 0.0 1.0
vn 0.0 0.0 1.0
vn 0.0 0.0 1.0
vn 0.0 0.0 1.0
vn -0.0 0.0 1.0
vn 0.0 0.0 1.0
vn 0.0 0.0 1.0
vn -0.0 0.0 1.0
vn 0.0 0.0 1.0
vn 0.0 0.0 1.0
vn 0.0 0.0 1.0
vn 0.0 0.0 1.0
vn -0.0 0.0 1.0
vn 0.0 0.0 1.0
vn 0.0 0.0 1.0
vn 0.0 0.0 1.0
vn -0.0 0.0 1.0
vn 0.0 0.0 1.0
vn 0.0 0.0 1.0
vn 0.0 0.0 1.0
vn -0.0 0.0 1.0
vn -0.0 0.0 1.0
vn 0.0 0.0 1.0
vn 0.0 0.0 1.0
vn -0.0 0.0 1.0
vn 0.0 0.0 1.0
vn -0.0 0.0 1.0
vn 0.0 0.0 1.0
vn 0.0 0.0 1.0
vn -0.0 0.0 1.0
vn 0.0 0.0 1.0
vn 0.0 0.0 1.0
vn 0.0 0.0 1.0
vn 0.0 0.0 1.0
vn -0.0 0.0 1.0
vn 0.0 0.0 1.0
vn 0.0 0.0 1.0
vn -0.0 0.0 1.0
vn 0.0 0.0 1.0
vn 0.0 0.0 1.0
vn 0.0 0.0 1.0
vn 0.0 0.0 1.0
vn -0.0 0.0 1.0
vn 0.0 0.0 1.0
vn 0.0 0.0 1.0
vn 0.0 0.0 1.0
vn -0.0 0.0 1.0
vn 0.0 0.0 1.0
vn 0.0 0.0 1.0
vn 0.0 0.0 1.0
vn -0.0 0.0 1.0
vn 0.0 0.0 1.0
vn 0.0 0.0 1.0
vn 0.0 0.0 1.0
vn -0.0 0.0 1.0
vn 0.0 0.0 1.0
vn 0.0 0.0 1.0
vn -0.0 0.0 1.0
vn 0.0 0.0 1.0
vn 0.0 0.0 1.0
vn 0.0 0.0 1.0
vn 0.0 0.0 1.0
vn -0.0 0.0 1.0
vn 0.0 0.0 1.0
vn 0.0 0.0 1.0
vn 0.0 0.0 1.0
vn -0.0 0.0 1.0
vn 0.0 0.0 1.0
vn 0.0 0.0 1.0
vn -0.0 0.0 1.0
vn 0.0 0.0 1.0
vn 0.0 0.0 1.0
vn 0.0 0.0 1.0
vn 0.0 0.0 1.0
vn -0.0 0.0 1.0
vn 0.0 0.0 1.0
vn 0.0 0.0 1.0
vn 0.0 0.0 1.0
vn 0.0 0.0 1.0
vn -0.0 0.0 1.0
vn 0.0 0.0 1.0
vn 0.0 0.0 1.0
vn -0.0 0.0 1.0
vn 0.0 0.0 1.0
vn 0.0 0.0 1.0
vn -0.0 0.0 1.0
vn 0.0 0.0 1.0
vn 0.0 0.0 1.0
vn 0.0 0.0 1.0
vn 0.0 0.0 1.0
vn 0.0 0.0 1.0
vn 0.0 0.0 1.0
vn -0.0 0.0 1.0
vn 0.0 0.0 1.0
vn 0.0 0.0 1.0
vn 0.0 0.0 1.0
vn -0.0 0.0 1.0
vn 0.0 0.0 1.0
vn 0.0 0.0 1.0
vn 0.0 0.0 1.0
vn 0.0 0.0 1.0
vn -0.0 0.0 1.0
vn 0.0 0.0 1.0
vn 0.0 0.0 1.0
vn -0.0 0.0 1.0
vn 0.0 0.0 1.0
vn 0.0 0.0 1.0
vn -0.0 0.0 1.0
vn 0.0 0.0 1.0
vn 0.0 0.0 1.0
vn 0.0 0.0 1.0
vn -0.0 0.0 1.0
vn 0.0 0.0 1.0
vn 0.0 0.0 1.0
vn 0.0 0.0 1.0
vn 0.0 0.0 1.0
vn -0.0 0.0 1.0
vn 0.0 0.0 1.0
vn 0.0 0.0 1.0
vn 0.0 0.0 1.0
vn -0.0 0.0 1.0
vn 0.0 0.0 1.0
vn 0.0 0.0 1.0
vn 0.0 0.0 1.0
vn -0.0 0.0 1.0
vn 0.0 0.0 1.0
vn 0.0 0.0 1.0
vn 0.0 0.0 1.0
vn -0.0 0.0 1.0
vn 0.0 0.0 1.0
vn 0.0 0.0 1.0
vn 0.0 0.0 1.0
vn -0.0 0.0 1.0
vn 0.0 0.0 1.0
vn 0.0 0.0 1.0
vn 0.0 0.0 1.0
vn 0.0 0.0 1.0
vn -0.0 0.0 1.0
vn 0.0 0.0 1.0
vn 0.0 0.0 1.0
vn 0.0 0.0 1.0
vn -0.0 0.0 1.0
vn 0.0 0.0 1.0
vn 0.0 0.0 1.0
vn 0.0 0.0 1.0
vn -0.0 0.0 1.0
vn 0.0 0.0 1.0
vn 0.0 0.0 1.0
vn -0.0 0.0 1.0
vn 0.0 0.0 1.0
vn 0.0 0.0 1.0
vn -0.0 0.0 1.0
vn 0.0 0.0 1.0
vn 0.999689 0.024923 0.0
vn 0.999689 0.024923 0.0
vn 0.997206 0.074707 0.0
vn 0.997206 0.074707 0.0
vn 0.992243 0.124315 0.0
vn 0.992243 0.124315 0.0
vn 0.984817 0.173597 0.0
vn 0.974943 0.222457 0.0
vn 0.984817 0.173597 0.0
vn 0.974943 0.222457 0.0
vn 0.962643 0.270772 0.0
vn 0.947958 0.318395 0.0
vn 0.962643 0.270772 0.0
vn 0.947958 0.318395 0.0
vn 0.930911 0.365247 0.0
vn 0.930911 0.365247 0.0
vn 0.911553 0.411182 0.0
vn 0.911553 0.411182 0.0
vn 0.889934 0.456089 0.0
vn 0.889934 0.456089 0.0
vn 0.866098 0.499874 0.0
vn 0.866098 0.499874 0.0
vn 0.840113 0.542412 0.0
vn 0.840113 0.542412 0.0
vn 0.812038 0.583605 0.0
vn 0.812038 0.583605 0.0
vn 0.781949 0.623342 0.0
vn 0.781949 0.623342 0.0
vn 0.749915 0.661534 0.0
vn 0.749915 0.661534 0.0
vn 0.716016 0.698083 0.0
vn 0.716016 0.698083 0.0
vn 0.68034 0.732897 0.0
vn 0.68034 0.732897 0.0
vn 0.642975 0.765887 0.0
vn 0.642975 0.765887 0.0
vn 0.604014 0.796974 0.0
vn 0.604014 0.796974 0.0
vn 0.56354 0.826089 0.0
vn 0.56354 0.826089 0.0
vn 0.521678 0.853143 0.0
vn 0.521678 0.853143 0.0
vn 0.478518 0.878078 0.0
vn 0.478518 0.878078 0.0
vn 0.43527 0.9003 0.0
vn 0.43527 0.9003 0.0
vn 0.392114 0.919917 0.0
vn 0.392114 0.919917 0.0
vn 0.348094 0.937459 0.0
vn 0.303265 0.952906 0.0
vn 0.348094 0.937459 0.0
vn 0.303265 0.952906 0.0
vn 0.257777 0.966205 0.0
vn 0.257777 0.966205 0.0
vn 0.211708 0.977333 0.0
vn 0.165153 0.986268 0.0
vn 0.211708 0.977333 0.0
vn 0.165153 0.986268 0.0
vn 0.118234 0.992986 0.0
vn 0.118234 0.992986 0.0
vn 0.071046 0.997473 0.0
vn 0.071046 0.997473 0.0
vn 0.023697 0.999719 0.0
vn 0.023697 0.999719 0.0
vn 0.024941 0.999689 0.0
vn 0.074731 0.997204 -9e-06
vn 0.024656 0.999696 1.1e-05
vn 0.074097 0.997251 1.5e-05
vn 0.12434 0.99224 -1.3e-05
vn 0.173637 0.98481 -1.3e-05
vn 0.12366 0.992325 1.2e-05
vn 0.222539 0.974924 -5e-06
vn 0.17315 0.984895 6e-06
vn 0.270831 0.962627 8e-06
vn 0.222586 0.974913 -7e-06
vn 0.318485 0.947928 2.4e-05
vn 0.271715 0.962378 -2.5e-05
vn 0.365326 0.93088 4.5e-05
vn 0.320435 0.94727 -4.6e-05
vn 0.4113 0.9115 6.7e-05
vn 0.368651 0.929568 -7.1e-05
vn 0.456212 0.889871 9.2e-05
vn 0.416101 0.909319 -9.6e-05
vn 0.49999 0.866031 0.000116
vn 0.462755 0.886486 -0.000122
vn 0.542558 0.840018 0.000138
vn 0.508381 0.861132 -0.000149
vn 0.583739 0.811941 0.000158
vn 0.552803 0.833312 -0.000171
vn 0.623493 0.781829 0.000173
vn 0.595929 0.803037 -0.00019
vn 0.661681 0.749785 0.000184
vn 0.637534 0.770422 -0.000204
vn 0.698254 0.71585 0.000137
vn 0.67336 0.739315 -0.000109
vn 0.703072 0.711119 -2e-05
vn 0.733038 0.680188 0.000102
vn 0.730893 0.682492 2.3e-05
vn 0.76605 0.642781 0.00017
vn 0.757519 0.652813 -7.7e-05
vn 0.797127 0.603812 0.00018
vn 0.782983 0.622043 -0.000116
vn 0.826247 0.563307 0.000131
vn 0.807202 0.590275 -9.7e-05
vn 0.830102 0.557611 -2.1e-05
vn 0.85329 0.521436 9.7e-05
vn 0.851645 0.524119 2.3e-05
vn 0.878223 0.478252 0.000164
vn 0.871767 0.489921 -7.3e-05
vn 0.900969 0.433883 0.000171
vn 0.890476 0.455029 -0.000108
vn 0.921475 0.388439 0.000116
vn 0.907751 0.419509 -8.4e-05
vn 0.923545 0.38349 0.0
vn 0.939687 0.342035 0.000115
vn 0.937835 0.347082 0.0
vn 0.950608 0.310395 -8.3e-05
vn 0.955578 0.294737 0.000166
vn 0.961903 0.273391 -9.8e-05
vn 0.969073 0.246774 0.000149
vn 0.971707 0.23619 -4.6e-05
vn 0.980014 0.19893 5.8e-05
vn 0.980171 0.198152 7.7e-05
vn 0.986848 0.161649 -5.6e-05
vn 0.988832 0.149035 0.000154
vn 0.992231 0.124407 -9.3e-05
vn 0.995033 0.099549 0.000154
vn 0.996187 0.087249 -4.9e-05
vn 0.998757 0.049852 7e-05
vn 0.998738 0.050216 7.9e-05
vn 0.999909 0.013456 -5.3e-05
vn 1.0 0.0 0.000156
vn 0.998757 -0.049852 0.000143
vn 0.999735 -0.023016 -8.5e-05
vn 0.998243 -0.059259 -2.2e-05
vn 0.995033 -0.099549 0.000114
vn 0.995467 -0.095104 2.6e-05
vn 0.988832 -0.149035 0.00016
vn 0.991437 -0.130582 -7.1e-05
vn 0.980171 -0.198152 9.9e-05
vn 0.986185 -0.165647 -6.4e-05
vn 0.979751 -0.200218 5.5e-05
vn 0.969073 -0.246774 0.000154
vn 0.972146 -0.234375 -4e-05
vn 0.955578 -0.294737 0.000131
vn 0.963425 -0.267978 -7.4e-05
vn 0.953603 -0.301066 1e-05
vn 0.939687 -0.342035 0.000143
vn 0.942714 -0.333601 -9e-06
vn 0.921475 -0.388439 0.000145
vn 0.930764 -0.36562 -7.4e-05
vn 0.917814 -0.39701 -1.1e-05
vn 0.900969 -0.433883 0.000134
vn 0.903868 -0.427811 1.2e-05
vn 0.878223 -0.478252 0.000151
vn 0.888978 -0.457951 -7.1e-05
vn 0.87309 -0.487559 -1.9e-05
vn 0.85329 -0.521436 0.00013
vn 0.856336 -0.516419 2.2e-05
vn 0.826252 -0.5633 0.000152
vn 0.838653 -0.544666 -7e-05
vn 0.820093 -0.57223 -2e-05
vn 0.797126 -0.603812 0.000132
vn 0.800657 -0.599124 2.3e-05
vn 0.76605 -0.642781 0.000152
vn 0.780398 -0.625283 -7e-05
vn 0.7593 -0.65074 -1.7e-05
vn 0.737401 -0.675455 1.8e-05
vn 0.733038 -0.680188 0.000137
vn 0.714692 -0.699439 -7e-05
vn 0.698246 -0.715858 0.000152
vn 0.691198 -0.722666 -1.1e-05
vn 0.666967 -0.745087 1.2e-05
vn 0.661681 -0.749785 0.000142
vn 0.641943 -0.766753 -7.2e-05
vn 0.623493 -0.781829 0.000152
vn 0.616238 -0.78756 -7e-06
vn 0.58976 -0.807578 8e-06
vn 0.58374 -0.811941 0.000145
vn 0.562599 -0.82673 -7.5e-05
vn 0.542548 -0.840025 0.000153
vn 0.534744 -0.845014 -9e-06
vn 0.506233 -0.862397 9e-06
vn 0.500013 -0.866018 0.000145
vn 0.477007 -0.878899 -7.7e-05
vn 0.4562 -0.889877 0.000159
vn 0.447154 -0.894457 -1.8e-05
vn 0.41668 -0.909053 2.1e-05
vn 0.411287 -0.911506 0.00014
vn 0.385538 -0.922692 -7.9e-05
vn 0.365339 -0.930875 0.000168
vn 0.353856 -0.9353 -3.8e-05
vn 0.321595 -0.946877 4.9e-05
vn 0.318485 -0.947928 0.000122
vn 0.28866 -0.957432 -7.4e-05
vn 0.270845 -0.962623 0.000178
vn 0.222524 -0.974927 0.000103
vn 0.255272 -0.966869 -6.5e-05
vn 0.221383 -0.975187 7.5e-05
vn 0.173637 -0.98481 0.000178
vn 0.186895 -0.98238 -5.3e-05
vn 0.124355 -0.992238 0.000154
vn 0.151924 -0.988392 -9.1e-05
vn 0.116597 -0.993179 -9e-06
vn 0.074731 -0.997204 0.000144
vn 0.080822 -0.996729 8e-06
vn 0.044569 -0.999006 -9.2e-05
vn 0.024926 -0.999689 0.000189
vn -0.024926 -0.999689 0.000125
vn 0.008006 -0.999968 -8.4e-05
vn -0.028808 -0.999585 3.1e-05
vn -0.074731 -0.997204 0.000164
vn -0.065981 -0.997821 -2.8e-05
vn -0.124355 -0.992238 0.000195
vn -0.103398 -0.99464 -0.000108
vn -0.173637 -0.98481 0.000135
vn -0.140964 -0.990015 -9.4e-05
vn -0.178621 -0.983918 9e-06
vn -0.21641 -0.976303 -9e-06
vn -0.222524 -0.974927 0.000147
vn -0.254215 -0.967148 -0.000106
vn -0.270845 -0.962623 0.000204
vn -0.291934 -0.956439 -0.000126
vn -0.318485 -0.947928 0.000186
vn -0.329488 -0.94416 -7.3e-05
vn -0.365339 -0.930875 9.6e-05
vn -0.36681 -0.930296 5e-05
vn -0.403913 -0.914797 -4.2e-05
vn -0.411287 -0.911506 0.000165
vn -0.440572 -0.897717 -0.000124
vn -0.4562 -0.889877 0.000215
vn -0.476796 -0.879014 -0.000147
vn -0.500013 -0.866018 0.000207
vn -0.512378 -0.85876 -0.000111
vn -0.542548 -0.840025 0.000142
vn -0.547274 -0.836954 -1.9e-05
vn -0.581416 -0.813607 2.1e-05
vn -0.58374 -0.811941 0.000111
vn -0.614737 -0.788732 -9e-05
vn -0.623493 -0.781829 0.000197
vn -0.647066 -0.762434 -0.000151
vn -0.661681 -0.749785 0.000233
vn -0.678296 -0.734788 -0.000163
vn -0.698246 -0.715858 0.000221
vn -0.708397 -0.705814 -0.000123
vn -0.733038 -0.680188 0.000157
vn -0.737248 -0.675622 -3.3e-05
vn -0.764777 -0.644295 3.5e-05
vn -0.76605 -0.642781 0.000104
vn -0.790966 -0.611859 -8.5e-05
vn -0.797126 -0.603812 0.000203
vn -0.815757 -0.578395 -0.000156
vn -0.826252 -0.5633 0.000248
vn -0.83899 -0.544147 -0.000172
vn -0.85329 -0.521436 0.000238
vn -0.860733 -0.509057 -0.000128
vn -0.878223 -0.478252 0.000165
vn -0.880888 -0.473324 -1.9e-05
vn -0.899485 -0.436951 2e-05
vn -0.900969 -0.433883 0.00014
vn -0.9165 -0.400036 -0.000109
vn -0.921475 -0.388439 0.000239
vn -0.939687 -0.342035 0.000263
vn -0.931913 -0.362681 -0.000168
vn -0.955578 -0.294737 0.000207
vn -0.945704 -0.325028 -0.000151
vn -0.957895 -0.287119 -4.6e-05
vn -0.968507 -0.248986 5.4e-05
vn -0.969073 -0.246774 0.000139
vn -0.977553 -0.210689 -0.000104
vn -0.980171 -0.198152 0.000253
vn -0.988832 -0.149035 0.000267
vn -0.985029 -0.172391 -0.000167
vn -0.990968 -0.134101 -0.000123
vn -0.995033 -0.099549 0.00017
vn -0.995389 -0.095917 3.8e-05
vn -0.998331 -0.05775 -3.2e-05
vn -0.998757 -0.049852 0.000225
vn -0.999804 -0.019815 -0.000149
vn -1.0 0.0 0.000282
vn -0.99984 0.017914 -0.000137
vn -0.998757 0.049852 0.000205
vn -0.998466 0.055369 1.3e-05
vn -0.995711 0.092518 -1.2e-05
vn -0.995033 0.099549 0.000224
vn -0.991604 0.12931 -0.000145
vn -0.988832 0.149035 0.000285
vn -0.986168 0.16575 -0.000126
vn -0.980171 0.198152 0.000188
vn -0.979439 0.20174 5.5e-05
vn -0.969073 0.246774 0.000255
vn -0.971436 0.2373 -4.6e-05
vn -0.955578 0.294737 0.000275
vn -0.962191 0.272376 -0.00015
vn -0.951742 0.3069 -8.2e-05
vn -0.939687 0.342035 0.000158
vn -0.940082 0.340948 0.000113
vn -0.921475 0.388439 0.000286
vn -0.927288 0.374349 -0.000105
vn -0.900969 0.433883 0.000226
vn -0.913338 0.407203 -0.000138
vn -0.898296 0.439392 1.9e-05
vn -0.878223 0.478252 0.000248
vn -0.88215 0.470968 -1.6e-05
vn -0.85329 0.521436 0.000276
vn -0.864934 0.501885 -0.000142
vn -0.846703 0.532066 -7.2e-05
vn -0.826247 0.563307 0.000178
vn -0.827479 0.561497 9.6e-05
vn -0.797126 0.603812 0.000287
vn -0.807238 0.590226 -0.000113
vn -0.76605 0.642781 0.000193
vn -0.786021 0.6182 -0.00012
vn -0.763899 0.645336 7.3e-05
vn -0.733038 0.680188 0.000268
vn -0.740847 0.671673 -5.8e-05
vn -0.698254 0.71585 0.000247
vn -0.71691 0.697166 -0.000138
vn -0.692093 0.721809 -1.7e-05
vn -0.666418 0.745578 1.8e-05
vn -0.661681 0.749785 0.000224
vn -0.639964 0.768405 -0.000131
vn -0.623493 0.781829 0.000273
vn -0.612671 0.790338 -8.1e-05
vn -0.58462 0.811308 0.000117
vn -0.583739 0.811941 0.000157
vn -0.55584 0.831289 -0.0001
vn -0.542558 0.840018 0.000273
vn -0.49999 0.866031 0.000198
vn -0.526344 0.850272 -0.000121
vn -0.496084 0.868275 4.7e-05
vn -0.456212 0.889871 0.000245
vn -0.465224 0.885193 -4e-05
vn -0.4113 0.9115 0.000246
vn -0.433749 0.901034 -0.000135
vn -0.401582 0.915823 -4.7e-05
vn -0.365326 0.93088 0.000202
vn -0.369754 0.92913 5.3e-05
vn -0.318485 0.947928 0.000254
vn -0.338367 0.941014 -0.000112
vn -0.270831 0.962627 0.000244
vn -0.299595 0.954066 -0.000232
vn -0.222539 0.974924 0.000234
vn -0.253169 0.967422 -0.000224
vn -0.173637 0.98481 0.000223
vn -0.205891 0.978575 -0.000217
vn -0.12434 0.99224 0.000213
vn -0.157909 0.987454 -0.000209
vn -0.119423 0.992843 7.7e-05
vn -0.074731 0.997204 0.000245
vn -0.090854 0.995864 -5.1e-05
vn -0.062304 0.998057 -1.7e-05
vn -0.024941 0.999689 0.000242
vn -0.036115 0.999348 1.8e-05
vn -0.012025 0.999928 0.0
vn 1.0 0.0 0.0
vn 1.0 0.0 0.0
vn 0.024926 0.999689 0.0
vn 0.074731 0.997204 -4e-06
vn 0.024816 0.999692 3e-06
vn 0.074104 0.997251 1.5e-05
vn 0.124355 0.992238 3.3e-05
vn 0.122667 0.992448 -1.5e-05
vn 0.173637 0.98481 5.5e-05
vn 0.170453 0.985366 -3.1e-05
vn 0.222524 0.974927 8.1e-05
vn 0.217358 0.976092 -5.3e-05
vn 0.263378 0.964693 -7.5e-05
vn 0.270845 0.962623 0.000106
vn 0.308375 0.951265 -9.8e-05
vn 0.318485 0.947928 0.00013
vn 0.365339 0.930875 0.00015
vn 0.352362 0.935864 -0.000118
vn 0.395278 0.918562 -0.000133
vn 0.411287 0.911506 0.000164
vn 0.4562 0.889877 0.000171
vn 0.437073 0.899426 -0.000142
vn 0.500013 0.866018 0.000168
vn 0.477699 0.878523 -0.000143
vn 0.542548 0.840025 0.000155
vn 0.517155 0.855892 -0.000133
vn 0.583739 0.811941 0.000129
vn 0.555355 0.831614 -0.000113
vn 0.623493 0.781829 9.1e-05
vn 0.592299 0.805718 -8.1e-05
vn 0.661681 0.749785 4e-05
vn 0.62793 0.778269 -3.6e-05
vn 0.66223 0.749301 2.2e-05
vn 0.698246 0.715858 7.8e-05
vn 0.695143 0.718872 -2e-05
vn 0.733038 0.680188 0.000118
vn 0.726636 0.687022 -6.8e-05
vn 0.76605 0.642781 0.000145
vn 0.756665 0.653803 -0.000103
vn 0.797127 0.603812 0.000159
vn 0.785224 0.619211 -0.000123
vn 0.826252 0.5633 0.00016
vn 0.812269 0.583282 -0.000131
vn 0.85329 0.521436 0.000149
vn 0.837719 0.546101 -0.000127
vn 0.878223 0.478252 9.7e-05
vn 0.86039 0.509637 -7.5e-05
vn 0.879521 0.47586 4e-05
vn 0.900969 0.433883 0.000142
vn 0.896496 0.443052 -3.2e-05
vn 0.921475 0.388439 0.000155
vn 0.912288 0.409549 -8.8e-05
vn 0.939687 0.342035 8.6e-05
vn 0.926913 0.375276 -6e-05
vn 0.940331 0.340262 4.6e-05
vn 0.955578 0.294737 0.000141
vn 0.952476 0.304614 -3.7e-05
vn 0.969073 0.246774 0.000157
vn 0.963337 0.268292 -9.1e-05
vn 0.980171 0.198152 0.000103
vn 0.972887 0.231279 -7.4e-05
vn 0.981054 0.193736 1.1e-05
vn 0.987823 0.155579 -1.1e-05
vn 0.988832 0.149035 0.000118
vn 0.993144 0.116897 -8.5e-05
vn 0.995033 0.099549 0.000159
vn 0.996972 0.077758 -9.8e-05
vn 0.998757 0.049852 0.000144
vn 0.999274 0.038095 -5.8e-05
vn 1.0 0.0 7.5e-05
vn 0.999998 -0.001855 3.4e-05
vn 0.999108 -0.042217 -2.9e-05
vn 0.998757 -0.049852 0.000122
vn 0.99656 -0.082877 -9.2e-05
vn 0.995033 -0.099549 0.00016
vn 0.992323 -0.123674 -0.000112
vn 0.988832 -0.149035 0.000158
vn 0.986357 -0.164619 -9.3e-05
vn 0.980171 -0.198152 0.000118
vn 0.978642 -0.205572 -3.7e-05
vn 0.969073 -0.246774 5.1e-05
vn 0.969142 -0.246505 4.4e-05
vn 0.957838 -0.287308 -4.2e-05
vn 0.955578 -0.294737 0.00012
vn 0.939687 -0.342035 0.000159
vn 0.944717 -0.327886 -9.8e-05
vn 0.921475 -0.388439 0.000172
vn 0.929803 -0.368058 -0.000125
vn 0.900969 -0.433883 0.00016
vn 0.913072 -0.407798 -0.000125
vn 0.878223 -0.478252 0.000123
vn 0.894543 -0.446981 -0.000101
vn 0.85329 -0.521436 6.4e-05
vn 0.874282 -0.485418 -5.4e-05
vn 0.852281 -0.523085 1.5e-05
vn 0.826247 -0.563307 8.9e-05
vn 0.828574 -0.55988 -1.3e-05
vn 0.797127 -0.603812 0.000142
vn 0.803221 -0.595682 -7.7e-05
vn 0.76605 -0.642781 0.000175
vn 0.776318 -0.630342 -0.000119
vn 0.733038 -0.680188 0.000187
vn 0.747913 -0.663796 -0.000141
vn 0.698254 -0.71585 0.000178
vn 0.718057 -0.695984 -0.000141
vn 0.661681 -0.749785 0.000145
vn 0.686892 -0.72676 -0.000121
vn 0.623493 -0.781829 8.7e-05
vn 0.654443 -0.756112 -7.5e-05
vn 0.620862 -0.78392 -4e-06
vn 0.583739 -0.811941 8.6e-05
vn 0.586163 -0.810193 3e-06
vn 0.550421 -0.834887 -7.4e-05
vn 0.542558 -0.840018 0.000153
vn 0.51381 -0.857904 -0.000127
vn 0.49999 -0.866031 0.000194
vn 0.476373 -0.879243 -0.000151
vn 0.456212 -0.889871 0.000207
vn 0.438216 -0.89887 -0.000146
vn 0.4113 -0.9115 0.000185
vn 0.39947 -0.916746 -0.000106
vn 0.365326 -0.93088 0.000127
vn 0.360215 -0.932869 -2.5e-05
vn 0.320446 -0.947267 2.7e-05
vn 0.318485 -0.947928 9.1e-05
vn 0.280282 -0.959918 -7.5e-05
vn 0.270831 -0.962627 0.000177
vn 0.239812 -0.970819 -0.000137
vn 0.222539 -0.974924 0.000221
vn 0.19915 -0.979969 -0.000157
vn 0.173637 -0.98481 0.000217
vn 0.158407 -0.987374 -0.000124
vn 0.12434 -0.99224 0.00016
vn 0.117593 -0.993062 -3.5e-05
vn 0.076792 -0.997047 3.9e-05
vn 0.074731 -0.997204 0.000107
vn 0.036018 -0.999351 -8.4e-05
vn 0.024941 -0.999689 0.000206
vn -0.004651 -0.999989 -0.00015
vn -0.024941 -0.999689 0.000242
vn -0.045045 -0.998985 -0.000149
vn -0.074731 -0.997204 0.000209
vn -0.085183 -0.996365 -7.6e-05
vn -0.12434 -0.99224 9.9e-05
vn -0.124963 -0.992161 7.7e-05
vn -0.173637 -0.98481 0.000207
vn -0.164438 -0.986387 -6.2e-05
vn -0.203496 -0.979076 -0.000148
vn -0.222539 -0.974924 0.000254
vn -0.270831 -0.962627 0.000215
vn -0.242034 -0.970268 -0.00015
vn -0.280034 -0.95999 -6.2e-05
vn -0.318485 -0.947928 0.000117
vn -0.317469 -0.948269 7.8e-05
vn -0.365326 -0.93088 0.000239
vn -0.35435 -0.935113 -8.8e-05
vn -0.4113 -0.9115 0.000261
vn -0.390587 -0.920566 -0.00016
vn -0.456212 -0.889871 0.000181
vn -0.42606 -0.904695 -0.000131
vn -0.460771 -0.887519 7e-06
vn -0.49999 -0.866031 0.000194
vn -0.494805 -0.869004 -6e-06
vn -0.52802 -0.849232 -0.000138
vn -0.542558 -0.840018 0.000272
vn -0.56036 -0.82825 -0.000159
vn -0.583739 -0.811941 0.000238
vn -0.591833 -0.80606 -6.6e-05
vn -0.622359 -0.782732 8.2e-05
vn -0.623493 -0.781829 0.000137
vn -0.652038 -0.758187 -0.0001
vn -0.661681 -0.749785 0.000262
vn -0.680673 -0.732587 -0.000168
vn -0.698254 -0.71585 0.00027
vn -0.708307 -0.705904 -0.000115
vn -0.733038 -0.680188 0.00016
vn -0.734894 -0.678182 5.6e-05
vn -0.760434 -0.649415 -4.9e-05
vn -0.76605 -0.642781 0.000234
vn -0.784873 -0.619657 -0.00016
vn -0.797127 -0.603812 0.000286
vn -0.808162 -0.58896 -0.000153
vn -0.826247 -0.563307 0.00022
vn -0.830298 -0.55732 -2.7e-05
vn -0.851229 -0.524795 3.1e-05
vn -0.85329 -0.521436 0.000179
vn -0.870952 -0.491367 -0.000129
vn -0.878223 -0.478252 0.00028
vn -0.889382 -0.457165 -0.000175
vn -0.900969 -0.433883 0.00027
vn -0.906537 -0.422126 -0.00011
vn -0.921475 -0.388439 0.000151
vn -0.922382 -0.38628 5.9e-05
vn -0.936839 -0.349761 -5.1e-05
vn -0.939687 -0.342035 0.000227
vn -0.949905 -0.312539 -0.000164
vn -0.955578 -0.294737 0.000288
vn -0.961552 -0.274622 -0.000175
vn -0.969073 -0.246774 0.00025
vn -0.971724 -0.236119 -9.4e-05
vn -0.980171 -0.198152 0.000122
vn -0.980413 -0.196951 7.3e-05
vn -0.98754 -0.15737 -6.3e-05
vn -0.988832 -0.149035 0.000222
vn -0.99311 -0.117188 -0.000166
vn -0.995033 -0.099549 0.000282
vn -0.997061 -0.076618 -0.000189
vn -0.998757 -0.049852 0.000266
vn -0.999366 -0.035611 -0.000141
vn -1.0 0.0 0.00018
vn -0.999984 0.005734 -2.8e-05
vn -0.998757 0.049852 0.000127
vn -0.998878 0.047365 3e-05
vn -0.996016 0.089179 -0.000104
vn -0.995033 0.099549 0.000227
vn -0.991357 0.13119 -0.000179
vn -0.988832 0.149035 0.00027
vn -0.984882 0.173228 -0.000202
vn -0.980171 0.198152 0.000267
vn -0.977561 0.210654 -5.7e-05
vn -0.969073 0.246774 0.000196
vn -0.969967 0.243236 7.5e-05
vn -0.955578 0.294737 0.000243
vn -0.959778 0.280758 -0.000165
vn -0.939687 0.342035 0.000264
vn -0.946399 0.322999 -0.000203
vn -0.921475 0.388439 0.00026
vn -0.93102 0.364969 -0.000213
vn -0.900969 0.433883 0.000237
vn -0.913644 0.406515 -0.000203
vn -0.878223 0.478252 0.000199
vn -0.894295 0.447479 -0.000175
vn -0.85329 0.521436 0.00015
vn -0.87296 0.487791 -0.000134
vn -0.826252 0.5633 9.1e-05
vn -0.849645 0.527355 -8.3e-05
vn -0.797127 0.603812 2.5e-05
vn -0.824456 0.565926 -2.5e-05
vn -0.797383 0.603474 4.1e-05
vn -0.76605 0.642781 9.7e-05
vn -0.768558 0.63978 -3.9e-05
vn -0.733038 0.680188 0.000141
vn -0.737974 0.674829 -8.9e-05
vn -0.698246 0.715858 0.000175
vn -0.705778 0.708433 -0.000129
vn -0.661681 0.749785 0.000201
vn -0.672091 0.740468 -0.000159
vn -0.623493 0.781829 0.000218
vn -0.636953 0.770902 -0.000179
vn -0.583739 0.811941 0.000225
vn -0.600545 0.799591 -0.000191
vn -0.542547 0.840025 0.000224
vn -0.562999 0.826458 -0.000193
vn -0.500013 0.866018 0.000211
vn -0.524401 0.851472 -0.000184
vn -0.4562 0.889877 0.000185
vn -0.484941 0.874547 -0.000163
vn -0.411287 0.911506 0.000145
vn -0.444711 0.895674 -0.000128
vn -0.365339 0.930875 8.6e-05
vn -0.403878 0.914813 -7.6e-05
vn -0.362547 0.931965 -5e-06
vn -0.318485 0.947928 8e-05
vn -0.320862 0.947126 5e-06
vn -0.278979 0.960297 -6.9e-05
vn -0.270845 0.962623 0.000145
vn -0.236955 0.971521 -0.00012
vn -0.222524 0.974927 0.000187
vn -0.194885 0.980826 -0.000145
vn -0.173637 0.98481 0.0002
vn -0.152815 0.988255 -0.000139
vn -0.124355 0.992238 0.00018
vn -0.111593 0.993754 -8.5e-05
vn -0.074731 0.997204 0.000108
vn -0.072369 0.997378 4.6e-05
vn -0.040048 0.999198 -2.6e-05
vn -0.024926 0.999689 0.000191
vn -0.013316 0.999911 0.0
vn 0.024921 0.999689 0.0
vn 0.024921 0.999689 0.0
vn 0.074737 0.997203 0.0
vn 0.074737 0.997203 0.0
vn 0.124342 0.992239 0.0
vn 0.124342 0.992239 0.0
vn 0.173644 0.984809 0.0
vn 0.173644 0.984809 0.0
vn 0.22252 0.974928 0.0
vn 0.22252 0.974928 0.0
vn 0.270841 0.962624 0.0
vn 0.318492 0.947926 0.0
vn 0.270841 0.962624 0.0
vn 0.318492 0.947926 0.0
vn 0.365335 0.930876 0.0
vn 0.365335 0.930876 0.0
vn 0.411291 0.911504 0.0
vn 0.411291 0.911504 0.0
vn 0.456211 0.889872 0.0
vn 0.456211 0.889872 0.0
vn 0.5 0.866026 0.0
vn 0.5 0.866026 0.0
vn 0.542543 0.840028 0.0
vn 0.542543 0.840028 0.0
vn 0.583748 0.811935 0.0
vn 0.583748 0.811935 0.0
vn 0.623489 0.781832 0.0
vn 0.623489 0.781832 0.0
vn 0.661686 0.749781 0.0
vn 0.661686 0.749781 0.0
vn 0.698241 0.715863 0.0
vn 0.698241 0.715863 0.0
vn 0.733045 0.68018 0.0
vn 0.733045 0.68018 0.0
vn 0.766047 0.642785 0.0
vn 0.766047 0.642785 0.0
vn 0.79713 0.603808 0.0
vn 0.79713 0.603808 0.0
vn 0.826244 0.563313 0.0
vn 0.826244 0.563313 0.0
vn 0.853287 0.521441 0.0
vn 0.878221 0.478254 0.0
vn 0.853287 0.521441 0.0
vn 0.878221 0.478254 0.0
vn 0.900973 0.433875 0.0
vn 0.900973 0.433875 0.0
vn 0.921475 0.388439 0.0
vn 0.921475 0.388439 0.0
vn 0.939693 0.342019 0.0
vn 0.955571 0.294761 0.0
vn 0.939693 0.342019 0.0
vn 0.969079 0.24675 0.0
vn 0.955571 0.294761 0.0
vn 0.969079 0.24675 0.0
vn 0.980171 0.198151 0.0
vn 0.980171 0.198151 0.0
vn 0.988832 0.149036 0.0
vn 0.988832 0.149036 0.0
vn 0.995031 0.099571 0.0
vn 0.995031 0.099571 0.0
vn 0.998757 0.049842 0.0
vn 0.998757 0.049842 0.0
vn 1.0 0.0 0.0
vn 1.0 0.0 0.0
vn 0.998757 -0.049842 0.0
vn 0.998757 -0.049842 0.0
vn 0.995031 -0.099571 0.0
vn 0.995031 -0.099571 0.0
vn 0.988832 -0.149036 0.0
vn 0.988832 -0.149036 0.0
vn 0.980172 -0.19815 0.0
vn 0.980172 -0.19815 0.0
vn 0.969079 -0.246752 0.0
vn 0.969079 -0.246752 0.0
vn 0.955571 -0.294761 0.0
vn 0.955571 -0.294761 0.0
vn 0.939693 -0.342019 0.0
vn 0.939693 -0.342019 0.0
vn 0.921475 -0.388437 0.0
vn 0.921475 -0.388437 0.0
vn 0.900971 -0.43388 0.0
vn 0.900971 -0.43388 0.0
vn 0.878223 -0.478252 0.0
vn 0.878223 -0.478252 0.0
vn 0.853287 -0.521441 0.0
vn 0.853287 -0.521441 0.0
vn 0.826244 -0.563313 0.0
vn 0.826244 -0.563313 0.0
vn 0.79713 -0.603808 0.0
vn 0.79713 -0.603808 0.0
vn 0.766044 -0.642788 0.0
vn 0.766044 -0.642788 0.0
vn 0.733051 -0.680174 0.0
vn 0.733051 -0.680174 0.0
vn 0.698241 -0.715863 0.0
vn 0.698241 -0.715863 0.0
vn 0.661683 -0.749784 0.0
vn 0.661683 -0.749784 0.0
vn 0.623493 -0.781829 0.0
vn 0.623493 -0.781829 0.0
vn 0.58374 -0.811941 0.0
vn 0.58374 -0.811941 0.0
vn 0.542548 -0.840025 0.0
vn 0.5 -0.866026 0.0
vn 0.542548 -0.840025 0.0
vn 0.5 -0.866026 0.0
vn 0.456211 -0.889872 0.0
vn 0.456211 -0.889872 0.0
vn 0.411285 -0.911507 0.0
vn 0.411285 -0.911507 0.0
vn 0.36534 -0.930874 0.0
vn 0.36534 -0.930874 0.0
vn 0.318492 -0.947926 0.0
vn 0.318492 -0.947926 0.0
vn 0.270835 -0.962626 0.0
vn 0.270835 -0.962626 0.0
vn 0.22252 -0.974928 0.0
vn 0.22252 -0.974928 0.0
vn 0.17365 -0.984807 0.0
vn 0.17365 -0.984807 0.0
vn 0.124342 -0.992239 0.0
vn 0.124342 -0.992239 0.0
vn 0.074731 -0.997204 0.0
vn 0.074731 -0.997204 0.0
vn 0.024934 -0.999689 0.0
vn 0.024934 -0.999689 0.0
vn -0.024934 -0.999689 0.0
vn -0.024934 -0.999689 -0.0
vn -0.074731 -0.997204 0.0
vn -0.074731 -0.997204 -0.0
vn -0.124342 -0.992239 0.0
vn -0.124342 -0.992239 -0.0
vn -0.17365 -0.984807 0.0
vn -0.17365 -0.984807 -0.0
vn -0.22252 -0.974928 0.0
vn -0.22252 -0.974928 -0.0
vn -0.270835 -0.962626 0.0
vn -0.270835 -0.962626 -0.0
vn -0.318492 -0.947926 0.0
vn -0.318492 -0.947926 -0.0
vn -0.36534 -0.930874 0.0
vn -0.36534 -0.930874 -0.0
vn -0.411285 -0.911507 0.0
vn -0.411285 -0.911507 -0.0
vn -0.456211 -0.889872 0.0
vn -0.456211 -0.889872 -0.0
vn -0.5 -0.866026 0.0
vn -0.5 -0.866026 -0.0
vn -0.542548 -0.840025 0.0
vn -0.542548 -0.840025 -0.0
vn -0.58374 -0.811941 0.0
vn -0.58374 -0.811941 -0.0
vn -0.623493 -0.781829 0.0
vn -0.623493 -0.781829 -0.0
vn -0.661683 -0.749784 0.0
vn -0.661683 -0.749784 -0.0
vn -0.698241 -0.715863 0.0
vn -0.698241 -0.715863 -0.0
vn -0.733051 -0.680174 0.0
vn -0.733051 -0.680174 -0.0
vn -0.766044 -0.642788 0.0
vn -0.766044 -0.642788 -0.0
vn -0.79713 -0.603808 0.0
vn -0.79713 -0.603808 -0.0
vn -0.826244 -0.563313 -0.0
vn -0.826244 -0.563313 0.0
vn -0.853287 -0.521441 -0.0
vn -0.853287 -0.521441 0.0
vn -0.878223 -0.478252 -0.0
vn -0.878223 -0.478252 0.0
vn -0.900971 -0.43388 -0.0
vn -0.900971 -0.43388 0.0
vn -0.921475 -0.388437 -0.0
vn -0.921475 -0.388437 0.0
vn -0.939693 -0.342019 0.0
vn -0.939693 -0.342019 -0.0
vn -0.955571 -0.294761 0.0
vn -0.955571 -0.294761 -0.0
vn -0.969079 -0.246752 -0.0
vn -0.969079 -0.246752 -0.0
vn -0.980172 -0.19815 0.0
vn -0.980172 -0.19815 -0.0
vn -0.988832 -0.149036 0.0
vn -0.988832 -0.149036 -0.0
vn -0.995031 -0.099571 0.0
vn -0.995031 -0.099571 -0.0
vn -0.998757 -0.049842 0.0
vn -0.998757 -0.049842 -0.0
vn -1.0 0.0 0.0
vn -1.0 0.0 0.0
vn -0.998757 0.049842 0.0
vn -0.998757 0.049842 0.0
vn -0.995031 0.099571 0.0
vn -0.995031 0.099571 0.0
vn -0.988832 0.149036 0.0
vn -0.988832 0.149036 0.0
vn -0.980171 0.198151 0.0
vn -0.980171 0.198151 0.0
vn -0.969079 0.24675 0.0
vn -0.969079 0.24675 0.0
vn -0.955571 0.294761 0.0
vn -0.955571 0.294761 0.0
vn -0.939693 0.342019 0.0
vn -0.939693 0.342019 0.0
vn -0.921475 0.388439 0.0
vn -0.921475 0.388439 0.0
vn -0.900973 0.433875 0.0
vn -0.900973 0.433875 0.0
vn -0.878221 0.478254 0.0
vn -0.878221 0.478254 0.0
vn -0.853287 0.521441 0.0
vn -0.853287 0.521441 0.0
vn -0.826244 0.563313 0.0
vn -0.826244 0.563313 0.0
vn -0.79713 0.603808 0.0
vn -0.79713 0.603808 0.0
vn -0.766047 0.642785 0.0
vn -0.766047 0.642785 0.0
vn -0.733045 0.68018 0.0
vn -0.733045 0.68018 0.0
vn -0.698241 0.715863 0.0
vn -0.698241 0.715863 0.0
vn -0.661686 0.749781 0.0
vn -0.661686 0.749781 0.0
vn -0.623489 0.781832 0.0
vn -0.623489 0.781832 0.0
vn -0.583748 0.811935 0.0
vn -0.583748 0.811935 0.0
vn -0.542543 0.840028 0.0
vn -0.542543 0.840028 0.0
vn -0.5 0.866026 0.0
vn -0.5 0.866026 0.0
vn -0.456211 0.889872 0.0
vn -0.456211 0.889872 0.0
vn -0.411291 0.911504 0.0
vn -0.411291 0.911504 0.0
vn -0.365335 0.930876 0.0
vn -0.365335 0.930876 0.0
vn -0.318492 0.947926 0.0
vn -0.318492 0.947926 0.0
vn -0.270841 0.962624 0.0
vn -0.270841 0.962624 0.0
vn -0.22252 0.974928 0.0
vn -0.22252 0.974928 0.0
vn -0.173644 0.984809 0.0
vn -0.173644 0.984809 0.0
vn -0.124342 0.992239 0.0
vn -0.124342 0.992239 0.0
vn -0.074737 0.997203 0.0
vn -0.024921 0.999689 0.0
vn -0.074737 0.997203 0.0
vn -0.024921 0.999689 0.0
vn 0.024921 0.999689 0.0
vn 0.024921 0.999689 0.0
vn 0.074737 0.997203 0.0
vn 0.074737 0.997203 0.0
vn 0.124342 0.992239 0.0
vn 0.124342 0.992239 0.0
vn 0.173644 0.984809 0.0
vn 0.173644 0.984809 0.0
vn 0.22252 0.974928 0.0
vn 0.22252 0.974928 0.0
vn 0.270841 0.962624 0.0
vn 0.318492 0.947926 0.0
vn 0.270841 0.962624 0.0
vn 0.318492 0.947926 0.0
vn 0.365335 0.930876 0.0
vn 0.365335 0.930876 0.0
vn 0.411291 0.911504 0.0
vn 0.411291 0.911504 0.0
vn 0.456211 0.889872 0.0
vn 0.5 0.866026 0.0
vn 0.456211 0.889872 0.0
vn 0.5 0.866026 0.0
vn 0.542543 0.840028 0.0
vn 0.542543 0.840028 0.0
vn 0.583748 0.811935 0.0
vn 0.583748 0.811935 0.0
vn 0.623489 0.781832 0.0
vn 0.623489 0.781832 0.0
vn 0.661686 0.749781 0.0
vn 0.661686 0.749781 0.0
vn 0.698241 0.715863 0.0
vn 0.698241 0.715863 0.0
vn 0.733045 0.68018 0.0
vn 0.766047 0.642785 0.0
vn 0.733045 0.68018 0.0
vn 0.766047 0.642785 0.0
vn 0.79713 0.603808 0.0
vn 0.79713 0.603808 0.0
vn 0.826244 0.563313 0.0
vn 0.853287 0.521441 0.0
vn 0.826244 0.563313 0.0
vn 0.878221 0.478254 0.0
vn 0.853287 0.521441 0.0
vn 0.878221 0.478254 0.0
vn 0.900973 0.433875 0.0
vn 0.900973 0.433875 0.0
vn 0.921475 0.388439 0.0
vn 0.921475 0.388439 0.0
vn 0.939693 0.342019 0.0
vn 0.939693 0.342019 0.0
vn 0.955571 0.294761 0.0
vn 0.955571 0.294761 0.0
vn 0.969079 0.24675 0.0
vn 0.969079 0.24675 0.0
vn 0.980171 0.198151 0.0
vn 0.980171 0.198151 0.0
vn 0.988832 0.149036 0.0
vn 0.988832 0.149036 0.0
vn 0.995031 0.099571 0.0
vn 0.995031 0.099571 0.0
vn 0.998757 0.049842 0.0
vn 0.998757 0.049842 0.0
vn 1.0 0.0 0.0
vn 0.998757 -0.049842 0.0
vn 1.0 0.0 0.0
vn 0.998757 -0.049842 0.0
vn 0.995031 -0.099571 0.0
vn 0.995031 -0.099571 0.0
vn 0.988832 -0.149036 0.0
vn 0.988832 -0.149036 0.0
vn 0.980172 -0.19815 0.0
vn 0.980172 -0.19815 0.0
vn 0.969079 -0.246752 0.0
vn 0.969079 -0.246752 0.0
vn 0.955571 -0.294761 0.0
vn 0.955571 -0.294761 0.0
vn 0.939693 -0.342019 0.0
vn 0.939693 -0.342019 0.0
vn 0.921475 -0.388437 0.0
vn 0.921475 -0.388437 0.0
vn 0.900971 -0.43388 0.0
vn 0.900971 -0.43388 0.0
vn 0.878223 -0.478252 0.0
vn 0.878223 -0.478252 0.0
vn 0.853287 -0.521441 0.0
vn 0.853287 -0.521441 0.0
vn 0.826244 -0.563313 0.0
vn 0.826244 -0.563313 0.0
vn 0.79713 -0.603808 0.0
vn 0.79713 -0.603808 0.0
vn 0.766044 -0.642788 0.0
vn 0.766044 -0.642788 0.0
vn 0.733051 -0.680174 0.0
vn 0.733051 -0.680174 0.0
vn 0.698241 -0.715863 0.0
vn 0.698241 -0.715863 0.0
vn 0.661683 -0.749784 0.0
vn 0.661683 -0.749784 0.0
vn 0.623493 -0.781829 0.0
vn 0.623493 -0.781829 0.0
vn 0.58374 -0.811941 0.0
vn 0.58374 -0.811941 0.0
vn 0.542548 -0.840025 0.0
vn 0.5 -0.866026 0.0
vn 0.542548 -0.840025 0.0
vn 0.5 -0.866026 0.0
vn 0.456211 -0.889872 0.0
vn 0.456211 -0.889872 0.0
vn 0.411285 -0.911507 0.0
vn 0.411285 -0.911507 0.0
vn 0.36534 -0.930874 0.0
vn 0.36534 -0.930874 0.0
vn 0.318492 -0.947926 0.0
vn 0.318492 -0.947926 0.0
vn 0.270835 -0.962626 0.0
vn 0.270835 -0.962626 0.0
vn 0.22252 -0.974928 0.0
vn 0.22252 -0.974928 0.0
vn 0.17365 -0.984807 0.0
vn 0.17365 -0.984807 0.0
vn 0.124342 -0.992239 0.0
vn 0.124342 -0.992239 0.0
vn 0.074731 -0.997204 0.0
vn 0.074731 -0.997204 0.0
vn 0.024934 -0.999689 0.0
vn 0.024934 -0.999689 0.0
vn -0.024934 -0.999689 0.0
vn -0.024934 -0.999689 -0.0
vn -0.074731 -0.997204 0.0
vn -0.074731 -0.997204 -0.0
vn -0.124342 -0.992239 0.0
vn -0.124342 -0.992239 -0.0
vn -0.17365 -0.984807 0.0
vn -0.17365 -0.984807 -0.0
vn -0.22252 -0.974928 0.0
vn -0.22252 -0.974928 -0.0
vn -0.270835 -0.962626 0.0
vn -0.270835 -0.962626 -0.0
vn -0.318492 -0.947926 0.0
vn -0.318492 -0.947926 -0.0
vn -0.36534 -0.930874 0.0
vn -0.36534 -0.930874 -0.0
vn -0.411285 -0.911507 0.0
vn -0.411285 -0.911507 -0.0
vn -0.456211 -0.889872 0.0
vn -0.456211 -0.889872 -0.0
vn -0.5 -0.866026 0.0
vn -0.5 -0.866026 -0.0
vn -0.542548 -0.840025 0.0
vn -0.542548 -0.840025 -0.0
vn -0.58374 -0.811941 0.0
vn -0.58374 -0.811941 -0.0
vn -0.623493 -0.781829 0.0
vn -0.623493 -0.781829 -0.0
vn -0.661683 -0.749784 0.0
vn -0.661683 -0.749784 -0.0
vn -0.698241 -0.715863 0.0
vn -0.698241 -0.715863 -0.0
vn -0.733051 -0.680174 0.0
vn -0.733051 -0.680174 -0.0
vn -0.766044 -0.642788 0.0
vn -0.766044 -0.642788 -0.0
vn -0.79713 -0.603808 0.0
vn -0.79713 -0.603808 -0.0
vn -0.826244 -0.563313 -0.0
vn -0.826244 -0.563313 0.0
vn -0.853287 -0.521441 -0.0
vn -0.853287 -0.521441 0.0
vn -0.878223 -0.478252 -0.0
vn -0.878223 -0.478252 0.0
vn -0.900971 -0.43388 -0.0
vn -0.900971 -0.43388 0.0
vn -0.921475 -0.388437 -0.0
vn -0.921475 -0.388437 0.0
vn -0.939693 -0.342019 0.0
vn -0.939693 -0.342019 -0.0
vn -0.955571 -0.294761 0.0
vn -0.955571 -0.294761 -0.0
vn -0.969079 -0.246752 0.0
vn -0.969079 -0.246752 -0.0
vn -0.980172 -0.19815 0.0
vn -0.980172 -0.19815 -0.0
vn -0.988832 -0.149036 0.0
vn -0.988832 -0.149036 -0.0
vn -0.995031 -0.099571 0.0
vn -0.995031 -0.099571 -0.0
vn -0.998757 -0.049842 0.0
vn -0.998757 -0.049842 -0.0
vn -1.0 0.0 0.0
vn -1.0 0.0 0.0
vn -0.998757 0.049842 0.0
vn -0.998757 0.049842 0.0
vn -0.995031 0.099571 0.0
vn -0.995031 0.099571 0.0
vn -0.988832 0.149036 0.0
vn -0.988832 0.149036 0.0
vn -0.980171 0.198151 0.0
vn -0.980171 0.198151 0.0
vn -0.969079 0.24675 0.0
vn -0.969079 0.24675 0.0
vn -0.955571 0.294761 0.0
vn -0.955571 0.294761 0.0
vn -0.939693 0.342019 0.0
vn -0.939693 0.342019 0.0
vn -0.921475 0.388439 0.0
vn -0.921475 0.388439 0.0
vn -0.900973 0.433875 0.0
vn -0.900973 0.433875 0.0
vn -0.878221 0.478254 0.0
vn -0.878221 0.478254 0.0
vn -0.853287 0.521441 0.0
vn -0.853287 0.521441 0.0
vn -0.826244 0.563313 0.0
vn -0.826244 0.563313 0.0
vn -0.79713 0.603808 0.0
vn -0.79713 0.603808 0.0
vn -0.766047 0.642785 0.0
vn -0.766047 0.642785 0.0
vn -0.733045 0.68018 0.0
vn -0.733045 0.68018 0.0
vn -0.698241 0.715863 0.0
vn -0.698241 0.715863 0.0
vn -0.661686 0.749781 0.0
vn -0.661686 0.749781 0.0
vn -0.623489 0.781832 0.0
vn -0.623489 0.781832 0.0
vn -0.583748 0.811935 0.0
vn -0.583748 0.811935 0.0
vn -0.542543 0.840028 0.0
vn -0.542543 0.840028 0.0
vn -0.5 0.866026 0.0
vn -0.5 0.866026 0.0
vn -0.456211 0.889872 0.0
vn -0.456211 0.889872 0.0
vn -0.411291 0.911504 0.0
vn -0.411291 0.911504 0.0
vn -0.365335 0.930876 0.0
vn -0.365335 0.930876 0.0
vn -0.318492 0.947926 0.0
vn -0.318492 0.947926 0.0
vn -0.270841 0.962624 0.0
vn -0.270841 0.962624 0.0
vn -0.22252 0.974928 0.0
vn -0.22252 0.974928 0.0
vn -0.173644 0.984809 0.0
vn -0.173644 0.984809 0.0
vn -0.124342 0.992239 0.0
vn -0.124342 0.992239 0.0
vn -0.074737 0.997203 0.0
vn -0.074737 0.997203 0.0
vn -0.024921 0.999689 0.0
vn -0.024921 0.999689 0.0
vn -0.701489 0.017223 -0.712472
vn -0.705297 0.052024 -0.707
vn -0.701895 0.08657 -0.707
vn -0.696801 0.120906 -0.707001
vn -0.690029 0.154951 -0.707001
vn -0.69672 0.103351 -0.709859
vn -0.681595 0.188622 -0.707
vn -0.671518 0.221843 -0.707001
vn -0.683236 0.171139 -0.709859
vn -0.659825 0.25452 -0.707001
vn -0.646541 0.286591 -0.707001
vn -0.66317 0.237288 -0.709859
vn -0.706681 0.034718 -0.70668
vn -0.6317 0.31797 -0.707001
vn -0.615335 0.348586 -0.707001
vn -0.63672 0.301144 -0.709859
vn -0.699875 0.103819 -0.70668
vn -0.699875 0.103819 -0.70668
vn -0.597492 0.378356 -0.707001
vn -0.578205 0.407221 -0.707001
vn -0.604136 0.362106 -0.709859
vn -0.686329 0.171914 -0.70668
vn -0.68633 0.171916 -0.70668
vn -0.557531 0.435097 -0.707
vn -0.535507 0.461934 -0.707
vn -0.565735 0.419577 -0.709859
vn -0.666173 0.238363 -0.70668
vn -0.666173 0.238361 -0.70668
vn -0.70668 0.034711 -0.706681
vn -0.706681 0.034718 -0.706681
vn -0.512197 0.487653 -0.707
vn -0.487653 0.512197 -0.707
vn -0.521885 0.473008 -0.709859
vn -0.639603 0.302509 -0.70668
vn -0.639603 0.302508 -0.70668
vn -0.699874 0.103815 -0.706681
vn -0.699875 0.103819 -0.70668
vn -0.473008 0.521885 -0.709859
vn -0.461932 0.535508 -0.707
vn -0.4351 0.557529 -0.707
vn -0.606872 0.363744 -0.70668
vn -0.606871 0.363745 -0.70668
vn -0.686329 0.171916 -0.706681
vn -0.686329 0.171917 -0.70668
vn -0.407218 0.578208 -0.707
vn -0.378358 0.597491 -0.707
vn -0.419576 0.565735 -0.709859
vn -0.568296 0.421476 -0.706681
vn -0.568296 0.421478 -0.70668
vn -0.524247 0.47515 -0.706681
vn -0.666173 0.238361 -0.70668
vn -0.639602 0.302509 -0.70668
vn -0.666173 0.23836 -0.706681
vn -0.706681 0.034712 -0.70668
vn -0.699875 0.103815 -0.70668
vn -0.348584 0.615337 -0.707
vn -0.31797 0.6317 -0.707
vn -0.362106 0.604136 -0.709859
vn -0.524247 0.47515 -0.706681
vn -0.639601 0.30251 -0.706681
vn -0.699874 0.103817 -0.706681
vn -0.286594 0.64654 -0.707001
vn -0.254523 0.659825 -0.707
vn -0.301146 0.63672 -0.709859
vn -0.47515 0.524247 -0.706681
vn -0.47515 0.524247 -0.706681
vn -0.606871 0.363743 -0.706681
vn -0.606871 0.363744 -0.706681
vn -0.686329 0.171917 -0.706681
vn -0.686329 0.171917 -0.706681
vn -0.666173 0.23836 -0.706681
vn -0.221838 0.67152 -0.707
vn -0.188622 0.681596 -0.707
vn -0.237287 0.663171 -0.709859
vn -0.421476 0.568297 -0.70668
vn -0.421478 0.568295 -0.706681
vn -0.568296 0.421475 -0.706681
vn -0.568295 0.421478 -0.70668
vn -0.666173 0.23836 -0.706681
vn -0.709132 0.017408 -0.704861
vn -0.705297 0.052024 -0.707
vn -0.701895 0.086569 -0.707
vn -0.70668 0.034723 -0.706681
vn -0.154954 0.690029 -0.707001
vn -0.171141 0.683236 -0.709858
vn -0.120906 0.696801 -0.707
vn -0.363744 0.606872 -0.70668
vn -0.363745 0.606871 -0.70668
vn -0.524247 0.47515 -0.70668
vn -0.524247 0.47515 -0.70668
vn -0.639602 0.302511 -0.70668
vn -0.639602 0.302508 -0.706681
vn -0.699875 0.103817 -0.70668
vn -0.696801 0.120909 -0.707
vn -0.690028 0.154959 -0.707
vn -0.700508 0.103907 -0.70604
vn -0.699875 0.103813 -0.706681
vn -0.08657 0.701895 -0.707
vn -0.052027 0.705297 -0.707
vn -0.01722 0.701488 -0.712473
vn -0.103349 0.69672 -0.709859
vn -0.302509 0.639602 -0.706681
vn -0.302509 0.639602 -0.70668
vn -0.47515 0.524247 -0.70668
vn -0.47515 0.524248 -0.70668
vn -0.606871 0.363744 -0.70668
vn -0.606871 0.363745 -0.70668
vn -0.681599 0.188611 -0.707
vn -0.67152 0.221838 -0.707
vn -0.686328 0.17192 -0.70668
vn -0.686948 0.172076 -0.70604
vn -0.686329 0.171917 -0.706681
vn -0.171916 0.686329 -0.70668
vn -0.238361 0.666173 -0.706681
vn -0.238361 0.666173 -0.70668
vn -0.421477 0.568295 -0.706681
vn -0.421476 0.568297 -0.70668
vn -0.568296 0.421476 -0.706681
vn -0.568296 0.421477 -0.706681
vn -0.666174 0.23836 -0.70668
vn -0.666777 0.238572 -0.706039
vn -0.659823 0.254527 -0.707001
vn -0.646538 0.286601 -0.707
vn -0.666175 0.238356 -0.706681
vn -0.171916 0.686329 -0.706681
vn -0.302509 0.639602 -0.706681
vn -0.363744 0.606871 -0.706681
vn -0.363743 0.606871 -0.706681
vn -0.524247 0.47515 -0.706681
vn -0.524246 0.47515 -0.706681
vn -0.640179 0.302784 -0.70604
vn -0.631699 0.317972 -0.707001
vn -0.639602 0.302508 -0.706681
vn -0.615343 0.348572 -0.707001
vn -0.639602 0.302511 -0.70668
vn -0.103817 0.699875 -0.70668
vn -0.034716 0.706681 -0.706681
vn -0.103817 0.699875 -0.706681
vn -0.302511 0.639602 -0.70668
vn -0.47515 0.524247 -0.706681
vn -0.421476 0.568296 -0.706681
vn -0.47515 0.524246 -0.706681
vn -0.60687 0.363745 -0.706681
vn -0.59749 0.378361 -0.707
vn -0.578205 0.407222 -0.707
vn -0.60687 0.363747 -0.70668
vn -0.607418 0.364076 -0.706039
vn -0.238361 0.666173 -0.706681
vn -0.23836 0.666174 -0.70668
vn -0.421477 0.568296 -0.706681
vn -0.557531 0.435098 -0.707
vn -0.535512 0.461927 -0.707001
vn -0.568296 0.421477 -0.70668
vn -0.568812 0.421854 -0.70604
vn -0.568298 0.421473 -0.706681
vn -0.171916 0.686329 -0.70668
vn -0.171917 0.686329 -0.706681
vn -0.363744 0.606872 -0.70668
vn -0.363745 0.606871 -0.706681
vn -0.524247 0.47515 -0.70668
vn -0.512189 0.48766 -0.707001
vn -0.48766 0.512189 -0.707001
vn -0.524721 0.47558 -0.70604
vn -0.524247 0.475151 -0.70668
vn -0.103815 0.699875 -0.70668
vn -0.034718 0.706681 -0.706681
vn -0.034715 0.70668 -0.706681
vn -0.103817 0.699874 -0.706681
vn -0.23836 0.666173 -0.706681
vn -0.302508 0.639603 -0.70668
vn -0.30251 0.639601 -0.706681
vn -0.47515 0.524247 -0.70668
vn -0.461927 0.535512 -0.707001
vn -0.435098 0.557531 -0.707
vn -0.475151 0.524247 -0.70668
vn -0.47558 0.524721 -0.70604
vn -0.23836 0.666173 -0.706681
vn -0.171917 0.686329 -0.706681
vn -0.421477 0.568295 -0.706681
vn -0.407222 0.578205 -0.707
vn -0.378361 0.59749 -0.707
vn -0.421473 0.568299 -0.70668
vn -0.421854 0.568812 -0.70604
vn -0.171917 0.686329 -0.706681
vn -0.363745 0.606871 -0.706681
vn -0.364076 0.607418 -0.706039
vn -0.302508 0.639602 -0.706681
vn -0.363747 0.606869 -0.706681
vn -0.348572 0.615343 -0.707001
vn -0.317972 0.631699 -0.707001
vn -0.103815 0.699875 -0.70668
vn -0.034712 0.706681 -0.70668
vn -0.103817 0.699874 -0.706681
vn -0.302784 0.640179 -0.70604
vn -0.302511 0.639602 -0.70668
vn -0.286601 0.646538 -0.707
vn -0.254527 0.659823 -0.707001
vn -0.238572 0.666777 -0.706039
vn -0.238357 0.666175 -0.70668
vn -0.221838 0.67152 -0.707
vn -0.188611 0.681599 -0.707
vn -0.23836 0.666173 -0.706681
vn -0.17192 0.686328 -0.706681
vn -0.171917 0.686329 -0.70668
vn -0.172076 0.686948 -0.70604
vn -0.154959 0.690028 -0.707
vn -0.120909 0.696801 -0.707
vn -0.034723 0.70668 -0.706681
vn -0.103817 0.699875 -0.706681
vn -0.103813 0.699876 -0.70668
vn -0.103907 0.700508 -0.70604
vn -0.086569 0.701895 -0.707
vn -0.052024 0.705297 -0.707
vn -0.017408 0.709132 -0.704861
vn -0.707107 0.0 -0.707107
vn -0.707107 0.0 -0.707107
vn -0.01722 -0.701488 -0.712473
vn -0.052027 -0.705297 -0.707
vn -0.08657 -0.701895 -0.707
vn -0.120906 -0.696801 -0.707
vn -0.154954 -0.690029 -0.707001
vn -0.103349 -0.69672 -0.709859
vn -0.188622 -0.681596 -0.707
vn -0.221838 -0.67152 -0.707
vn -0.171141 -0.683236 -0.709858
vn -0.254523 -0.659825 -0.707
vn -0.286594 -0.64654 -0.707001
vn -0.237287 -0.663171 -0.709859
vn -0.034716 -0.706681 -0.706681
vn -0.31797 -0.6317 -0.707
vn -0.348584 -0.615337 -0.707
vn -0.301146 -0.63672 -0.709859
vn -0.103817 -0.699875 -0.706681
vn -0.103817 -0.699875 -0.706681
vn -0.378358 -0.597491 -0.707
vn -0.407218 -0.578208 -0.707
vn -0.362106 -0.604136 -0.709859
vn -0.238361 -0.666173 -0.706681
vn -0.171916 -0.686329 -0.70668
vn -0.171916 -0.686329 -0.706681
vn -0.4351 -0.557529 -0.707
vn -0.461932 -0.535508 -0.707
vn -0.419576 -0.565735 -0.709859
vn -0.238361 -0.666173 -0.706681
vn -0.034715 -0.70668 -0.706681
vn -0.034718 -0.706681 -0.706681
vn -0.487653 -0.512197 -0.707
vn -0.512197 -0.487653 -0.707
vn -0.473008 -0.521885 -0.709859
vn -0.302509 -0.639602 -0.70668
vn -0.302509 -0.639602 -0.706681
vn -0.103815 -0.699875 -0.706681
vn -0.103817 -0.699875 -0.70668
vn -0.535507 -0.461934 -0.707
vn -0.557531 -0.435097 -0.707
vn -0.521885 -0.473008 -0.709859
vn -0.363745 -0.606871 -0.70668
vn -0.363744 -0.606872 -0.70668
vn -0.171916 -0.686329 -0.706681
vn -0.171917 -0.686329 -0.70668
vn -0.578205 -0.407221 -0.707001
vn -0.597492 -0.378356 -0.707001
vn -0.565735 -0.419577 -0.709859
vn -0.421476 -0.568296 -0.706681
vn -0.47515 -0.524247 -0.706681
vn -0.421478 -0.568296 -0.70668
vn -0.23836 -0.666173 -0.706681
vn -0.238361 -0.666173 -0.70668
vn -0.034712 -0.706681 -0.70668
vn -0.615335 -0.348586 -0.707001
vn -0.6317 -0.31797 -0.707001
vn -0.604136 -0.362106 -0.709859
vn -0.47515 -0.524247 -0.706681
vn -0.302509 -0.639602 -0.706681
vn -0.302511 -0.639602 -0.70668
vn -0.103815 -0.699875 -0.706681
vn -0.103817 -0.699875 -0.70668
vn -0.646541 -0.286591 -0.707001
vn -0.659825 -0.25452 -0.707001
vn -0.63672 -0.301144 -0.709859
vn -0.524247 -0.47515 -0.706681
vn -0.524247 -0.47515 -0.706681
vn -0.363744 -0.606871 -0.706681
vn -0.363743 -0.606871 -0.706681
vn -0.171917 -0.686329 -0.706681
vn -0.23836 -0.666173 -0.706681
vn -0.171917 -0.686329 -0.706681
vn -0.671518 -0.221843 -0.707001
vn -0.681595 -0.188622 -0.707
vn -0.66317 -0.237288 -0.709859
vn -0.568295 -0.421478 -0.706681
vn -0.568297 -0.421476 -0.70668
vn -0.421475 -0.568296 -0.706681
vn -0.421478 -0.568295 -0.70668
vn -0.23836 -0.666173 -0.706681
vn -0.017408 -0.709132 -0.704861
vn -0.052024 -0.705297 -0.707
vn -0.086569 -0.701895 -0.707
vn -0.034723 -0.70668 -0.706681
vn -0.690029 -0.154951 -0.707001
vn -0.696801 -0.120906 -0.707001
vn -0.683236 -0.171139 -0.709859
vn -0.606871 -0.363745 -0.70668
vn -0.606872 -0.363744 -0.70668
vn -0.47515 -0.524247 -0.70668
vn -0.47515 -0.524247 -0.70668
vn -0.363744 -0.606872 -0.70668
vn -0.302508 -0.639602 -0.706681
vn -0.302511 -0.639602 -0.70668
vn -0.171917 -0.686329 -0.70668
vn -0.103907 -0.700508 -0.70604
vn -0.103813 -0.699875 -0.706681
vn -0.120909 -0.696801 -0.707
vn -0.154959 -0.690028 -0.707
vn -0.103817 -0.699875 -0.70668
vn -0.701895 -0.08657 -0.707
vn -0.705297 -0.052024 -0.707
vn -0.701489 -0.017223 -0.712472
vn -0.69672 -0.103351 -0.709859
vn -0.639603 -0.302508 -0.70668
vn -0.639602 -0.302509 -0.70668
vn -0.524247 -0.47515 -0.70668
vn -0.524248 -0.47515 -0.70668
vn -0.363745 -0.606871 -0.706681
vn -0.421476 -0.568296 -0.706681
vn -0.17192 -0.686328 -0.706681
vn -0.172076 -0.686948 -0.70604
vn -0.188611 -0.681599 -0.707
vn -0.221838 -0.67152 -0.707
vn -0.666173 -0.238361 -0.70668
vn -0.666173 -0.238363 -0.70668
vn -0.568295 -0.421477 -0.706681
vn -0.606871 -0.363743 -0.706681
vn -0.568297 -0.421476 -0.70668
vn -0.421477 -0.568295 -0.706681
vn -0.47515 -0.524247 -0.706681
vn -0.23836 -0.666174 -0.70668
vn -0.254527 -0.659823 -0.707001
vn -0.286601 -0.646538 -0.707
vn -0.238356 -0.666175 -0.706681
vn -0.238572 -0.666777 -0.706039
vn -0.68633 -0.171914 -0.70668
vn -0.686329 -0.171916 -0.70668
vn -0.606871 -0.363744 -0.706681
vn -0.47515 -0.524246 -0.706681
vn -0.302511 -0.639602 -0.70668
vn -0.363745 -0.606871 -0.706681
vn -0.317972 -0.631699 -0.707001
vn -0.348572 -0.615343 -0.707001
vn -0.302784 -0.640179 -0.70604
vn -0.302508 -0.639602 -0.706681
vn -0.706681 -0.034718 -0.70668
vn -0.699875 -0.103819 -0.70668
vn -0.699875 -0.103819 -0.70668
vn -0.639602 -0.302509 -0.70668
vn -0.639601 -0.30251 -0.706681
vn -0.524246 -0.47515 -0.706681
vn -0.524247 -0.47515 -0.706681
vn -0.378361 -0.59749 -0.707
vn -0.407222 -0.578205 -0.707
vn -0.364076 -0.607418 -0.706039
vn -0.363747 -0.606869 -0.706681
vn -0.666173 -0.238361 -0.706681
vn -0.686329 -0.171916 -0.706681
vn -0.666174 -0.23836 -0.70668
vn -0.568296 -0.421476 -0.706681
vn -0.568295 -0.421477 -0.706681
vn -0.421477 -0.568296 -0.70668
vn -0.435098 -0.557531 -0.707
vn -0.461927 -0.535512 -0.707001
vn -0.421473 -0.568298 -0.706681
vn -0.421854 -0.568812 -0.70604
vn -0.686329 -0.171917 -0.70668
vn -0.606872 -0.363744 -0.70668
vn -0.639602 -0.302511 -0.70668
vn -0.606871 -0.363745 -0.706681
vn -0.47515 -0.524247 -0.70668
vn -0.48766 -0.512189 -0.707001
vn -0.512189 -0.48766 -0.707001
vn -0.47558 -0.524721 -0.70604
vn -0.475151 -0.524247 -0.70668
vn -0.699875 -0.103815 -0.70668
vn -0.706681 -0.034718 -0.706681
vn -0.699874 -0.103819 -0.706681
vn -0.70668 -0.034711 -0.706681
vn -0.639602 -0.302508 -0.706681
vn -0.666173 -0.23836 -0.706681
vn -0.524721 -0.47558 -0.70604
vn -0.524247 -0.47515 -0.70668
vn -0.535512 -0.461927 -0.707001
vn -0.557531 -0.435098 -0.707
vn -0.524247 -0.475151 -0.70668
vn -0.666173 -0.23836 -0.706681
vn -0.568295 -0.421477 -0.706681
vn -0.60687 -0.363745 -0.706681
vn -0.568299 -0.421473 -0.70668
vn -0.578205 -0.407222 -0.707
vn -0.59749 -0.378361 -0.707
vn -0.568812 -0.421854 -0.70604
vn -0.686329 -0.171917 -0.706681
vn -0.699875 -0.103815 -0.706681
vn -0.686329 -0.171917 -0.706681
vn -0.60687 -0.363747 -0.70668
vn -0.615343 -0.348572 -0.707001
vn -0.631699 -0.317972 -0.707001
vn -0.607418 -0.364076 -0.706039
vn -0.699875 -0.103817 -0.70668
vn -0.706681 -0.034712 -0.70668
vn -0.640179 -0.302784 -0.70604
vn -0.639603 -0.302508 -0.70668
vn -0.639601 -0.302511 -0.706681
vn -0.646538 -0.286601 -0.707
vn -0.659823 -0.254527 -0.707001
vn -0.666174 -0.23836 -0.70668
vn -0.686329 -0.171917 -0.706681
vn -0.666175 -0.238356 -0.706681
vn -0.67152 -0.221838 -0.707
vn -0.681599 -0.188611 -0.707
vn -0.666777 -0.238572 -0.706039
vn -0.686948 -0.172076 -0.70604
vn -0.686328 -0.17192 -0.70668
vn -0.690028 -0.154959 -0.707
vn -0.696801 -0.120909 -0.707
vn -0.699875 -0.103817 -0.706681
vn -0.70668 -0.034723 -0.706681
vn -0.699876 -0.103813 -0.70668
vn -0.700508 -0.103907 -0.70604
vn -0.701895 -0.086569 -0.707
vn -0.705297 -0.052024 -0.707
vn -0.709132 -0.017408 -0.704861
vn 0.0 -0.707107 -0.707107
vn -0.0 -0.707107 -0.707107
vn 0.701489 -0.017223 -0.712472
vn 0.705297 -0.052024 -0.707
vn 0.701895 -0.08657 -0.707
vn 0.696801 -0.120906 -0.707001
vn 0.690029 -0.154951 -0.707001
vn 0.69672 -0.103351 -0.709859
vn 0.681595 -0.188622 -0.707
vn 0.671518 -0.221843 -0.707001
vn 0.683236 -0.171139 -0.709859
vn 0.659825 -0.25452 -0.707001
vn 0.646541 -0.286591 -0.707001
vn 0.66317 -0.237288 -0.709859
vn 0.706681 -0.034718 -0.70668
vn 0.6317 -0.31797 -0.707001
vn 0.615335 -0.348586 -0.707001
vn 0.63672 -0.301144 -0.709859
vn 0.699875 -0.103819 -0.70668
vn 0.699875 -0.103819 -0.70668
vn 0.597492 -0.378356 -0.707001
vn 0.578205 -0.407221 -0.707001
vn 0.604136 -0.362106 -0.709859
vn 0.686329 -0.171914 -0.70668
vn 0.68633 -0.171916 -0.70668
vn 0.557531 -0.435097 -0.707
vn 0.535507 -0.461934 -0.707
vn 0.565735 -0.419577 -0.709859
vn 0.666173 -0.238363 -0.70668
vn 0.666173 -0.238361 -0.70668
vn 0.70668 -0.034711 -0.706681
vn 0.706681 -0.034718 -0.706681
vn 0.512197 -0.487653 -0.707
vn 0.487653 -0.512197 -0.707
vn 0.521885 -0.473008 -0.709859
vn 0.639603 -0.302509 -0.70668
vn 0.639603 -0.302508 -0.70668
vn 0.699874 -0.103815 -0.706681
vn 0.699875 -0.103819 -0.70668
vn 0.461932 -0.535508 -0.707
vn 0.4351 -0.557529 -0.707
vn 0.473008 -0.521885 -0.709859
vn 0.606872 -0.363744 -0.70668
vn 0.606871 -0.363745 -0.70668
vn 0.686329 -0.171917 -0.70668
vn 0.686329 -0.171916 -0.706681
vn 0.407218 -0.578208 -0.707
vn 0.378358 -0.597491 -0.707
vn 0.419576 -0.565735 -0.709859
vn 0.568296 -0.421478 -0.70668
vn 0.568296 -0.421476 -0.706681
vn 0.666173 -0.238361 -0.70668
vn 0.666173 -0.23836 -0.706681
vn 0.639602 -0.302509 -0.70668
vn 0.706681 -0.034712 -0.70668
vn 0.348584 -0.615337 -0.707
vn 0.31797 -0.6317 -0.707
vn 0.362106 -0.604136 -0.709859
vn 0.524247 -0.47515 -0.706681
vn 0.524247 -0.47515 -0.706681
vn 0.639601 -0.30251 -0.706681
vn 0.606871 -0.363743 -0.706681
vn 0.699875 -0.103815 -0.706681
vn 0.699875 -0.103817 -0.70668
vn 0.301146 -0.63672 -0.709859
vn 0.286594 -0.64654 -0.707001
vn 0.254523 -0.659825 -0.707
vn 0.421476 -0.568296 -0.706681
vn 0.47515 -0.524247 -0.706681
vn 0.47515 -0.524247 -0.706681
vn 0.606871 -0.363744 -0.706681
vn 0.666173 -0.23836 -0.706681
vn 0.686329 -0.171917 -0.706681
vn 0.686329 -0.171917 -0.706681
vn 0.237287 -0.663171 -0.709859
vn 0.221838 -0.67152 -0.707
vn 0.188622 -0.681596 -0.707
vn 0.421478 -0.568296 -0.70668
vn 0.568296 -0.421475 -0.706681
vn 0.568295 -0.421478 -0.70668
vn 0.666173 -0.23836 -0.706681
vn 0.709132 -0.017408 -0.704861
vn 0.705297 -0.052024 -0.707
vn 0.701895 -0.086569 -0.707
vn 0.70668 -0.034723 -0.706681
vn 0.171141 -0.683236 -0.709858
vn 0.154954 -0.690029 -0.707001
vn 0.120906 -0.696801 -0.707
vn 0.363744 -0.606872 -0.70668
vn 0.363745 -0.606871 -0.70668
vn 0.47515 -0.524247 -0.70668
vn 0.524247 -0.47515 -0.70668
vn 0.524247 -0.47515 -0.70668
vn 0.639602 -0.302511 -0.70668
vn 0.639602 -0.302508 -0.706681
vn 0.699875 -0.103817 -0.70668
vn 0.700508 -0.103907 -0.70604
vn 0.696801 -0.120909 -0.707
vn 0.690028 -0.154959 -0.707
vn 0.699875 -0.103813 -0.706681
vn 0.08657 -0.701895 -0.707
vn 0.052027 -0.705297 -0.707
vn 0.01722 -0.701488 -0.712473
vn 0.103349 -0.69672 -0.709859
vn 0.238361 -0.666173 -0.706681
vn 0.302509 -0.639602 -0.70668
vn 0.302509 -0.639602 -0.706681
vn 0.47515 -0.524247 -0.70668
vn 0.606871 -0.363745 -0.70668
vn 0.606871 -0.363744 -0.70668
vn 0.568296 -0.421476 -0.706681
vn 0.686948 -0.172076 -0.70604
vn 0.686328 -0.17192 -0.70668
vn 0.666173 -0.23836 -0.706681
vn 0.681599 -0.188611 -0.707
vn 0.67152 -0.221838 -0.707
vn 0.686329 -0.171917 -0.706681
vn 0.238361 -0.666173 -0.70668
vn 0.421477 -0.568295 -0.706681
vn 0.421476 -0.568297 -0.70668
vn 0.524247 -0.47515 -0.706681
vn 0.568295 -0.421477 -0.706681
vn 0.666777 -0.238572 -0.706039
vn 0.659823 -0.254527 -0.707001
vn 0.646538 -0.286601 -0.707
vn 0.666175 -0.238357 -0.70668
vn 0.171916 -0.686329 -0.706681
vn 0.171916 -0.686329 -0.70668
vn 0.302509 -0.639602 -0.706681
vn 0.363744 -0.606871 -0.706681
vn 0.363743 -0.606871 -0.706681
vn 0.524246 -0.47515 -0.706681
vn 0.606871 -0.363745 -0.706681
vn 0.631699 -0.317972 -0.707001
vn 0.615343 -0.348572 -0.707001
vn 0.640179 -0.302784 -0.70604
vn 0.639602 -0.302511 -0.70668
vn 0.639602 -0.302508 -0.706681
vn 0.034716 -0.706681 -0.706681
vn 0.103817 -0.699875 -0.70668
vn 0.103817 -0.699875 -0.706681
vn 0.302511 -0.639602 -0.70668
vn 0.47515 -0.524247 -0.706681
vn 0.47515 -0.524246 -0.706681
vn 0.606869 -0.363747 -0.706681
vn 0.59749 -0.378361 -0.707
vn 0.578205 -0.407222 -0.707
vn 0.607418 -0.364076 -0.706039
vn 0.238361 -0.666173 -0.706681
vn 0.171916 -0.686329 -0.706681
vn 0.23836 -0.666174 -0.70668
vn 0.421477 -0.568295 -0.706681
vn 0.363744 -0.606871 -0.70668
vn 0.421476 -0.568296 -0.706681
vn 0.568296 -0.421477 -0.70668
vn 0.557531 -0.435098 -0.707
vn 0.535512 -0.461927 -0.707001
vn 0.568812 -0.421854 -0.70604
vn 0.568298 -0.421473 -0.706681
vn 0.171917 -0.686329 -0.70668
vn 0.103817 -0.699875 -0.70668
vn 0.363745 -0.606871 -0.70668
vn 0.512189 -0.48766 -0.707001
vn 0.48766 -0.512189 -0.707001
vn 0.524721 -0.47558 -0.70604
vn 0.524247 -0.475151 -0.70668
vn 0.524247 -0.47515 -0.70668
vn 0.103815 -0.699875 -0.706681
vn 0.034718 -0.706681 -0.706681
vn 0.034715 -0.70668 -0.706681
vn 0.23836 -0.666173 -0.706681
vn 0.30251 -0.639601 -0.706681
vn 0.302508 -0.639603 -0.70668
vn 0.475151 -0.524247 -0.70668
vn 0.47515 -0.524247 -0.70668
vn 0.461927 -0.535512 -0.707001
vn 0.435098 -0.557531 -0.707
vn 0.47558 -0.524721 -0.70604
vn 0.23836 -0.666173 -0.706681
vn 0.421854 -0.568812 -0.70604
vn 0.363745 -0.60687 -0.706681
vn 0.407222 -0.578205 -0.707
vn 0.378361 -0.59749 -0.707
vn 0.421477 -0.568295 -0.706681
vn 0.421473 -0.568299 -0.70668
vn 0.103815 -0.699875 -0.706681
vn 0.171917 -0.686329 -0.706681
vn 0.171917 -0.686329 -0.706681
vn 0.364076 -0.607418 -0.706039
vn 0.348572 -0.615343 -0.707001
vn 0.317972 -0.631699 -0.707001
vn 0.363747 -0.60687 -0.70668
vn 0.034712 -0.706681 -0.70668
vn 0.103817 -0.699875 -0.70668
vn 0.302508 -0.639603 -0.70668
vn 0.286601 -0.646538 -0.707
vn 0.254527 -0.659823 -0.707001
vn 0.302511 -0.639601 -0.706681
vn 0.302784 -0.640179 -0.70604
vn 0.23836 -0.666173 -0.706681
vn 0.238357 -0.666175 -0.70668
vn 0.221838 -0.67152 -0.707
vn 0.188611 -0.681599 -0.707
vn 0.238572 -0.666777 -0.706039
vn 0.171917 -0.686329 -0.70668
vn 0.103817 -0.699875 -0.70668
vn 0.172076 -0.686948 -0.70604
vn 0.17192 -0.686328 -0.706681
vn 0.154959 -0.690028 -0.707
vn 0.120909 -0.696801 -0.707
vn 0.034723 -0.70668 -0.706681
vn 0.103813 -0.699875 -0.706681
vn 0.103907 -0.700508 -0.70604
vn 0.086569 -0.701895 -0.707
vn 0.052024 -0.705297 -0.707
vn 0.017408 -0.709132 -0.704861
vn 0.707107 0.0 -0.707107
vn 0.707107 0.0 -0.707107
vn 0.01722 0.701488 -0.712473
vn 0.052027 0.705297 -0.707
vn 0.08657 0.701895 -0.707
vn 0.120906 0.696801 -0.707
vn 0.154954 0.690029 -0.707001
vn 0.103349 0.69672 -0.709859
vn 0.188622 0.681596 -0.707
vn 0.221838 0.67152 -0.707
vn 0.171141 0.683236 -0.709858
vn 0.254523 0.659825 -0.707
vn 0.286594 0.64654 -0.707001
vn 0.237287 0.663171 -0.709859
vn 0.034716 0.706681 -0.706681
vn 0.31797 0.6317 -0.707
vn 0.348584 0.615337 -0.707
vn 0.301146 0.63672 -0.709859
vn 0.103817 0.699875 -0.706681
vn 0.103817 0.699875 -0.706681
vn 0.378358 0.597491 -0.707
vn 0.407218 0.578208 -0.707
vn 0.362106 0.604136 -0.709859
vn 0.238361 0.666173 -0.706681
vn 0.171916 0.686329 -0.70668
vn 0.171916 0.686329 -0.706681
vn 0.4351 0.557529 -0.707
vn 0.461932 0.535508 -0.707
vn 0.419576 0.565735 -0.709859
vn 0.238361 0.666173 -0.706681
vn 0.034715 0.70668 -0.706681
vn 0.034718 0.706681 -0.706681
vn 0.487653 0.512197 -0.707
vn 0.512197 0.487653 -0.707
vn 0.473008 0.521885 -0.709859
vn 0.302509 0.639602 -0.706681
vn 0.302509 0.639602 -0.70668
vn 0.103815 0.699875 -0.706681
vn 0.103817 0.699875 -0.70668
vn 0.535507 0.461934 -0.707
vn 0.557531 0.435097 -0.707
vn 0.521885 0.473008 -0.709859
vn 0.363745 0.606871 -0.70668
vn 0.363744 0.606872 -0.70668
vn 0.421476 0.568297 -0.70668
vn 0.171917 0.686329 -0.70668
vn 0.171916 0.686329 -0.706681
vn 0.565735 0.419577 -0.709859
vn 0.578205 0.407221 -0.707001
vn 0.597492 0.378356 -0.707001
vn 0.421478 0.568295 -0.706681
vn 0.238361 0.666173 -0.70668
vn 0.23836 0.666173 -0.706681
vn 0.034712 0.706681 -0.70668
vn 0.103815 0.699875 -0.70668
vn 0.615335 0.348586 -0.707001
vn 0.6317 0.31797 -0.707001
vn 0.604136 0.362106 -0.709859
vn 0.47515 0.524247 -0.706681
vn 0.47515 0.524247 -0.706681
vn 0.302511 0.639602 -0.70668
vn 0.302509 0.639602 -0.706681
vn 0.103817 0.699874 -0.706681
vn 0.646541 0.286591 -0.707001
vn 0.659825 0.25452 -0.707001
vn 0.63672 0.301144 -0.709859
vn 0.524247 0.47515 -0.706681
vn 0.524247 0.47515 -0.706681
vn 0.363743 0.606871 -0.706681
vn 0.363744 0.606871 -0.706681
vn 0.171917 0.686329 -0.706681
vn 0.171917 0.686329 -0.706681
vn 0.671518 0.221843 -0.707001
vn 0.681595 0.188622 -0.707
vn 0.66317 0.237288 -0.709859
vn 0.568295 0.421478 -0.706681
vn 0.568297 0.421476 -0.70668
vn 0.421478 0.568295 -0.70668
vn 0.421475 0.568296 -0.706681
vn 0.23836 0.666173 -0.706681
vn 0.30251 0.639601 -0.706681
vn 0.23836 0.666173 -0.706681
vn 0.034723 0.70668 -0.706681
vn 0.017408 0.709132 -0.704861
vn 0.052024 0.705297 -0.707
vn 0.086569 0.701895 -0.707
vn 0.683236 0.171139 -0.709859
vn 0.690029 0.154951 -0.707001
vn 0.696801 0.120906 -0.707001
vn 0.606872 0.363744 -0.70668
vn 0.639603 0.302508 -0.70668
vn 0.606871 0.363745 -0.70668
vn 0.47515 0.524247 -0.70668
vn 0.47515 0.524247 -0.70668
vn 0.302508 0.639603 -0.70668
vn 0.103817 0.699875 -0.70668
vn 0.120909 0.696801 -0.707
vn 0.154959 0.690028 -0.707
vn 0.103907 0.700508 -0.70604
vn 0.103813 0.699875 -0.706681
vn 0.701895 0.08657 -0.707
vn 0.705297 0.052024 -0.707
vn 0.701489 0.017223 -0.712472
vn 0.69672 0.103351 -0.709859
vn 0.639603 0.302509 -0.70668
vn 0.524248 0.47515 -0.70668
vn 0.524247 0.47515 -0.70668
vn 0.363745 0.606871 -0.70668
vn 0.363744 0.606871 -0.70668
vn 0.23836 0.666173 -0.706681
vn 0.171917 0.686329 -0.706681
vn 0.188611 0.681599 -0.707
vn 0.221838 0.67152 -0.707
vn 0.17192 0.686328 -0.70668
vn 0.172076 0.686948 -0.70604
vn 0.666173 0.238363 -0.70668
vn 0.666173 0.238361 -0.70668
vn 0.568297 0.421476 -0.70668
vn 0.568295 0.421477 -0.706681
vn 0.606871 0.363743 -0.706681
vn 0.421476 0.568296 -0.706681
vn 0.421477 0.568296 -0.706681
vn 0.238572 0.666777 -0.706039
vn 0.254527 0.659823 -0.707001
vn 0.286601 0.646538 -0.707
vn 0.238357 0.666175 -0.70668
vn 0.68633 0.171914 -0.70668
vn 0.699875 0.103819 -0.70668
vn 0.686329 0.171916 -0.70668
vn 0.606871 0.363744 -0.706681
vn 0.47515 0.524246 -0.706681
vn 0.47515 0.524247 -0.706681
vn 0.302508 0.639602 -0.706681
vn 0.317972 0.631699 -0.707001
vn 0.348572 0.615343 -0.707001
vn 0.302511 0.639602 -0.70668
vn 0.302784 0.640179 -0.70604
vn 0.699875 0.103819 -0.70668
vn 0.706681 0.034718 -0.70668
vn 0.639602 0.302509 -0.70668
vn 0.639601 0.30251 -0.706681
vn 0.524247 0.47515 -0.706681
vn 0.524246 0.47515 -0.706681
vn 0.363745 0.60687 -0.706681
vn 0.364076 0.607418 -0.706039
vn 0.378361 0.59749 -0.707
vn 0.407222 0.578205 -0.707
vn 0.421477 0.568295 -0.706681
vn 0.363747 0.60687 -0.70668
vn 0.666173 0.238361 -0.706681
vn 0.666174 0.23836 -0.70668
vn 0.568296 0.421476 -0.706681
vn 0.568295 0.421477 -0.706681
vn 0.435098 0.557531 -0.707
vn 0.461927 0.535512 -0.707001
vn 0.475151 0.524247 -0.70668
vn 0.421854 0.568812 -0.70604
vn 0.421473 0.568299 -0.70668
vn 0.686329 0.171916 -0.70668
vn 0.699875 0.103819 -0.70668
vn 0.686329 0.171917 -0.706681
vn 0.606871 0.363745 -0.706681
vn 0.606872 0.363744 -0.70668
vn 0.639602 0.302511 -0.70668
vn 0.47515 0.524247 -0.70668
vn 0.48766 0.512189 -0.707001
vn 0.512189 0.48766 -0.707001
vn 0.47558 0.524721 -0.70604
vn 0.706681 0.034718 -0.706681
vn 0.70668 0.034711 -0.706681
vn 0.699874 0.103815 -0.706681
vn 0.639602 0.302508 -0.706681
vn 0.535512 0.461927 -0.707001
vn 0.557531 0.435098 -0.707
vn 0.524247 0.47515 -0.70668
vn 0.524721 0.47558 -0.70604
vn 0.524247 0.475151 -0.70668
vn 0.666173 0.23836 -0.706681
vn 0.686329 0.171917 -0.706681
vn 0.666173 0.23836 -0.706681
vn 0.60687 0.363745 -0.706681
vn 0.568295 0.421477 -0.706681
vn 0.568299 0.421473 -0.70668
vn 0.568812 0.421854 -0.70604
vn 0.578205 0.407222 -0.707
vn 0.59749 0.378361 -0.707
vn 0.699875 0.103815 -0.706681
vn 0.686329 0.171917 -0.706681
vn 0.60687 0.363747 -0.70668
vn 0.615343 0.348572 -0.707001
vn 0.631699 0.317972 -0.707001
vn 0.607418 0.364076 -0.706039
vn 0.706681 0.034712 -0.70668
vn 0.699875 0.103817 -0.70668
vn 0.639603 0.302508 -0.70668
vn 0.639601 0.302511 -0.706681
vn 0.646538 0.286601 -0.707
vn 0.659823 0.254527 -0.707001
vn 0.640179 0.302784 -0.70604
vn 0.666777 0.238572 -0.706039
vn 0.666175 0.238357 -0.70668
vn 0.666173 0.23836 -0.706681
vn 0.67152 0.221838 -0.707
vn 0.681599 0.188611 -0.707
vn 0.686329 0.171917 -0.70668
vn 0.699875 0.103817 -0.70668
vn 0.686948 0.172076 -0.70604
vn 0.686328 0.17192 -0.706681
vn 0.690028 0.154959 -0.707
vn 0.696801 0.120909 -0.707
vn 0.70668 0.034723 -0.706681
vn 0.699875 0.103813 -0.706681
vn 0.700508 0.103907 -0.70604
vn 0.701895 0.086569 -0.707
vn 0.705297 0.052024 -0.707
vn 0.709132 0.017408 -0.704861
vn 0.0 0.707107 -0.707107
vn 0.0 0.707107 -0.707107
vn 0.024934 0.999689 0.0
vn 0.024934 0.999689 0.0
vn 0.074731 0.997204 0.0
vn 0.074731 0.997204 0.0
vn 0.124342 0.992239 0.0
vn 0.124342 0.992239 0.0
vn 0.17365 0.984807 0.0
vn 0.17365 0.984807 0.0
vn 0.22252 0.974928 0.0
vn 0.22252 0.974928 0.0
vn 0.270835 0.962626 0.0
vn 0.318492 0.947926 0.0
vn 0.270835 0.962626 0.0
vn 0.318492 0.947926 0.0
vn 0.36534 0.930874 0.0
vn 0.36534 0.930874 0.0
vn 0.411285 0.911507 0.0
vn 0.411285 0.911507 0.0
vn 0.456211 0.889872 0.0
vn 0.456211 0.889872 0.0
vn 0.5 0.866026 0.0
vn 0.5 0.866026 0.0
vn 0.542548 0.840025 0.0
vn 0.542548 0.840025 0.0
vn 0.58374 0.811941 0.0
vn 0.58374 0.811941 0.0
vn 0.623493 0.781829 0.0
vn 0.623493 0.781829 0.0
vn 0.661683 0.749784 0.0
vn 0.661683 0.749784 0.0
vn 0.698241 0.715863 0.0
vn 0.698241 0.715863 0.0
vn 0.733051 0.680174 0.0
vn 0.733051 0.680174 0.0
vn 0.766044 0.642788 0.0
vn 0.766044 0.642788 0.0
vn 0.79713 0.603808 0.0
vn 0.79713 0.603808 0.0
vn 0.826244 0.563313 0.0
vn 0.826244 0.563313 0.0
vn 0.853287 0.521441 0.0
vn 0.878223 0.478252 0.0
vn 0.853287 0.521441 0.0
vn 0.878223 0.478252 0.0
vn 0.900971 0.43388 0.0
vn 0.900971 0.43388 0.0
vn 0.921475 0.388437 0.0
vn 0.921475 0.388437 0.0
vn 0.939693 0.342019 0.0
vn 0.955571 0.294761 0.0
vn 0.939693 0.342019 0.0
vn 0.969079 0.246752 0.0
vn 0.955571 0.294761 0.0
vn 0.969079 0.246752 0.0
vn 0.980172 0.19815 0.0
vn 0.980172 0.19815 0.0
vn 0.988832 0.149036 0.0
vn 0.988832 0.149036 0.0
vn 0.995031 0.099571 0.0
vn 0.995031 0.099571 0.0
vn 0.998757 0.049842 0.0
vn 0.998757 0.049842 0.0
vn 1.0 0.0 0.0
vn 1.0 0.0 0.0
vn 0.998757 -0.049842 0.0
vn 0.998757 -0.049842 0.0
vn 0.995031 -0.099571 0.0
vn 0.995031 -0.099571 0.0
vn 0.988832 -0.149036 0.0
vn 0.988832 -0.149036 0.0
vn 0.980171 -0.198151 0.0
vn 0.980171 -0.198151 0.0
vn 0.969079 -0.24675 0.0
vn 0.969079 -0.24675 0.0
vn 0.955571 -0.294761 0.0
vn 0.955571 -0.294761 0.0
vn 0.939693 -0.342019 0.0
vn 0.939693 -0.342019 0.0
vn 0.921475 -0.388439 0.0
vn 0.921475 -0.388439 0.0
vn 0.900973 -0.433875 0.0
vn 0.900973 -0.433875 0.0
vn 0.878221 -0.478254 0.0
vn 0.878221 -0.478254 0.0
vn 0.853287 -0.521441 0.0
vn 0.853287 -0.521441 0.0
vn 0.826244 -0.563313 0.0
vn 0.826244 -0.563313 0.0
vn 0.79713 -0.603808 0.0
vn 0.79713 -0.603808 0.0
vn 0.766047 -0.642785 0.0
vn 0.766047 -0.642785 0.0
vn 0.733045 -0.68018 0.0
vn 0.733045 -0.68018 0.0
vn 0.698241 -0.715863 0.0
vn 0.698241 -0.715863 0.0
vn 0.661686 -0.749781 0.0
vn 0.661686 -0.749781 0.0
vn 0.623489 -0.781832 0.0
vn 0.623489 -0.781832 0.0
vn 0.583748 -0.811935 0.0
vn 0.583748 -0.811935 0.0
vn 0.542543 -0.840028 0.0
vn 0.5 -0.866026 0.0
vn 0.542543 -0.840028 0.0
vn 0.5 -0.866026 0.0
vn 0.456211 -0.889872 0.0
vn 0.456211 -0.889872 0.0
vn 0.411291 -0.911504 0.0
vn 0.411291 -0.911504 0.0
vn 0.365335 -0.930876 0.0
vn 0.365335 -0.930876 0.0
vn 0.318492 -0.947926 0.0
vn 0.318492 -0.947926 0.0
vn 0.270841 -0.962624 0.0
vn 0.270841 -0.962624 0.0
vn 0.22252 -0.974928 0.0
vn 0.22252 -0.974928 0.0
vn 0.173644 -0.984809 0.0
vn 0.173644 -0.984809 0.0
vn 0.124342 -0.992239 0.0
vn 0.124342 -0.992239 0.0
vn 0.074737 -0.997203 0.0
vn 0.074737 -0.997203 0.0
vn 0.024921 -0.999689 0.0
vn 0.024921 -0.999689 0.0
vn -0.024921 -0.999689 0.0
vn -0.024921 -0.999689 -0.0
vn -0.074737 -0.997203 0.0
vn -0.074737 -0.997203 -0.0
vn -0.124342 -0.992239 0.0
vn -0.124342 -0.992239 -0.0
vn -0.173644 -0.984809 0.0
vn -0.173644 -0.984809 -0.0
vn -0.22252 -0.974928 0.0
vn -0.22252 -0.974928 -0.0
vn -0.270841 -0.962624 0.0
vn -0.270841 -0.962624 -0.0
vn -0.318492 -0.947926 0.0
vn -0.318492 -0.947926 -0.0
vn -0.365335 -0.930876 0.0
vn -0.365335 -0.930876 -0.0
vn -0.411291 -0.911504 0.0
vn -0.411291 -0.911504 -0.0
vn -0.456211 -0.889872 0.0
vn -0.456211 -0.889872 -0.0
vn -0.5 -0.866026 0.0
vn -0.5 -0.866026 -0.0
vn -0.542543 -0.840028 0.0
vn -0.542543 -0.840028 -0.0
vn -0.583748 -0.811935 0.0
vn -0.583748 -0.811935 -0.0
vn -0.623489 -0.781832 0.0
vn -0.623489 -0.781832 -0.0
vn -0.661686 -0.749781 0.0
vn -0.661686 -0.749781 -0.0
vn -0.698241 -0.715863 0.0
vn -0.698241 -0.715863 -0.0
vn -0.733045 -0.68018 0.0
vn -0.733045 -0.68018 -0.0
vn -0.766047 -0.642785 0.0
vn -0.766047 -0.642785 -0.0
vn -0.79713 -0.603808 0.0
vn -0.79713 -0.603808 -0.0
vn -0.826244 -0.563313 -0.0
vn -0.826244 -0.563313 0.0
vn -0.853287 -0.521441 -0.0
vn -0.853287 -0.521441 0.0
vn -0.878221 -0.478254 -0.0
vn -0.878221 -0.478254 0.0
vn -0.900973 -0.433875 -0.0
vn -0.900973 -0.433875 0.0
vn -0.921475 -0.388439 -0.0
vn -0.921475 -0.388439 0.0
vn -0.939693 -0.342019 0.0
vn -0.939693 -0.342019 -0.0
vn -0.955571 -0.294761 0.0
vn -0.955571 -0.294761 -0.0
vn -0.969079 -0.24675 -0.0
vn -0.969079 -0.24675 -0.0
vn -0.980171 -0.198151 0.0
vn -0.980171 -0.198151 -0.0
vn -0.988832 -0.149036 0.0
vn -0.988832 -0.149036 -0.0
vn -0.995031 -0.099571 0.0
vn -0.995031 -0.099571 -0.0
vn -0.998757 -0.049842 0.0
vn -0.998757 -0.049842 -0.0
vn -1.0 0.0 0.0
vn -1.0 0.0 0.0
vn -0.998757 0.049842 0.0
vn -0.998757 0.049842 0.0
vn -0.995031 0.099571 0.0
vn -0.995031 0.099571 0.0
vn -0.988832 0.149036 0.0
vn -0.988832 0.149036 0.0
vn -0.980172 0.19815 0.0
vn -0.980172 0.19815 0.0
vn -0.969079 0.246752 0.0
vn -0.969079 0.246752 0.0
vn -0.955571 0.294761 0.0
vn -0.955571 0.294761 0.0
vn -0.939693 0.342019 0.0
vn -0.939693 0.342019 0.0
vn -0.921475 0.388437 0.0
vn -0.921475 0.388437 0.0
vn -0.900971 0.43388 0.0
vn -0.900971 0.43388 0.0
vn -0.878223 0.478252 0.0
vn -0.878223 0.478252 0.0
vn -0.853287 0.521441 0.0
vn -0.853287 0.521441 0.0
vn -0.826244 0.563313 0.0
vn -0.826244 0.563313 0.0
vn -0.79713 0.603808 0.0
vn -0.79713 0.603808 0.0
vn -0.766044 0.642788 0.0
vn -0.766044 0.642788 0.0
vn -0.733051 0.680174 0.0
vn -0.733051 0.680174 0.0
vn -0.698241 0.715863 0.0
vn -0.698241 0.715863 0.0
vn -0.661683 0.749784 0.0
vn -0.661683 0.749784 0.0
vn -0.623493 0.781829 0.0
vn -0.623493 0.781829 0.0
vn -0.58374 0.811941 0.0
vn -0.58374 0.811941 0.0
vn -0.542548 0.840025 0.0
vn -0.542548 0.840025 0.0
vn -0.5 0.866026 0.0
vn -0.5 0.866026 0.0
vn -0.456211 0.889872 0.0
vn -0.456211 0.889872 0.0
vn -0.411285 0.911507 0.0
vn -0.411285 0.911507 0.0
vn -0.36534 0.930874 0.0
vn -0.36534 0.930874 0.0
vn -0.318492 0.947926 0.0
vn -0.318492 0.947926 0.0
vn -0.270835 0.962626 0.0
vn -0.270835 0.962626 0.0
vn -0.22252 0.974928 0.0
vn -0.22252 0.974928 0.0
vn -0.17365 0.984807 0.0
vn -0.17365 0.984807 0.0
vn -0.124342 0.992239 0.0
vn -0.124342 0.992239 0.0
vn -0.074731 0.997204 0.0
vn -0.024934 0.999689 0.0
vn -0.074731 0.997204 0.0
vn -0.024934 0.999689 0.0
vn 0.024934 0.999689 0.0
vn 0.024934 0.999689 0.0
vn 0.074731 0.997204 0.0
vn 0.074731 0.997204 0.0
vn 0.124342 0.992239 0.0
vn 0.124342 0.992239 0.0
vn 0.17365 0.984807 0.0
vn 0.17365 0.984807 0.0
vn 0.22252 0.974928 0.0
vn 0.22252 0.974928 0.0
vn 0.270835 0.962626 0.0
vn 0.318492 0.947926 0.0
vn 0.270835 0.962626 0.0
vn 0.318492 0.947926 0.0
vn 0.36534 0.930874 0.0
vn 0.36534 0.930874 0.0
vn 0.411285 0.911507 0.0
vn 0.411285 0.911507 0.0
vn 0.456211 0.889872 0.0
vn 0.5 0.866026 0.0
vn 0.456211 0.889872 0.0
vn 0.5 0.866026 0.0
vn 0.542548 0.840025 0.0
vn 0.542548 0.840025 0.0
vn 0.58374 0.811941 0.0
vn 0.58374 0.811941 0.0
vn 0.623493 0.781829 0.0
vn 0.623493 0.781829 0.0
vn 0.661683 0.749784 0.0
vn 0.661683 0.749784 0.0
vn 0.698241 0.715863 0.0
vn 0.698241 0.715863 0.0
vn 0.733051 0.680174 0.0
vn 0.766044 0.642788 0.0
vn 0.733051 0.680174 0.0
vn 0.766044 0.642788 0.0
vn 0.79713 0.603808 0.0
vn 0.79713 0.603808 0.0
vn 0.826244 0.563313 0.0
vn 0.853287 0.521441 0.0
vn 0.826244 0.563313 0.0
vn 0.878223 0.478252 0.0
vn 0.853287 0.521441 0.0
vn 0.878223 0.478252 0.0
vn 0.900971 0.43388 0.0
vn 0.900971 0.43388 0.0
vn 0.921475 0.388437 0.0
vn 0.921475 0.388437 0.0
vn 0.939693 0.342019 0.0
vn 0.939693 0.342019 0.0
vn 0.955571 0.294761 0.0
vn 0.955571 0.294761 0.0
vn 0.969079 0.246752 0.0
vn 0.969079 0.246752 0.0
vn 0.980172 0.19815 0.0
vn 0.980172 0.19815 0.0
vn 0.988832 0.149036 0.0
vn 0.988832 0.149036 0.0
vn 0.995031 0.099571 0.0
vn 0.995031 0.099571 0.0
vn 0.998757 0.049842 0.0
vn 0.998757 0.049842 0.0
vn 1.0 0.0 0.0
vn 0.998757 -0.049842 0.0
vn 1.0 0.0 0.0
vn 0.998757 -0.049842 0.0
vn 0.995031 -0.099571 0.0
vn 0.995031 -0.099571 0.0
vn 0.988832 -0.149036 0.0
vn 0.988832 -0.149036 0.0
vn 0.980171 -0.198151 0.0
vn 0.980171 -0.198151 0.0
vn 0.969079 -0.24675 0.0
vn 0.969079 -0.24675 0.0
vn 0.955571 -0.294761 0.0
vn 0.955571 -0.294761 0.0
vn 0.939693 -0.342019 0.0
vn 0.939693 -0.342019 0.0
vn 0.921475 -0.388439 0.0
vn 0.921475 -0.388439 0.0
vn 0.900973 -0.433875 0.0
vn 0.900973 -0.433875 0.0
vn 0.878221 -0.478254 0.0
vn 0.878221 -0.478254 0.0
vn 0.853287 -0.521441 0.0
vn 0.853287 -0.521441 0.0
vn 0.826244 -0.563313 0.0
vn 0.826244 -0.563313 0.0
vn 0.79713 -0.603808 0.0
vn 0.79713 -0.603808 0.0
vn 0.766047 -0.642785 0.0
vn 0.766047 -0.642785 0.0
vn 0.733045 -0.68018 0.0
vn 0.733045 -0.68018 0.0
vn 0.698241 -0.715863 0.0
vn 0.698241 -0.715863 0.0
vn 0.661686 -0.749781 0.0
vn 0.661686 -0.749781 0.0
vn 0.623489 -0.781832 0.0
vn 0.623489 -0.781832 0.0
vn 0.583748 -0.811935 0.0
vn 0.583748 -0.811935 0.0
vn 0.542543 -0.840028 0.0
vn 0.5 -0.866026 0.0
vn 0.542543 -0.840028 0.0
vn 0.5 -0.866026 0.0
vn 0.456211 -0.889872 0.0
vn 0.456211 -0.889872 0.0
vn 0.411291 -0.911504 0.0
vn 0.411291 -0.911504 0.0
vn 0.365335 -0.930876 0.0
vn 0.365335 -0.930876 0.0
vn 0.318492 -0.947926 0.0
vn 0.318492 -0.947926 0.0
vn 0.270841 -0.962624 0.0
vn 0.270841 -0.962624 0.0
vn 0.22252 -0.974928 0.0
vn 0.22252 -0.974928 0.0
vn 0.173644 -0.984809 0.0
vn 0.173644 -0.984809 0.0
vn 0.124342 -0.992239 0.0
vn 0.124342 -0.992239 0.0
vn 0.074737 -0.997203 0.0
vn 0.074737 -0.997203 0.0
vn 0.024921 -0.999689 0.0
vn 0.024921 -0.999689 0.0
vn -0.024921 -0.999689 0.0
vn -0.024921 -0.999689 -0.0
vn -0.074737 -0.997203 0.0
vn -0.074737 -0.997203 -0.0
vn -0.124342 -0.992239 0.0
vn -0.124342 -0.992239 -0.0
vn -0.173644 -0.984809 0.0
vn -0.173644 -0.984809 -0.0
vn -0.22252 -0.974928 0.0
vn -0.22252 -0.974928 -0.0
vn -0.270841 -0.962624 0.0
vn -0.270841 -0.962624 -0.0
vn -0.318492 -0.947926 0.0
vn -0.318492 -0.947926 -0.0
vn -0.365335 -0.930876 0.0
vn -0.365335 -0.930876 -0.0
vn -0.411291 -0.911504 0.0
vn -0.411291 -0.911504 -0.0
vn -0.456211 -0.889872 0.0
vn -0.456211 -0.889872 -0.0
vn -0.5 -0.866026 0.0
vn -0.5 -0.866026 -0.0
vn -0.542543 -0.840028 0.0
vn -0.542543 -0.840028 -0.0
vn -0.583748 -0.811935 0.0
vn -0.583748 -0.811935 -0.0
vn -0.623489 -0.781832 0.0
vn -0.623489 -0.781832 -0.0
vn -0.661686 -0.749781 0.0
vn -0.661686 -0.749781 -0.0
vn -0.698241 -0.715863 0.0
vn -0.698241 -0.715863 -0.0
vn -0.733045 -0.68018 0.0
vn -0.733045 -0.68018 -0.0
vn -0.766047 -0.642785 0.0
vn -0.766047 -0.642785 -0.0
vn -0.79713 -0.603808 0.0
vn -0.79713 -0.603808 -0.0
vn -0.826244 -0.563313 -0.0
vn -0.826244 -0.563313 0.0
vn -0.853287 -0.521441 -0.0
vn -0.853287 -0.521441 0.0
vn -0.878221 -0.478254 -0.0
vn -0.878221 -0.478254 0.0
vn -0.900973 -0.433875 -0.0
vn -0.900973 -0.433875 0.0
vn -0.921475 -0.388439 -0.0
vn -0.921475 -0.388439 0.0
vn -0.939693 -0.342019 0.0
vn -0.939693 -0.342019 -0.0
vn -0.955571 -0.294761 0.0
vn -0.955571 -0.294761 -0.0
vn -0.969079 -0.24675 0.0
vn -0.969079 -0.24675 -0.0
vn -0.980171 -0.198151 0.0
vn -0.980171 -0.198151 -0.0
vn -0.988832 -0.149036 0.0
vn -0.988832 -0.149036 -0.0
vn -0.995031 -0.099571 0.0
vn -0.995031 -0.099571 -0.0
vn -0.998757 -0.049842 0.0
vn -0.998757 -0.049842 -0.0
vn -1.0 0.0 0.0
vn -1.0 0.0 0.0
vn -0.998757 0.049842 0.0
vn -0.998757 0.049842 0.0
vn -0.995031 0.099571 0.0
vn -0.995031 0.099571 0.0
vn -0.988832 0.149036 0.0
vn -0.988832 0.149036 0.0
vn -0.980172 0.19815 0.0
vn -0.980172 0.19815 0.0
vn -0.969079 0.246752 0.0
vn -0.969079 0.246752 0.0
vn -0.955571 0.294761 0.0
vn -0.955571 0.294761 0.0
vn -0.939693 0.342019 0.0
vn -0.939693 0.342019 0.0
vn -0.921475 0.388437 0.0
vn -0.921475 0.388437 0.0
vn -0.900971 0.43388 0.0
vn -0.900971 0.43388 0.0
vn -0.878223 0.478252 0.0
vn -0.878223 0.478252 0.0
vn -0.853287 0.521441 0.0
vn -0.853287 0.521441 0.0
vn -0.826244 0.563313 0.0
vn -0.826244 0.563313 0.0
vn -0.79713 0.603808 0.0
vn -0.79713 0.603808 0.0
vn -0.766044 0.642788 0.0
vn -0.766044 0.642788 0.0
vn -0.733051 0.680174 0.0
vn -0.733051 0.680174 0.0
vn -0.698241 0.715863 0.0
vn -0.698241 0.715863 0.0
vn -0.661683 0.749784 0.0
vn -0.661683 0.749784 0.0
vn -0.623493 0.781829 0.0
vn -0.623493 0.781829 0.0
vn -0.58374 0.811941 0.0
vn -0.58374 0.811941 0.0
vn -0.542548 0.840025 0.0
vn -0.542548 0.840025 0.0
vn -0.5 0.866026 0.0
vn -0.5 0.866026 0.0
vn -0.456211 0.889872 0.0
vn -0.456211 0.889872 0.0
vn -0.411285 0.911507 0.0
vn -0.411285 0.911507 0.0
vn -0.36534 0.930874 0.0
vn -0.36534 0.930874 0.0
vn -0.318492 0.947926 0.0
vn -0.318492 0.947926 0.0
vn -0.270835 0.962626 0.0
vn -0.270835 0.962626 0.0
vn -0.22252 0.974928 0.0
vn -0.22252 0.974928 0.0
vn -0.17365 0.984807 0.0
vn -0.17365 0.984807 0.0
vn -0.124342 0.992239 0.0
vn -0.124342 0.992239 0.0
vn -0.074731 0.997204 0.0
vn -0.074731 0.997204 0.0
vn -0.024934 0.999689 0.0
vn -0.024934 0.999689 0.0
vn 0.024941 0.999689 0.0
vn 0.024941 0.999689 0.0
vn 0.074719 0.997205 0.0
vn 0.074719 0.997205 0.0
vn 0.124349 0.992239 0.0
vn 0.124349 0.992239 0.0
vn 0.173622 0.984812 0.0
vn 0.173622 0.984812 0.0
vn 0.222527 0.974926 0.0
vn 0.222527 0.974926 0.0
vn 0.270839 0.962625 0.0
vn 0.270839 0.962625 0.0
vn 0.318507 0.947921 0.0
vn 0.318507 0.947921 0.0
vn 0.365341 0.930874 0.0
vn 0.365341 0.930874 0.0
vn 0.4113 0.9115 0.0
vn 0.4113 0.9115 0.0
vn 0.456188 0.889883 0.0
vn 0.456188 0.889883 0.0
vn 0.499984 0.866034 0.0
vn 0.542589 0.839998 0.0
vn 0.499984 0.866034 0.0
vn 0.542589 0.839998 0.0
vn 0.58372 0.811955 0.0
vn 0.6235 0.781823 0.0
vn 0.58372 0.811955 0.0
vn 0.6235 0.781823 0.0
vn 0.698254 0.71585 0.0
vn 0.661666 0.749799 0.0
vn 0.661666 0.749799 0.0
vn 0.698254 0.71585 0.0
vn 0.76603 0.642804 0.0
vn 0.733057 0.680167 0.0
vn 0.733057 0.680167 0.0
vn 0.76603 0.642804 0.0
vn 0.797145 0.603788 0.0
vn 0.797145 0.603788 0.0
vn 0.826222 0.563345 0.0
vn 0.826222 0.563345 0.0
vn 0.878221 0.478255 0.0
vn 0.853302 0.521417 0.0
vn 0.853302 0.521417 0.0
vn 0.90096 0.433903 0.0
vn 0.878221 0.478255 0.0
vn 0.90096 0.433903 0.0
vn 0.939689 0.34203 0.0
vn 0.921492 0.388397 0.0
vn 0.921492 0.388397 0.0
vn 0.939689 0.34203 0.0
vn 0.955573 0.294756 0.0
vn 0.955573 0.294756 0.0
vn 0.969077 0.246758 0.0
vn 0.969077 0.246758 0.0
vn 0.980173 0.198146 0.0
vn 0.980173 0.198146 0.0
vn 0.988832 0.149036 0.0
vn 0.988832 0.149036 0.0
vn 0.995032 0.099559 0.0
vn 0.995032 0.099559 0.0
vn 0.998755 0.049882 0.0
vn 0.998755 0.049882 0.0
vn 1.0 0.0 0.0
vn 1.0 0.0 0.0
vn 0.998755 -0.049882 0.0
vn 0.998755 -0.049882 0.0
vn 0.995032 -0.099559 0.0
vn 0.995032 -0.099559 0.0
vn 0.980173 -0.198146 0.0
vn 0.988832 -0.149036 0.0
vn 0.988832 -0.149036 0.0
vn 0.980173 -0.198146 0.0
vn 0.969077 -0.246758 0.0
vn 0.969077 -0.246758 0.0
vn 0.955573 -0.294756 0.0
vn 0.955573 -0.294756 0.0
vn 0.939689 -0.34203 0.0
vn 0.939689 -0.34203 0.0
vn 0.921492 -0.388397 0.0
vn 0.90096 -0.433903 0.0
vn 0.921492 -0.388397 0.0
vn 0.90096 -0.433903 0.0
vn 0.878221 -0.478255 0.0
vn 0.853302 -0.521417 0.0
vn 0.878221 -0.478255 0.0
vn 0.853302 -0.521417 0.0
vn 0.826222 -0.563345 0.0
vn 0.826222 -0.563345 0.0
vn 0.797145 -0.603788 0.0
vn 0.797145 -0.603788 0.0
vn 0.76603 -0.642804 0.0
vn 0.76603 -0.642804 0.0
vn 0.733057 -0.680167 0.0
vn 0.733057 -0.680167 0.0
vn 0.698241 -0.715863 0.0
vn 0.698241 -0.715863 0.0
vn 0.66168 -0.749787 0.0
vn 0.623516 -0.781811 0.0
vn 0.66168 -0.749787 0.0
vn 0.623516 -0.781811 0.0
vn 0.58372 -0.811955 0.0
vn 0.542553 -0.840021 0.0
vn 0.58372 -0.811955 0.0
vn 0.542553 -0.840021 0.0
vn 0.500004 -0.866023 0.0
vn 0.500004 -0.866023 0.0
vn 0.411279 -0.91151 0.0
vn 0.456208 -0.889873 0.0
vn 0.456208 -0.889873 0.0
vn 0.411279 -0.91151 0.0
vn 0.365341 -0.930874 0.0
vn 0.365341 -0.930874 0.0
vn 0.318484 -0.947928 0.0
vn 0.318484 -0.947928 0.0
vn 0.222527 -0.974926 0.0
vn 0.270839 -0.962625 0.0
vn 0.270839 -0.962625 0.0
vn 0.222527 -0.974926 0.0
vn 0.173647 -0.984808 0.0
vn 0.173647 -0.984808 0.0
vn 0.124349 -0.992239 0.0
vn 0.124349 -0.992239 0.0
vn 0.074719 -0.997205 0.0
vn 0.024941 -0.999689 0.0
vn 0.074719 -0.997205 0.0
vn 0.024941 -0.999689 0.0
vn -0.024941 -0.999689 0.0
vn -0.024941 -0.999689 -0.0
vn -0.074719 -0.997205 0.0
vn -0.124349 -0.992239 -0.0
vn -0.074719 -0.997205 -0.0
vn -0.124349 -0.992239 -0.0
vn -0.173647 -0.984808 0.0
vn -0.173647 -0.984808 -0.0
vn -0.222527 -0.974926 0.0
vn -0.270839 -0.962625 -0.0
vn -0.222527 -0.974926 -0.0
vn -0.270839 -0.962625 -0.0
vn -0.318484 -0.947928 0.0
vn -0.318484 -0.947928 -0.0
vn -0.365341 -0.930874 0.0
vn -0.365341 -0.930874 -0.0
vn -0.411279 -0.91151 0.0
vn -0.411279 -0.91151 -0.0
vn -0.456208 -0.889873 0.0
vn -0.456208 -0.889873 -0.0
vn -0.500004 -0.866023 0.0
vn -0.500004 -0.866023 -0.0
vn -0.542553 -0.840021 -0.0
vn -0.542553 -0.840021 0.0
vn -0.623516 -0.781811 -0.0
vn -0.58372 -0.811955 -0.0
vn -0.58372 -0.811955 0.0
vn -0.66168 -0.749787 -0.0
vn -0.623516 -0.781811 -0.0
vn -0.66168 -0.749787 -0.0
vn -0.733057 -0.680167 -0.0
vn -0.698241 -0.715863 -0.0
vn -0.698241 -0.715863 0.0
vn -0.733057 -0.680167 -0.0
vn -0.76603 -0.642804 -0.0
vn -0.76603 -0.642804 0.0
vn -0.797145 -0.603788 -0.0
vn -0.797145 -0.603788 0.0
vn -0.826222 -0.563345 -0.0
vn -0.826222 -0.563345 0.0
vn -0.853302 -0.521417 -0.0
vn -0.853302 -0.521417 0.0
vn -0.878221 -0.478255 -0.0
vn -0.878221 -0.478255 0.0
vn -0.90096 -0.433903 -0.0
vn -0.90096 -0.433903 0.0
vn -0.921492 -0.388397 0.0
vn -0.921492 -0.388397 -0.0
vn -0.939689 -0.34203 0.0
vn -0.939689 -0.34203 -0.0
vn -0.955573 -0.294756 0.0
vn -0.955573 -0.294756 -0.0
vn -0.969077 -0.246758 0.0
vn -0.980173 -0.198146 -0.0
vn -0.969077 -0.246758 -0.0
vn -0.980173 -0.198146 -0.0
vn -0.995032 -0.099559 -0.0
vn -0.988832 -0.149036 -0.0
vn -0.988832 -0.149036 0.0
vn -0.995032 -0.099559 -0.0
vn -0.998755 -0.049882 0.0
vn -0.998755 -0.049882 -0.0
vn -1.0 0.0 0.0
vn -1.0 0.0 0.0
vn -0.998755 0.049882 0.0
vn -0.998755 0.049882 0.0
vn -0.995032 0.099559 0.0
vn -0.995032 0.099559 0.0
vn -0.980173 0.198146 0.0
vn -0.988832 0.149036 0.0
vn -0.988832 0.149036 0.0
vn -0.980173 0.198146 0.0
vn -0.969077 0.246758 0.0
vn -0.969077 0.246758 0.0
vn -0.955573 0.294756 0.0
vn -0.955573 0.294756 0.0
vn -0.939689 0.34203 0.0
vn -0.939689 0.34203 0.0
vn -0.921492 0.388397 0.0
vn -0.921492 0.388397 0.0
vn -0.90096 0.433903 0.0
vn -0.90096 0.433903 0.0
vn -0.878221 0.478255 0.0
vn -0.878221 0.478255 0.0
vn -0.853302 0.521417 0.0
vn -0.853302 0.521417 0.0
vn -0.826222 0.563345 0.0
vn -0.826222 0.563345 0.0
vn -0.76603 0.642804 0.0
vn -0.797145 0.603788 0.0
vn -0.797145 0.603788 0.0
vn -0.76603 0.642804 0.0
vn -0.698254 0.71585 0.0
vn -0.733057 0.680167 0.0
vn -0.733057 0.680167 0.0
vn -0.698254 0.71585 0.0
vn -0.661666 0.749799 0.0
vn -0.661666 0.749799 0.0
vn -0.6235 0.781823 0.0
vn -0.6235 0.781823 0.0
vn -0.58372 0.811955 0.0
vn -0.58372 0.811955 0.0
vn -0.542589 0.839998 0.0
vn -0.542589 0.839998 0.0
vn -0.499984 0.866034 0.0
vn -0.499984 0.866034 0.0
vn -0.4113 0.9115 0.0
vn -0.456188 0.889883 0.0
vn -0.456188 0.889883 0.0
vn -0.4113 0.9115 0.0
vn -0.365341 0.930874 0.0
vn -0.365341 0.930874 0.0
vn -0.318507 0.947921 0.0
vn -0.318507 0.947921 0.0
vn -0.270839 0.962625 0.0
vn -0.270839 0.962625 0.0
vn -0.222527 0.974926 0.0
vn -0.222527 0.974926 0.0
vn -0.173622 0.984812 0.0
vn -0.173622 0.984812 0.0
vn -0.124349 0.992239 0.0
vn -0.124349 0.992239 0.0
vn -0.074719 0.997205 0.0
vn -0.074719 0.997205 0.0
vn -0.024941 0.999689 0.0
vn -0.024941 0.999689 0.0
vn 0.024941 0.999689 0.0
vn 0.024941 0.999689 0.0
vn 0.124349 0.992239 0.0
vn 0.074719 0.997205 0.0
vn 0.074719 0.997205 0.0
vn 0.124349 0.992239 0.0
vn 0.222527 0.974926 0.0
vn 0.173647 0.984808 0.0
vn 0.173647 0.984808 0.0
vn 0.222527 0.974926 0.0
vn 0.270839 0.962625 0.0
vn 0.270839 0.962625 0.0
vn 0.318484 0.947928 0.0
vn 0.318484 0.947928 0.0
vn 0.365341 0.930874 0.0
vn 0.365341 0.930874 0.0
vn 0.411279 0.91151 0.0
vn 0.411279 0.91151 0.0
vn 0.456208 0.889873 0.0
vn 0.456208 0.889873 0.0
vn 0.500004 0.866023 0.0
vn 0.542553 0.840021 0.0
vn 0.500004 0.866023 0.0
vn 0.542553 0.840021 0.0
vn 0.58372 0.811955 0.0
vn 0.623516 0.781811 0.0
vn 0.58372 0.811955 0.0
vn 0.623516 0.781811 0.0
vn 0.698241 0.715863 0.0
vn 0.66168 0.749787 0.0
vn 0.66168 0.749787 0.0
vn 0.698241 0.715863 0.0
vn 0.76603 0.642804 0.0
vn 0.733057 0.680167 0.0
vn 0.733057 0.680167 0.0
vn 0.76603 0.642804 0.0
vn 0.826222 0.563345 0.0
vn 0.797145 0.603788 0.0
vn 0.797145 0.603788 0.0
vn 0.826222 0.563345 0.0
vn 0.878221 0.478255 0.0
vn 0.853302 0.521417 0.0
vn 0.853302 0.521417 0.0
vn 0.878221 0.478255 0.0
vn 0.921492 0.388397 0.0
vn 0.90096 0.433903 0.0
vn 0.90096 0.433903 0.0
vn 0.939689 0.34203 0.0
vn 0.921492 0.388397 0.0
vn 0.939689 0.34203 0.0
vn 0.955573 0.294756 0.0
vn 0.955573 0.294756 0.0
vn 0.969077 0.246758 0.0
vn 0.969077 0.246758 0.0
vn 0.980173 0.198146 0.0
vn 0.988832 0.149036 0.0
vn 0.980173 0.198146 0.0
vn 0.988832 0.149036 0.0
vn 0.995032 0.099559 0.0
vn 0.995032 0.099559 0.0
vn 0.998755 0.049882 0.0
vn 0.998755 0.049882 0.0
vn 1.0 0.0 0.0
vn 1.0 0.0 0.0
vn 0.998755 -0.049882 0.0
vn 0.998755 -0.049882 0.0
vn 0.995032 -0.099559 0.0
vn 0.995032 -0.099559 0.0
vn 0.980173 -0.198146 0.0
vn 0.988832 -0.149036 0.0
vn 0.988832 -0.149036 0.0
vn 0.980173 -0.198146 0.0
vn 0.969077 -0.246758 0.0
vn 0.955573 -0.294756 0.0
vn 0.969077 -0.246758 0.0
vn 0.955573 -0.294756 0.0
vn 0.939689 -0.34203 0.0
vn 0.921492 -0.388397 0.0
vn 0.939689 -0.34203 0.0
vn 0.921492 -0.388397 0.0
vn 0.90096 -0.433903 0.0
vn 0.90096 -0.433903 0.0
vn 0.878221 -0.478255 0.0
vn 0.853302 -0.521417 0.0
vn 0.878221 -0.478255 0.0
vn 0.853302 -0.521417 0.0
vn 0.826222 -0.563345 0.0
vn 0.826222 -0.563345 0.0
vn 0.797145 -0.603788 0.0
vn 0.797145 -0.603788 0.0
vn 0.76603 -0.642804 0.0
vn 0.76603 -0.642804 0.0
vn 0.733057 -0.680167 0.0
vn 0.733057 -0.680167 0.0
vn 0.698254 -0.71585 0.0
vn 0.698254 -0.71585 0.0
vn 0.661666 -0.749799 0.0
vn 0.661666 -0.749799 0.0
vn 0.6235 -0.781823 0.0
vn 0.6235 -0.781823 0.0
vn 0.58372 -0.811955 0.0
vn 0.58372 -0.811955 0.0
vn 0.542589 -0.839998 0.0
vn 0.542589 -0.839998 0.0
vn 0.499984 -0.866034 0.0
vn 0.499984 -0.866034 0.0
vn 0.456188 -0.889883 0.0
vn 0.456188 -0.889883 0.0
vn 0.365341 -0.930874 0.0
vn 0.4113 -0.9115 0.0
vn 0.4113 -0.9115 0.0
vn 0.318507 -0.947921 0.0
vn 0.365341 -0.930874 0.0
vn 0.318507 -0.947921 0.0
vn 0.270839 -0.962625 0.0
vn 0.270839 -0.962625 0.0
vn 0.173622 -0.984812 0.0
vn 0.222527 -0.974926 0.0
vn 0.222527 -0.974926 0.0
vn 0.173622 -0.984812 0.0
vn 0.124349 -0.992239 0.0
vn 0.074719 -0.997205 0.0
vn 0.124349 -0.992239 0.0
vn 0.074719 -0.997205 0.0
vn 0.024941 -0.999689 0.0
vn -0.024941 -0.999689 -0.0
vn 0.024941 -0.999689 0.0
vn -0.024941 -0.999689 -0.0
vn -0.074719 -0.997205 0.0
vn -0.124349 -0.992239 -0.0
vn -0.074719 -0.997205 -0.0
vn -0.124349 -0.992239 -0.0
vn -0.173622 -0.984812 0.0
vn -0.173622 -0.984812 -0.0
vn -0.222527 -0.974926 0.0
vn -0.222527 -0.974926 -0.0
vn -0.270839 -0.962625 0.0
vn -0.270839 -0.962625 -0.0
vn -0.318507 -0.947921 0.0
vn -0.365341 -0.930874 -0.0
vn -0.318507 -0.947921 -0.0
vn -0.365341 -0.930874 -0.0
vn -0.4113 -0.9115 0.0
vn -0.4113 -0.9115 -0.0
vn -0.456188 -0.889883 0.0
vn -0.456188 -0.889883 -0.0
vn -0.499984 -0.866034 0.0
vn -0.499984 -0.866034 -0.0
vn -0.542589 -0.839998 -0.0
vn -0.542589 -0.839998 0.0
vn -0.58372 -0.811955 -0.0
vn -0.58372 -0.811955 0.0
vn -0.6235 -0.781823 -0.0
vn -0.6235 -0.781823 0.0
vn -0.661666 -0.749799 -0.0
vn -0.661666 -0.749799 0.0
vn -0.698254 -0.71585 -0.0
vn -0.698254 -0.71585 0.0
vn -0.733057 -0.680167 -0.0
vn -0.733057 -0.680167 0.0
vn -0.76603 -0.642804 -0.0
vn -0.76603 -0.642804 0.0
vn -0.797145 -0.603788 -0.0
vn -0.797145 -0.603788 0.0
vn -0.826222 -0.563345 -0.0
vn -0.826222 -0.563345 0.0
vn -0.853302 -0.521417 -0.0
vn -0.853302 -0.521417 0.0
vn -0.878221 -0.478255 -0.0
vn -0.878221 -0.478255 0.0
vn -0.90096 -0.433903 -0.0
vn -0.90096 -0.433903 0.0
vn -0.921492 -0.388397 0.0
vn -0.921492 -0.388397 -0.0
vn -0.939689 -0.34203 0.0
vn -0.939689 -0.34203 -0.0
vn -0.955573 -0.294756 0.0
vn -0.969077 -0.246758 -0.0
vn -0.955573 -0.294756 -0.0
vn -0.969077 -0.246758 -0.0
vn -0.980173 -0.198146 0.0
vn -0.980173 -0.198146 -0.0
vn -0.988832 -0.149036 0.0
vn -0.988832 -0.149036 -0.0
vn -0.995032 -0.099559 0.0
vn -0.995032 -0.099559 -0.0
vn -0.998755 -0.049882 0.0
vn -0.998755 -0.049882 -0.0
vn -1.0 0.0 0.0
vn -1.0 0.0 0.0
vn -0.998755 0.049882 0.0
vn -0.998755 0.049882 0.0
vn -0.995032 0.099559 0.0
vn -0.995032 0.099559 0.0
vn -0.988832 0.149036 0.0
vn -0.988832 0.149036 0.0
vn -0.969077 0.246758 0.0
vn -0.980173 0.198146 0.0
vn -0.980173 0.198146 0.0
vn -0.969077 0.246758 0.0
vn -0.955573 0.294756 0.0
vn -0.955573 0.294756 0.0
vn -0.921492 0.388397 0.0
vn -0.939689 0.34203 0.0
vn -0.939689 0.34203 0.0
vn -0.921492 0.388397 0.0
vn -0.90096 0.433903 0.0
vn -0.90096 0.433903 0.0
vn -0.878221 0.478255 0.0
vn -0.878221 0.478255 0.0
vn -0.853302 0.521417 0.0
vn -0.853302 0.521417 0.0
vn -0.797145 0.603788 0.0
vn -0.826222 0.563345 0.0
vn -0.826222 0.563345 0.0
vn -0.797145 0.603788 0.0
vn -0.76603 0.642804 0.0
vn -0.76603 0.642804 0.0
vn -0.733057 0.680167 0.0
vn -0.733057 0.680167 0.0
vn -0.66168 0.749787 0.0
vn -0.698241 0.715863 0.0
vn -0.698241 0.715863 0.0
vn -0.66168 0.749787 0.0
vn -0.623516 0.781811 0.0
vn -0.58372 0.811955 0.0
vn -0.623516 0.781811 0.0
vn -0.58372 0.811955 0.0
vn -0.542553 0.840021 0.0
vn -0.542553 0.840021 0.0
vn -0.500004 0.866023 0.0
vn -0.500004 0.866023 0.0
vn -0.456208 0.889873 0.0
vn -0.456208 0.889873 0.0
vn -0.411279 0.91151 0.0
vn -0.411279 0.91151 0.0
vn -0.365341 0.930874 0.0
vn -0.365341 0.930874 0.0
vn -0.318484 0.947928 0.0
vn -0.318484 0.947928 0.0
vn -0.270839 0.962625 0.0
vn -0.270839 0.962625 0.0
vn -0.222527 0.974926 0.0
vn -0.222527 0.974926 0.0
vn -0.124349 0.992239 0.0
vn -0.173647 0.984808 0.0
vn -0.173647 0.984808 0.0
vn -0.124349 0.992239 0.0
vn -0.074719 0.997205 0.0
vn -0.074719 0.997205 0.0
vn -0.024941 0.999689 0.0
vn -0.024941 0.999689 0.0
vn 0.0 0.0 1.0
vn 0.0 0.0 1.0
vn -0.0 0.0 1.0
vn 0.0 0.0 1.0
vn 0.0 0.0 1.0
vn 0.0 0.0 1.0
vn -0.0 0.0 1.0
vn 0.0 0.0 1.0
vn 0.0 0.0 1.0
vn -0.0 0.0 1.0
vn 0.0 0.0 1.0
vn 0.0 0.0 1.0
vn 0.0 0.0 1.0
vn -0.0 0.0 1.0
vn 0.0 0.0 1.0
vn 0.0 0.0 1.0
vn -0.0 0.0 1.0
vn 0.0 0.0 1.0
vn 0.0 0.0 1.0
vn 0.0 0.0 1.0
vn 0.0 0.0 1.0
vn -0.0 0.0 1.0
vn 0.0 0.0 1.0
vn 0.0 0.0 1.0
vn 0.0 0.0 1.0
vn -0.0 0.0 1.0
vn 0.0 0.0 1.0
vn 0.0 0.0 1.0
vn 0.0 0.0 1.0
vn -0.0 0.0 1.0
vn 0.0 0.0 1.0
vn 0.0 0.0 1.0
vn 0.0 0.0 1.0
vn -0.0 0.0 1.0
vn 0.0 0.0 1.0
vn 0.0 0.0 1.0
vn 0.0 0.0 1.0
vn -0.0 0.0 1.0
vn 0.0 0.0 1.0
vn 0.0 0.0 1.0
vn 0.0 0.0 1.0
vn -0.0 0.0 1.0
vn 0.0 0.0 1.0
vn 0.0 0.0 1.0
vn 0.0 0.0 1.0
vn -0.0 0.0 1.0
vn 0.0 0.0 1.0
vn 0.0 0.0 1.0
vn 0.0 0.0 1.0
vn -0.0 0.0 1.0
vn 0.0 0.0 1.0
vn 0.0 0.0 1.0
vn 0.0 0.0 1.0
vn -0.0 0.0 1.0
vn 0.0 0.0 1.0
vn 0.0 0.0 1.0
vn 0.0 0.0 1.0
vn -0.0 0.0 1.0
vn 0.0 0.0 1.0
vn 0.0 0.0 1.0
vn 0.0 0.0 1.0
vn -0.0 0.0 1.0
vn 0.0 0.0 1.0
vn -0.0 0.0 1.0
vn 0.0 0.0 1.0
vn 0.0 0.0 1.0
vn 0.0 0.0 1.0
vn -0.0 0.0 1.0
vn 0.0 0.0 1.0
vn 0.0 0.0 1.0
vn -0.0 0.0 1.0
vn 0.0 0.0 1.0
vn 0.0 0.0 1.0
vn 0.0 0.0 1.0
vn -0.0 0.0 1.0
vn 0.0 0.0 1.0
vn 0.0 0.0 1.0
vn 0.0 0.0 1.0
vn -0.0 0.0 1.0
vn 0.0 0.0 1.0
vn 0.0 0.0 1.0
vn 0.0 0.0 1.0
vn -0.0 0.0 1.0
vn 0.0 0.0 1.0
vn 0.0 0.0 1.0
vn 0.0 0.0 1.0
vn -0.0 0.0 1.0
vn 0.0 0.0 1.0
vn 0.0 0.0 1.0
vn 0.0 0.0 1.0
vn -0.0 0.0 1.0
vn 0.0 0.0 1.0
vn 0.0 0.0 1.0
vn 0.0 0.0 1.0
vn -0.0 0.0 1.0
vn 0.0 0.0 1.0
vn 0.0 0.0 1.0
vn 0.0 0.0 1.0
vn -0.0 0.0 1.0
vn 0.0 0.0 1.0
vn 0.0 0.0 1.0
vn 0.0 0.0 1.0
vn -0.0 0.0 1.0
vn 0.0 0.0 1.0
vn 0.0 0.0 1.0
vn 0.0 0.0 1.0
vn -0.0 0.0 1.0
vn 0.0 0.0 1.0
vn 0.0 0.0 1.0
vn 0.0 0.0 1.0
vn -0.0 0.0 1.0
vn 0.0 0.0 1.0
vn 0.0 0.0 1.0
vn 0.0 0.0 1.0
vn 0.0 0.0 1.0
vn -0.0 0.0 1.0
vn 0.0 0.0 1.0
vn 0.0 0.0 1.0
vn -0.0 0.0 1.0
vn 0.0 0.0 1.0
vn 0.0 0.0 1.0
vn 0.0 0.0 1.0
vn 0.0 0.0 1.0
vn -0.0 0.0 1.0
vn 0.0 0.0 1.0
vn -0.0 0.0 1.0
vn -0.0 0.0 1.0
vn 0.0 0.0 1.0
vn 0.0 0.0 1.0
vn -0.0 0.0 1.0
vn -0.0 0.0 1.0
vn 0.0 0.0 1.0
vn 0.0 0.0 1.0
vn 0.0 0.0 1.0
vn -0.0 0.0 1.0
vn 0.0 0.0 1.0
vn 0.0 0.0 1.0
vn -0.0 0.0 1.0
vn 0.0 0.0 1.0
vn 0.0 0.0 1.0
vn 0.0 0.0 1.0
vn 0.0 0.0 1.0
vn 0.0 0.0 1.0
vn -0.0 0.0 1.0
vn 0.0 0.0 1.0
vn 0.0 0.0 1.0
vn 0.0 0.0 1.0
vn -0.0 0.0 1.0
vn 0.0 0.0 1.0
vn 0.0 0.0 1.0
vn 0.0 0.0 1.0
vn -0.0 0.0 1.0
vn 0.0 0.0 1.0
vn 0.0 0.0 1.0
vn 0.0 0.0 1.0
vn -0.0 0.0 1.0
vn 0.0 0.0 1.0
vn 0.0 0.0 1.0
vn 0.0 0.0 1.0
vn -0.0 0.0 1.0
vn 0.0 0.0 1.0
vn 0.0 0.0 1.0
vn 0.0 0.0 1.0
vn -0.0 0.0 1.0
vn 0.0 0.0 1.0
vn 0.0 0.0 1.0
vn -0.0 0.0 1.0
vn 0.0 0.0 1.0
vn 0.0 0.0 1.0
vn -0.0 0.0 1.0
vn 0.0 0.0 1.0
vn 0.0 0.0 1.0
vn 0.0 0.0 1.0
vn 0.0 0.0 1.0
vn -0.0 0.0 1.0
vn 0.0 0.0 1.0
vn 0.0 0.0 1.0
vn 0.0 0.0 1.0
vn -0.0 0.0 1.0
vn 0.0 0.0 1.0
vn 0.0 0.0 1.0
vn 0.0 0.0 1.0
vn 0.0 0.0 1.0
vn -0.0 0.0 1.0
vn 0.0 0.0 1.0
vn 0.0 0.0 1.0
vn -0.0 0.0 1.0
vn 0.0 0.0 1.0
vn 0.0 0.0 1.0
vn 0.0 0.0 1.0
vn -0.0 0.0 1.0
vn 0.0 0.0 1.0
vn -0.0 0.0 1.0
vn 0.0 0.0 1.0
vn 0.0 0.0 1.0
vn 0.0 0.0 1.0
vn -0.0 0.0 1.0
vn 0.0 0.0 1.0
vn 0.0 0.0 1.0
vn 0.0 0.0 1.0
vn -0.0 0.0 1.0
vn 0.0 0.0 1.0
vn 0.0 0.0 1.0
vn 0.0 0.0 1.0
vn 0.0 0.0 1.0
vn -0.0 0.0 1.0
vn 0.0 0.0 1.0
vn -0.0 0.0 1.0
vn 0.0 0.0 1.0
vn 0.0 0.0 1.0
vn -0.0 0.0 1.0
vn 0.0 0.0 1.0
vn 0.0 0.0 1.0
vn 0.0 0.0 1.0
vn 0.0 0.0 1.0
vn -0.0 0.0 1.0
vn 0.0 0.0 1.0
vn 0.0 0.0 1.0
vn 0.0 0.0 1.0
vn -0.0 0.0 1.0
vn 0.0 0.0 1.0
vn 0.0 0.0 1.0
vn -0.0 0.0 1.0
vn 0.0 0.0 1.0
vn 0.0 0.0 1.0
vn 0.0 0.0 1.0
vn 0.0 0.0 1.0
vn -0.0 0.0 1.0
vn 0.0 0.0 1.0
vn 0.0 0.0 1.0
vn 0.0 0.0 1.0
vn -0.0 0.0 1.0
vn 0.0 0.0 1.0
vn 0.0 0.0 1.0
vn -0.0 0.0 1.0
vn 0.0 0.0 1.0
vn 0.0 0.0 1.0
vn 0.0 0.0 1.0
vn 0.0 0.0 1.0
vn 0.0 0.0 1.0
vn -0.0 0.0 1.0
vn 0.0 0.0 1.0
vn 0.0 0.0 1.0
vn 0.0 0.0 1.0
vn -0.0 0.0 1.0
vn 0.0 0.0 1.0
vn 0.0 0.0 1.0
vn 0.0 0.0 1.0
vn -0.0 0.0 1.0
vn 0.0 0.0 1.0
vn 0.0 0.0 1.0
vn -0.0 0.0 1.0
vn 0.0 0.0 1.0
vn -0.0 0.0 1.0
vn 0.0 0.0 1.0
vn 0.0 0.0 1.0
vn 0.0 0.0 1.0
vn 0.0 0.0 1.0
vn -0.0 0.0 1.0
vn 0.0 0.0 1.0
vn 0.0 0.0 1.0
vn 0.0 0.0 1.0
vn -0.0 0.0 1.0
vn 0.0 0.0 1.0
vn 0.0 0.0 1.0
vn 0.0 0.0 1.0
vn -0.0 0.0 1.0
vn 0.0 0.0 1.0
vn 0.0 0.0 1.0
vn 0.0 0.0 1.0
vn -0.0 0.0 1.0
vn 0.0 0.0 1.0
vn 0.0 0.0 1.0
vn -0.0 0.0 1.0
vn 0.0 0.0 1.0
vn 0.0 0.0 1.0
vn 0.0 0.0 1.0
vn -0.0 0.0 1.0
vn 0.0 0.0 1.0
vn 0.0 0.0 1.0
vn 0.0 0.0 1.0
vn 0.0 0.0 1.0
vn -0.0 0.0 1.0
vn 0.0 0.0 1.0
vn 0.0 0.0 1.0
vn 0.0 0.0 1.0
vn -0.0 0.0 1.0
vn 0.0 0.0 1.0
vn 0.0 0.0 1.0
vn 0.0 0.0 1.0
vn -0.0 0.0 1.0
vn 0.0 0.0 1.0
vn 0.0 0.0 1.0
vn -0.0 0.0 1.0
vn 0.0 0.0 1.0
vn 0.0 0.0 1.0
vn 0.0 0.0 1.0
vn -0.0 0.0 1.0
vn 0.0 0.0 1.0
vn 0.0 0.0 1.0
vn 0.0 0.0 1.0
vn -0.0 0.0 1.0
vn 0.0 0.0 1.0
vn 0.0 0.0 1.0
vn 0.0 0.0 1.0
vn -0.0 0.0 1.0
vn 0.0 0.0 1.0
vn 0.0 0.0 1.0
vn 0.0 0.0 1.0
vn -0.0 0.0 1.0
vn 0.0 0.0 1.0
vn 0.0 0.0 1.0
vn 0.0 0.0 1.0
vn -0.0 0.0 1.0
vn 0.0 0.0 1.0
vn -0.0 0.0 1.0
vn 0.0 0.0 1.0
vn 0.0 0.0 1.0
vn 0.0 0.0 1.0
vn -0.0 0.0 1.0
vn 0.0 0.0 1.0
vn 0.0 0.0 1.0
vn -0.0 0.0 1.0
vn 0.0 0.0 1.0
vn 0.0 0.0 1.0
vn 0.0 0.0 1.0
vn -0.0 0.0 1.0
vn 0.0 0.0 1.0
vn 0.0 0.0 1.0
vn 0.0 0.0 1.0
vn -0.0 0.0 1.0
vn 0.0 0.0 1.0
vn 0.0 0.0 1.0
vn 0.0 0.0 1.0
vn -0.0 0.0 1.0
vn 0.0 0.0 1.0
vn 0.0 0.0 1.0
vn 0.0 0.0 1.0
vn -0.0 0.0 1.0
vn 0.0 0.0 1.0
vn 0.0 0.0 1.0
vn 0.0 0.0 1.0
vn -0.0 0.0 1.0
vn 0.0 0.0 1.0
vn 0.0 0.0 1.0
vn 0.0 0.0 1.0
vn -0.0 0.0 1.0
vn 0.0 0.0 1.0
vn 0.0 0.0 1.0
vn 0.0 0.0 1.0
vn -0.0 0.0 1.0
vn 0.0 0.0 1.0
vn 0.0 0.0 1.0
vn 0.0 0.0 1.0
vn -0.0 0.0 1.0
vn 0.0 0.0 1.0
vn 0.0 0.0 1.0
vn 0.0 0.0 1.0
vn -0.0 0.0 1.0
vn 0.0 0.0 1.0
vn 0.0 0.0 1.0
vn 0.0 0.0 1.0
vn -0.0 0.0 1.0
vn 0.0 0.0 1.0
vn 0.0 0.0 1.0
vn 0.0 0.0 1.0
vn 0.0 0.0 1.0
vn -0.0 0.0 1.0
vn 0.0 0.0 1.0
vn 0.0 0.0 1.0
vn -0.0 0.0 1.0
vn 0.0 0.0 1.0
vn 0.0 0.0 1.0
vn 0.0 0.0 1.0
vn -0.0 0.0 1.0
vn 0.0 0.0 1.0
vn 0.0 0.0 1.0
vn -0.0 0.0 1.0
vn -0.0 0.0 1.0
vn 0.0 0.0 1.0
vn 0.0 0.0 1.0
vn -0.0 0.0 1.0
vn 0.0 0.0 1.0
vn 0.0 0.0 1.0
vn 0.0 0.0 1.0
vn -0.0 0.0 1.0
vn 0.0 0.0 1.0
vn 0.0 0.0 1.0
vn 0.0 0.0 1.0
vn 0.0 0.0 1.0
vn -0.0 0.0 1.0
vn 0.0 0.0 1.0
vn 0.0 0.0 1.0
vn 0.0 0.0 1.0
vn 0.0 0.0 1.0
vn -0.0 0.0 1.0
vn 0.0 0.0 1.0
vn 0.0 0.0 1.0
vn 0.0 0.0 1.0
vn -0.0 0.0 1.0
vn 0.0 0.0 1.0
vn 0.0 0.0 1.0
vn 0.0 0.0 1.0
vn -0.0 0.0 1.0
vn 0.0 0.0 1.0
vn 0.0 0.0 1.0
vn 0.0 0.0 1.0
vn -0.0 0.0 1.0
vn 0.0 0.0 1.0
vn 0.0 0.0 1.0
vn 0.0 0.0 1.0
vn -0.0 0.0 1.0
vn 0.0 0.0 1.0
vn 0.0 0.0 1.0
vn 0.0 0.0 1.0
vn -0.0 0.0 1.0
vn 0.0 0.0 1.0
vn 0.0 0.0 1.0
vn 0.0 0.0 1.0
vn -0.0 0.0 1.0
vn 0.0 0.0 1.0
vn 0.0 0.0 1.0
vn -0.0 0.0 1.0
vn 0.0 0.0 1.0
vn 0.0 0.0 1.0
vn 0.0 0.0 1.0
vn 0.0 0.0 1.0
vn -0.0 0.0 1.0
vn 0.0 0.0 1.0
vn 0.0 0.0 1.0
vn 0.0 0.0 1.0
vn -0.0 0.0 1.0
vn 0.0 0.0 1.0
vn 0.0 0.0 1.0
vn 0.0 0.0 1.0
vn -0.0 0.0 1.0
vn 0.0 0.0 1.0
vn 0.0 0.0 1.0
vn -0.0 0.0 1.0
vn 0.0 0.0 1.0
vn 0.0 0.0 1.0
vn 0.0 0.0 1.0
vn -0.0 0.0 1.0
vn 0.0 0.0 1.0
vn -0.0 0.0 1.0
vn 0.0 0.0 1.0
vn 0.0 0.0 1.0
vn 0.0 0.0 1.0
vn -0.0 0.0 1.0
vn 0.0 0.0 1.0
vn 0.0 0.0 1.0
vn 0.0 0.0 1.0
vn 0.0 0.0 1.0
vn -0.0 0.0 1.0
vn 0.0 0.0 1.0
vn 0.0 0.0 1.0
vn -0.0 0.0 1.0
vn 0.0 0.0 1.0
vn 0.0 0.0 1.0
vn -0.0 0.0 1.0
vn 0.0 0.0 1.0
vn 0.0 0.0 1.0
vn 0.0 0.0 1.0
vn -0.0 0.0 1.0
vn 0.0 0.0 1.0
vn 0.0 0.0 1.0
vn 0.0 0.0 1.0
vn -0.0 0.0 1.0
vn 0.0 0.0 1.0
vn 0.0 0.0 1.0
vn 0.0 0.0 1.0
vn 0.0 0.0 1.0
vn -0.0 0.0 1.0
vn 0.0 0.0 1.0
vn 0.0 0.0 1.0
vn -0.0 0.0 1.0
vn 0.0 0.0 1.0
vn 0.0 0.0 1.0
vn 0.0 0.0 1.0
vn -0.0 0.0 1.0
vn 0.0 0.0 1.0
vn 0.0 0.0 1.0
vn 0.0 0.0 1.0
vn 0.0 0.0 1.0
vn -0.0 0.0 1.0
vn 0.0 0.0 1.0
vn 0.0 0.0 1.0
vn 0.0 0.0 1.0
vn -0.0 0.0 1.0
vn 0.0 0.0 1.0
vn 0.0 0.0 1.0
vn -0.0 0.0 1.0
vn 0.0 0.0 1.0
vn 0.0 0.0 1.0
vn 0.0 0.0 1.0
vn 0.0 0.0 1.0
vn 0.0 0.0 1.0
vn -0.0 0.0 1.0
vn 0.0 0.0 1.0
vn -0.0 0.0 1.0
vn 0.0 0.0 1.0
vn 0.0 0.0 1.0
vn -0.0 0.0 1.0
vn 0.0 0.0 1.0
vn 0.0 0.0 -1.0
vn 0.0 0.0 -1.0
vn 0.0 0.0 -1.0
vn 0.0 0.0 -1.0
vn 0.0 0.0 -1.0
vn 0.0 0.0 -1.0
vn 0.0 0.0 -1.0
vn 0.0 0.0 -1.0
vn 0.0 0.0 -1.0
vn 0.0 0.0 -1.0
vn 0.0 0.0 -1.0
vn 0.0 0.0 -1.0
vn 0.0 0.0 -1.0
vn 0.0 0.0 -1.0
vn 0.0 0.0 -1.0
vn 0.0 0.0 -1.0
vn 0.0 0.0 -1.0
vn 0.0 0.0 -1.0
vn 0.0 0.0 -1.0
vn 0.0 0.0 -1.0
vn 0.0 0.0 -1.0
vn 0.0 0.0 -1.0
vn 0.0 0.0 -1.0
vn 0.0 0.0 -1.0
vn 0.0 0.0 -1.0
vn 0.0 0.0 -1.0
vn 0.0 0.0 -1.0
vn 0.0 0.0 -1.0
vn 0.0 0.0 -1.0
vn 0.0 0.0 -1.0
vn 0.0 0.0 -1.0
vn 0.0 0.0 -1.0
vn 0.0 0.0 -1.0
vn 0.0 0.0 -1.0
vn 0.0 0.0 -1.0
vn 0.0 0.0 -1.0
vn 0.0 0.0 -1.0
vn 0.0 0.0 -1.0
vn 0.0 0.0 -1.0
vn 0.0 0.0 -1.0
vn 0.0 0.0 -1.0
vn 0.0 0.0 -1.0
vn 0.0 0.0 -1.0
vn 0.0 0.0 -1.0
vn 0.0 0.0 -1.0
vn 0.0 0.0 -1.0
vn 0.0 0.0 -1.0
vn 0.0 0.0 -1.0
vn 0.0 0.0 -1.0
vn 0.0 0.0 -1.0
vn 0.0 0.0 -1.0
vn 0.0 0.0 -1.0
vn 0.0 0.0 -1.0
vn 0.0 0.0 -1.0
vn 0.0 0.0 -1.0
vn 0.0 0.0 -1.0
vn 0.0 0.0 -1.0
vn 0.0 0.0 -1.0
vn 0.0 0.0 -1.0
vn 0.0 0.0 -1.0
vn 0.0 0.0 -1.0
vn 0.0 0.0 -1.0
vn 0.0 0.0 -1.0
vn 0.0 0.0 -1.0
vn 0.0 0.0 -1.0
vn 0.0 0.0 -1.0
vn 0.0 0.0 -1.0
vn 0.0 0.0 -1.0
vn 0.0 0.0 -1.0
vn 0.0 0.0 -1.0
vn 0.0 0.0 -1.0
vn 0.0 0.0 -1.0
vn 0.0 0.0 -1.0
vn 0.0 0.0 -1.0
vn 0.0 0.0 -1.0
vn 0.0 0.0 -1.0
vn 0.0 0.0 -1.0
vn 0.0 0.0 -1.0
vn 0.0 0.0 -1.0
vn 0.0 0.0 -1.0
vn 0.0 0.0 -1.0
vn 0.0 0.0 -1.0
vn 0.0 0.0 -1.0
vn 0.0 0.0 -1.0
vn 0.0 0.0 -1.0
vn 0.0 0.0 -1.0
vn 0.0 0.0 -1.0
vn 0.0 0.0 -1.0
vn 0.0 0.0 -1.0
vn 0.0 0.0 -1.0
vn 0.0 0.0 -1.0
vn 0.0 0.0 -1.0
vn 0.0 0.0 -1.0
vn 0.0 0.0 -1.0
vn 0.0 0.0 -1.0
vn 0.0 0.0 -1.0
vn 0.0 0.0 -1.0
vn 0.0 0.0 -1.0
vn 0.0 0.0 -1.0
vn 0.0 0.0 -1.0
vn 0.0 0.0 -1.0
vn 0.0 0.0 -1.0
vn 0.0 0.0 -1.0
vn 0.0 0.0 -1.0
vn 0.0 0.0 -1.0
vn 0.0 0.0 -1.0
vn 0.0 0.0 -1.0
vn 0.0 0.0 -1.0
vn 0.0 0.0 -1.0
vn 0.0 0.0 -1.0
vn 0.0 0.0 -1.0
vn 0.0 0.0 -1.0
vn 0.0 0.0 -1.0
vn 0.0 0.0 -1.0
vn 0.0 0.0 -1.0
vn 0.0 0.0 -1.0
vn 0.0 0.0 -1.0
vn 0.0 0.0 -1.0
vn 0.0 0.0 -1.0
vn 0.0 0.0 -1.0
vn 0.0 0.0 -1.0
vn 0.0 0.0 -1.0
vn 0.0 0.0 -1.0
vn 0.0 0.0 -1.0
vn 0.0 0.0 -1.0
vn 0.0 0.0 -1.0
vn 0.0 0.0 -1.0
vn 0.0 0.0 -1.0
vn 0.0 0.0 -1.0
vn 0.0 0.0 -1.0
vn 0.0 0.0 -1.0
vn 0.0 0.0 -1.0
vn 0.0 0.0 -1.0
vn 0.0 0.0 -1.0
vn 0.0 0.0 -1.0
vn 0.0 0.0 -1.0
vn 0.0 0.0 -1.0
vn 0.0 0.0 -1.0
vn 0.0 0.0 -1.0
vn 0.0 0.0 -1.0
vn 0.0 0.0 -1.0
vn 0.0 0.0 -1.0
vn 0.0 0.0 -1.0
vn 0.0 0.0 -1.0
vn 0.0 0.0 -1.0
vn 0.0 0.0 -1.0
vn 0.0 0.0 -1.0
vn 0.0 0.0 -1.0
vn 0.0 0.0 -1.0
vn 0.0 0.0 -1.0
vn 0.0 0.0 -1.0
vn 0.0 0.0 -1.0
vn 0.0 0.0 -1.0
vn 0.0 0.0 -1.0
vn 0.0 0.0 -1.0
vn 0.0 0.0 -1.0
vn 0.0 0.0 -1.0
vn 0.0 0.0 -1.0
vn 0.0 0.0 -1.0
vn 0.0 0.0 -1.0
vn 0.0 0.0 -1.0
vn 0.0 0.0 -1.0
vn 0.0 0.0 -1.0
vn 0.0 0.0 -1.0
vn 0.0 0.0 -1.0
vn 0.0 0.0 -1.0
vn 0.0 0.0 -1.0
vn 0.0 0.0 -1.0
vn 0.0 0.0 -1.0
vn 0.0 0.0 -1.0
vn 0.0 0.0 -1.0
vn 0.0 0.0 -1.0
vn 0.0 0.0 -1.0
vn 0.0 0.0 -1.0
vn 0.0 0.0 -1.0
vn 0.0 0.0 -1.0
vn 0.0 0.0 -1.0
vn 0.0 0.0 -1.0
vn 0.0 0.0 -1.0
vn 0.0 0.0 -1.0
vn 0.0 0.0 -1.0
vn 0.0 0.0 -1.0
vn 0.0 0.0 -1.0
vn 0.0 0.0 -1.0
vn 0.0 0.0 -1.0
vn 0.0 0.0 -1.0
vn 0.0 0.0 -1.0
vn 0.0 0.0 -1.0
vn 0.0 0.0 -1.0
vn 0.0 0.0 -1.0
vn 0.0 0.0 -1.0
vn 0.0 0.0 -1.0
vn 0.0 0.0 -1.0
vn 0.0 0.0 -1.0
vn 0.0 0.0 -1.0
vn 0.0 0.0 -1.0
vn 0.0 0.0 -1.0
vn 0.0 0.0 -1.0
vn 0.0 0.0 -1.0
vn 0.0 0.0 -1.0
vn 0.0 0.0 -1.0
vn 0.0 0.0 -1.0
vn 0.0 0.0 -1.0
vn 0.0 0.0 -1.0
vn 0.0 0.0 -1.0
vn 0.0 0.0 -1.0
vn 0.0 0.0 -1.0
vn 0.0 0.0 -1.0
vn 0.0 0.0 -1.0
vn 0.0 0.0 -1.0
vn 0.0 0.0 -1.0
vn 0.0 0.0 -1.0
vn 0.0 0.0 -1.0
vn 0.0 0.0 -1.0
vn 0.0 0.0 -1.0
vn 0.0 0.0 -1.0
vn 0.0 0.0 -1.0
vn 0.0 0.0 -1.0
vn 0.0 0.0 -1.0
vn 0.0 0.0 -1.0
vn 0.0 0.0 -1.0
vn 0.0 0.0 -1.0
vn 0.0 0.0 -1.0
vn 0.0 0.0 -1.0
vn 0.0 0.0 -1.0
vn 0.0 0.0 -1.0
vn 0.0 0.0 -1.0
vn 0.0 0.0 -1.0
vn 0.0 0.0 -1.0
vn 0.0 0.0 -1.0
vn 0.0 0.0 -1.0
vn 0.0 0.0 -1.0
vn 0.0 0.0 -1.0
vn 0.0 0.0 -1.0
vn 0.0 0.0 -1.0
vn 0.0 0.0 -1.0
vn 0.0 0.0 -1.0
vn 0.0 0.0 -1.0
vn 0.0 0.0 -1.0
vn 0.0 0.0 -1.0
vn 0.0 0.0 -1.0
vn 0.0 0.0 -1.0
vn 0.0 0.0 -1.0
vn 0.0 0.0 -1.0
vn 0.0 0.0 -1.0
vn 0.0 0.0 -1.0
vn 0.0 0.0 -1.0
vn 0.0 0.0 -1.0
vn 0.0 0.0 -1.0
vn 0.0 0.0 -1.0
vn 0.0 0.0 -1.0
vn 0.0 0.0 -1.0
vn 0.0 0.0 -1.0
vn 0.0 0.0 -1.0
vn 0.0 0.0 -1.0
vn 0.0 0.0 -1.0
vn 0.0 0.0 -1.0
vn 0.0 0.0 -1.0
vn 0.0 0.0 -1.0
vn 0.0 0.0 -1.0
vn 0.0 0.0 -1.0
vn 0.0 0.0 -1.0
vn 0.0 0.0 -1.0
vn 0.0 0.0 -1.0
vn 0.0 0.0 -1.0
vn 0.0 0.0 -1.0
vn 0.0 0.0 -1.0
vn 0.0 0.0 -1.0
vn 0.0 0.0 -1.0
vn 0.0 0.0 -1.0
vn 0.0 0.0 -1.0
vn 0.0 0.0 -1.0
vn 0.0 0.0 -1.0
vn 0.0 0.0 -1.0
vn 0.0 0.0 -1.0
vn 0.0 0.0 -1.0
vn 0.0 0.0 -1.0
vn 0.0 0.0 -1.0
vn 0.0 0.0 -1.0
vn 0.0 0.0 -1.0
vn 0.0 0.0 -1.0
vn 0.0 0.0 -1.0
vn 0.0 0.0 -1.0
vn 0.0 0.0 -1.0
vn 0.0 0.0 -1.0
vn 0.0 0.0 -1.0
vn 0.0 0.0 -1.0
vn 0.0 0.0 -1.0
vn 0.0 0.0 -1.0
vn 0.0 0.0 -1.0
vn 0.0 0.0 -1.0
vn 0.0 0.0 -1.0
vn 0.0 0.0 -1.0
vn 0.0 0.0 -1.0
vn 0.0 0.0 -1.0
vn 0.0 0.0 -1.0
vn 0.0 0.0 -1.0
vn 0.0 0.0 -1.0
vn 0.0 0.0 -1.0
vn 0.0 0.0 -1.0
vn 0.0 0.0 -1.0
vn 0.0 0.0 -1.0
vn 0.0 0.0 -1.0
vn 0.0 0.0 -1.0
vn 0.0 0.0 -1.0
vn 0.0 0.0 -1.0
vn 0.0 0.0 -1.0
vn 0.0 0.0 -1.0
vn 0.0 0.0 -1.0
vn 0.0 0.0 -1.0
vn 0.0 0.0 -1.0
vn 0.0 0.0 -1.0
vn 0.0 0.0 -1.0
vn 0.0 0.0 -1.0
vn 0.0 0.0 -1.0
vn 0.0 0.0 -1.0
vn 0.0 0.0 -1.0
vn 0.0 0.0 -1.0
vn 0.0 0.0 -1.0
vn 0.0 0.0 -1.0
vn 0.0 0.0 -1.0
vn 0.0 0.0 -1.0
vn 0.0 0.0 -1.0
vn 0.0 0.0 -1.0
vn 0.0 0.0 -1.0
vn 0.0 0.0 -1.0
vn 0.0 0.0 -1.0
vn 0.0 0.0 -1.0
vn 0.0 0.0 -1.0
vn 0.0 0.0 -1.0
vn 0.0 0.0 -1.0
vn 0.0 0.0 -1.0
vn 0.0 0.0 -1.0
vn 0.0 0.0 -1.0
vn 0.0 0.0 -1.0
vn 0.0 0.0 -1.0
vn 0.0 0.0 -1.0
vn 0.0 0.0 -1.0
vn 0.0 0.0 -1.0
vn 0.0 0.0 -1.0
vn 0.0 0.0 -1.0
vn 0.0 0.0 -1.0
vn 0.0 0.0 -1.0
vn 0.0 0.0 -1.0
vn 0.0 0.0 -1.0
vn 0.0 0.0 -1.0
vn 0.0 0.0 -1.0
vn 0.0 0.0 -1.0
vn 0.0 0.0 -1.0
vn 0.0 0.0 -1.0
vn 0.0 0.0 -1.0
vn 0.0 0.0 -1.0
vn 0.0 0.0 -1.0
vn 0.0 0.0 -1.0
vn 0.0 0.0 -1.0
vn 0.0 0.0 -1.0
vn 0.0 0.0 -1.0
vn 0.0 0.0 -1.0
vn 0.0 0.0 -1.0
vn 0.0 0.0 -1.0
vn 0.0 0.0 -1.0
vn 0.0 0.0 -1.0
vn 0.0 0.0 -1.0
vn 0.0 0.0 -1.0
vn 0.0 0.0 -1.0
vn 0.0 0.0 -1.0
vn 0.0 0.0 -1.0
vn 0.0 0.0 -1.0
vn 0.0 0.0 -1.0
vn 0.0 0.0 -1.0
vn 0.0 0.0 -1.0
vn 0.0 0.0 -1.0
vn 0.0 0.0 -1.0
vn 0.0 0.0 -1.0
vn 0.0 0.0 -1.0
vn 0.0 0.0 -1.0
vn 0.0 0.0 -1.0
vn 0.0 0.0 -1.0
vn 0.0 0.0 -1.0
vn 0.0 0.0 -1.0
vn 0.0 0.0 -1.0
vn 0.0 0.0 -1.0
vn 0.0 0.0 -1.0
vn 0.0 0.0 -1.0
vn 0.0 0.0 -1.0
vn 0.0 0.0 -1.0
vn 0.0 0.0 -1.0
vn 0.0 0.0 -1.0
vn 0.0 0.0 -1.0
vn 0.0 0.0 -1.0
vn 0.0 0.0 -1.0
vn 0.0 0.0 -1.0
vn 0.0 0.0 -1.0
vn 0.0 0.0 -1.0
vn 0.0 0.0 -1.0
vn 0.0 0.0 -1.0
vn 0.0 0.0 -1.0
vn 0.0 0.0 -1.0
vn 0.0 0.0 -1.0
vn 0.0 0.0 -1.0
vn 0.0 0.0 -1.0
vn 0.0 0.0 -1.0
vn 0.0 0.0 -1.0
vn 0.0 0.0 -1.0
vn 0.0 0.0 -1.0
vn 0.0 0.0 -1.0
vn 0.0 0.0 -1.0
vn 0.0 0.0 -1.0
vn 0.0 0.0 -1.0
vn 0.0 0.0 -1.0
vn 0.0 0.0 -1.0
vn 0.0 0.0 -1.0
vn 0.0 0.0 -1.0
vn 0.0 0.0 -1.0
vn 0.0 0.0 -1.0
vn 0.0 0.0 -1.0
vn 0.0 0.0 -1.0
vn 0.0 0.0 -1.0
vn 0.0 0.0 -1.0
vn 0.0 0.0 -1.0
vn 0.0 0.0 -1.0
vn 0.0 0.0 -1.0
vn 0.0 0.0 -1.0
vn 0.0 0.0 -1.0
vn 0.0 0.0 -1.0
vn 0.0 0.0 -1.0
vn 0.0 0.0 -1.0
vn 0.0 0.0 -1.0
vn 0.0 0.0 -1.0
vn 0.0 0.0 -1.0
vn 0.0 0.0 -1.0
vn 0.0 0.0 -1.0
vn 0.0 0.0 -1.0
vn 0.0 0.0 -1.0
vn 0.0 0.0 -1.0
vn 0.0 0.0 -1.0
vn 0.0 0.0 -1.0
vn 0.0 0.0 -1.0
vn 0.0 0.0 -1.0
vn 0.0 0.0 -1.0
vn 0.0 0.0 -1.0
vn 0.0 0.0 -1.0
vn 0.0 0.0 -1.0
vn 0.0 0.0 -1.0
vn 0.0 0.0 -1.0
vn 0.0 0.0 -1.0
vn 0.0 0.0 -1.0
vn 0.0 0.0 -1.0
vn 0.0 0.0 -1.0
vn 0.0 0.0 -1.0
vn 0.0 0.0 -1.0
vn 0.0 0.0 -1.0
vn 0.0 0.0 -1.0
vn 0.0 0.0 -1.0
vn 0.0 0.0 -1.0
vn 0.0 0.0 -1.0
vn 0.0 0.0 -1.0
vn 0.0 0.0 -1.0
vn 0.0 0.0 -1.0
vn 0.0 0.0 -1.0
vn 0.0 0.0 -1.0
vn 0.0 0.0 -1.0
vn 0.0 0.0 -1.0
vn 0.0 0.0 -1.0
vn 0.0 0.0 -1.0
vn 0.0 0.0 -1.0
vn 0.0 0.0 -1.0
vn 0.0 0.0 -1.0
vn 0.0 0.0 -1.0
vn 0.0 0.0 -1.0
vn 0.0 0.0 -1.0
vn 0.0 0.0 -1.0
vn 0.0 0.0 -1.0
vn 0.0 0.0 -1.0
vn 0.0 0.0 -1.0
vn 0.0 0.0 -1.0
vn 0.0 0.0 -1.0
vn 0.0 0.0 -1.0
vn 0.0 0.0 -1.0
vn 0.0 0.0 -1.0
vn 0.0 0.0 -1.0
vn 0.0 0.0 -1.0
vn 0.0 0.0 -1.0
vn 0.0 0.0 -1.0
vn 0.0 0.0 -1.0
vn 0.0 0.0 -1.0
vn 0.0 0.0 -1.0
vn 0.0 0.0 -1.0
vn 0.0 0.0 -1.0
vn 0.0 0.0 -1.0
vn 0.0 0.0 -1.0
vn 0.0 0.0 -1.0
vn 0.0 0.0 -1.0
vn 0.0 0.0 -1.0
vn 0.0 0.0 -1.0
vn 0.0 0.0 -1.0
vn 0.0 0.0 -1.0
vn 0.0 0.0 -1.0
vn 0.0 0.0 -1.0
vn 0.0 0.0 -1.0
vn 0.0 0.0 -1.0
vn 0.0 0.0 -1.0
vn 0.0 0.0 -1.0
vn 0.0 0.0 -1.0
vn 0.0 0.0 -1.0
vn 0.0 0.0 -1.0
vn 0.0 0.0 -1.0
vn 0.0 0.0 -1.0
vn 0.0 0.0 -1.0
vn 0.0 0.0 -1.0
vn 0.0 0.0 -1.0
vn 0.0 0.0 -1.0
vn 0.0 0.0 -1.0
vn 0.0 0.0 -1.0
vn 0.0 0.0 -1.0
vn 0.0 0.0 -1.0
vn 0.0 0.0 -1.0
vn 0.0 0.0 -1.0
vn 0.0 0.0 -1.0
vn 0.0 0.0 -1.0
vn 0.0 0.0 -1.0
vn 0.0 0.0 -1.0
vn 0.0 0.0 -1.0
vn 0.0 0.0 -1.0
vn 0.0 0.0 -1.0
vn 0.0 0.0 -1.0
vn 0.0 0.0 -1.0
vn 0.0 0.0 -1.0
vn 0.0 0.0 -1.0
vn 0.0 0.0 -1.0
vn 0.0 0.0 -1.0
vn 0.0 0.0 -1.0
vn 0.0 0.0 -1.0
vn 0.0 0.0 -1.0
vn 0.0 0.0 -1.0
vn 0.0 0.0 -1.0
vn 0.0 0.0 -1.0
vn 0.0 0.0 -1.0
vn 0.0 0.0 -1.0
vn 0.0 0.0 -1.0
vn 0.0 0.0 -1.0
vn 0.0 0.0 -1.0
vn 0.0 0.0 -1.0
vn 0.0 0.0 -1.0
vn 0.0 0.0 -1.0
vn 0.0 0.0 -1.0
vn 0.0 0.0 -1.0
vn 0.0 0.0 -1.0
vn 0.0 0.0 -1.0
vn 0.0 0.0 -1.0
vn 0.0 0.0 -1.0
vn 0.0 0.0 -1.0
vn 0.0 0.0 -1.0
vn 0.0 0.0 -1.0
vn 0.0 0.0 -1.0
vn 0.0 0.0 -1.0
vn 0.0 0.0 -1.0
vn 0.0 0.0 -1.0
vn 0.0 0.0 -1.0
vn 0.0 0.0 -1.0
vn 0.0 0.0 -1.0
vn 0.0 0.0 -1.0
vn 0.0 0.0 -1.0
vn 0.0 0.0 -1.0
vn 0.0 0.0 -1.0
vn 0.0 0.0 -1.0
vn 0.0 -0.0 -1.0
vn 0.0 0.0 -1.0
vn 0.0 0.0 -1.0
vn 0.0 0.0 -1.0
vn 0.0 0.0 -1.0
vn 0.0 0.0 -1.0
vn 0.0 0.0 -1.0
vn 0.0 0.0 -1.0
vn 0.0 0.0 -1.0
vn 0.0 0.0 -1.0
vn 0.0 0.0 -1.0
vn 0.0 0.0 -1.0
vn 0.0 0.0 -1.0
vn 0.0 0.0 -1.0
vn 0.0 0.0 -1.0
vn 0.0 0.0 -1.0
vn 0.0 0.0 -1.0
vn 0.0 0.0 -1.0
vn 0.0 0.0 -1.0
vn 0.0 0.0 -1.0
vn 0.0 0.0 -1.0
vn 0.0 0.0 -1.0
vn 0.0 0.0 -1.0
vn 0.0 0.0 -1.0
vn 0.0 0.0 -1.0
vn 0.0 0.0 -1.0
vn 0.0 0.0 -1.0
vn 0.0 0.0 -1.0
vn 0.0 0.0 -1.0
vn 0.0 0.0 -1.0
vn 0.0 0.0 -1.0
vn 0.0 0.0 -1.0
vn 0.0 0.0 -1.0
vn 0.0 -0.0 -1.0
vn -0.0 0.0 -1.0
vn 0.0 -0.0 -1.0
vn -0.0 0.0 -1.0
vn 0.0 0.0 -1.0
vn 0.0 0.0 -1.0
vn 0.0 0.0 -1.0
vn 0.0 0.0 -1.0
vn -0.0 -0.0 -1.0
vn 0.0 0.0 -1.0
vn 0.0 0.0 -1.0
vn 0.0 0.0 -1.0
vn 0.0 0.0 -1.0
vn 0.0 0.0 -1.0
vn 0.0 0.0 -1.0
vn 0.0 0.0 -1.0
vn 0.0 0.0 -1.0
vn 0.0 0.0 -1.0
vn 0.0 0.0 -1.0
vn 0.0 0.0 -1.0
vn 0.0 0.0 -1.0
vn 0.0 0.0 -1.0
vn 0.0 0.0 -1.0
vn 0.0 0.0 -1.0
vn 0.0 0.0 -1.0
vn 0.0 0.0 -1.0
vn 0.0 0.0 -1.0
vn 0.0 0.0 -1.0
vn 0.0 0.0 -1.0
vn 0.0 0.0 -1.0
vn 0.0 0.0 -1.0
vn 0.0 0.0 -1.0
vn -0.0 -0.0 -1.0
vn 0.0 0.0 -1.0
vn 0.0 0.0 -1.0
vn 0.0 0.0 -1.0
vn 0.0 0.0 -1.0
vn 0.0 0.0 -1.0
vn 0.0 0.0 -1.0
vn 0.0 0.0 -1.0
vn 0.0 0.0 -1.0
vn 0.0 0.0 -1.0
vn 0.0 0.0 -1.0
vn 0.0 0.0 -1.0
vn 0.0 0.0 -1.0
vn 0.0 0.0 -1.0
vn 0.0 0.0 -1.0
vn 0.0 0.0 -1.0
vn 0.0 0.0 -1.0
vn 0.0 0.0 -1.0
vn 0.0 0.0 -1.0
vn 0.0 0.0 -1.0
vn 0.0 0.0 -1.0
vn 0.0 0.0 -1.0
vn 0.0 0.0 -1.0
vn 0.0 0.0 -1.0
vn 0.0 0.0 -1.0
vn 0.0 0.0 -1.0
vn 0.0 0.0 -1.0
vn 0.0 0.0 -1.0
vn 0.0 0.0 -1.0
vn 0.0 0.0 -1.0
vn 0.0 0.0 -1.0
vn 0.0 0.0 -1.0
vn 0.0 0.0 -1.0
vn 0.0 0.0 -1.0
vn 0.0 0.0 -1.0
vn 0.0 0.0 -1.0
vn 0.0 0.0 -1.0
vn 0.0 0.0 -1.0
vn 0.0 0.0 -1.0
vn 0.0 0.0 -1.0
vn 0.0 0.0 -1.0
vn 0.0 0.0 -1.0
vn 0.0 0.0 -1.0
vn 0.0 0.0 -1.0
vn 0.0 0.0 -1.0
vn 0.0 0.0 -1.0
vn 0.0 0.0 -1.0
vn 0.0 0.0 -1.0
vn 0.0 0.0 -1.0
vn 0.0 0.0 -1.0
vn 0.0 0.0 -1.0
vn 0.0 0.0 -1.0
vn 0.0 0.0 -1.0
vn 0.0 0.0 -1.0
vn 0.0 0.0 -1.0
vn 0.0 0.0 -1.0
vn 0.0 0.0 -1.0
vn 0.0 0.0 -1.0
vn 0.0 0.0 -1.0
vn 0.0 0.0 -1.0
vn 0.0 0.0 -1.0
vn 0.0 0.0 -1.0
vn 0.0 0.0 -1.0
vn 0.0 0.0 -1.0
vn 0.0 0.0 -1.0
vn 0.0 0.0 -1.0
vn 0.0 0.0 -1.0
vn 0.0 0.0 -1.0
vn 0.0 0.0 -1.0
vn 0.0 0.0 -1.0
vn 0.0 0.0 -1.0
vn 0.0 0.0 -1.0
vn 0.0 0.0 -1.0
vn 0.0 0.0 -1.0
vn 0.0 0.0 -1.0
vn 0.0 0.0 -1.0
vn 0.0 0.0 -1.0
vn 0.0 0.0 -1.0
vn 0.0 0.0 -1.0
vn 0.0 0.0 -1.0
vn 0.0 0.0 -1.0
vn 0.0 0.0 -1.0
vn 0.0 0.0 -1.0
vn 0.0 0.0 -1.0
vn 0.0 0.0 -1.0
vn 0.0 0.0 -1.0
vn 0.0 0.0 -1.0
vn 0.0 0.0 -1.0
vn 0.0 0.0 -1.0
vn 0.0 0.0 -1.0
vn 0.0 0.0 -1.0
vn 0.0 0.0 -1.0
vn 0.0 0.0 -1.0
vn 0.0 0.0 -1.0
vn 0.0 0.0 -1.0
vn 0.0 0.0 -1.0
vn 0.0 0.0 -1.0
vn 0.0 0.0 -1.0
vn 0.0 0.0 -1.0
vn 0.0 0.0 -1.0
vn 0.0 0.0 -1.0
vn 0.0 0.0 -1.0
vn 0.0 0.0 -1.0
vn 0.0 0.0 -1.0
vn 0.0 0.0 -1.0
vn 0.0 0.0 -1.0
vn 0.0 0.0 -1.0
vn 0.0 0.0 -1.0
vn 0.0 0.0 -1.0
vn 0.0 0.0 -1.0
vn 0.0 0.0 -1.0
vn 0.0 0.0 -1.0
vn 0.0 0.0 -1.0
vn 0.0 0.0 -1.0
vn 0.0 0.0 -1.0
vn 0.0 0.0 -1.0
vn 0.0 0.0 -1.0
vn 0.0 0.0 -1.0
vn 0.0 0.0 -1.0
vn 0.0 0.0 -1.0
vn 0.0 0.0 -1.0
vn 0.0 0.0 -1.0
vn 0.0 0.0 -1.0
vn 0.0 0.0 -1.0
vn 0.0 0.0 -1.0
vn 0.0 0.0 -1.0
vn 0.0 0.0 -1.0
vn 0.0 0.0 -1.0
vn 0.0 0.0 -1.0
vn 0.0 0.0 -1.0
vn 0.0 0.0 -1.0
vn 0.0 0.0 -1.0
vn 0.0 0.0 -1.0
vn 0.0 0.0 -1.0
vn 0.0 0.0 -1.0
vn 0.0 0.0 -1.0
vn 0.0 0.0 -1.0
vn 0.0 0.0 -1.0
vn 0.0 0.0 -1.0
vn 0.0 0.0 -1.0
vn 0.0 0.0 -1.0
vn 0.0 0.0 -1.0
vn 0.0 0.0 -1.0
vn 0.0 0.0 -1.0
vn 0.0 0.0 -1.0
vn 0.0 0.0 -1.0
vn 0.0 0.0 -1.0
vn 0.0 0.0 -1.0
vn 0.0 0.0 -1.0
vn 0.0 0.0 -1.0
vn 0.0 0.0 -1.0
vn 0.0 0.0 -1.0
vn 0.0 0.0 -1.0
vn 0.0 0.0 -1.0
vn 0.0 0.0 -1.0
vn 0.0 0.0 -1.0
vn 0.0 0.0 -1.0
vn 0.0 0.0 -1.0
vn 0.0 0.0 -1.0
vn 0.0 0.0 -1.0
vn 0.0 0.0 -1.0
vn 0.0 0.0 -1.0
vn 0.0 0.0 -1.0
vn 0.0 0.0 -1.0
vn 0.0 0.0 -1.0
vn 0.0 0.0 -1.0
vn 0.0 0.0 -1.0
vn 0.0 0.0 -1.0
vn 0.0 0.0 -1.0
vn 0.0 0.0 -1.0
vn 0.0 0.0 -1.0
vn 0.0 0.0 -1.0
vn 0.0 0.0 -1.0
vn 0.0 0.0 -1.0
vn 0.0 0.0 -1.0
vn 0.0 0.0 -1.0
vn 0.0 0.0 -1.0
vn 0.0 0.0 -1.0
vn 0.0 0.0 -1.0
vn 0.0 0.0 -1.0
vn 0.0 0.0 -1.0
vn 0.0 0.0 -1.0
vn 0.0 0.0 -1.0
vn 0.0 0.0 -1.0
vn 0.0 0.0 -1.0
vn 0.0 0.0 -1.0
vn 0.0 0.0 -1.0
vn 0.0 0.0 -1.0
vn 0.0 0.0 -1.0
vn 0.0 0.0 -1.0
vn 0.0 0.0 -1.0
vn 0.0 0.0 -1.0
vn 0.0 0.0 -1.0
vn 0.0 0.0 -1.0
vn 0.0 0.0 -1.0
vn 0.0 0.0 -1.0
vn 0.0 0.0 -1.0
vn 0.0 0.0 -1.0
vn 0.0 0.0 -1.0
vn 0.0 0.0 -1.0
vn 0.0 0.0 -1.0
vn 0.0 0.0 -1.0
vn 0.0 0.0 -1.0
vn 0.0 0.0 -1.0
vn 0.0 0.0 -1.0
vn 0.0 0.0 -1.0
vn 0.0 0.0 -1.0
vn 0.0 0.0 -1.0
vn 0.0 0.0 -1.0
vn 0.0 0.0 -1.0
vn 0.0 0.0 -1.0
vn 0.0 0.0 -1.0
vn 0.0 0.0 -1.0
vn 0.0 0.0 -1.0
vn 0.0 0.0 -1.0
vn 0.0 0.0 -1.0
vn 0.0 0.0 -1.0
vn 0.0 0.0 -1.0
vn 0.0 0.0 -1.0
vn 0.0 0.0 -1.0
vn 0.0 0.0 -1.0
vn 0.0 0.0 -1.0
vn 0.0 0.0 -1.0
vn 0.0 0.0 -1.0
vn 0.0 0.0 -1.0
vn 0.0 0.0 -1.0
vn 0.0 0.0 -1.0
vn 0.0 0.0 -1.0
vn 0.0 0.0 -1.0
vn 0.0 0.0 -1.0
vn 0.0 0.0 -1.0
vn 0.0 0.0 -1.0
vn 0.0 0.0 -1.0
vn 0.0 0.0 -1.0
vn 0.0 0.0 -1.0
vn 0.0 0.0 -1.0
vn 0.0 0.0 -1.0
vn 0.0 0.0 -1.0
vn 0.0 0.0 -1.0
vn 0.0 0.0 -1.0
vn 0.0 0.0 -1.0
vn 0.0 0.0 -1.0
vn 0.0 0.0 -1.0
vn 0.0 0.0 -1.0
vn 0.0 0.0 -1.0
vn 0.0 0.0 -1.0
vn 0.0 0.0 -1.0
vn 0.0 0.0 -1.0
vn 0.0 0.0 -1.0
vn 0.0 0.0 -1.0
vn 0.0 0.0 -1.0
vn 0.0 0.0 -1.0
vn 0.0 0.0 -1.0
vn 0.0 0.0 -1.0
vn 0.0 0.0 -1.0
vn 0.0 0.0 -1.0
vn 0.0 0.0 -1.0
vn 0.0 0.0 -1.0
vn 0.0 0.0 -1.0
vn 0.0 0.0 -1.0
vn 0.0 0.0 -1.0
vn 0.0 0.0 -1.0
vn 0.0 0.0 -1.0
vn 0.0 0.0 -1.0
vn 0.0 0.0 -1.0
vn 0.0 0.0 -1.0
vn 0.0 0.0 -1.0
vn 0.0 0.0 -1.0
vn 0.0 0.0 -1.0
vn 0.0 0.0 -1.0
vn 0.0 0.0 -1.0
vn 0.0 0.0 -1.0
vn 0.0 0.0 -1.0
vn 0.0 0.0 -1.0
vn 0.0 0.0 -1.0
vn 0.0 0.0 -1.0
vn 0.0 0.0 -1.0
vn 0.0 0.0 -1.0
vn 0.0 0.0 -1.0
vn 0.0 0.0 -1.0
vn 0.0 0.0 -1.0
vn 0.0 0.0 -1.0
vn 0.0 0.0 -1.0
vn 0.0 0.0 -1.0
vn 0.0 0.0 -1.0
vn 0.0 0.0 -1.0
vn 0.0 0.0 -1.0
vn 0.0 0.0 -1.0
vn 0.0 0.0 -1.0
vn 0.0 0.0 -1.0
vn 0.0 0.0 -1.0
vn 0.0 0.0 -1.0
vn 0.0 0.0 -1.0
vn 0.0 0.0 -1.0
vn 0.0 0.0 -1.0
vn 0.0 0.0 -1.0
vn 0.0 0.0 -1.0
vn 0.0 0.0 -1.0
vn 0.0 0.0 -1.0
vn 0.0 0.0 -1.0
vn 0.0 0.0 -1.0
vn 0.0 0.0 -1.0
vn 0.0 0.0 -1.0
vn 0.0 0.0 -1.0
vn 0.0 0.0 -1.0
vn 0.0 0.0 -1.0
vn 0.0 0.0 -1.0
vn 0.0 0.0 -1.0
vn 0.0 0.0 -1.0
vn 0.0 0.0 -1.0
vn 0.0 0.0 -1.0
vn 0.0 0.0 -1.0
vn 0.0 0.0 -1.0
vn 0.0 0.0 -1.0
vn 0.0 0.0 -1.0
vn 0.0 0.0 -1.0
vn 0.0 0.0 -1.0
vn 0.0 0.0 -1.0
vn 0.0 0.0 -1.0
vn 0.0 0.0 -1.0
vn 0.0 0.0 -1.0
vn 0.0 0.0 -1.0
vn 0.0 0.0 -1.0
vn 0.0 0.0 -1.0
vn 0.0 0.0 -1.0
vn 0.0 0.0 -1.0
vn 0.0 0.0 -1.0
vn 0.0 0.0 -1.0
vn 0.0 0.0 -1.0
vn 0.0 0.0 -1.0
vn 0.0 0.0 -1.0
vn 0.0 0.0 -1.0
vn 0.0 0.0 -1.0
vn 0.0 0.0 -1.0
vn 0.0 0.0 -1.0
vn 0.0 0.0 -1.0
vn 0.0 0.0 -1.0
vn 0.0 0.0 -1.0
vn 0.0 0.0 -1.0
vn 0.0 0.0 -1.0
vn 0.0 0.0 -1.0
vn 0.0 0.0 -1.0
vn 0.0 0.0 -1.0
vn 0.0 0.0 -1.0
vn 0.0 0.0 -1.0
vn 0.0 0.0 -1.0
vn 0.0 0.0 -1.0
vn 0.0 0.0 -1.0
vn 0.0 0.0 -1.0
vn 0.0 0.0 -1.0
vn 0.0 0.0 -1.0
vn 0.0 0.0 -1.0
vn 0.0 0.0 -1.0
vn 0.0 0.0 -1.0
vn 0.0 0.0 -1.0
vn 0.0 0.0 -1.0
vn 0.0 0.0 -1.0
vn 0.0 0.0 -1.0
vn 0.0 0.0 -1.0
vn 0.0 0.0 -1.0
vn 0.0 0.0 -1.0
vn 0.0 0.0 -1.0
vn 0.0 0.0 -1.0
vn 0.0 0.0 -1.0
vn 0.0 0.0 -1.0
vn 0.0 0.0 -1.0
vn 0.0 0.0 -1.0
vn 0.0 0.0 -1.0
vn 0.0 0.0 -1.0
vn 0.0 0.0 -1.0
vn 0.0 0.0 -1.0
vn 0.0 0.0 -1.0
vn 0.0 0.0 -1.0
vn 0.0 0.0 -1.0
vn 0.0 0.0 -1.0
vn 0.0 0.0 -1.0
vn 0.0 0.0 -1.0
vn 0.0 0.0 -1.0
vn 0.0 0.0 -1.0
vn 0.0 0.0 -1.0
vn 0.0 0.0 -1.0
vn 0.0 0.0 -1.0
vn 0.0 0.0 -1.0
vn 0.0 0.0 -1.0
vn 0.0 0.0 -1.0
vn 0.0 0.0 -1.0
vn 0.0 0.0 -1.0
vn 0.0 0.0 -1.0
vn 0.0 0.0 -1.0
vn 0.0 0.0 -1.0
vn 0.0 0.0 -1.0
vn 0.0 0.0 -1.0
vn 0.0 0.0 -1.0
vn 0.0 0.0 -1.0
vn 0.0 0.0 -1.0
vn 0.0 0.0 -1.0
vn 0.0 0.0 -1.0
vn 0.0 0.0 -1.0
vn 0.0 0.0 -1.0
vn 0.0 0.0 -1.0
vn 0.0 0.0 -1.0
vn 0.0 0.0 -1.0
vn 0.0 0.0 -1.0
vn 0.0 0.0 -1.0
vn 0.0 0.0 -1.0
vn 0.0 0.0 -1.0
vn 0.0 0.0 -1.0
vn 0.0 0.0 -1.0
vn 0.0 0.0 -1.0
vn 0.0 0.0 -1.0
vn 0.0 0.0 -1.0
vn 0.0 0.0 -1.0
vn 0.0 0.0 -1.0
vn 0.0 0.0 -1.0
vn 0.0 0.0 -1.0
vn 0.0 0.0 -1.0
vn 0.0 0.0 -1.0
vn 0.0 0.0 -1.0
vn 0.0 0.0 -1.0
vn 0.0 0.0 -1.0
vn 0.0 0.0 -1.0
vn 0.0 0.0 -1.0
vn 0.0 0.0 -1.0
vn 0.0 0.0 -1.0
vn 0.0 0.0 -1.0
vn 0.0 0.0 -1.0
vn 0.0 0.0 -1.0
vn 0.0 0.0 -1.0
vn 0.0 0.0 -1.0
vn 0.0 0.0 -1.0
vn 0.0 0.0 -1.0
vn 0.0 0.0 -1.0
vn 0.0 0.0 -1.0
vn 0.0 0.0 -1.0
vn 0.0 0.0 -1.0
vn 0.0 0.0 -1.0
vn 0.0 0.0 -1.0
vn 0.0 0.0 -1.0
vn 0.0 0.0 -1.0
vn 0.0 0.0 -1.0
vn 0.0 0.0 -1.0
vn 0.0 0.0 -1.0
vn 0.0 0.0 -1.0
vn 0.0 0.0 -1.0
vn 0.0 0.0 -1.0
vn 0.0 0.0 -1.0
vn 0.0 0.0 -1.0
vn 0.0 0.0 -1.0
vn 0.0 0.0 -1.0
vn 0.0 0.0 -1.0
vn 0.0 0.0 -1.0
vn 0.0 0.0 -1.0
vn 0.0 0.0 -1.0
vn 0.0 0.0 -1.0
vn 0.0 0.0 -1.0
vn 0.0 0.0 -1.0
vn 0.0 0.0 -1.0
vn 0.0 0.0 -1.0
vn 0.0 0.0 -1.0
vn 0.0 0.0 -1.0
vn 0.0 0.0 -1.0
vn 0.0 0.0 -1.0
vn 0.0 0.0 -1.0
vn 0.0 0.0 -1.0
vn 0.0 0.0 -1.0
vn 0.0 0.0 -1.0
vn 0.0 0.0 -1.0
vn 0.0 0.0 -1.0
vn 0.0 0.0 -1.0
vn 0.0 0.0 -1.0
vn 0.0 0.0 -1.0
vn 0.0 0.0 -1.0
vn 0.0 0.0 -1.0
vn 0.0 0.0 -1.0
vn 0.0 0.0 -1.0
vn 0.0 0.0 -1.0
vn 0.0 0.0 -1.0
vn 0.0 0.0 -1.0
vn 0.0 0.0 -1.0
vn 0.0 0.0 -1.0
vn 0.0 0.0 -1.0
vn 0.0 0.0 -1.0
vn 0.0 0.0 -1.0
vn 0.0 0.0 -1.0
vn 0.0 0.0 -1.0
vn 0.0 0.0 -1.0
vn 0.0 0.0 -1.0
vn 0.0 0.0 -1.0
vn 0.0 0.0 -1.0
vn 0.0 0.0 -1.0
vn 0.0 0.0 -1.0
vn 0.0 0.0 -1.0
vn 0.0 0.0 -1.0
vn 0.0 0.0 -1.0
vn 0.0 0.0 -1.0
vn 0.0 0.0 -1.0
vn 0.0 0.0 -1.0
vn 0.0 0.0 -1.0
vn 0.0 0.0 -1.0
vn 0.0 0.0 -1.0
vn 0.0 0.0 -1.0
vn 0.0 0.0 -1.0
vn 0.0 0.0 -1.0
vn 0.0 0.0 -1.0
vn 0.0 0.0 -1.0
vn 0.0 0.0 -1.0
vn 0.0 0.0 -1.0
vn 0.024941 0.999689 0.0
vn 0.024941 0.999689 0.0
vn 0.124349 0.992239 0.0
vn 0.074719 0.997205 0.0
vn 0.074719 0.997205 0.0
vn 0.124349 0.992239 0.0
vn 0.173622 0.984812 0.0
vn 0.173622 0.984812 0.0
vn 0.222527 0.974926 0.0
vn 0.222527 0.974926 0.0
vn 0.318507 0.947921 0.0
vn 0.270839 0.962625 0.0
vn 0.270839 0.962625 0.0
vn 0.318507 0.947921 0.0
vn 0.365341 0.930874 0.0
vn 0.365341 0.930874 0.0
vn 0.456188 0.889883 0.0
vn 0.4113 0.9115 0.0
vn 0.4113 0.9115 0.0
vn 0.456188 0.889883 0.0
vn 0.499984 0.866034 0.0
vn 0.499984 0.866034 0.0
vn 0.542589 0.839998 0.0
vn 0.542589 0.839998 0.0
vn 0.58372 0.811955 0.0
vn 0.58372 0.811955 0.0
vn 0.6235 0.781823 0.0
vn 0.6235 0.781823 0.0
vn 0.661666 0.749799 0.0
vn 0.661666 0.749799 0.0
vn 0.698254 0.71585 0.0
vn 0.698254 0.71585 0.0
vn 0.733057 0.680167 0.0
vn 0.733057 0.680167 0.0
vn 0.76603 0.642804 0.0
vn 0.76603 0.642804 0.0
vn 0.826222 0.563345 0.0
vn 0.797145 0.603788 0.0
vn 0.797145 0.603788 0.0
vn 0.853302 0.521417 0.0
vn 0.826222 0.563345 0.0
vn 0.853302 0.521417 0.0
vn 0.878221 0.478255 0.0
vn 0.878221 0.478255 0.0
vn 0.90096 0.433903 0.0
vn 0.90096 0.433903 0.0
vn 0.921492 0.388397 0.0
vn 0.921492 0.388397 0.0
vn 0.939689 0.34203 0.0
vn 0.939689 0.34203 0.0
vn 0.969077 0.246758 0.0
vn 0.955573 0.294756 0.0
vn 0.955573 0.294756 0.0
vn 0.969077 0.246758 0.0
vn 0.980173 0.198146 0.0
vn 0.980173 0.198146 0.0
vn 0.988832 0.149036 0.0
vn 0.988832 0.149036 0.0
vn 0.995032 0.099559 0.0
vn 0.995032 0.099559 0.0
vn 0.998755 0.049882 0.0
vn 0.998755 0.049882 0.0
vn 1.0 0.0 0.0
vn 0.998755 -0.049882 0.0
vn 1.0 0.0 0.0
vn 0.998755 -0.049882 0.0
vn 0.995032 -0.099559 0.0
vn 0.995032 -0.099559 0.0
vn 0.988832 -0.149036 0.0
vn 0.988832 -0.149036 0.0
vn 0.980173 -0.198146 0.0
vn 0.980173 -0.198146 0.0
vn 0.969077 -0.246758 0.0
vn 0.955573 -0.294756 0.0
vn 0.969077 -0.246758 0.0
vn 0.955573 -0.294756 0.0
vn 0.939689 -0.34203 0.0
vn 0.939689 -0.34203 0.0
vn 0.921492 -0.388397 0.0
vn 0.921492 -0.388397 0.0
vn 0.90096 -0.433903 0.0
vn 0.878221 -0.478255 0.0
vn 0.90096 -0.433903 0.0
vn 0.878221 -0.478255 0.0
vn 0.853302 -0.521417 0.0
vn 0.853302 -0.521417 0.0
vn 0.826222 -0.563345 0.0
vn 0.826222 -0.563345 0.0
vn 0.797145 -0.603788 0.0
vn 0.797145 -0.603788 0.0
vn 0.76603 -0.642804 0.0
vn 0.733057 -0.680167 0.0
vn 0.76603 -0.642804 0.0
vn 0.733057 -0.680167 0.0
vn 0.698241 -0.715863 0.0
vn 0.698241 -0.715863 0.0
vn 0.66168 -0.749787 0.0
vn 0.66168 -0.749787 0.0
vn 0.623516 -0.781811 0.0
vn 0.623516 -0.781811 0.0
vn 0.58372 -0.811955 0.0
vn 0.542553 -0.840021 0.0
vn 0.58372 -0.811955 0.0
vn 0.542553 -0.840021 0.0
vn 0.500004 -0.866023 0.0
vn 0.456208 -0.889873 0.0
vn 0.500004 -0.866023 0.0
vn 0.456208 -0.889873 0.0
vn 0.411279 -0.91151 0.0
vn 0.411279 -0.91151 0.0
vn 0.365341 -0.930874 0.0
vn 0.365341 -0.930874 0.0
vn 0.318484 -0.947928 0.0
vn 0.318484 -0.947928 0.0
vn 0.270839 -0.962625 0.0
vn 0.270839 -0.962625 0.0
vn 0.222527 -0.974926 0.0
vn 0.222527 -0.974926 0.0
vn 0.124349 -0.992239 0.0
vn 0.173647 -0.984808 0.0
vn 0.173647 -0.984808 0.0
vn 0.124349 -0.992239 0.0
vn 0.074719 -0.997205 0.0
vn 0.074719 -0.997205 0.0
vn 0.024941 -0.999689 0.0
vn 0.024941 -0.999689 0.0
vn -0.024941 -0.999689 0.0
vn -0.074719 -0.997205 -0.0
vn -0.024941 -0.999689 -0.0
vn -0.074719 -0.997205 -0.0
vn -0.124349 -0.992239 0.0
vn -0.124349 -0.992239 -0.0
vn -0.173647 -0.984808 0.0
vn -0.173647 -0.984808 -0.0
vn -0.222527 -0.974926 0.0
vn -0.222527 -0.974926 -0.0
vn -0.270839 -0.962625 0.0
vn -0.270839 -0.962625 -0.0
vn -0.318484 -0.947928 0.0
vn -0.318484 -0.947928 -0.0
vn -0.365341 -0.930874 0.0
vn -0.365341 -0.930874 -0.0
vn -0.411279 -0.91151 0.0
vn -0.456208 -0.889873 -0.0
vn -0.411279 -0.91151 -0.0
vn -0.456208 -0.889873 -0.0
vn -0.500004 -0.866023 0.0
vn -0.542553 -0.840021 -0.0
vn -0.500004 -0.866023 -0.0
vn -0.58372 -0.811955 -0.0
vn -0.542553 -0.840021 -0.0
vn -0.58372 -0.811955 -0.0
vn -0.623516 -0.781811 -0.0
vn -0.623516 -0.781811 0.0
vn -0.66168 -0.749787 -0.0
vn -0.66168 -0.749787 0.0
vn -0.698241 -0.715863 -0.0
vn -0.698241 -0.715863 0.0
vn -0.733057 -0.680167 -0.0
vn -0.733057 -0.680167 0.0
vn -0.76603 -0.642804 -0.0
vn -0.76603 -0.642804 0.0
vn -0.797145 -0.603788 -0.0
vn -0.797145 -0.603788 0.0
vn -0.826222 -0.563345 -0.0
vn -0.826222 -0.563345 0.0
vn -0.878221 -0.478255 -0.0
vn -0.853302 -0.521417 -0.0
vn -0.853302 -0.521417 0.0
vn -0.878221 -0.478255 -0.0
vn -0.90096 -0.433903 -0.0
vn -0.90096 -0.433903 0.0
vn -0.921492 -0.388397 0.0
vn -0.921492 -0.388397 -0.0
vn -0.939689 -0.34203 0.0
vn -0.939689 -0.34203 -0.0
vn -0.955573 -0.294756 0.0
vn -0.955573 -0.294756 -0.0
vn -0.969077 -0.246758 0.0
vn -0.969077 -0.246758 -0.0
vn -0.980173 -0.198146 0.0
vn -0.980173 -0.198146 -0.0
vn -0.988832 -0.149036 0.0
vn -0.988832 -0.149036 -0.0
vn -0.995032 -0.099559 0.0
vn -0.995032 -0.099559 -0.0
vn -0.998755 -0.049882 0.0
vn -0.998755 -0.049882 -0.0
vn -1.0 0.0 0.0
vn -1.0 0.0 0.0
vn -0.995032 0.099559 0.0
vn -0.998755 0.049882 0.0
vn -0.998755 0.049882 0.0
vn -0.995032 0.099559 0.0
vn -0.980173 0.198146 0.0
vn -0.988832 0.149036 0.0
vn -0.988832 0.149036 0.0
vn -0.980173 0.198146 0.0
vn -0.969077 0.246758 0.0
vn -0.969077 0.246758 0.0
vn -0.955573 0.294756 0.0
vn -0.955573 0.294756 0.0
vn -0.939689 0.34203 0.0
vn -0.939689 0.34203 0.0
vn -0.921492 0.388397 0.0
vn -0.921492 0.388397 0.0
vn -0.90096 0.433903 0.0
vn -0.90096 0.433903 0.0
vn -0.878221 0.478255 0.0
vn -0.878221 0.478255 0.0
vn -0.853302 0.521417 0.0
vn -0.853302 0.521417 0.0
vn -0.826222 0.563345 0.0
vn -0.826222 0.563345 0.0
vn -0.797145 0.603788 0.0
vn -0.797145 0.603788 0.0
vn -0.76603 0.642804 0.0
vn -0.76603 0.642804 0.0
vn -0.733057 0.680167 0.0
vn -0.733057 0.680167 0.0
vn -0.698254 0.71585 0.0
vn -0.698254 0.71585 0.0
vn -0.661666 0.749799 0.0
vn -0.661666 0.749799 0.0
vn -0.6235 0.781823 0.0
vn -0.6235 0.781823 0.0
vn -0.58372 0.811955 0.0
vn -0.58372 0.811955 0.0
vn -0.542589 0.839998 0.0
vn -0.542589 0.839998 0.0
vn -0.499984 0.866034 0.0
vn -0.499984 0.866034 0.0
vn -0.456188 0.889883 0.0
vn -0.456188 0.889883 0.0
vn -0.4113 0.9115 0.0
vn -0.4113 0.9115 0.0
vn -0.365341 0.930874 0.0
vn -0.365341 0.930874 0.0
vn -0.318507 0.947921 0.0
vn -0.318507 0.947921 0.0
vn -0.270839 0.962625 0.0
vn -0.270839 0.962625 0.0
vn -0.222527 0.974926 0.0
vn -0.222527 0.974926 0.0
vn -0.173622 0.984812 0.0
vn -0.173622 0.984812 0.0
vn -0.124349 0.992239 0.0
vn -0.124349 0.992239 0.0
vn -0.074719 0.997205 0.0
vn -0.074719 0.997205 0.0
vn -0.024941 0.999689 0.0
vn -0.024941 0.999689 0.0
vn 0.024941 0.999689 0.0
vn 0.074719 0.997205 0.0
vn 0.024941 0.999689 0.0
vn 0.074719 0.997205 0.0
vn 0.124349 0.992239 0.0
vn 0.124349 0.992239 0.0
vn 0.173647 0.984808 0.0
vn 0.173647 0.984808 0.0
vn 0.222527 0.974926 0.0
vn 0.222527 0.974926 0.0
vn 0.318484 0.947928 0.0
vn 0.270839 0.962625 0.0
vn 0.270839 0.962625 0.0
vn 0.318484 0.947928 0.0
vn 0.365341 0.930874 0.0
vn 0.365341 0.930874 0.0
vn 0.411279 0.91151 0.0
vn 0.411279 0.91151 0.0
vn 0.456208 0.889873 0.0
vn 0.456208 0.889873 0.0
vn 0.500004 0.866023 0.0
vn 0.542553 0.840021 0.0
vn 0.500004 0.866023 0.0
vn 0.542553 0.840021 0.0
vn 0.58372 0.811955 0.0
vn 0.623516 0.781811 0.0
vn 0.58372 0.811955 0.0
vn 0.623516 0.781811 0.0
vn 0.66168 0.749787 0.0
vn 0.66168 0.749787 0.0
vn 0.698241 0.715863 0.0
vn 0.698241 0.715863 0.0
vn 0.733057 0.680167 0.0
vn 0.733057 0.680167 0.0
vn 0.76603 0.642804 0.0
vn 0.76603 0.642804 0.0
vn 0.826222 0.563345 0.0
vn 0.797145 0.603788 0.0
vn 0.797145 0.603788 0.0
vn 0.826222 0.563345 0.0
vn 0.853302 0.521417 0.0
vn 0.853302 0.521417 0.0
vn 0.878221 0.478255 0.0
vn 0.878221 0.478255 0.0
vn 0.90096 0.433903 0.0
vn 0.90096 0.433903 0.0
vn 0.921492 0.388397 0.0
vn 0.921492 0.388397 0.0
vn 0.939689 0.34203 0.0
vn 0.939689 0.34203 0.0
vn 0.955573 0.294756 0.0
vn 0.955573 0.294756 0.0
vn 0.969077 0.246758 0.0
vn 0.969077 0.246758 0.0
vn 0.980173 0.198146 0.0
vn 0.980173 0.198146 0.0
vn 0.988832 0.149036 0.0
vn 0.995032 0.099559 0.0
vn 0.988832 0.149036 0.0
vn 0.995032 0.099559 0.0
vn 0.998755 0.049882 0.0
vn 0.998755 0.049882 0.0
vn 1.0 0.0 0.0
vn 1.0 0.0 0.0
vn 0.998755 -0.049882 0.0
vn 0.998755 -0.049882 0.0
vn 0.988832 -0.149036 0.0
vn 0.995032 -0.099559 0.0
vn 0.995032 -0.099559 0.0
vn 0.988832 -0.149036 0.0
vn 0.980173 -0.198146 0.0
vn 0.980173 -0.198146 0.0
vn 0.969077 -0.246758 0.0
vn 0.969077 -0.246758 0.0
vn 0.955573 -0.294756 0.0
vn 0.955573 -0.294756 0.0
vn 0.939689 -0.34203 0.0
vn 0.939689 -0.34203 0.0
vn 0.921492 -0.388397 0.0
vn 0.921492 -0.388397 0.0
vn 0.90096 -0.433903 0.0
vn 0.90096 -0.433903 0.0
vn 0.878221 -0.478255 0.0
vn 0.878221 -0.478255 0.0
vn 0.853302 -0.521417 0.0
vn 0.826222 -0.563345 0.0
vn 0.853302 -0.521417 0.0
vn 0.826222 -0.563345 0.0
vn 0.797145 -0.603788 0.0
vn 0.797145 -0.603788 0.0
vn 0.76603 -0.642804 0.0
vn 0.733057 -0.680167 0.0
vn 0.76603 -0.642804 0.0
vn 0.733057 -0.680167 0.0
vn 0.698254 -0.71585 0.0
vn 0.698254 -0.71585 0.0
vn 0.661666 -0.749799 0.0
vn 0.6235 -0.781823 0.0
vn 0.661666 -0.749799 0.0
vn 0.6235 -0.781823 0.0
vn 0.58372 -0.811955 0.0
vn 0.58372 -0.811955 0.0
vn 0.542589 -0.839998 0.0
vn 0.542589 -0.839998 0.0
vn 0.499984 -0.866034 0.0
vn 0.456188 -0.889883 0.0
vn 0.499984 -0.866034 0.0
vn 0.456188 -0.889883 0.0
vn 0.4113 -0.9115 0.0
vn 0.4113 -0.9115 0.0
vn 0.365341 -0.930874 0.0
vn 0.365341 -0.930874 0.0
vn 0.318507 -0.947921 0.0
vn 0.318507 -0.947921 0.0
vn 0.222527 -0.974926 0.0
vn 0.270839 -0.962625 0.0
vn 0.270839 -0.962625 0.0
vn 0.222527 -0.974926 0.0
vn 0.124349 -0.992239 0.0
vn 0.173622 -0.984812 0.0
vn 0.173622 -0.984812 0.0
vn 0.074719 -0.997205 0.0
vn 0.124349 -0.992239 0.0
vn 0.074719 -0.997205 0.0
vn 0.024941 -0.999689 0.0
vn -0.024941 -0.999689 -0.0
vn 0.024941 -0.999689 0.0
vn -0.024941 -0.999689 -0.0
vn -0.074719 -0.997205 0.0
vn -0.074719 -0.997205 -0.0
vn -0.124349 -0.992239 0.0
vn -0.124349 -0.992239 -0.0
vn -0.173622 -0.984812 0.0
vn -0.173622 -0.984812 -0.0
vn -0.222527 -0.974926 0.0
vn -0.222527 -0.974926 -0.0
vn -0.270839 -0.962625 0.0
vn -0.270839 -0.962625 -0.0
vn -0.318507 -0.947921 0.0
vn -0.318507 -0.947921 -0.0
vn -0.365341 -0.930874 0.0
vn -0.365341 -0.930874 -0.0
vn -0.4113 -0.9115 0.0
vn -0.4113 -0.9115 -0.0
vn -0.456188 -0.889883 0.0
vn -0.456188 -0.889883 -0.0
vn -0.499984 -0.866034 0.0
vn -0.542589 -0.839998 -0.0
vn -0.499984 -0.866034 -0.0
vn -0.542589 -0.839998 -0.0
vn -0.58372 -0.811955 -0.0
vn -0.58372 -0.811955 0.0
vn -0.6235 -0.781823 -0.0
vn -0.6235 -0.781823 0.0
vn -0.661666 -0.749799 -0.0
vn -0.661666 -0.749799 0.0
vn -0.698254 -0.71585 -0.0
vn -0.698254 -0.71585 0.0
vn -0.733057 -0.680167 -0.0
vn -0.733057 -0.680167 0.0
vn -0.76603 -0.642804 -0.0
vn -0.76603 -0.642804 0.0
vn -0.797145 -0.603788 -0.0
vn -0.797145 -0.603788 0.0
vn -0.826222 -0.563345 -0.0
vn -0.826222 -0.563345 0.0
vn -0.853302 -0.521417 -0.0
vn -0.853302 -0.521417 0.0
vn -0.878221 -0.478255 -0.0
vn -0.878221 -0.478255 0.0
vn -0.90096 -0.433903 -0.0
vn -0.90096 -0.433903 0.0
vn -0.921492 -0.388397 0.0
vn -0.921492 -0.388397 -0.0
vn -0.939689 -0.34203 0.0
vn -0.939689 -0.34203 -0.0
vn -0.955573 -0.294756 0.0
vn -0.955573 -0.294756 -0.0
vn -0.969077 -0.246758 0.0
vn -0.969077 -0.246758 -0.0
vn -0.980173 -0.198146 0.0
vn -0.980173 -0.198146 -0.0
vn -0.988832 -0.149036 0.0
vn -0.988832 -0.149036 -0.0
vn -0.995032 -0.099559 0.0
vn -0.995032 -0.099559 -0.0
vn -0.998755 -0.049882 0.0
vn -0.998755 -0.049882 -0.0
vn -1.0 0.0 0.0
vn -1.0 0.0 0.0
vn -0.998755 0.049882 0.0
vn -0.998755 0.049882 0.0
vn -0.995032 0.099559 0.0
vn -0.995032 0.099559 0.0
vn -0.988832 0.149036 0.0
vn -0.988832 0.149036 0.0
vn -0.980173 0.198146 0.0
vn -0.980173 0.198146 0.0
vn -0.969077 0.246758 0.0
vn -0.969077 0.246758 0.0
vn -0.939689 0.34203 0.0
vn -0.955573 0.294756 0.0
vn -0.955573 0.294756 0.0
vn -0.939689 0.34203 0.0
vn -0.921492 0.388397 0.0
vn -0.921492 0.388397 0.0
vn -0.90096 0.433903 0.0
vn -0.90096 0.433903 0.0
vn -0.878221 0.478255 0.0
vn -0.878221 0.478255 0.0
vn -0.853302 0.521417 0.0
vn -0.853302 0.521417 0.0
vn -0.797145 0.603788 0.0
vn -0.826222 0.563345 0.0
vn -0.826222 0.563345 0.0
vn -0.797145 0.603788 0.0
vn -0.76603 0.642804 0.0
vn -0.76603 0.642804 0.0
vn -0.733057 0.680167 0.0
vn -0.733057 0.680167 0.0
vn -0.698241 0.715863 0.0
vn -0.698241 0.715863 0.0
vn -0.66168 0.749787 0.0
vn -0.66168 0.749787 0.0
vn -0.623516 0.781811 0.0
vn -0.58372 0.811955 0.0
vn -0.623516 0.781811 0.0
vn -0.58372 0.811955 0.0
vn -0.542553 0.840021 0.0
vn -0.542553 0.840021 0.0
vn -0.500004 0.866023 0.0
vn -0.500004 0.866023 0.0
vn -0.456208 0.889873 0.0
vn -0.456208 0.889873 0.0
vn -0.411279 0.91151 0.0
vn -0.411279 0.91151 0.0
vn -0.365341 0.930874 0.0
vn -0.365341 0.930874 0.0
vn -0.318484 0.947928 0.0
vn -0.318484 0.947928 0.0
vn -0.270839 0.962625 0.0
vn -0.270839 0.962625 0.0
vn -0.222527 0.974926 0.0
vn -0.222527 0.974926 0.0
vn -0.173647 0.984808 0.0
vn -0.173647 0.984808 0.0
vn -0.124349 0.992239 0.0
vn -0.124349 0.992239 0.0
vn -0.074719 0.997205 0.0
vn -0.074719 0.997205 0.0
vn -0.024941 0.999689 0.0
vn -0.024941 0.999689 0.0
f 1//1 2//1 3//1 
f 3//2 4//2 1//2 
f 2//3 5//3 3//3 
f 3//4 6//4 4//4 
f 5//5 7//5 3//5 
f 3//6 8//6 6//6 
f 7//7 9//7 3//7 
f 3//8 10//8 8//8 
f 9//9 11//9 3//9 
f 3//10 12//10 10//10 
f 11//11 13//11 3//11 
f 3//12 14//12 12//12 
f 13//13 15//13 3//13 
f 3//14 16//14 14//14 
f 15//15 17//15 3//15 
f 3//16 18//16 16//16 
f 17//17 19//17 3//17 
f 3//18 20//18 18//18 
f 19//19 21//19 3//19 
f 3//20 22//20 20//20 
f 21//21 23//21 3//21 
f 3//22 24//22 22//22 
f 23//23 25//23 3//23 
f 3//24 26//24 24//24 
f 25//25 27//25 3//25 
f 3//26 28//26 26//26 
f 27//27 29//27 3//27 
f 29//28 30//28 3//28 
f 30//29 31//29 3//29 
f 31//30 32//30 3//30 
f 32//31 33//31 3//31 
f 33//32 34//32 3//32 
f 34//33 35//33 3//33 
f 36//34 37//34 38//34 
f 39//35 37//35 36//35 
f 40//36 37//36 39//36 
f 41//37 37//37 40//37 
f 42//38 37//38 41//38 
f 28//39 37//39 42//39 
f 3//40 37//40 28//40 
f 37//41 43//41 38//41 
f 35//42 44//42 3//42 
f 37//43 45//43 43//43 
f 44//44 46//44 3//44 
f 37//45 47//45 45//45 
f 37//46 48//46 47//46 
f 37//47 49//47 48//47 
f 37//48 50//48 49//48 
f 37//49 51//49 50//49 
f 37//50 52//50 51//50 
f 37//51 53//51 52//51 
f 37//52 54//52 53//52 
f 37//53 55//53 54//53 
f 37//54 56//54 55//54 
f 37//55 57//55 56//55 
f 37//56 58//56 57//56 
f 37//57 59//57 58//57 
f 37//58 60//58 59//58 
f 37//59 61//59 60//59 
f 37//60 62//60 61//60 
f 37//61 63//61 62//61 
f 37//62 64//62 63//62 
f 37//63 65//63 64//63 
f 37//64 66//64 65//64 
f 67//65 68//65 69//65 
f 70//66 68//66 67//66 
f 71//67 68//67 70//67 
f 72//68 68//68 71//68 
f 68//69 73//69 69//69 
f 74//70 73//70 75//70 
f 76//71 73//71 74//71 
f 77//72 73//72 76//72 
f 78//73 73//73 77//73 
f 69//74 73//74 78//74 
f 72//75 79//75 68//75 
f 80//76 79//76 72//76 
f 81//77 79//77 80//77 
f 82//78 79//78 81//78 
f 83//79 79//79 82//79 
f 73//80 84//80 75//80 
f 85//81 84//81 86//81 
f 87//82 84//82 85//82 
f 88//83 84//83 87//83 
f 75//84 84//84 88//84 
f 83//85 89//85 79//85 
f 90//86 89//86 83//86 
f 91//87 89//87 90//87 
f 92//88 89//88 91//88 
f 93//89 89//89 92//89 
f 94//90 89//90 93//90 
f 95//91 96//91 97//91 
f 98//92 96//92 95//92 
f 99//93 96//93 98//93 
f 86//94 96//94 99//94 
f 84//95 96//95 86//95 
f 94//96 100//96 89//96 
f 101//97 100//97 94//97 
f 102//98 100//98 101//98 
f 103//99 100//99 102//99 
f 104//100 100//100 103//100 
f 105//101 106//101 107//101 
f 108//102 106//102 105//102 
f 109//103 106//103 108//103 
f 97//104 106//104 109//104 
f 96//105 106//105 97//105 
f 104//106 110//106 100//106 
f 111//107 110//107 104//107 
f 112//108 110//108 111//108 
f 113//109 110//109 112//109 
f 114//110 115//110 116//110 
f 117//111 115//111 114//111 
f 107//112 115//112 117//112 
f 106//113 115//113 107//113 
f 66//114 118//114 119//114 
f 37//115 118//115 66//115 
f 113//116 118//116 110//116 
f 120//117 118//117 113//117 
f 119//118 118//118 120//118 
f 115//119 121//119 116//119 
f 122//120 121//120 123//120 
f 124//121 121//121 122//121 
f 116//122 121//122 124//122 
f 37//123 125//123 118//123 
f 121//124 126//124 123//124 
f 127//125 126//125 128//125 
f 129//126 126//126 127//126 
f 123//127 126//127 129//127 
f 37//128 130//128 125//128 
f 126//129 131//129 128//129 
f 132//130 131//130 133//130 
f 134//131 131//131 132//131 
f 128//132 131//132 134//132 
f 37//133 135//133 130//133 
f 131//134 136//134 133//134 
f 137//135 136//135 138//135 
f 133//136 136//136 137//136 
f 37//137 139//137 135//137 
f 136//138 140//138 138//138 
f 141//139 140//139 142//139 
f 138//140 140//140 141//140 
f 37//141 143//141 139//141 
f 140//142 144//142 142//142 
f 145//143 144//143 146//143 
f 142//144 144//144 145//144 
f 37//145 147//145 143//145 
f 144//146 148//146 146//146 
f 149//147 148//147 150//147 
f 146//148 148//148 149//148 
f 37//149 151//149 147//149 
f 148//150 152//150 150//150 
f 150//151 152//151 153//151 
f 37//152 154//152 151//152 
f 46//153 155//153 3//153 
f 156//154 155//154 46//154 
f 153//155 155//155 156//155 
f 152//156 155//156 153//156 
f 37//157 157//157 154//157 
f 155//158 158//158 3//158 
f 37//159 159//159 157//159 
f 37//160 160//160 159//160 
f 37//161 161//161 160//161 
f 160//162 161//162 162//162 
f 162//163 161//163 163//163 
f 163//164 161//164 164//164 
f 164//165 161//165 165//165 
f 165//166 161//166 166//166 
f 166//167 161//167 167//167 
f 167//168 161//168 168//168 
f 168//169 161//169 169//169 
f 169//170 161//170 170//170 
f 170//171 161//171 171//171 
f 172//172 173//172 174//172 
f 174//173 173//173 175//173 
f 175//174 173//174 176//174 
f 176//175 173//175 177//175 
f 177//176 173//176 178//176 
f 178//177 173//177 179//177 
f 179//178 173//178 180//178 
f 180//179 173//179 158//179 
f 158//180 173//180 3//180 
f 172//181 181//181 173//181 
f 182//182 183//182 161//182 
f 181//183 184//183 173//183 
f 161//184 185//184 182//184 
f 186//185 187//185 172//185 
f 172//186 187//186 181//186 
f 183//187 188//187 161//187 
f 184//188 189//188 173//188 
f 161//189 190//189 185//189 
f 186//190 191//190 187//190 
f 188//191 192//191 161//191 
f 189//192 193//192 173//192 
f 161//193 194//193 190//193 
f 186//194 195//194 191//194 
f 196//195 195//195 186//195 
f 192//196 197//196 161//196 
f 193//197 198//197 173//197 
f 161//198 199//198 194//198 
f 196//199 200//199 195//199 
f 197//200 201//200 161//200 
f 198//201 202//201 173//201 
f 161//202 203//202 199//202 
f 196//203 204//203 200//203 
f 201//204 205//204 161//204 
f 202//205 206//205 173//205 
f 161//206 207//206 203//206 
f 208//207 209//207 196//207 
f 196//208 209//208 204//208 
f 205//209 210//209 161//209 
f 206//210 211//210 173//210 
f 161//211 212//211 207//211 
f 208//212 213//212 209//212 
f 210//213 214//213 161//213 
f 211//214 215//214 173//214 
f 161//215 216//215 212//215 
f 208//216 217//216 213//216 
f 214//217 218//217 161//217 
f 215//218 219//218 173//218 
f 161//219 220//219 216//219 
f 221//220 222//220 208//220 
f 208//221 222//221 217//221 
f 218//222 223//222 161//222 
f 161//223 223//223 171//223 
f 219//224 224//224 173//224 
f 161//225 225//225 220//225 
f 221//226 226//226 222//226 
f 223//227 227//227 171//227 
f 224//228 228//228 173//228 
f 161//229 229//229 225//229 
f 221//230 230//230 226//230 
f 171//231 231//231 232//231 
f 227//232 231//232 171//232 
f 228//233 233//233 173//233 
f 161//234 234//234 229//234 
f 221//235 235//235 230//235 
f 231//236 236//236 232//236 
f 233//237 237//237 173//237 
f 161//238 238//238 234//238 
f 239//239 240//239 221//239 
f 221//240 240//240 235//240 
f 236//241 241//241 232//241 
f 237//242 242//242 173//242 
f 161//243 243//243 238//243 
f 239//244 244//244 240//244 
f 232//245 245//245 246//245 
f 241//246 245//246 232//246 
f 242//247 247//247 173//247 
f 161//248 248//248 243//248 
f 239//249 249//249 244//249 
f 245//250 250//250 246//250 
f 247//251 251//251 173//251 
f 173//252 251//252 252//252 
f 161//253 253//253 248//253 
f 254//254 255//254 239//254 
f 239//255 255//255 249//255 
f 250//256 256//256 246//256 
f 252//257 257//257 258//257 
f 251//258 257//258 252//258 
f 161//259 259//259 253//259 
f 254//260 260//260 255//260 
f 256//261 261//261 246//261 
f 257//262 262//262 258//262 
f 258//263 262//263 263//263 
f 161//264 264//264 259//264 
f 254//265 265//265 260//265 
f 246//266 266//266 267//266 
f 261//267 266//267 246//267 
f 263//268 268//268 269//268 
f 262//269 268//269 263//269 
f 254//270 270//270 265//270 
f 266//271 271//271 267//271 
f 268//272 272//272 269//272 
f 269//273 272//273 273//273 
f 274//274 275//274 254//274 
f 254//275 275//275 270//275 
f 271//276 276//276 267//276 
f 273//277 277//277 278//277 
f 272//278 277//278 273//278 
f 274//279 279//279 275//279 
f 276//280 280//280 267//280 
f 278//281 281//281 282//281 
f 277//282 281//282 278//282 
f 274//283 283//283 279//283 
f 267//284 284//284 285//284 
f 280//285 284//285 267//285 
f 282//286 286//286 287//286 
f 281//287 286//287 282//287 
f 274//288 288//288 283//288 
f 284//289 289//289 285//289 
f 286//290 290//290 287//290 
f 287//291 290//291 291//291 
f 292//292 293//292 274//292 
f 274//293 293//293 288//293 
f 289//294 294//294 285//294 
f 290//295 295//295 291//295 
f 291//296 295//296 296//296 
f 292//297 297//297 293//297 
f 294//298 298//298 285//298 
f 295//299 299//299 296//299 
f 296//300 299//300 300//300 
f 292//301 301//301 297//301 
f 298//302 302//302 285//302 
f 299//303 303//303 300//303 
f 300//304 303//304 304//304 
f 292//305 305//305 301//305 
f 302//306 306//306 285//306 
f 302//307 307//307 306//307 
f 303//308 308//308 304//308 
f 304//309 308//309 309//309 
f 292//310 310//310 305//310 
f 307//311 311//311 306//311 
f 309//312 312//312 313//312 
f 308//313 312//313 309//313 
f 311//314 314//314 306//314 
f 312//315 315//315 313//315 
f 315//316 316//316 313//316 
f 317//317 318//317 319//317 
f 310//318 318//318 317//318 
f 292//319 318//319 310//319 
f 314//320 320//320 306//320 
f 315//321 321//321 316//321 
f 318//322 322//322 319//322 
f 323//323 324//323 325//323 
f 326//324 324//324 323//324 
f 327//325 324//325 326//325 
f 328//326 324//326 327//326 
f 329//327 324//327 328//327 
f 330//328 324//328 329//328 
f 331//329 324//329 330//329 
f 332//330 324//330 331//330 
f 333//331 324//331 332//331 
f 161//332 324//332 264//332 
f 334//333 324//333 333//333 
f 335//334 324//334 334//334 
f 336//335 324//335 335//335 
f 264//336 324//336 336//336 
f 321//337 337//337 316//337 
f 320//338 338//338 306//338 
f 321//339 339//339 337//339 
f 324//340 340//340 325//340 
f 318//341 341//341 322//341 
f 342//342 343//342 339//342 
f 339//343 343//343 337//343 
f 324//344 344//344 340//344 
f 318//345 345//345 341//345 
f 324//346 346//346 344//346 
f 342//347 347//347 343//347 
f 348//348 347//348 342//348 
f 324//349 349//349 346//349 
f 350//350 351//350 352//350 
f 338//351 351//351 306//351 
f 353//352 351//352 338//352 
f 352//353 351//353 353//353 
f 350//354 354//354 351//354 
f 324//355 355//355 349//355 
f 348//356 356//356 347//356 
f 357//357 356//357 348//357 
f 324//358 358//358 355//358 
f 324//359 359//359 358//359 
f 357//360 360//360 356//360 
f 361//361 360//361 357//361 
f 318//362 362//362 345//362 
f 363//363 362//363 364//363 
f 365//364 362//364 363//364 
f 366//365 362//365 365//365 
f 367//366 362//366 366//366 
f 345//367 362//367 367//367 
f 324//368 368//368 359//368 
f 362//369 369//369 364//369 
f 324//370 370//370 368//370 
f 362//371 371//371 369//371 
f 361//372 372//372 360//372 
f 373//373 372//373 361//373 
f 324//374 374//374 370//374 
f 362//375 375//375 371//375 
f 373//376 376//376 372//376 
f 377//377 376//377 373//377 
f 324//378 378//378 374//378 
f 324//379 379//379 378//379 
f 380//380 381//380 377//380 
f 377//381 381//381 376//381 
f 324//382 382//382 379//382 
f 383//383 384//383 354//383 
f 385//384 384//384 383//384 
f 386//385 384//385 385//385 
f 387//386 384//386 386//386 
f 354//387 384//387 351//387 
f 324//388 388//388 382//388 
f 389//389 390//389 380//389 
f 380//390 390//390 381//390 
f 324//391 391//391 388//391 
f 324//392 392//392 391//392 
f 324//393 393//393 392//393 
f 389//394 394//394 390//394 
f 395//395 394//395 389//395 
f 324//396 396//396 393//396 
f 324//397 397//397 396//397 
f 395//398 398//398 394//398 
f 399//399 398//399 395//399 
f 324//400 400//400 397//400 
f 324//401 401//401 400//401 
f 324//402 402//402 401//402 
f 399//403 403//403 398//403 
f 404//404 403//404 399//404 
f 404//405 405//405 403//405 
f 406//406 405//406 404//406 
f 407//407 408//407 387//407 
f 409//408 408//408 407//408 
f 410//409 408//409 409//409 
f 411//410 408//410 410//410 
f 387//411 408//411 384//411 
f 406//412 412//412 405//412 
f 413//413 412//413 406//413 
f 413//414 414//414 412//414 
f 415//415 414//415 413//415 
f 415//416 416//416 414//416 
f 417//417 416//417 415//417 
f 417//418 418//418 416//418 
f 419//419 418//419 417//419 
f 420//420 418//420 419//420 
f 421//421 418//421 420//421 
f 422//422 418//422 421//422 
f 423//423 418//423 422//423 
f 424//424 418//424 423//424 
f 425//425 418//425 424//425 
f 426//426 418//426 425//426 
f 427//427 418//427 426//427 
f 428//428 418//428 427//428 
f 429//429 430//429 411//429 
f 431//430 430//430 429//430 
f 432//431 430//431 431//431 
f 433//432 430//432 432//432 
f 411//433 430//433 408//433 
f 434//434 435//434 433//434 
f 436//435 435//435 434//435 
f 437//436 435//436 436//436 
f 438//437 435//437 437//437 
f 433//438 435//438 430//438 
f 439//439 440//439 438//439 
f 441//440 440//440 439//440 
f 442//441 440//441 441//441 
f 438//442 440//442 435//442 
f 443//443 444//443 445//443 
f 446//444 444//444 443//444 
f 447//445 444//445 446//445 
f 448//446 444//446 447//446 
f 449//447 444//447 448//447 
f 450//448 444//448 449//448 
f 451//449 444//449 450//449 
f 452//450 444//450 451//450 
f 453//451 444//451 452//451 
f 454//452 444//452 453//452 
f 428//453 444//453 418//453 
f 455//454 444//454 428//454 
f 445//455 444//455 455//455 
f 456//456 457//456 458//456 
f 459//457 457//457 456//457 
f 460//458 457//458 459//458 
f 461//459 457//459 460//459 
f 462//460 457//460 461//460 
f 463//461 457//461 462//461 
f 464//462 457//462 463//462 
f 465//463 457//463 464//463 
f 466//464 457//464 465//464 
f 467//465 457//465 466//465 
f 468//466 457//466 467//466 
f 469//467 457//467 468//467 
f 470//468 457//468 469//468 
f 375//469 457//469 470//469 
f 362//470 457//470 375//470 
f 457//471 471//471 458//471 
f 454//472 472//472 444//472 
f 471//473 473//473 458//473 
f 454//474 474//474 472//474 
f 473//475 475//475 458//475 
f 458//476 475//476 476//476 
f 454//477 477//477 474//477 
f 475//478 478//478 476//478 
f 454//479 479//479 477//479 
f 478//480 480//480 476//480 
f 454//481 481//481 479//481 
f 480//482 482//482 476//482 
f 454//483 483//483 481//483 
f 482//484 484//484 476//484 
f 454//485 485//485 483//485 
f 484//486 486//486 476//486 
f 454//487 487//487 485//487 
f 486//488 488//488 476//488 
f 454//489 489//489 487//489 
f 488//490 490//490 476//490 
f 454//491 491//491 489//491 
f 490//492 492//492 476//492 
f 454//493 493//493 491//493 
f 492//494 494//494 476//494 
f 454//495 495//495 493//495 
f 494//496 496//496 476//496 
f 476//497 497//497 454//497 
f 454//498 497//498 495//498 
f 496//499 498//499 476//499 
f 476//500 499//500 497//500 
f 498//501 500//501 476//501 
f 476//502 501//502 499//502 
f 500//503 502//503 476//503 
f 476//504 502//504 501//504 
f 503//505 504//505 442//505 
f 505//506 504//506 503//506 
f 506//507 504//507 505//507 
f 442//508 504//508 440//508 
f 506//509 507//509 504//509 
f 508//510 507//510 506//510 
f 509//511 507//511 508//511 
f 510//512 507//512 509//512 
f 511//513 512//513 510//513 
f 513//514 512//514 511//514 
f 510//515 512//515 507//515 
f 514//516 515//516 513//516 
f 516//517 515//517 514//517 
f 513//518 515//518 512//518 
f 517//519 518//519 516//519 
f 519//520 518//520 517//520 
f 516//521 518//521 515//521 
f 519//522 520//522 518//522 
f 521//523 520//523 519//523 
f 522//524 520//524 521//524 
f 523//525 524//525 522//525 
f 522//526 524//526 520//526 
f 525//527 526//527 527//527 
f 527//528 528//528 525//528 
f 526//529 529//529 527//529 
f 527//530 529//530 530//530 
f 527//531 531//531 528//531 
f 529//532 532//532 530//532 
f 527//533 533//533 531//533 
f 534//534 533//534 527//534 
f 532//535 535//535 530//535 
f 534//536 536//536 533//536 
f 535//537 537//537 530//537 
f 534//538 538//538 536//538 
f 537//539 539//539 530//539 
f 534//540 540//540 538//540 
f 539//541 541//541 530//541 
f 534//542 542//542 540//542 
f 543//543 542//543 534//543 
f 541//544 544//544 530//544 
f 543//545 545//545 542//545 
f 544//546 546//546 530//546 
f 543//547 547//547 545//547 
f 530//548 548//548 549//548 
f 546//549 548//549 530//549 
f 543//550 550//550 547//550 
f 548//551 551//551 549//551 
f 543//552 552//552 550//552 
f 553//553 552//553 543//553 
f 551//554 554//554 549//554 
f 553//555 555//555 552//555 
f 554//556 556//556 549//556 
f 553//557 557//557 555//557 
f 556//558 558//558 549//558 
f 553//559 559//559 557//559 
f 558//560 560//560 549//560 
f 553//561 561//561 559//561 
f 562//562 561//562 553//562 
f 560//563 563//563 549//563 
f 562//564 564//564 561//564 
f 563//565 565//565 549//565 
f 562//566 566//566 564//566 
f 565//567 567//567 549//567 
f 562//568 568//568 566//568 
f 567//569 569//569 549//569 
f 562//570 570//570 568//570 
f 571//571 570//571 562//571 
f 569//572 572//572 549//572 
f 571//573 573//573 570//573 
f 572//574 574//574 549//574 
f 571//575 575//575 573//575 
f 574//576 576//576 549//576 
f 571//577 577//577 575//577 
f 578//578 577//578 571//578 
f 576//579 579//579 549//579 
f 578//580 580//580 577//580 
f 581//581 582//581 583//581 
f 584//582 582//582 581//582 
f 549//583 582//583 584//583 
f 579//584 582//584 549//584 
f 578//585 585//585 580//585 
f 586//586 587//586 588//586 
f 589//587 587//587 586//587 
f 590//588 587//588 589//588 
f 591//589 587//589 590//589 
f 592//590 587//590 591//590 
f 593//591 587//591 592//591 
f 594//592 587//592 593//592 
f 595//593 587//593 594//593 
f 596//594 587//594 595//594 
f 597//595 587//595 596//595 
f 598//596 587//596 597//596 
f 599//597 587//597 598//597 
f 600//598 587//598 599//598 
f 601//599 587//599 600//599 
f 602//600 587//600 601//600 
f 583//601 587//601 602//601 
f 582//602 587//602 583//602 
f 578//603 603//603 585//603 
f 604//604 603//604 578//604 
f 587//605 605//605 588//605 
f 606//606 605//606 607//606 
f 608//607 605//607 606//607 
f 588//608 605//608 608//608 
f 604//609 609//609 603//609 
f 605//610 610//610 607//610 
f 604//611 611//611 609//611 
f 605//612 612//612 610//612 
f 605//613 613//613 612//613 
f 604//614 614//614 611//614 
f 615//615 614//615 604//615 
f 605//616 616//616 613//616 
f 615//617 617//617 614//617 
f 605//618 618//618 616//618 
f 615//619 619//619 617//619 
f 605//620 620//620 618//620 
f 615//621 621//621 619//621 
f 622//622 621//622 615//622 
f 605//623 623//623 620//623 
f 605//624 624//624 623//624 
f 605//625 625//625 624//625 
f 605//626 626//626 625//626 
f 627//627 626//627 605//627 
f 628//628 626//628 627//628 
f 629//629 626//629 628//629 
f 630//630 626//630 629//630 
f 631//631 626//631 630//631 
f 632//632 626//632 631//632 
f 633//633 626//633 632//633 
f 634//634 626//634 633//634 
f 634//635 635//635 626//635 
f 635//636 636//636 626//636 
f 636//637 637//637 626//637 
f 637//638 638//638 626//638 
f 639//639 640//639 641//639 
f 642//640 640//640 639//640 
f 643//641 640//641 642//641 
f 644//642 640//642 643//642 
f 645//643 640//643 644//643 
f 646//644 640//644 645//644 
f 647//645 640//645 646//645 
f 648//646 640//646 647//646 
f 649//647 640//647 648//647 
f 650//648 640//648 649//648 
f 651//649 640//649 650//649 
f 652//650 640//650 651//650 
f 653//651 640//651 652//651 
f 654//652 640//652 653//652 
f 655//653 640//653 654//653 
f 621//654 640//654 655//654 
f 656//655 640//655 657//655 
f 657//656 640//656 658//656 
f 658//657 640//657 659//657 
f 659//658 640//658 622//658 
f 622//659 640//659 621//659 
f 638//660 660//660 626//660 
f 661//661 660//661 638//661 
f 662//662 660//662 661//662 
f 663//663 660//663 662//663 
f 664//664 660//664 663//664 
f 665//665 660//665 664//665 
f 666//666 660//666 665//666 
f 667//667 660//667 666//667 
f 668//668 660//668 667//668 
f 669//669 660//669 668//669 
f 670//670 660//670 669//670 
f 671//671 672//671 670//671 
f 670//672 672//672 660//672 
f 640//673 673//673 641//673 
f 641//674 673//674 674//674 
f 671//675 675//675 672//675 
f 676//676 675//676 671//676 
f 673//677 677//677 674//677 
f 674//678 677//678 678//678 
f 676//679 679//679 675//679 
f 680//680 679//680 676//680 
f 677//681 681//681 678//681 
f 678//682 681//682 682//682 
f 680//683 683//683 679//683 
f 684//684 683//684 680//684 
f 681//685 685//685 682//685 
f 682//686 685//686 686//686 
f 687//687 688//687 684//687 
f 684//688 688//688 683//688 
f 685//689 689//689 686//689 
f 686//690 689//690 690//690 
f 691//691 692//691 687//691 
f 687//692 692//692 688//692 
f 689//693 693//693 690//693 
f 690//694 693//694 694//694 
f 695//695 696//695 691//695 
f 691//696 696//696 692//696 
f 693//697 697//697 694//697 
f 694//698 697//698 698//698 
f 699//699 700//699 695//699 
f 695//700 700//700 696//700 
f 698//701 701//701 702//701 
f 697//702 701//702 698//702 
f 703//703 704//703 699//703 
f 699//704 704//704 700//704 
f 702//705 705//705 706//705 
f 701//706 705//706 702//706 
f 707//707 708//707 703//707 
f 703//708 708//708 704//708 
f 705//709 709//709 706//709 
f 706//710 709//710 710//710 
f 711//711 712//711 707//711 
f 707//712 712//712 708//712 
f 709//713 713//713 710//713 
f 710//714 713//714 714//714 
f 715//715 716//715 711//715 
f 711//716 716//716 712//716 
f 714//717 717//717 718//717 
f 713//718 717//718 714//718 
f 718//719 719//719 720//719 
f 717//720 719//720 718//720 
f 721//721 722//721 715//721 
f 715//722 722//722 716//722 
f 723//723 724//723 721//723 
f 721//724 724//724 722//724 
f 720//725 725//725 726//725 
f 719//726 725//726 720//726 
f 727//727 728//727 723//727 
f 723//728 728//728 724//728 
f 726//729 729//729 730//729 
f 725//730 729//730 726//730 
f 730//731 731//731 727//731 
f 727//732 731//732 728//732 
f 729//733 731//733 730//733 
f 324//734 640//734 402//734 
f 402//735 640//735 732//735 
f 732//736 640//736 733//736 
f 733//737 640//737 523//737 
f 523//738 640//738 734//738 
f 523//739 734//739 735//739 
f 523//740 735//740 524//740 
f 734//741 640//741 736//741 
f 736//742 640//742 737//742 
f 737//743 640//743 738//743 
f 738//744 640//744 656//744 
f 739//745 626//745 740//745 
f 626//746 660//746 740//746 
f 626//747 741//747 625//747 
f 739//748 741//748 626//748 
f 625//749 742//749 624//749 
f 624//750 742//750 623//750 
f 741//751 742//751 625//751 
f 742//752 743//752 623//752 
f 623//753 744//753 620//753 
f 743//754 744//754 623//754 
f 620//755 745//755 618//755 
f 744//756 745//756 620//756 
f 618//757 746//757 616//757 
f 616//758 746//758 613//758 
f 745//759 746//759 618//759 
f 746//760 747//760 613//760 
f 747//761 748//761 613//761 
f 613//762 748//762 612//762 
f 748//763 749//763 612//763 
f 612//764 749//764 610//764 
f 610//765 750//765 607//765 
f 749//766 750//766 610//766 
f 607//767 751//767 606//767 
f 606//768 751//768 608//768 
f 750//769 751//769 607//769 
f 751//770 752//770 608//770 
f 608//771 753//771 588//771 
f 588//772 753//772 586//772 
f 752//773 753//773 608//773 
f 753//774 754//774 586//774 
f 586//775 755//775 589//775 
f 589//776 755//776 590//776 
f 754//777 755//777 586//777 
f 590//778 756//778 591//778 
f 755//779 756//779 590//779 
f 756//780 757//780 591//780 
f 591//781 758//781 592//781 
f 757//782 758//782 591//782 
f 592//783 759//783 593//783 
f 758//784 759//784 592//784 
f 593//785 760//785 594//785 
f 594//786 760//786 595//786 
f 759//787 760//787 593//787 
f 760//788 761//788 595//788 
f 595//789 762//789 596//789 
f 596//790 762//790 597//790 
f 761//791 762//791 595//791 
f 597//792 763//792 598//792 
f 762//793 763//793 597//793 
f 763//794 764//794 598//794 
f 598//795 765//795 599//795 
f 764//796 765//796 598//796 
f 599//797 766//797 600//797 
f 600//798 766//798 601//798 
f 765//799 766//799 599//799 
f 766//800 767//800 601//800 
f 601//801 768//801 602//801 
f 602//802 768//802 583//802 
f 767//803 768//803 601//803 
f 768//804 769//804 583//804 
f 583//805 770//805 581//805 
f 581//806 770//806 584//806 
f 769//807 770//807 583//807 
f 770//808 771//808 584//808 
f 584//809 772//809 549//809 
f 771//810 772//810 584//810 
f 660//811 672//811 740//811 
f 740//812 672//812 773//812 
f 773//813 675//813 774//813 
f 672//814 675//814 773//814 
f 774//815 679//815 775//815 
f 675//816 679//816 774//816 
f 775//817 683//817 776//817 
f 776//818 683//818 777//818 
f 679//819 683//819 775//819 
f 683//820 688//820 777//820 
f 777//821 692//821 778//821 
f 688//822 692//822 777//822 
f 778//823 696//823 779//823 
f 692//824 696//824 778//824 
f 779//825 700//825 780//825 
f 696//826 700//826 779//826 
f 700//827 704//827 780//827 
f 780//828 704//828 781//828 
f 781//829 708//829 782//829 
f 704//830 708//830 781//830 
f 782//831 712//831 783//831 
f 708//832 712//832 782//832 
f 783//833 716//833 784//833 
f 784//834 716//834 785//834 
f 712//835 716//835 783//835 
f 716//836 722//836 785//836 
f 785//837 724//837 786//837 
f 722//838 724//838 785//838 
f 786//839 728//839 787//839 
f 724//840 728//840 786//840 
f 787//841 731//841 788//841 
f 788//842 731//842 789//842 
f 728//843 731//843 787//843 
f 731//844 729//844 789//844 
f 789//845 725//845 790//845 
f 790//846 725//846 791//846 
f 729//847 725//847 789//847 
f 725//848 719//848 791//848 
f 791//849 717//849 792//849 
f 792//850 717//850 793//850 
f 719//851 717//851 791//851 
f 717//852 713//852 793//852 
f 793//853 709//853 794//853 
f 713//854 709//854 793//854 
f 794//855 705//855 795//855 
f 709//856 705//856 794//856 
f 795//857 701//857 796//857 
f 796//858 701//858 797//858 
f 705//859 701//859 795//859 
f 701//860 697//860 797//860 
f 797//861 693//861 798//861 
f 798//862 693//862 799//862 
f 697//863 693//863 797//863 
f 693//864 689//864 799//864 
f 799//865 685//865 800//865 
f 800//866 685//866 801//866 
f 689//867 685//867 799//867 
f 685//868 681//868 801//868 
f 801//869 677//869 802//869 
f 802//870 677//870 803//870 
f 681//871 677//871 801//871 
f 803//872 673//872 804//872 
f 677//873 673//873 803//873 
f 673//874 640//874 804//874 
f 530//875 549//875 805//875 
f 805//876 806//876 807//876 
f 807//877 806//877 808//877 
f 549//878 806//878 805//878 
f 806//879 772//879 809//879 
f 549//880 772//880 806//880 
f 804//881 810//881 811//881 
f 640//882 812//882 804//882 
f 804//883 812//883 810//883 
f 640//884 324//884 812//884 
f 362//885 318//885 813//885 
f 813//886 318//886 814//886 
f 814//887 292//887 815//887 
f 318//888 292//888 814//888 
f 815//889 274//889 816//889 
f 292//890 274//890 815//890 
f 816//891 254//891 817//891 
f 274//892 254//892 816//892 
f 817//893 239//893 818//893 
f 254//894 239//894 817//894 
f 818//895 221//895 819//895 
f 239//896 221//896 818//896 
f 819//897 208//897 820//897 
f 221//898 208//898 819//898 
f 820//899 196//899 821//899 
f 208//900 196//900 820//900 
f 821//901 186//901 822//901 
f 196//902 186//902 821//902 
f 822//903 172//903 823//903 
f 186//904 172//904 822//904 
f 823//905 174//905 824//905 
f 172//906 174//906 823//906 
f 824//907 175//907 825//907 
f 174//908 175//908 824//908 
f 825//909 176//909 826//909 
f 175//910 176//910 825//910 
f 826//911 177//911 827//911 
f 176//912 177//912 826//912 
f 827//913 178//913 828//913 
f 177//914 178//914 827//914 
f 828//915 179//915 829//915 
f 178//916 179//916 828//916 
f 829//917 180//917 830//917 
f 179//918 180//918 829//918 
f 830//919 158//919 831//919 
f 180//920 158//920 830//920 
f 831//921 155//921 832//921 
f 158//922 155//922 831//922 
f 832//923 152//923 833//923 
f 155//924 152//924 832//924 
f 833//925 148//925 834//925 
f 152//926 148//926 833//926 
f 834//927 144//927 835//927 
f 835//928 144//928 836//928 
f 148//929 144//929 834//929 
f 144//930 140//930 836//930 
f 836//931 136//931 837//931 
f 140//932 136//932 836//932 
f 837//933 131//933 838//933 
f 136//934 131//934 837//934 
f 838//935 126//935 839//935 
f 131//936 126//936 838//936 
f 126//937 121//937 839//937 
f 839//938 121//938 840//938 
f 121//939 115//939 840//939 
f 840//940 115//940 841//940 
f 115//941 106//941 841//941 
f 841//942 106//942 842//942 
f 106//943 96//943 842//943 
f 842//944 96//944 843//944 
f 96//945 84//945 843//945 
f 843//946 84//946 844//946 
f 84//947 73//947 844//947 
f 844//948 73//948 845//948 
f 73//949 68//949 845//949 
f 845//950 68//950 846//950 
f 846//951 79//951 847//951 
f 68//952 79//952 846//952 
f 847//953 89//953 848//953 
f 79//954 89//954 847//954 
f 848//955 100//955 849//955 
f 89//956 100//956 848//956 
f 849//957 110//957 850//957 
f 100//958 110//958 849//958 
f 850//959 118//959 851//959 
f 110//960 118//960 850//960 
f 851//961 125//961 852//961 
f 118//962 125//962 851//962 
f 852//963 130//963 853//963 
f 125//964 130//964 852//964 
f 853//965 135//965 854//965 
f 854//966 135//966 855//966 
f 130//967 135//967 853//967 
f 135//968 139//968 855//968 
f 855//969 143//969 856//969 
f 856//970 143//970 857//970 
f 139//971 143//971 855//971 
f 143//972 147//972 857//972 
f 857//973 151//973 858//973 
f 147//974 151//974 857//974 
f 858//975 154//975 859//975 
f 151//976 154//976 858//976 
f 859//977 157//977 860//977 
f 154//978 157//978 859//978 
f 860//979 159//979 861//979 
f 157//980 159//980 860//980 
f 861//981 160//981 862//981 
f 159//982 160//982 861//982 
f 862//983 162//983 863//983 
f 160//984 162//984 862//984 
f 162//985 163//985 863//985 
f 863//986 163//986 864//986 
f 163//987 164//987 864//987 
f 864//988 164//988 865//988 
f 164//989 165//989 865//989 
f 865//990 165//990 866//990 
f 165//991 166//991 866//991 
f 866//992 166//992 867//992 
f 166//993 167//993 867//993 
f 867//994 167//994 868//994 
f 167//995 168//995 868//995 
f 868//996 168//996 869//996 
f 168//997 169//997 869//997 
f 869//998 169//998 870//998 
f 169//999 170//999 870//999 
f 870//1000 170//1000 871//1000 
f 170//1001 171//1001 871//1001 
f 871//1002 171//1002 872//1002 
f 171//1003 232//1003 872//1003 
f 872//1004 232//1004 873//1004 
f 232//1005 246//1005 873//1005 
f 873//1006 246//1006 874//1006 
f 246//1007 267//1007 874//1007 
f 874//1008 267//1008 875//1008 
f 267//1009 285//1009 875//1009 
f 875//1010 285//1010 876//1010 
f 285//1011 306//1011 876//1011 
f 876//1012 306//1012 877//1012 
f 306//1013 351//1013 877//1013 
f 877//1014 351//1014 878//1014 
f 351//1015 384//1015 878//1015 
f 878//1016 384//1016 879//1016 
f 384//1017 408//1017 879//1017 
f 879//1018 408//1018 880//1018 
f 880//1019 430//1019 881//1019 
f 408//1020 430//1020 880//1020 
f 430//1021 435//1021 881//1021 
f 881//1022 435//1022 882//1022 
f 882//1023 440//1023 883//1023 
f 435//1024 440//1024 882//1024 
f 883//1025 504//1025 884//1025 
f 440//1026 504//1026 883//1026 
f 884//1027 507//1027 885//1027 
f 504//1028 507//1028 884//1028 
f 885//1029 512//1029 886//1029 
f 507//1030 512//1030 885//1030 
f 886//1031 515//1031 887//1031 
f 512//1032 515//1032 886//1032 
f 887//1033 518//1033 888//1033 
f 515//1034 518//1034 887//1034 
f 888//1035 520//1035 889//1035 
f 889//1036 520//1036 890//1036 
f 518//1037 520//1037 888//1037 
f 520//1038 524//1038 890//1038 
f 524//1039 735//1039 890//1039 
f 890//1040 735//1040 891//1040 
f 735//1041 734//1041 891//1041 
f 891//1042 734//1042 892//1042 
f 734//1043 736//1043 892//1043 
f 892//1044 736//1044 893//1044 
f 736//1045 737//1045 893//1045 
f 893//1046 737//1046 894//1046 
f 737//1047 738//1047 894//1047 
f 894//1048 738//1048 895//1048 
f 738//1049 656//1049 895//1049 
f 895//1050 656//1050 896//1050 
f 896//1051 656//1051 897//1051 
f 656//1052 657//1052 897//1052 
f 657//1053 658//1053 897//1053 
f 897//1054 658//1054 898//1054 
f 658//1055 659//1055 898//1055 
f 898//1056 659//1056 899//1056 
f 659//1057 622//1057 899//1057 
f 899//1058 622//1058 900//1058 
f 622//1059 615//1059 900//1059 
f 900//1060 615//1060 901//1060 
f 615//1061 604//1061 901//1061 
f 901//1062 604//1062 902//1062 
f 604//1063 578//1063 902//1063 
f 902//1064 578//1064 903//1064 
f 578//1065 571//1065 903//1065 
f 903//1066 571//1066 904//1066 
f 571//1067 562//1067 904//1067 
f 904//1068 562//1068 905//1068 
f 562//1069 553//1069 905//1069 
f 905//1070 553//1070 906//1070 
f 553//1071 543//1071 906//1071 
f 906//1072 543//1072 907//1072 
f 543//1073 534//1073 907//1073 
f 907//1074 534//1074 908//1074 
f 534//1075 527//1075 908//1075 
f 908//1076 527//1076 909//1076 
f 527//1077 530//1077 909//1077 
f 909//1078 530//1078 805//1078 
f 910//1079 161//1079 911//1079 
f 912//1080 161//1080 910//1080 
f 913//1081 161//1081 912//1081 
f 914//1082 161//1082 913//1082 
f 915//1083 161//1083 914//1083 
f 916//1084 917//1084 918//1084 
f 919//1085 161//1085 915//1085 
f 920//1086 161//1086 919//1086 
f 921//1087 917//1087 916//1087 
f 922//1088 918//1088 923//1088 
f 922//1089 916//1089 918//1089 
f 924//1090 161//1090 920//1090 
f 925//1091 161//1091 924//1091 
f 926//1092 161//1092 925//1092 
f 927//1093 917//1093 921//1093 
f 928//1094 922//1094 923//1094 
f 929//1095 161//1095 926//1095 
f 930//1096 161//1096 929//1096 
f 931//1097 161//1097 930//1097 
f 932//1098 917//1098 927//1098 
f 933//1099 917//1099 932//1099 
f 934//1100 161//1100 931//1100 
f 935//1101 161//1101 934//1101 
f 936//1102 917//1102 933//1102 
f 937//1103 161//1103 935//1103 
f 938//1104 917//1104 936//1104 
f 939//1105 161//1105 937//1105 
f 940//1106 161//1106 939//1106 
f 941//1107 917//1107 938//1107 
f 942//1108 161//1108 940//1108 
f 943//1109 944//1109 945//1109 
f 943//1110 925//1110 924//1110 
f 943//1111 946//1111 947//1111 
f 943//1112 945//1112 948//1112 
f 943//1113 947//1113 949//1113 
f 950//1114 917//1114 941//1114 
f 943//1115 914//1115 913//1115 
f 943//1116 948//1116 951//1116 
f 943//1117 951//1117 952//1117 
f 943//1118 952//1118 953//1118 
f 943//1119 953//1119 954//1119 
f 943//1120 954//1120 955//1120 
f 943//1121 955//1121 956//1121 
f 943//1122 956//1122 957//1122 
f 943//1123 919//1123 915//1123 
f 943//1124 957//1124 958//1124 
f 943//1125 926//1125 925//1125 
f 943//1126 958//1126 959//1126 
f 943//1127 960//1127 961//1127 
f 943//1128 913//1128 912//1128 
f 943//1129 962//1129 944//1129 
f 943//1130 924//1130 920//1130 
f 943//1131 929//1131 926//1131 
f 943//1132 963//1132 964//1132 
f 943//1133 961//1133 963//1133 
f 943//1134 931//1134 930//1134 
f 943//1135 915//1135 914//1135 
f 943//1136 965//1136 966//1136 
f 943//1137 967//1137 962//1137 
f 943//1138 964//1138 967//1138 
f 943//1139 920//1139 919//1139 
f 943//1140 930//1140 929//1140 
f 943//1141 934//1141 931//1141 
f 943//1142 968//1142 960//1142 
f 943//1143 912//1143 910//1143 
f 943//1144 935//1144 934//1144 
f 943//1145 937//1145 935//1145 
f 943//1146 939//1146 937//1146 
f 943//1147 969//1147 970//1147 
f 943//1148 940//1148 939//1148 
f 943//1149 942//1149 940//1149 
f 943//1150 910//1150 911//1150 
f 943//1151 911//1151 946//1151 
f 943//1152 949//1152 969//1152 
f 943//1153 970//1153 965//1153 
f 943//1154 966//1154 968//1154 
f 971//1155 942//1155 943//1155 
f 972//1156 917//1156 950//1156 
f 973//1157 917//1157 972//1157 
f 971//1158 161//1158 942//1158 
f 974//1159 161//1159 971//1159 
f 974//1160 971//1160 943//1160 
f 975//1161 943//1161 959//1161 
f 976//1162 161//1162 974//1162 
f 977//1163 917//1163 973//1163 
f 976//1164 974//1164 943//1164 
f 978//1165 959//1165 979//1165 
f 978//1166 979//1166 980//1166 
f 978//1167 980//1167 981//1167 
f 978//1168 981//1168 982//1168 
f 978//1169 982//1169 983//1169 
f 978//1170 983//1170 984//1170 
f 978//1171 984//1171 985//1171 
f 978//1172 985//1172 986//1172 
f 978//1173 986//1173 987//1173 
f 978//1174 987//1174 988//1174 
f 978//1175 988//1175 989//1175 
f 978//1176 989//1176 990//1176 
f 978//1177 990//1177 991//1177 
f 978//1178 975//1178 959//1178 
f 992//1179 161//1179 976//1179 
f 992//1180 976//1180 943//1180 
f 993//1181 917//1181 977//1181 
f 994//1182 992//1182 943//1182 
f 994//1183 161//1183 992//1183 
f 995//1184 994//1184 943//1184 
f 995//1185 161//1185 994//1185 
f 996//1186 161//1186 995//1186 
f 996//1187 995//1187 943//1187 
f 997//1188 996//1188 943//1188 
f 997//1189 161//1189 996//1189 
f 998//1190 161//1190 997//1190 
f 998//1191 997//1191 943//1191 
f 999//1192 998//1192 943//1192 
f 999//1193 161//1193 998//1193 
f 999//1194 943//1194 975//1194 
f 999//1195 975//1195 978//1195 
f 1000//1196 978//1196 991//1196 
f 1000//1197 991//1197 1001//1197 
f 1000//1198 1001//1198 1002//1198 
f 1000//1199 1002//1199 1003//1199 
f 1000//1200 1003//1200 1004//1200 
f 1005//1201 917//1201 993//1201 
f 1006//1202 917//1202 1005//1202 
f 1007//1203 1004//1203 1008//1203 
f 1007//1204 1008//1204 1009//1204 
f 1007//1205 1009//1205 1010//1205 
f 1007//1206 1000//1206 1004//1206 
f 1011//1207 1000//1207 1007//1207 
f 1012//1208 1000//1208 1011//1208 
f 1013//1209 1000//1209 1012//1209 
f 1014//1210 1000//1210 1013//1210 
f 1014//1211 1015//1211 1000//1211 
f 1016//1212 1017//1212 1015//1212 
f 1016//1213 1015//1213 1014//1213 
f 1018//1214 1019//1214 1017//1214 
f 1018//1215 1017//1215 1016//1215 
f 1020//1216 1021//1216 1019//1216 
f 1020//1217 1019//1217 1018//1217 
f 1022//1218 1023//1218 1021//1218 
f 1022//1219 1021//1219 1020//1219 
f 1024//1220 1025//1220 1023//1220 
f 1024//1221 1026//1221 1025//1221 
f 1024//1222 1023//1222 1022//1222 
f 1027//1223 1028//1223 1026//1223 
f 1027//1224 1026//1224 1024//1224 
f 1029//1225 1030//1225 1028//1225 
f 1029//1226 1028//1226 1027//1226 
f 1031//1227 1032//1227 1030//1227 
f 1031//1228 1030//1228 1029//1228 
f 1033//1229 1032//1229 1031//1229 
f 1033//1230 1034//1230 1032//1230 
f 1035//1231 1034//1231 1033//1231 
f 1035//1232 1036//1232 1034//1232 
f 1037//1233 1038//1233 1039//1233 
f 1037//1234 1040//1234 1038//1234 
f 1041//1235 1036//1235 1035//1235 
f 1041//1236 1042//1236 1036//1236 
f 1043//1237 1039//1237 1044//1237 
f 1043//1238 1037//1238 1039//1238 
f 1045//1239 1042//1239 1041//1239 
f 1045//1240 1046//1240 1042//1240 
f 1047//1241 1044//1241 1046//1241 
f 1047//1242 1043//1242 1044//1242 
f 1047//1243 1046//1243 1045//1243 
f 1048//1244 1049//1244 1050//1244 
f 1048//1245 1050//1245 1051//1245 
f 1048//1246 1051//1246 1052//1246 
f 1048//1247 1052//1247 1053//1247 
f 1048//1248 1053//1248 1054//1248 
f 1048//1249 1054//1249 1055//1249 
f 1048//1250 1055//1250 1056//1250 
f 1057//1251 1058//1251 1059//1251 
f 1057//1252 1059//1252 1060//1252 
f 1057//1253 1060//1253 1061//1253 
f 1057//1254 1061//1254 1062//1254 
f 1057//1255 1062//1255 1063//1255 
f 1057//1256 1063//1256 1064//1256 
f 1057//1257 1064//1257 1065//1257 
f 1057//1258 1065//1258 1066//1258 
f 1057//1259 1066//1259 1067//1259 
f 1057//1260 1067//1260 1068//1260 
f 1057//1261 1068//1261 1069//1261 
f 1057//1262 1069//1262 1070//1262 
f 1057//1263 1070//1263 1071//1263 
f 1057//1264 1071//1264 1072//1264 
f 1057//1265 1072//1265 1073//1265 
f 1057//1266 1073//1266 1074//1266 
f 1057//1267 1074//1267 1075//1267 
f 1057//1268 1048//1268 1056//1268 
f 1076//1269 1057//1269 1056//1269 
f 1076//1270 1058//1270 1057//1270 
f 1077//1271 1076//1271 1056//1271 
f 1077//1272 1058//1272 1076//1272 
f 1078//1273 1058//1273 1077//1273 
f 1078//1274 1077//1274 1056//1274 
f 1079//1275 1080//1275 1081//1275 
f 1079//1276 1081//1276 1082//1276 
f 1079//1277 1082//1277 1058//1277 
f 1079//1278 1056//1278 1083//1278 
f 1079//1279 1078//1279 1056//1279 
f 1079//1280 1058//1280 1078//1280 
f 1084//1281 1085//1281 1086//1281 
f 1084//1282 1087//1282 1088//1282 
f 1084//1283 1089//1283 1090//1283 
f 1084//1284 1091//1284 1092//1284 
f 1084//1285 1093//1285 1094//1285 
f 1084//1286 1095//1286 1091//1286 
f 1084//1287 1086//1287 1096//1287 
f 1084//1288 1094//1288 1087//1288 
f 1084//1289 1079//1289 1083//1289 
f 1084//1290 1097//1290 1098//1290 
f 1084//1291 1096//1291 1099//1291 
f 1084//1292 1098//1292 1100//1292 
f 1084//1293 1100//1293 1101//1293 
f 1084//1294 1092//1294 1093//1294 
f 1084//1295 1101//1295 1102//1295 
f 1084//1296 1102//1296 1103//1296 
f 1084//1297 1103//1297 1104//1297 
f 1084//1298 1104//1298 1105//1298 
f 1084//1299 1105//1299 1106//1299 
f 1084//1300 1088//1300 1107//1300 
f 1084//1301 1106//1301 1108//1301 
f 1084//1302 1108//1302 1109//1302 
f 1084//1303 1109//1303 1080//1303 
f 1084//1304 1080//1304 1079//1304 
f 1084//1305 1107//1305 1085//1305 
f 1084//1306 1090//1306 1110//1306 
f 1084//1307 1111//1307 1112//1307 
f 1084//1308 1083//1308 1111//1308 
f 1084//1309 1112//1309 1113//1309 
f 1084//1310 1113//1310 1095//1310 
f 1084//1311 1099//1311 1089//1311 
f 1114//1312 1115//1312 1116//1312 
f 1114//1313 1116//1313 1117//1313 
f 1114//1314 1117//1314 1118//1314 
f 1114//1315 1118//1315 1119//1315 
f 1114//1316 1119//1316 1120//1316 
f 1114//1317 1120//1317 1121//1317 
f 1114//1318 1121//1318 1122//1318 
f 1114//1319 1122//1319 1123//1319 
f 1114//1320 1123//1320 1124//1320 
f 1114//1321 1124//1321 1125//1321 
f 1114//1322 1125//1322 1126//1322 
f 1114//1323 1126//1323 1127//1323 
f 1128//1324 1129//1324 1130//1324 
f 1128//1325 1130//1325 1131//1325 
f 1128//1326 1131//1326 1132//1326 
f 1128//1327 1132//1327 1133//1327 
f 1128//1328 1133//1328 1134//1328 
f 1128//1329 1134//1329 1135//1329 
f 1128//1330 1135//1330 1136//1330 
f 1128//1331 1136//1331 1137//1331 
f 1128//1332 1137//1332 1138//1332 
f 1139//1333 161//1333 999//1333 
f 1139//1334 999//1334 978//1334 
f 1139//1335 324//1335 161//1335 
f 1139//1336 1015//1336 1017//1336 
f 1139//1337 1017//1337 1019//1337 
f 1139//1338 1019//1338 1021//1338 
f 1139//1339 1021//1339 1023//1339 
f 1139//1340 1023//1340 1025//1340 
f 1139//1341 1000//1341 1015//1341 
f 1139//1342 978//1342 1000//1342 
f 1140//1343 923//1343 1141//1343 
f 1140//1344 1141//1344 1142//1344 
f 1140//1345 1142//1345 1143//1345 
f 1140//1346 1143//1346 1144//1346 
f 1140//1347 1144//1347 1145//1347 
f 1140//1348 1145//1348 1146//1348 
f 1140//1349 928//1349 923//1349 
f 1140//1350 1057//1350 1075//1350 
f 1140//1351 1075//1351 1147//1351 
f 1140//1352 1147//1352 1148//1352 
f 1140//1353 1148//1353 1149//1353 
f 1140//1354 1149//1354 1150//1354 
f 1140//1355 1150//1355 1151//1355 
f 1140//1356 1151//1356 928//1356 
f 1140//1357 1048//1357 1057//1357 
f 1152//1358 1146//1358 1153//1358 
f 1152//1359 1048//1359 1140//1359 
f 1152//1360 1153//1360 1154//1360 
f 1152//1361 1154//1361 1049//1361 
f 1152//1362 1049//1362 1048//1362 
f 1152//1363 1140//1363 1146//1363 
f 1155//1364 1090//1364 1089//1364 
f 1155//1365 1096//1365 1156//1365 
f 1155//1366 1099//1366 1096//1366 
f 1155//1367 1110//1367 1090//1367 
f 1155//1368 1084//1368 1110//1368 
f 1155//1369 1089//1369 1099//1369 
f 1157//1370 1044//1370 1039//1370 
f 1157//1371 1031//1371 1029//1371 
f 1157//1372 1011//1372 1007//1372 
f 1157//1373 1029//1373 1027//1373 
f 1157//1374 1035//1374 1033//1374 
f 1157//1375 1033//1375 1031//1375 
f 1157//1376 1039//1376 1038//1376 
f 1157//1377 1038//1377 1040//1377 
f 1157//1378 1041//1378 1035//1378 
f 1157//1379 1040//1379 1037//1379 
f 1157//1380 1037//1380 1043//1380 
f 1157//1381 1045//1381 1041//1381 
f 1157//1382 1043//1382 1047//1382 
f 1157//1383 1047//1383 1045//1383 
f 1157//1384 1013//1384 1012//1384 
f 1157//1385 1027//1385 1024//1385 
f 1157//1386 1014//1386 1013//1386 
f 1157//1387 1018//1387 1016//1387 
f 1157//1388 1016//1388 1014//1388 
f 1157//1389 1020//1389 1018//1389 
f 1157//1390 1022//1390 1020//1390 
f 1157//1391 1024//1391 1022//1391 
f 1157//1392 1012//1392 1011//1392 
f 1158//1393 1159//1393 1160//1393 
f 1158//1394 1160//1394 1161//1394 
f 1158//1395 1161//1395 1162//1395 
f 1158//1396 1162//1396 1163//1396 
f 1158//1397 1163//1397 1164//1397 
f 1158//1398 1164//1398 1165//1398 
f 1158//1399 1165//1399 1115//1399 
f 1158//1400 1115//1400 1114//1400 
f 1166//1401 1167//1401 1168//1401 
f 1166//1402 1168//1402 1129//1402 
f 1166//1403 1129//1403 1128//1403 
f 1169//1404 1084//1404 1155//1404 
f 1169//1405 1155//1405 1156//1405 
f 1170//1406 1046//1406 1044//1406 
f 1170//1407 1044//1407 1157//1407 
f 1170//1408 1042//1408 1046//1408 
f 1171//1409 1159//1409 1158//1409 
f 1171//1410 1172//1410 1173//1410 
f 1171//1411 1173//1411 1159//1411 
f 1174//1412 1175//1412 1167//1412 
f 1174//1413 1167//1413 1166//1413 
f 1176//1414 1169//1414 1156//1414 
f 1176//1415 1084//1415 1169//1415 
f 1177//1416 1036//1416 1042//1416 
f 1177//1417 1042//1417 1170//1417 
f 1178//1418 1172//1418 1171//1418 
f 1179//1419 1175//1419 1174//1419 
f 1180//1420 1084//1420 1176//1420 
f 1180//1421 1176//1421 1156//1421 
f 1181//1422 1036//1422 1177//1422 
f 1182//1423 1172//1423 1178//1423 
f 1182//1424 1128//1424 1138//1424 
f 1182//1425 1174//1425 1166//1425 
f 1182//1426 1166//1426 1128//1426 
f 1182//1427 1138//1427 1172//1427 
f 1182//1428 1179//1428 1174//1428 
f 1183//1429 1177//1429 1170//1429 
f 1183//1430 1175//1430 1179//1430 
f 1183//1431 1179//1431 1182//1431 
f 1183//1432 1007//1432 1010//1432 
f 1183//1433 1010//1433 1175//1433 
f 1183//1434 1157//1434 1007//1434 
f 1183//1435 1181//1435 1177//1435 
f 1183//1436 1170//1436 1157//1436 
f 1184//1437 1084//1437 1180//1437 
f 1184//1438 1182//1438 1178//1438 
f 1184//1439 1178//1439 1171//1439 
f 1184//1440 1156//1440 324//1440 
f 1184//1441 1097//1441 1084//1441 
f 1184//1442 1185//1442 1186//1442 
f 1184//1443 1186//1443 1187//1443 
f 1184//1444 1187//1444 1188//1444 
f 1184//1445 1188//1445 1097//1445 
f 1184//1446 1180//1446 1156//1446 
f 1184//1447 1158//1447 1114//1447 
f 1184//1448 1114//1448 1127//1448 
f 1184//1449 1127//1449 1189//1449 
f 1184//1450 1189//1450 1190//1450 
f 1184//1451 1190//1451 1191//1451 
f 1184//1452 1191//1452 1192//1452 
f 1184//1453 1192//1453 1193//1453 
f 1184//1454 1193//1454 1194//1454 
f 1184//1455 1183//1455 1182//1455 
f 1184//1456 1194//1456 1195//1456 
f 1184//1457 1195//1457 1196//1457 
f 1184//1458 1196//1458 1197//1458 
f 1184//1459 1171//1459 1158//1459 
f 1184//1460 1197//1460 1198//1460 
f 1184//1461 1198//1461 1199//1461 
f 1184//1462 1199//1462 1185//1462 
f 1200//1463 1139//1463 1025//1463 
f 1200//1464 1036//1464 1181//1464 
f 1200//1465 1181//1465 1183//1465 
f 1200//1466 324//1466 1139//1466 
f 1200//1467 1025//1467 1026//1467 
f 1200//1468 1184//1468 324//1468 
f 1200//1469 1026//1469 1028//1469 
f 1200//1470 1028//1470 1030//1470 
f 1200//1471 1030//1471 1032//1471 
f 1200//1472 1032//1472 1034//1472 
f 1200//1473 1034//1473 1036//1473 
f 1200//1474 1183//1474 1184//1474 
f 1056//1475 1055//1475 1201//1475 
f 1202//1476 1201//1476 1203//1476 
f 1202//1477 1056//1477 1201//1477 
f 1083//1478 1056//1478 1202//1478 
f 1204//1479 1203//1479 1205//1479 
f 1204//1480 1083//1480 1202//1480 
f 1204//1481 1202//1481 1203//1481 
f 1206//1482 1083//1482 1204//1482 
f 1111//1483 1083//1483 1206//1483 
f 1207//1484 1205//1484 1208//1484 
f 1207//1485 1208//1485 1156//1485 
f 1207//1486 1204//1486 1205//1486 
f 1207//1487 1206//1487 1204//1487 
f 1207//1488 1111//1488 1206//1488 
f 1209//1489 1207//1489 1156//1489 
f 1209//1490 1111//1490 1207//1490 
f 1210//1491 1209//1491 1156//1491 
f 1210//1492 1111//1492 1209//1492 
f 1211//1493 1210//1493 1156//1493 
f 1211//1494 1111//1494 1210//1494 
f 1212//1495 1211//1495 1156//1495 
f 1212//1496 1111//1496 1211//1496 
f 1213//1497 1111//1497 1212//1497 
f 1213//1498 1212//1498 1156//1498 
f 1214//1499 1111//1499 1213//1499 
f 1214//1500 1213//1500 1156//1500 
f 1215//1501 1214//1501 1156//1501 
f 1215//1502 1111//1502 1214//1502 
f 1216//1503 1111//1503 1215//1503 
f 1216//1504 1215//1504 1156//1504 
f 1217//1505 1111//1505 1216//1505 
f 1217//1506 1216//1506 1156//1506 
f 1218//1507 1111//1507 1217//1507 
f 1218//1508 1217//1508 1156//1508 
f 1219//1509 1218//1509 1156//1509 
f 1219//1510 1111//1510 1218//1510 
f 1220//1511 1111//1511 1219//1511 
f 1220//1512 1219//1512 1156//1512 
f 1112//1513 1220//1513 1156//1513 
f 1112//1514 1111//1514 1220//1514 
f 1113//1515 1112//1515 1156//1515 
f 1095//1516 1113//1516 1156//1516 
f 1091//1517 1095//1517 1156//1517 
f 1092//1518 1091//1518 1156//1518 
f 1093//1519 1092//1519 1156//1519 
f 1094//1520 1093//1520 1156//1520 
f 1087//1521 1094//1521 1156//1521 
f 1088//1522 1087//1522 1156//1522 
f 1107//1523 1088//1523 1156//1523 
f 1085//1524 1107//1524 1156//1524 
f 1086//1525 1085//1525 1156//1525 
f 1096//1526 1086//1526 1156//1526 
f 945//1527 1221//1527 1222//1527 
f 945//1528 1222//1528 1223//1528 
f 945//1529 1223//1529 1224//1529 
f 945//1530 1224//1530 1225//1530 
f 945//1531 1225//1531 1226//1531 
f 945//1532 1226//1532 1227//1532 
f 945//1533 1227//1533 1228//1533 
f 945//1534 1228//1534 1229//1534 
f 945//1535 1229//1535 1230//1535 
f 945//1536 1230//1536 948//1536 
f 945//1537 161//1537 917//1537 
f 945//1538 1006//1538 1231//1538 
f 945//1539 1231//1539 1232//1539 
f 945//1540 1232//1540 1233//1540 
f 945//1541 1233//1541 1234//1541 
f 945//1542 917//1542 1006//1542 
f 945//1543 1234//1543 1235//1543 
f 945//1544 1235//1544 1236//1544 
f 945//1545 1236//1545 1237//1545 
f 945//1546 1237//1546 1238//1546 
f 945//1547 1238//1547 1239//1547 
f 945//1548 1239//1548 1240//1548 
f 945//1549 1240//1549 1241//1549 
f 945//1550 1241//1550 1242//1550 
f 945//1551 1242//1551 1243//1551 
f 945//1552 1243//1552 1244//1552 
f 945//1553 1244//1553 1245//1553 
f 945//1554 1245//1554 1246//1554 
f 945//1555 1246//1555 1247//1555 
f 945//1556 1247//1556 1221//1556 
f 944//1557 161//1557 945//1557 
f 962//1558 161//1558 944//1558 
f 967//1559 161//1559 962//1559 
f 964//1560 161//1560 967//1560 
f 963//1561 161//1561 964//1561 
f 961//1562 161//1562 963//1562 
f 960//1563 161//1563 961//1563 
f 968//1564 161//1564 960//1564 
f 966//1565 161//1565 968//1565 
f 965//1566 161//1566 966//1566 
f 970//1567 161//1567 965//1567 
f 969//1568 161//1568 970//1568 
f 949//1569 161//1569 969//1569 
f 947//1570 161//1570 949//1570 
f 946//1571 161//1571 947//1571 
f 911//1572 161//1572 946//1572 
f 1248//1573 1249//1573 917//1573 
f 1248//1574 1250//1574 1249//1574 
f 1248//1575 917//1575 1251//1575 
f 1252//1576 1250//1576 1248//1576 
f 1253//1577 1252//1577 1254//1577 
f 1255//1578 1254//1578 1256//1578 
f 1257//1579 161//1579 37//1579 
f 1257//1580 37//1580 1258//1580 
f 1257//1581 1255//1581 1259//1581 
f 1260//1582 161//1582 1257//1582 
f 1260//1583 1257//1583 1259//1583 
f 1260//1584 1259//1584 1261//1584 
f 1262//1585 1249//1585 1250//1585 
f 1262//1586 1250//1586 1263//1586 
f 1264//1587 1250//1587 1252//1587 
f 1264//1588 1252//1588 1253//1588 
f 1265//1589 1254//1589 1252//1589 
f 1265//1590 1252//1590 1248//1590 
f 1266//1591 1251//1591 1256//1591 
f 1266//1592 1248//1592 1251//1592 
f 1266//1593 1254//1593 1265//1593 
f 1266//1594 1256//1594 1254//1594 
f 1266//1595 1265//1595 1248//1595 
f 1267//1596 1258//1596 1268//1596 
f 1267//1597 1268//1597 1253//1597 
f 1267//1598 1253//1598 1254//1598 
f 1267//1599 1257//1599 1258//1599 
f 1269//1600 1255//1600 1257//1600 
f 1269//1601 1254//1601 1255//1601 
f 1269//1602 1257//1602 1267//1602 
f 1269//1603 1267//1603 1254//1603 
f 1270//1604 1256//1604 1251//1604 
f 1270//1605 1255//1605 1256//1605 
f 1271//1606 1270//1606 1251//1606 
f 1271//1607 1261//1607 1259//1607 
f 1272//1608 1251//1608 917//1608 
f 1272//1609 1261//1609 1271//1609 
f 1272//1610 1271//1610 1251//1610 
f 1273//1611 161//1611 1260//1611 
f 1273//1612 1260//1612 1261//1612 
f 1274//1613 1249//1613 1262//1613 
f 1274//1614 1262//1614 1263//1614 
f 1275//1615 1263//1615 1276//1615 
f 1275//1616 1274//1616 1263//1616 
f 1277//1617 1258//1617 37//1617 
f 1277//1618 1278//1618 1258//1618 
f 1279//1619 1263//1619 1250//1619 
f 1279//1620 1276//1620 1263//1620 
f 1279//1621 1250//1621 1264//1621 
f 1280//1622 1258//1622 1278//1622 
f 1280//1623 1268//1623 1258//1623 
f 1280//1624 1275//1624 1276//1624 
f 1280//1625 1276//1625 1268//1625 
f 1280//1626 1278//1626 1275//1626 
f 1281//1627 1253//1627 1268//1627 
f 1281//1628 1268//1628 1276//1628 
f 1281//1629 1264//1629 1253//1629 
f 1281//1630 1276//1630 1279//1630 
f 1281//1631 1279//1631 1264//1631 
f 1282//1632 1259//1632 1255//1632 
f 1282//1633 1255//1633 1270//1633 
f 1282//1634 1270//1634 1271//1634 
f 1282//1635 1271//1635 1259//1635 
f 1283//1636 917//1636 161//1636 
f 1283//1637 1272//1637 917//1637 
f 1283//1638 161//1638 1273//1638 
f 1283//1639 1261//1639 1272//1639 
f 1283//1640 1273//1640 1261//1640 
f 1284//1641 37//1641 1249//1641 
f 1284//1642 1249//1642 1274//1642 
f 1284//1643 1275//1643 1278//1643 
f 1284//1644 1274//1644 1275//1644 
f 1284//1645 1277//1645 37//1645 
f 1284//1646 1278//1646 1277//1646 
f 1285//1647 1286//1647 1287//1647 
f 1287//1648 1288//1648 1289//1648 
f 1286//1649 813//1649 1287//1649 
f 1287//1650 813//1650 1288//1650 
f 813//1651 457//1651 362//1651 
f 1286//1652 457//1652 813//1652 
f 1290//1653 1291//1653 1292//1653 
f 1290//1654 1293//1654 1291//1654 
f 1294//1655 1292//1655 1249//1655 
f 1294//1656 1290//1656 1292//1656 
f 1295//1657 1294//1657 1249//1657 
f 1296//1658 1295//1658 1249//1658 
f 1297//1659 1296//1659 1249//1659 
f 1298//1660 1297//1660 1249//1660 
f 1299//1661 1298//1661 1249//1661 
f 1300//1662 1299//1662 1249//1662 
f 1301//1663 1300//1663 1249//1663 
f 1302//1664 1301//1664 1249//1664 
f 1303//1665 1302//1665 1249//1665 
f 1304//1666 1303//1666 1249//1666 
f 1305//1667 1304//1667 1249//1667 
f 1306//1668 1305//1668 1249//1668 
f 1307//1669 1306//1669 1249//1669 
f 1308//1670 1307//1670 1249//1670 
f 1309//1671 1310//1671 1311//1671 
f 1312//1672 1311//1672 1310//1672 
f 1313//1673 1309//1673 1311//1673 
f 1314//1674 1311//1674 1312//1674 
f 1315//1675 1313//1675 1311//1675 
f 1316//1676 1311//1676 1314//1676 
f 1317//1677 1315//1677 1311//1677 
f 1318//1678 1317//1678 1311//1678 
f 1319//1679 1311//1679 1316//1679 
f 1320//1680 1318//1680 1311//1680 
f 1321//1681 1311//1681 1319//1681 
f 1322//1682 1311//1682 1323//1682 
f 1322//1683 1323//1683 1324//1683 
f 1322//1684 1320//1684 1311//1684 
f 1325//1685 1311//1685 1321//1685 
f 1326//1686 1311//1686 1325//1686 
f 1327//1687 1311//1687 1326//1687 
f 1328//1688 1311//1688 1327//1688 
f 1329//1689 1311//1689 1328//1689 
f 1330//1690 1320//1690 1322//1690 
f 1330//1691 1313//1691 1315//1691 
f 1330//1692 1318//1692 1320//1692 
f 1330//1693 1317//1693 1318//1693 
f 1330//1694 1315//1694 1317//1694 
f 1331//1695 1330//1695 1322//1695 
f 1332//1696 1311//1696 1329//1696 
f 1333//1697 1324//1697 1334//1697 
f 1333//1698 1322//1698 1324//1698 
f 1333//1699 1331//1699 1322//1699 
f 1335//1700 1311//1700 1332//1700 
f 1336//1701 1311//1701 1335//1701 
f 1337//1702 1311//1702 1336//1702 
f 1338//1703 1331//1703 1333//1703 
f 1338//1704 1330//1704 1331//1704 
f 1339//1705 1338//1705 1333//1705 
f 1340//1706 1311//1706 1337//1706 
f 1341//1707 1334//1707 1342//1707 
f 1341//1708 1333//1708 1334//1708 
f 1341//1709 1339//1709 1333//1709 
f 1343//1710 1342//1710 1344//1710 
f 1343//1711 1338//1711 1339//1711 
f 1343//1712 1341//1712 1342//1712 
f 1343//1713 1339//1713 1341//1713 
f 1345//1714 1329//1714 1328//1714 
f 1345//1715 1330//1715 1338//1715 
f 1345//1716 1338//1716 1343//1716 
f 1345//1717 1335//1717 1332//1717 
f 1345//1718 1326//1718 1325//1718 
f 1345//1719 1337//1719 1336//1719 
f 1345//1720 1316//1720 1314//1720 
f 1345//1721 1328//1721 1327//1721 
f 1345//1722 1327//1722 1326//1722 
f 1345//1723 1336//1723 1335//1723 
f 1345//1724 1346//1724 1340//1724 
f 1345//1725 1347//1725 1348//1725 
f 1345//1726 1309//1726 1313//1726 
f 1345//1727 1332//1727 1329//1727 
f 1345//1728 1319//1728 1316//1728 
f 1345//1729 1310//1729 1309//1729 
f 1345//1730 1314//1730 1312//1730 
f 1345//1731 1313//1731 1330//1731 
f 1345//1732 1340//1732 1337//1732 
f 1345//1733 1312//1733 1310//1733 
f 1345//1734 1349//1734 1350//1734 
f 1345//1735 1350//1735 1351//1735 
f 1345//1736 1351//1736 1352//1736 
f 1345//1737 1348//1737 1346//1737 
f 1345//1738 1352//1738 1353//1738 
f 1345//1739 1353//1739 1354//1739 
f 1345//1740 1321//1740 1319//1740 
f 1345//1741 1325//1741 1321//1741 
f 1355//1742 1356//1742 1357//1742 
f 1355//1743 1357//1743 1358//1743 
f 1359//1744 1360//1744 1361//1744 
f 1362//1745 1359//1745 1361//1745 
f 1362//1746 1361//1746 1363//1746 
f 1364//1747 1363//1747 1365//1747 
f 1364//1748 1362//1748 1363//1748 
f 1366//1749 1364//1749 1365//1749 
f 1367//1750 1365//1750 1368//1750 
f 1367//1751 1366//1751 1365//1751 
f 1369//1752 1368//1752 1370//1752 
f 1369//1753 1367//1753 1368//1753 
f 1371//1754 1370//1754 1372//1754 
f 1371//1755 1369//1755 1370//1755 
f 1373//1756 1372//1756 1374//1756 
f 1373//1757 1371//1757 1372//1757 
f 1375//1758 1373//1758 1374//1758 
f 1375//1759 1374//1759 1376//1759 
f 1377//1760 1375//1760 1376//1760 
f 1377//1761 1376//1761 1378//1761 
f 1379//1762 1377//1762 1378//1762 
f 1379//1763 1378//1763 1380//1763 
f 1381//1764 1379//1764 1380//1764 
f 1381//1765 1380//1765 1382//1765 
f 1383//1766 1382//1766 1384//1766 
f 1383//1767 1381//1767 1382//1767 
f 1385//1768 1383//1768 1384//1768 
f 1385//1769 1384//1769 1386//1769 
f 1387//1770 1385//1770 1386//1770 
f 1388//1771 1387//1771 1386//1771 
f 1388//1772 1386//1772 1389//1772 
f 1390//1773 1391//1773 1392//1773 
f 1390//1774 1358//1774 1393//1774 
f 1390//1775 1393//1775 1394//1775 
f 1390//1776 1394//1776 1395//1776 
f 1390//1777 1395//1777 1396//1777 
f 1390//1778 1355//1778 1358//1778 
f 1390//1779 1388//1779 1389//1779 
f 1390//1780 1392//1780 1355//1780 
f 1390//1781 1389//1781 1391//1781 
f 1397//1782 1396//1782 1398//1782 
f 1397//1783 1398//1783 1399//1783 
f 1397//1784 1399//1784 1400//1784 
f 1397//1785 1400//1785 1401//1785 
f 1397//1786 1401//1786 1402//1786 
f 1397//1787 1402//1787 1403//1787 
f 1397//1788 1403//1788 1404//1788 
f 1397//1789 1404//1789 1405//1789 
f 1397//1790 1405//1790 1406//1790 
f 1397//1791 1406//1791 1407//1791 
f 1397//1792 1407//1792 1408//1792 
f 1397//1793 1390//1793 1396//1793 
f 1409//1794 1408//1794 1410//1794 
f 1409//1795 1410//1795 1411//1795 
f 1409//1796 1411//1796 1412//1796 
f 1409//1797 1412//1797 1413//1797 
f 1409//1798 1413//1798 1414//1798 
f 1409//1799 1414//1799 1415//1799 
f 1409//1800 1415//1800 1416//1800 
f 1409//1801 1416//1801 1417//1801 
f 1409//1802 1397//1802 1408//1802 
f 1418//1803 1249//1803 37//1803 
f 1418//1804 1419//1804 1420//1804 
f 1418//1805 1420//1805 1421//1805 
f 1418//1806 1421//1806 1422//1806 
f 1418//1807 1422//1807 1423//1807 
f 1418//1808 1423//1808 1424//1808 
f 1418//1809 1424//1809 1425//1809 
f 1418//1810 1425//1810 1426//1810 
f 1418//1811 1426//1811 1427//1811 
f 1418//1812 1427//1812 1428//1812 
f 1418//1813 1428//1813 1429//1813 
f 1418//1814 1429//1814 1430//1814 
f 1418//1815 1430//1815 1431//1815 
f 1418//1816 1431//1816 1308//1816 
f 1418//1817 1409//1817 1417//1817 
f 1418//1818 1417//1818 1432//1818 
f 1418//1819 1432//1819 1433//1819 
f 1418//1820 1433//1820 1434//1820 
f 1418//1821 1434//1821 1435//1821 
f 1418//1822 1435//1822 1436//1822 
f 1418//1823 1436//1823 1437//1823 
f 1418//1824 1437//1824 1438//1824 
f 1418//1825 1438//1825 1439//1825 
f 1418//1826 1439//1826 1440//1826 
f 1418//1827 1440//1827 1441//1827 
f 1418//1828 1441//1828 1442//1828 
f 1418//1829 1442//1829 1443//1829 
f 1418//1830 1443//1830 1419//1830 
f 1418//1831 1308//1831 1249//1831 
f 1444//1832 1418//1832 37//1832 
f 1444//1833 1409//1833 1418//1833 
f 1445//1834 1444//1834 37//1834 
f 1445//1835 1409//1835 1444//1835 
f 1446//1836 1445//1836 37//1836 
f 1446//1837 1409//1837 1445//1837 
f 1447//1838 1446//1838 37//1838 
f 1447//1839 1409//1839 1446//1839 
f 1448//1840 1397//1840 1409//1840 
f 1449//1841 1447//1841 37//1841 
f 1449//1842 1409//1842 1447//1842 
f 1450//1843 37//1843 1448//1843 
f 1450//1844 1448//1844 1409//1844 
f 1451//1845 1449//1845 37//1845 
f 1451//1846 1409//1846 1449//1846 
f 1452//1847 37//1847 1450//1847 
f 1452//1848 1450//1848 1409//1848 
f 1453//1849 37//1849 1452//1849 
f 1453//1850 1452//1850 1409//1850 
f 1454//1851 1451//1851 37//1851 
f 1454//1852 1409//1852 1451//1852 
f 1455//1853 37//1853 1453//1853 
f 1455//1854 1453//1854 1409//1854 
f 1456//1855 1454//1855 37//1855 
f 1456//1856 1409//1856 1454//1856 
f 1457//1857 37//1857 1455//1857 
f 1457//1858 1455//1858 1409//1858 
f 1458//1859 1456//1859 37//1859 
f 1458//1860 1409//1860 1456//1860 
f 1459//1861 37//1861 1457//1861 
f 1459//1862 1457//1862 1409//1862 
f 1460//1863 37//1863 1459//1863 
f 1460//1864 1459//1864 1409//1864 
f 1461//1865 1458//1865 37//1865 
f 1461//1866 1409//1866 1458//1866 
f 1462//1867 37//1867 1460//1867 
f 1462//1868 1460//1868 1409//1868 
f 1463//1869 1461//1869 37//1869 
f 1463//1870 1409//1870 1461//1870 
f 1464//1871 1463//1871 37//1871 
f 1464//1872 1409//1872 1463//1872 
f 1465//1873 37//1873 1462//1873 
f 1465//1874 1462//1874 1409//1874 
f 1466//1875 1464//1875 37//1875 
f 1466//1876 1409//1876 1464//1876 
f 1467//1877 37//1877 1465//1877 
f 1467//1878 1465//1878 1409//1878 
f 1468//1879 1466//1879 37//1879 
f 1468//1880 1409//1880 1466//1880 
f 1469//1881 37//1881 1467//1881 
f 1469//1882 1467//1882 1409//1882 
f 1470//1883 1468//1883 37//1883 
f 1470//1884 1409//1884 1468//1884 
f 1471//1885 37//1885 1469//1885 
f 1471//1886 1469//1886 1409//1886 
f 1472//1887 1470//1887 37//1887 
f 1472//1888 1409//1888 1470//1888 
f 1473//1889 37//1889 1471//1889 
f 1473//1890 1471//1890 1409//1890 
f 1474//1891 1472//1891 37//1891 
f 1474//1892 1409//1892 1472//1892 
f 1475//1893 37//1893 1473//1893 
f 1475//1894 1473//1894 1409//1894 
f 1476//1895 1474//1895 37//1895 
f 1476//1896 1409//1896 1474//1896 
f 1477//1897 37//1897 1475//1897 
f 1477//1898 1475//1898 1409//1898 
f 1478//1899 1476//1899 37//1899 
f 1478//1900 1409//1900 1476//1900 
f 1479//1901 37//1901 1477//1901 
f 1479//1902 1477//1902 1409//1902 
f 1480//1903 1478//1903 37//1903 
f 1480//1904 1409//1904 1478//1904 
f 1481//1905 37//1905 1479//1905 
f 1481//1906 1479//1906 1409//1906 
f 1482//1907 1480//1907 37//1907 
f 1482//1908 37//1908 1481//1908 
f 1482//1909 1409//1909 1480//1909 
f 1482//1910 1481//1910 1409//1910 
f 1483//1911 1344//1911 1484//1911 
f 1483//1912 1484//1912 1485//1912 
f 1483//1913 1485//1913 1486//1913 
f 1483//1914 1486//1914 1487//1914 
f 1483//1915 1487//1915 1488//1915 
f 1483//1916 1488//1916 1489//1916 
f 1483//1917 1343//1917 1344//1917 
f 1490//1918 1349//1918 1345//1918 
f 1490//1919 1345//1919 1343//1919 
f 1490//1920 1491//1920 1492//1920 
f 1490//1921 1492//1921 1493//1921 
f 1490//1922 1493//1922 1494//1922 
f 1490//1923 1494//1923 1495//1923 
f 1490//1924 1495//1924 1496//1924 
f 1490//1925 1496//1925 1497//1925 
f 1490//1926 1497//1926 1349//1926 
f 1498//1927 1490//1927 1343//1927 
f 1498//1928 1491//1928 1490//1928 
f 1499//1929 1491//1929 1498//1929 
f 1499//1930 1498//1930 1343//1930 
f 1500//1931 1491//1931 1499//1931 
f 1500//1932 1499//1932 1343//1932 
f 1501//1933 1502//1933 1503//1933 
f 1501//1934 1503//1934 1504//1934 
f 1501//1935 1504//1935 1505//1935 
f 1501//1936 1505//1936 1506//1936 
f 1501//1937 1506//1937 1507//1937 
f 1501//1938 1507//1938 1508//1938 
f 1501//1939 1508//1939 1509//1939 
f 1501//1940 1509//1940 1510//1940 
f 1501//1941 1510//1941 1511//1941 
f 1501//1942 1511//1942 1512//1942 
f 1501//1943 1512//1943 1513//1943 
f 1501//1944 1513//1944 1514//1944 
f 1501//1945 1514//1945 1515//1945 
f 1501//1946 1515//1946 1516//1946 
f 1501//1947 1516//1947 1517//1947 
f 1501//1948 1517//1948 1518//1948 
f 1501//1949 1518//1949 1519//1949 
f 1501//1950 1519//1950 1520//1950 
f 1501//1951 1520//1951 1521//1951 
f 1501//1952 1521//1952 1491//1952 
f 1501//1953 1343//1953 1483//1953 
f 1501//1954 1491//1954 1500//1954 
f 1501//1955 1500//1955 1343//1955 
f 1522//1956 1523//1956 1524//1956 
f 1522//1957 1524//1957 1525//1957 
f 1522//1958 1525//1958 1526//1958 
f 1522//1959 1526//1959 1527//1959 
f 1522//1960 1527//1960 1528//1960 
f 1522//1961 1528//1961 1529//1961 
f 1522//1962 1529//1962 1530//1962 
f 1522//1963 1530//1963 1531//1963 
f 1522//1964 1531//1964 1532//1964 
f 1522//1965 1532//1965 1533//1965 
f 1534//1966 1535//1966 1536//1966 
f 1534//1967 1536//1967 1537//1967 
f 1534//1968 1537//1968 1538//1968 
f 1534//1969 1538//1969 1539//1969 
f 1534//1970 1539//1970 1540//1970 
f 1534//1971 1540//1971 1541//1971 
f 1534//1972 1541//1972 1542//1972 
f 1534//1973 1542//1973 1543//1973 
f 1544//1974 37//1974 3//1974 
f 1544//1975 1448//1975 37//1975 
f 1544//1976 1381//1976 1383//1976 
f 1544//1977 1383//1977 1385//1977 
f 1544//1978 1387//1978 1388//1978 
f 1544//1979 1388//1979 1390//1979 
f 1544//1980 1379//1980 1381//1980 
f 1544//1981 1385//1981 1387//1981 
f 1544//1982 1397//1982 1448//1982 
f 1544//1983 1390//1983 1397//1983 
f 1545//1984 1489//1984 1546//1984 
f 1545//1985 1546//1985 1547//1985 
f 1545//1986 1547//1986 1548//1986 
f 1545//1987 1483//1987 1489//1987 
f 1549//1988 1483//1988 1545//1988 
f 1549//1989 1545//1989 1548//1989 
f 1549//1990 1548//1990 1550//1990 
f 1549//1991 1550//1991 1551//1991 
f 1549//1992 1551//1992 1552//1992 
f 1549//1993 1552//1993 1553//1993 
f 1549//1994 1553//1994 1554//1994 
f 1549//1995 1502//1995 1501//1995 
f 1549//1996 1554//1996 1291//1996 
f 1549//1997 1291//1997 1293//1997 
f 1549//1998 1293//1998 1555//1998 
f 1549//1999 1555//1999 1556//1999 
f 1549//2000 1556//2000 1557//2000 
f 1549//2001 1557//2001 1558//2001 
f 1549//2002 1558//2002 1502//2002 
f 1549//2003 1501//2003 1483//2003 
f 1559//2004 1345//2004 1354//2004 
f 1559//2005 1347//2005 1345//2005 
f 1559//2006 1340//2006 1346//2006 
f 1559//2007 1348//2007 1347//2007 
f 1559//2008 1311//2008 1340//2008 
f 1559//2009 1346//2009 1348//2009 
f 1559//2010 1354//2010 1560//2010 
f 1559//2011 1560//2011 1561//2011 
f 1559//2012 1561//2012 1562//2012 
f 1559//2013 1562//2013 1563//2013 
f 1564//2014 1374//2014 1372//2014 
f 1564//2015 1376//2015 1374//2015 
f 1564//2016 1378//2016 1376//2016 
f 1564//2017 1382//2017 1380//2017 
f 1564//2018 1365//2018 1363//2018 
f 1564//2019 1368//2019 1365//2019 
f 1564//2020 1372//2020 1370//2020 
f 1564//2021 1384//2021 1382//2021 
f 1564//2022 1392//2022 1391//2022 
f 1564//2023 1360//2023 1359//2023 
f 1564//2024 1370//2024 1368//2024 
f 1564//2025 1361//2025 1360//2025 
f 1564//2026 1380//2026 1378//2026 
f 1564//2027 1363//2027 1361//2027 
f 1564//2028 1389//2028 1386//2028 
f 1564//2029 1359//2029 1362//2029 
f 1564//2030 1362//2030 1364//2030 
f 1564//2031 1355//2031 1392//2031 
f 1564//2032 1391//2032 1389//2032 
f 1564//2033 1386//2033 1384//2033 
f 1565//2034 1533//2034 1566//2034 
f 1565//2035 1566//2035 1567//2035 
f 1565//2036 1567//2036 1568//2036 
f 1565//2037 1568//2037 1569//2037 
f 1565//2038 1569//2038 1570//2038 
f 1565//2039 1570//2039 1571//2039 
f 1565//2040 1571//2040 1572//2040 
f 1565//2041 1522//2041 1533//2041 
f 1573//2042 1534//2042 1543//2042 
f 1573//2043 1543//2043 1574//2043 
f 1573//2044 1574//2044 1575//2044 
f 1576//2045 1311//2045 1559//2045 
f 1576//2046 1559//2046 1563//2046 
f 1576//2047 1563//2047 1577//2047 
f 1578//2048 1366//2048 1367//2048 
f 1578//2049 1364//2049 1366//2049 
f 1578//2050 1564//2050 1364//2050 
f 1579//2051 1565//2051 1572//2051 
f 1579//2052 1572//2052 1580//2052 
f 1581//2053 1573//2053 1575//2053 
f 1581//2054 1575//2054 1582//2054 
f 1583//2055 1576//2055 1577//2055 
f 1583//2056 1311//2056 1576//2056 
f 1583//2057 1577//2057 1584//2057 
f 1585//2058 1578//2058 1367//2058 
f 1585//2059 1367//2059 1369//2059 
f 1586//2060 1579//2060 1580//2060 
f 1587//2061 1581//2061 1582//2061 
f 1588//2062 1311//2062 1583//2062 
f 1588//2063 1583//2063 1584//2063 
f 1589//2064 1585//2064 1369//2064 
f 1590//2065 1573//2065 1581//2065 
f 1590//2066 1535//2066 1534//2066 
f 1590//2067 1534//2067 1573//2067 
f 1590//2068 1580//2068 1535//2068 
f 1590//2069 1581//2069 1587//2069 
f 1590//2070 1586//2070 1580//2070 
f 1591//2071 1585//2071 1589//2071 
f 1591//2072 1564//2072 1578//2072 
f 1591//2073 1582//2073 1356//2073 
f 1591//2074 1587//2074 1582//2074 
f 1591//2075 1590//2075 1587//2075 
f 1591//2076 1355//2076 1564//2076 
f 1591//2077 1356//2077 1355//2077 
f 1591//2078 1578//2078 1585//2078 
f 1592//2079 1593//2079 1594//2079 
f 1592//2080 1594//2080 1595//2080 
f 1592//2081 1595//2081 1596//2081 
f 1592//2082 1596//2082 1597//2082 
f 1592//2083 1597//2083 1598//2083 
f 1592//2084 1598//2084 1599//2084 
f 1592//2085 1599//2085 1600//2085 
f 1592//2086 1600//2086 1523//2086 
f 1592//2087 1311//2087 1588//2087 
f 1592//2088 1522//2088 1565//2088 
f 1592//2089 3//2089 1311//2089 
f 1592//2090 1588//2090 1584//2090 
f 1592//2091 1579//2091 1586//2091 
f 1592//2092 1586//2092 1590//2092 
f 1592//2093 1590//2093 1591//2093 
f 1592//2094 1523//2094 1522//2094 
f 1592//2095 1565//2095 1579//2095 
f 1592//2096 1584//2096 1601//2096 
f 1592//2097 1601//2097 1602//2097 
f 1592//2098 1602//2098 1593//2098 
f 1603//2099 1375//2099 1377//2099 
f 1603//2100 1377//2100 1379//2100 
f 1603//2101 3//2101 1592//2101 
f 1603//2102 1589//2102 1369//2102 
f 1603//2103 1379//2103 1544//2103 
f 1603//2104 1373//2104 1375//2104 
f 1603//2105 1371//2105 1373//2105 
f 1603//2106 1544//2106 3//2106 
f 1603//2107 1592//2107 1591//2107 
f 1603//2108 1591//2108 1589//2108 
f 1603//2109 1369//2109 1371//2109 
f 471//2110 1286//2110 1604//2110 
f 471//2111 457//2111 1286//2111 
f 473//2112 1604//2112 1605//2112 
f 473//2113 1605//2113 1606//2113 
f 473//2114 471//2114 1604//2114 
f 475//2115 473//2115 1606//2115 
f 478//2116 1606//2116 1607//2116 
f 478//2117 475//2117 1606//2117 
f 480//2118 1607//2118 1608//2118 
f 480//2119 478//2119 1607//2119 
f 482//2120 1608//2120 1609//2120 
f 482//2121 1609//2121 1610//2121 
f 482//2122 480//2122 1608//2122 
f 484//2123 482//2123 1610//2123 
f 486//2124 484//2124 1610//2124 
f 486//2125 1610//2125 1611//2125 
f 488//2126 486//2126 1611//2126 
f 488//2127 1611//2127 1612//2127 
f 490//2128 1612//2128 1613//2128 
f 490//2129 488//2129 1612//2129 
f 492//2130 1613//2130 1614//2130 
f 492//2131 1614//2131 1615//2131 
f 492//2132 490//2132 1613//2132 
f 494//2133 492//2133 1615//2133 
f 496//2134 1615//2134 1616//2134 
f 496//2135 1616//2135 1617//2135 
f 496//2136 494//2136 1615//2136 
f 498//2137 496//2137 1617//2137 
f 500//2138 1617//2138 1618//2138 
f 500//2139 1618//2139 1619//2139 
f 500//2140 498//2140 1617//2140 
f 502//2141 1619//2141 1620//2141 
f 502//2142 500//2142 1619//2142 
f 501//2143 502//2143 1620//2143 
f 499//2144 1620//2144 1621//2144 
f 499//2145 501//2145 1620//2145 
f 497//2146 1621//2146 1622//2146 
f 497//2147 499//2147 1621//2147 
f 495//2148 1622//2148 1623//2148 
f 495//2149 1623//2149 1624//2149 
f 495//2150 497//2150 1622//2150 
f 493//2151 495//2151 1624//2151 
f 491//2152 1624//2152 1625//2152 
f 491//2153 1625//2153 1626//2153 
f 491//2154 493//2154 1624//2154 
f 489//2155 1626//2155 1627//2155 
f 489//2156 491//2156 1626//2156 
f 487//2157 489//2157 1627//2157 
f 485//2158 1627//2158 1628//2158 
f 485//2159 487//2159 1627//2159 
f 483//2160 1628//2160 1629//2160 
f 483//2161 1629//2161 1630//2161 
f 483//2162 485//2162 1628//2162 
f 481//2163 483//2163 1630//2163 
f 479//2164 1630//2164 1631//2164 
f 479//2165 1631//2165 1632//2165 
f 479//2166 481//2166 1630//2166 
f 477//2167 479//2167 1632//2167 
f 474//2168 1632//2168 1633//2168 
f 474//2169 1633//2169 1634//2169 
f 474//2170 477//2170 1632//2170 
f 472//2171 1634//2171 1635//2171 
f 472//2172 474//2172 1634//2172 
f 444//2173 472//2173 1635//2173 
f 1636//2174 1637//2174 1638//2174 
f 3//2175 173//2175 1639//2175 
f 1639//2176 173//2176 1636//2176 
f 1636//2177 173//2177 1637//2177 
f 418//2178 444//2178 1640//2178 
f 1640//2179 444//2179 1635//2179 
f 1637//2180 173//2180 1641//2180 
f 173//2181 252//2181 1641//2181 
f 1641//2182 258//2182 1642//2182 
f 252//2183 258//2183 1641//2183 
f 1642//2184 263//2184 1643//2184 
f 1643//2185 263//2185 1644//2185 
f 258//2186 263//2186 1642//2186 
f 263//2187 269//2187 1644//2187 
f 1644//2188 273//2188 1645//2188 
f 1645//2189 273//2189 1646//2189 
f 269//2190 273//2190 1644//2190 
f 273//2191 278//2191 1646//2191 
f 1646//2192 282//2192 1647//2192 
f 1647//2193 282//2193 1648//2193 
f 278//2194 282//2194 1646//2194 
f 282//2195 287//2195 1648//2195 
f 287//2196 291//2196 1648//2196 
f 1648//2197 291//2197 1649//2197 
f 1649//2198 291//2198 1650//2198 
f 291//2199 296//2199 1650//2199 
f 1650//2200 300//2200 1651//2200 
f 1651//2201 300//2201 1652//2201 
f 296//2202 300//2202 1650//2202 
f 300//2203 304//2203 1652//2203 
f 1652//2204 309//2204 1653//2204 
f 304//2205 309//2205 1652//2205 
f 1653//2206 313//2206 1654//2206 
f 309//2207 313//2207 1653//2207 
f 1654//2208 316//2208 1655//2208 
f 1655//2209 316//2209 1656//2209 
f 313//2210 316//2210 1654//2210 
f 316//2211 337//2211 1656//2211 
f 1656//2212 343//2212 1657//2212 
f 337//2213 343//2213 1656//2213 
f 1657//2214 347//2214 1658//2214 
f 343//2215 347//2215 1657//2215 
f 1658//2216 356//2216 1659//2216 
f 1659//2217 356//2217 1660//2217 
f 347//2218 356//2218 1658//2218 
f 356//2219 360//2219 1660//2219 
f 1660//2220 372//2220 1661//2220 
f 360//2221 372//2221 1660//2221 
f 1661//2222 376//2222 1662//2222 
f 372//2223 376//2223 1661//2223 
f 1662//2224 381//2224 1663//2224 
f 1663//2225 381//2225 1664//2225 
f 376//2226 381//2226 1662//2226 
f 381//2227 390//2227 1664//2227 
f 1664//2228 394//2228 1665//2228 
f 1665//2229 394//2229 1666//2229 
f 390//2230 394//2230 1664//2230 
f 1666//2231 398//2231 1667//2231 
f 394//2232 398//2232 1666//2232 
f 398//2233 403//2233 1667//2233 
f 1667//2234 405//2234 1668//2234 
f 1668//2235 405//2235 1669//2235 
f 403//2236 405//2236 1667//2236 
f 405//2237 412//2237 1669//2237 
f 1669//2238 414//2238 1670//2238 
f 412//2239 414//2239 1669//2239 
f 1670//2240 416//2240 1671//2240 
f 1671//2241 416//2241 1640//2241 
f 414//2242 416//2242 1670//2242 
f 416//2243 418//2243 1640//2243 
f 32//2244 31//2244 1672//2244 
f 32//2245 1672//2245 1673//2245 
f 33//2246 1673//2246 1674//2246 
f 33//2247 32//2247 1673//2247 
f 34//2248 1674//2248 1675//2248 
f 34//2249 33//2249 1674//2249 
f 35//2250 1675//2250 1676//2250 
f 35//2251 34//2251 1675//2251 
f 44//2252 1676//2252 1677//2252 
f 44//2253 1677//2253 1678//2253 
f 44//2254 35//2254 1676//2254 
f 46//2255 44//2255 1678//2255 
f 156//2256 1678//2256 1679//2256 
f 156//2257 46//2257 1678//2257 
f 153//2258 1679//2258 1680//2258 
f 153//2259 156//2259 1679//2259 
f 150//2260 1680//2260 1681//2260 
f 150//2261 153//2261 1680//2261 
f 149//2262 1681//2262 1682//2262 
f 149//2263 150//2263 1681//2263 
f 146//2264 149//2264 1682//2264 
f 146//2265 1682//2265 1683//2265 
f 145//2266 146//2266 1683//2266 
f 145//2267 1683//2267 1684//2267 
f 142//2268 145//2268 1684//2268 
f 142//2269 1684//2269 1685//2269 
f 141//2270 142//2270 1685//2270 
f 141//2271 1685//2271 1686//2271 
f 138//2272 1686//2272 1687//2272 
f 138//2273 141//2273 1686//2273 
f 137//2274 1687//2274 1688//2274 
f 137//2275 1688//2275 1689//2275 
f 137//2276 138//2276 1687//2276 
f 133//2277 137//2277 1689//2277 
f 132//2278 1689//2278 1690//2278 
f 132//2279 133//2279 1689//2279 
f 134//2280 1690//2280 1691//2280 
f 134//2281 132//2281 1690//2281 
f 128//2282 1691//2282 1692//2282 
f 128//2283 134//2283 1691//2283 
f 127//2284 1692//2284 1693//2284 
f 127//2285 128//2285 1692//2285 
f 129//2286 1693//2286 1694//2286 
f 129//2287 127//2287 1693//2287 
f 123//2288 1694//2288 1695//2288 
f 123//2289 129//2289 1694//2289 
f 122//2290 1695//2290 1696//2290 
f 122//2291 123//2291 1695//2291 
f 124//2292 1696//2292 1697//2292 
f 124//2293 1697//2293 1698//2293 
f 124//2294 122//2294 1696//2294 
f 116//2295 124//2295 1698//2295 
f 114//2296 1698//2296 1699//2296 
f 114//2297 1699//2297 1700//2297 
f 114//2298 116//2298 1698//2298 
f 117//2299 114//2299 1700//2299 
f 107//2300 1700//2300 1701//2300 
f 107//2301 117//2301 1700//2301 
f 105//2302 1701//2302 1702//2302 
f 105//2303 107//2303 1701//2303 
f 108//2304 1702//2304 1703//2304 
f 108//2305 105//2305 1702//2305 
f 109//2306 1703//2306 1704//2306 
f 109//2307 1704//2307 1705//2307 
f 109//2308 108//2308 1703//2308 
f 97//2309 109//2309 1705//2309 
f 95//2310 1705//2310 1706//2310 
f 95//2311 97//2311 1705//2311 
f 98//2312 1706//2312 1707//2312 
f 98//2313 95//2313 1706//2313 
f 99//2314 1707//2314 1708//2314 
f 99//2315 98//2315 1707//2315 
f 86//2316 1708//2316 1709//2316 
f 86//2317 99//2317 1708//2317 
f 85//2318 86//2318 1709//2318 
f 85//2319 1709//2319 1710//2319 
f 87//2320 85//2320 1710//2320 
f 87//2321 1710//2321 1711//2321 
f 88//2322 87//2322 1711//2322 
f 88//2323 1711//2323 1712//2323 
f 75//2324 88//2324 1712//2324 
f 75//2325 1712//2325 1713//2325 
f 74//2326 75//2326 1713//2326 
f 74//2327 1713//2327 1714//2327 
f 76//2328 74//2328 1714//2328 
f 76//2329 1714//2329 1715//2329 
f 77//2330 76//2330 1715//2330 
f 77//2331 1715//2331 1716//2331 
f 78//2332 77//2332 1716//2332 
f 78//2333 1716//2333 1717//2333 
f 69//2334 78//2334 1717//2334 
f 69//2335 1717//2335 1718//2335 
f 67//2336 69//2336 1718//2336 
f 67//2337 1718//2337 1719//2337 
f 70//2338 1719//2338 1720//2338 
f 70//2339 67//2339 1719//2339 
f 71//2340 1720//2340 1721//2340 
f 71//2341 70//2341 1720//2341 
f 72//2342 1721//2342 1722//2342 
f 72//2343 71//2343 1721//2343 
f 80//2344 1722//2344 1723//2344 
f 80//2345 72//2345 1722//2345 
f 81//2346 1723//2346 1724//2346 
f 81//2347 80//2347 1723//2347 
f 82//2348 1724//2348 1725//2348 
f 82//2349 81//2349 1724//2349 
f 83//2350 1725//2350 1726//2350 
f 83//2351 82//2351 1725//2351 
f 90//2352 1726//2352 1727//2352 
f 90//2353 83//2353 1726//2353 
f 91//2354 1727//2354 1728//2354 
f 91//2355 90//2355 1727//2355 
f 92//2356 1728//2356 1729//2356 
f 92//2357 91//2357 1728//2357 
f 93//2358 1729//2358 1730//2358 
f 93//2359 92//2359 1729//2359 
f 94//2360 1730//2360 1731//2360 
f 94//2361 93//2361 1730//2361 
f 101//2362 1731//2362 1732//2362 
f 101//2363 94//2363 1731//2363 
f 102//2364 1732//2364 1733//2364 
f 102//2365 1733//2365 1734//2365 
f 102//2366 101//2366 1732//2366 
f 103//2367 102//2367 1734//2367 
f 104//2368 103//2368 1734//2368 
f 104//2369 1734//2369 1735//2369 
f 104//2370 1735//2370 1736//2370 
f 111//2371 104//2371 1736//2371 
f 112//2372 111//2372 1736//2372 
f 112//2373 1736//2373 1737//2373 
f 113//2374 112//2374 1737//2374 
f 113//2375 1737//2375 1738//2375 
f 120//2376 113//2376 1738//2376 
f 120//2377 1738//2377 1739//2377 
f 119//2378 120//2378 1739//2378 
f 119//2379 1739//2379 1740//2379 
f 119//2380 1740//2380 1741//2380 
f 66//2381 119//2381 1741//2381 
f 65//2382 66//2382 1741//2382 
f 65//2383 1741//2383 1742//2383 
f 65//2384 1742//2384 1743//2384 
f 64//2385 65//2385 1743//2385 
f 64//2386 1743//2386 1744//2386 
f 63//2387 64//2387 1744//2387 
f 62//2388 63//2388 1744//2388 
f 62//2389 1744//2389 1745//2389 
f 61//2390 62//2390 1745//2390 
f 61//2391 1745//2391 1746//2391 
f 60//2392 61//2392 1746//2392 
f 60//2393 1746//2393 1747//2393 
f 60//2394 1747//2394 1748//2394 
f 59//2395 60//2395 1748//2395 
f 58//2396 59//2396 1748//2396 
f 58//2397 1748//2397 1749//2397 
f 58//2398 1749//2398 1750//2398 
f 57//2399 58//2399 1750//2399 
f 56//2400 57//2400 1750//2400 
f 56//2401 1750//2401 1751//2401 
f 55//2402 56//2402 1751//2402 
f 55//2403 1751//2403 1752//2403 
f 54//2404 55//2404 1752//2404 
f 54//2405 1752//2405 1753//2405 
f 53//2406 54//2406 1753//2406 
f 53//2407 1753//2407 1754//2407 
f 52//2408 1754//2408 1755//2408 
f 52//2409 53//2409 1754//2409 
f 51//2410 1755//2410 1756//2410 
f 51//2411 52//2411 1755//2411 
f 50//2412 1756//2412 1757//2412 
f 50//2413 51//2413 1756//2413 
f 49//2414 1757//2414 1758//2414 
f 49//2415 50//2415 1757//2415 
f 48//2416 1758//2416 1759//2416 
f 48//2417 49//2417 1758//2417 
f 48//2418 1759//2418 1760//2418 
f 47//2419 48//2419 1760//2419 
f 45//2420 47//2420 1760//2420 
f 45//2421 1760//2421 1761//2421 
f 45//2422 1761//2422 1762//2422 
f 43//2423 45//2423 1762//2423 
f 38//2424 43//2424 1762//2424 
f 38//2425 1762//2425 1763//2425 
f 36//2426 38//2426 1763//2426 
f 36//2427 1763//2427 1764//2427 
f 39//2428 36//2428 1764//2428 
f 39//2429 1764//2429 1765//2429 
f 40//2430 39//2430 1765//2430 
f 40//2431 1765//2431 1766//2431 
f 41//2432 40//2432 1766//2432 
f 41//2433 1766//2433 1767//2433 
f 41//2434 1767//2434 1768//2434 
f 42//2435 41//2435 1768//2435 
f 28//2436 42//2436 1768//2436 
f 28//2437 1768//2437 1769//2437 
f 26//2438 28//2438 1769//2438 
f 26//2439 1769//2439 1770//2439 
f 24//2440 26//2440 1770//2440 
f 24//2441 1770//2441 1771//2441 
f 22//2442 1771//2442 1772//2442 
f 22//2443 24//2443 1771//2443 
f 20//2444 1772//2444 1773//2444 
f 20//2445 22//2445 1772//2445 
f 18//2446 1773//2446 1774//2446 
f 18//2447 20//2447 1773//2447 
f 16//2448 1774//2448 1775//2448 
f 16//2449 18//2449 1774//2449 
f 14//2450 1775//2450 1776//2450 
f 14//2451 1776//2451 1777//2451 
f 14//2452 16//2452 1775//2452 
f 12//2453 14//2453 1777//2453 
f 10//2454 1777//2454 1778//2454 
f 10//2455 1778//2455 1779//2455 
f 10//2456 12//2456 1777//2456 
f 8//2457 10//2457 1779//2457 
f 6//2458 1779//2458 1780//2458 
f 6//2459 1780//2459 1781//2459 
f 6//2460 8//2460 1779//2460 
f 4//2461 6//2461 1781//2461 
f 1//2462 1781//2462 1782//2462 
f 1//2463 4//2463 1781//2463 
f 2//2464 1782//2464 1783//2464 
f 2//2465 1//2465 1782//2465 
f 5//2466 2//2466 1783//2466 
f 5//2467 1783//2467 1784//2467 
f 7//2468 5//2468 1784//2468 
f 7//2469 1784//2469 1785//2469 
f 9//2470 7//2470 1785//2470 
f 9//2471 1785//2471 1786//2471 
f 11//2472 9//2472 1786//2472 
f 11//2473 1786//2473 1787//2473 
f 13//2474 1787//2474 1788//2474 
f 13//2475 11//2475 1787//2475 
f 15//2476 1788//2476 1789//2476 
f 15//2477 13//2477 1788//2477 
f 17//2478 1789//2478 1790//2478 
f 17//2479 15//2479 1789//2479 
f 19//2480 1790//2480 1791//2480 
f 19//2481 17//2481 1790//2481 
f 21//2482 1791//2482 1792//2482 
f 21//2483 1792//2483 1793//2483 
f 21//2484 19//2484 1791//2484 
f 23//2485 21//2485 1793//2485 
f 25//2486 1793//2486 1794//2486 
f 25//2487 1794//2487 1795//2487 
f 25//2488 23//2488 1793//2488 
f 27//2489 25//2489 1795//2489 
f 29//2490 1795//2490 1796//2490 
f 29//2491 1796//2491 1797//2491 
f 29//2492 27//2492 1795//2492 
f 30//2493 29//2493 1797//2493 
f 31//2494 1797//2494 1672//2494 
f 31//2495 30//2495 1797//2495 
f 257//2496 251//2496 1798//2496 
f 257//2497 1798//2497 1799//2497 
f 262//2498 1799//2498 1800//2498 
f 262//2499 257//2499 1799//2499 
f 268//2500 1800//2500 1801//2500 
f 268//2501 262//2501 1800//2501 
f 272//2502 1801//2502 1802//2502 
f 272//2503 268//2503 1801//2503 
f 277//2504 1802//2504 1803//2504 
f 277//2505 1803//2505 1804//2505 
f 277//2506 272//2506 1802//2506 
f 281//2507 277//2507 1804//2507 
f 286//2508 1804//2508 1805//2508 
f 286//2509 281//2509 1804//2509 
f 290//2510 1805//2510 1806//2510 
f 290//2511 286//2511 1805//2511 
f 295//2512 1806//2512 1807//2512 
f 295//2513 290//2513 1806//2513 
f 299//2514 1807//2514 1808//2514 
f 299//2515 295//2515 1807//2515 
f 303//2516 299//2516 1808//2516 
f 303//2517 1808//2517 1809//2517 
f 308//2518 303//2518 1809//2518 
f 308//2519 1809//2519 1810//2519 
f 312//2520 308//2520 1810//2520 
f 312//2521 1810//2521 1811//2521 
f 315//2522 312//2522 1811//2522 
f 315//2523 1811//2523 1812//2523 
f 321//2524 1812//2524 1813//2524 
f 321//2525 315//2525 1812//2525 
f 339//2526 1813//2526 1814//2526 
f 339//2527 1814//2527 1815//2527 
f 339//2528 321//2528 1813//2528 
f 342//2529 339//2529 1815//2529 
f 348//2530 1815//2530 1816//2530 
f 348//2531 342//2531 1815//2531 
f 357//2532 1816//2532 1817//2532 
f 357//2533 348//2533 1816//2533 
f 361//2534 1817//2534 1818//2534 
f 361//2535 357//2535 1817//2535 
f 373//2536 1818//2536 1819//2536 
f 373//2537 361//2537 1818//2537 
f 377//2538 1819//2538 1820//2538 
f 377//2539 373//2539 1819//2539 
f 380//2540 1820//2540 1821//2540 
f 380//2541 377//2541 1820//2541 
f 389//2542 1821//2542 1822//2542 
f 389//2543 380//2543 1821//2543 
f 395//2544 1822//2544 1823//2544 
f 395//2545 1823//2545 1824//2545 
f 395//2546 389//2546 1822//2546 
f 399//2547 395//2547 1824//2547 
f 404//2548 1824//2548 1825//2548 
f 404//2549 1825//2549 1826//2549 
f 404//2550 399//2550 1824//2550 
f 406//2551 404//2551 1826//2551 
f 413//2552 1826//2552 1827//2552 
f 413//2553 406//2553 1826//2553 
f 415//2554 1827//2554 1828//2554 
f 415//2555 413//2555 1827//2555 
f 417//2556 1828//2556 1829//2556 
f 417//2557 415//2557 1828//2557 
f 419//2558 1829//2558 1830//2558 
f 419//2559 1830//2559 1831//2559 
f 419//2560 417//2560 1829//2560 
f 420//2561 419//2561 1831//2561 
f 421//2562 1831//2562 1832//2562 
f 421//2563 420//2563 1831//2563 
f 422//2564 1832//2564 1833//2564 
f 422//2565 421//2565 1832//2565 
f 423//2566 1833//2566 1834//2566 
f 423//2567 422//2567 1833//2567 
f 424//2568 1834//2568 1835//2568 
f 424//2569 423//2569 1834//2569 
f 425//2570 424//2570 1835//2570 
f 425//2571 1835//2571 1836//2571 
f 426//2572 425//2572 1836//2572 
f 426//2573 1836//2573 1837//2573 
f 427//2574 426//2574 1837//2574 
f 427//2575 1837//2575 1838//2575 
f 428//2576 427//2576 1838//2576 
f 428//2577 1838//2577 1839//2577 
f 455//2578 428//2578 1839//2578 
f 455//2579 1839//2579 1840//2579 
f 445//2580 455//2580 1840//2580 
f 445//2581 1840//2581 1841//2581 
f 443//2582 445//2582 1841//2582 
f 443//2583 1841//2583 1842//2583 
f 446//2584 443//2584 1842//2584 
f 446//2585 1842//2585 1843//2585 
f 447//2586 446//2586 1843//2586 
f 447//2587 1843//2587 1844//2587 
f 448//2588 447//2588 1844//2588 
f 448//2589 1844//2589 1845//2589 
f 449//2590 1845//2590 1846//2590 
f 449//2591 448//2591 1845//2591 
f 450//2592 1846//2592 1847//2592 
f 450//2593 449//2593 1846//2593 
f 451//2594 1847//2594 1848//2594 
f 451//2595 450//2595 1847//2595 
f 452//2596 1848//2596 1849//2596 
f 452//2597 451//2597 1848//2597 
f 453//2598 1849//2598 1850//2598 
f 453//2599 452//2599 1849//2599 
f 454//2600 1850//2600 1851//2600 
f 454//2601 453//2601 1850//2601 
f 476//2602 1851//2602 1852//2602 
f 476//2603 454//2603 1851//2603 
f 458//2604 1852//2604 1853//2604 
f 458//2605 476//2605 1852//2605 
f 456//2606 1853//2606 1854//2606 
f 456//2607 458//2607 1853//2607 
f 459//2608 1854//2608 1855//2608 
f 459//2609 456//2609 1854//2609 
f 460//2610 1855//2610 1856//2610 
f 460//2611 459//2611 1855//2611 
f 461//2612 1856//2612 1857//2612 
f 461//2613 460//2613 1856//2613 
f 462//2614 1857//2614 1858//2614 
f 462//2615 461//2615 1857//2615 
f 463//2616 1858//2616 1859//2616 
f 463//2617 1859//2617 1860//2617 
f 463//2618 462//2618 1858//2618 
f 464//2619 463//2619 1860//2619 
f 465//2620 464//2620 1860//2620 
f 465//2621 1860//2621 1861//2621 
f 465//2622 1861//2622 1862//2622 
f 466//2623 465//2623 1862//2623 
f 467//2624 466//2624 1862//2624 
f 467//2625 1862//2625 1863//2625 
f 468//2626 467//2626 1863//2626 
f 468//2627 1863//2627 1864//2627 
f 469//2628 468//2628 1864//2628 
f 469//2629 1864//2629 1865//2629 
f 470//2630 469//2630 1865//2630 
f 470//2631 1865//2631 1866//2631 
f 470//2632 1866//2632 1867//2632 
f 375//2633 470//2633 1867//2633 
f 371//2634 375//2634 1867//2634 
f 371//2635 1867//2635 1868//2635 
f 371//2636 1868//2636 1869//2636 
f 369//2637 371//2637 1869//2637 
f 369//2638 1869//2638 1870//2638 
f 364//2639 369//2639 1870//2639 
f 363//2640 364//2640 1870//2640 
f 363//2641 1870//2641 1871//2641 
f 365//2642 363//2642 1871//2642 
f 365//2643 1871//2643 1872//2643 
f 366//2644 365//2644 1872//2644 
f 366//2645 1872//2645 1873//2645 
f 366//2646 1873//2646 1874//2646 
f 367//2647 366//2647 1874//2647 
f 345//2648 367//2648 1874//2648 
f 345//2649 1874//2649 1875//2649 
f 345//2650 1875//2650 1876//2650 
f 341//2651 345//2651 1876//2651 
f 322//2652 341//2652 1876//2652 
f 322//2653 1876//2653 1877//2653 
f 319//2654 322//2654 1877//2654 
f 319//2655 1877//2655 1878//2655 
f 317//2656 319//2656 1878//2656 
f 317//2657 1878//2657 1879//2657 
f 310//2658 317//2658 1879//2658 
f 310//2659 1879//2659 1880//2659 
f 305//2660 1880//2660 1881//2660 
f 305//2661 310//2661 1880//2661 
f 301//2662 1881//2662 1882//2662 
f 301//2663 305//2663 1881//2663 
f 297//2664 1882//2664 1883//2664 
f 297//2665 301//2665 1882//2665 
f 293//2666 1883//2666 1884//2666 
f 293//2667 297//2667 1883//2667 
f 288//2668 1884//2668 1885//2668 
f 288//2669 293//2669 1884//2669 
f 288//2670 1885//2670 1886//2670 
f 283//2671 288//2671 1886//2671 
f 279//2672 283//2672 1886//2672 
f 279//2673 1886//2673 1887//2673 
f 279//2674 1887//2674 1888//2674 
f 275//2675 279//2675 1888//2675 
f 270//2676 275//2676 1888//2676 
f 270//2677 1888//2677 1889//2677 
f 265//2678 270//2678 1889//2678 
f 265//2679 1889//2679 1890//2679 
f 260//2680 265//2680 1890//2680 
f 260//2681 1890//2681 1891//2681 
f 255//2682 260//2682 1891//2682 
f 255//2683 1891//2683 1892//2683 
f 249//2684 255//2684 1892//2684 
f 249//2685 1892//2685 1893//2685 
f 249//2686 1893//2686 1894//2686 
f 244//2687 249//2687 1894//2687 
f 240//2688 244//2688 1894//2688 
f 240//2689 1894//2689 1895//2689 
f 235//2690 240//2690 1895//2690 
f 235//2691 1895//2691 1896//2691 
f 230//2692 235//2692 1896//2692 
f 230//2693 1896//2693 1897//2693 
f 226//2694 1897//2694 1898//2694 
f 226//2695 230//2695 1897//2695 
f 222//2696 1898//2696 1899//2696 
f 222//2697 226//2697 1898//2697 
f 217//2698 1899//2698 1900//2698 
f 217//2699 222//2699 1899//2699 
f 213//2700 1900//2700 1901//2700 
f 213//2701 217//2701 1900//2701 
f 209//2702 1901//2702 1902//2702 
f 209//2703 1902//2703 1903//2703 
f 209//2704 213//2704 1901//2704 
f 204//2705 209//2705 1903//2705 
f 200//2706 1903//2706 1904//2706 
f 200//2707 1904//2707 1905//2707 
f 200//2708 204//2708 1903//2708 
f 195//2709 200//2709 1905//2709 
f 191//2710 1905//2710 1906//2710 
f 191//2711 1906//2711 1907//2711 
f 191//2712 195//2712 1905//2712 
f 187//2713 191//2713 1907//2713 
f 181//2714 1907//2714 1908//2714 
f 181//2715 187//2715 1907//2715 
f 184//2716 1908//2716 1909//2716 
f 184//2717 181//2717 1908//2717 
f 189//2718 184//2718 1909//2718 
f 189//2719 1909//2719 1910//2719 
f 193//2720 189//2720 1910//2720 
f 193//2721 1910//2721 1911//2721 
f 198//2722 193//2722 1911//2722 
f 198//2723 1911//2723 1912//2723 
f 202//2724 198//2724 1912//2724 
f 202//2725 1912//2725 1913//2725 
f 206//2726 1913//2726 1914//2726 
f 206//2727 202//2727 1913//2727 
f 211//2728 1914//2728 1915//2728 
f 211//2729 206//2729 1914//2729 
f 215//2730 1915//2730 1916//2730 
f 215//2731 211//2731 1915//2731 
f 219//2732 1916//2732 1917//2732 
f 219//2733 215//2733 1916//2733 
f 224//2734 1917//2734 1918//2734 
f 224//2735 1918//2735 1919//2735 
f 224//2736 219//2736 1917//2736 
f 228//2737 224//2737 1919//2737 
f 233//2738 1919//2738 1920//2738 
f 233//2739 1920//2739 1921//2739 
f 233//2740 228//2740 1919//2740 
f 237//2741 233//2741 1921//2741 
f 242//2742 1921//2742 1922//2742 
f 242//2743 1922//2743 1923//2743 
f 242//2744 237//2744 1921//2744 
f 247//2745 242//2745 1923//2745 
f 251//2746 1923//2746 1798//2746 
f 251//2747 247//2747 1923//2747 
f 256//2748 250//2748 1924//2748 
f 256//2749 1924//2749 1925//2749 
f 261//2750 1925//2750 1926//2750 
f 261//2751 256//2751 1925//2751 
f 266//2752 1926//2752 1927//2752 
f 266//2753 261//2753 1926//2753 
f 271//2754 1927//2754 1928//2754 
f 271//2755 266//2755 1927//2755 
f 276//2756 1928//2756 1929//2756 
f 276//2757 1929//2757 1930//2757 
f 276//2758 271//2758 1928//2758 
f 280//2759 276//2759 1930//2759 
f 284//2760 1930//2760 1931//2760 
f 284//2761 280//2761 1930//2761 
f 289//2762 1931//2762 1932//2762 
f 289//2763 284//2763 1931//2763 
f 294//2764 1932//2764 1933//2764 
f 294//2765 289//2765 1932//2765 
f 298//2766 1933//2766 1934//2766 
f 298//2767 294//2767 1933//2767 
f 302//2768 298//2768 1934//2768 
f 302//2769 1934//2769 1935//2769 
f 307//2770 302//2770 1935//2770 
f 307//2771 1935//2771 1936//2771 
f 311//2772 307//2772 1936//2772 
f 311//2773 1936//2773 1937//2773 
f 314//2774 311//2774 1937//2774 
f 314//2775 1937//2775 1938//2775 
f 320//2776 1938//2776 1939//2776 
f 320//2777 314//2777 1938//2777 
f 338//2778 1939//2778 1940//2778 
f 338//2779 1940//2779 1941//2779 
f 338//2780 320//2780 1939//2780 
f 353//2781 338//2781 1941//2781 
f 352//2782 1941//2782 1942//2782 
f 352//2783 353//2783 1941//2783 
f 350//2784 1942//2784 1943//2784 
f 350//2785 352//2785 1942//2785 
f 354//2786 1943//2786 1944//2786 
f 354//2787 350//2787 1943//2787 
f 383//2788 1944//2788 1945//2788 
f 383//2789 354//2789 1944//2789 
f 385//2790 1945//2790 1946//2790 
f 385//2791 383//2791 1945//2791 
f 386//2792 1946//2792 1947//2792 
f 386//2793 385//2793 1946//2793 
f 387//2794 1947//2794 1948//2794 
f 387//2795 386//2795 1947//2795 
f 407//2796 1948//2796 1949//2796 
f 407//2797 1949//2797 1950//2797 
f 407//2798 387//2798 1948//2798 
f 409//2799 407//2799 1950//2799 
f 410//2800 1950//2800 1951//2800 
f 410//2801 1951//2801 1952//2801 
f 410//2802 409//2802 1950//2802 
f 411//2803 410//2803 1952//2803 
f 429//2804 1952//2804 1953//2804 
f 429//2805 411//2805 1952//2805 
f 431//2806 1953//2806 1954//2806 
f 431//2807 429//2807 1953//2807 
f 432//2808 1954//2808 1955//2808 
f 432//2809 431//2809 1954//2809 
f 433//2810 1955//2810 1956//2810 
f 433//2811 1956//2811 1957//2811 
f 433//2812 432//2812 1955//2812 
f 434//2813 433//2813 1957//2813 
f 436//2814 1957//2814 1958//2814 
f 436//2815 434//2815 1957//2815 
f 437//2816 1958//2816 1959//2816 
f 437//2817 436//2817 1958//2817 
f 438//2818 1959//2818 1960//2818 
f 438//2819 437//2819 1959//2819 
f 439//2820 1960//2820 1961//2820 
f 439//2821 438//2821 1960//2821 
f 441//2822 439//2822 1961//2822 
f 441//2823 1961//2823 1962//2823 
f 442//2824 441//2824 1962//2824 
f 442//2825 1962//2825 1963//2825 
f 503//2826 442//2826 1963//2826 
f 503//2827 1963//2827 1964//2827 
f 505//2828 503//2828 1964//2828 
f 505//2829 1964//2829 1965//2829 
f 506//2830 505//2830 1965//2830 
f 506//2831 1965//2831 1966//2831 
f 508//2832 506//2832 1966//2832 
f 508//2833 1966//2833 1967//2833 
f 509//2834 508//2834 1967//2834 
f 509//2835 1967//2835 1968//2835 
f 510//2836 509//2836 1968//2836 
f 510//2837 1968//2837 1969//2837 
f 511//2838 510//2838 1969//2838 
f 511//2839 1969//2839 1970//2839 
f 513//2840 511//2840 1970//2840 
f 513//2841 1970//2841 1971//2841 
f 514//2842 1971//2842 1972//2842 
f 514//2843 513//2843 1971//2843 
f 516//2844 1972//2844 1973//2844 
f 516//2845 514//2845 1972//2845 
f 517//2846 1973//2846 1974//2846 
f 517//2847 516//2847 1973//2847 
f 519//2848 1974//2848 1975//2848 
f 519//2849 517//2849 1974//2849 
f 521//2850 1975//2850 1976//2850 
f 521//2851 519//2851 1975//2851 
f 522//2852 1976//2852 1977//2852 
f 522//2853 521//2853 1976//2853 
f 523//2854 1977//2854 1978//2854 
f 523//2855 522//2855 1977//2855 
f 733//2856 1978//2856 1979//2856 
f 733//2857 523//2857 1978//2857 
f 732//2858 1979//2858 1980//2858 
f 732//2859 733//2859 1979//2859 
f 402//2860 1980//2860 1981//2860 
f 402//2861 732//2861 1980//2861 
f 401//2862 1981//2862 1982//2862 
f 401//2863 402//2863 1981//2863 
f 400//2864 1982//2864 1983//2864 
f 400//2865 401//2865 1982//2865 
f 397//2866 1983//2866 1984//2866 
f 397//2867 400//2867 1983//2867 
f 396//2868 1984//2868 1985//2868 
f 396//2869 1985//2869 1986//2869 
f 396//2870 397//2870 1984//2870 
f 393//2871 396//2871 1986//2871 
f 392//2872 393//2872 1986//2872 
f 392//2873 1986//2873 1987//2873 
f 392//2874 1987//2874 1988//2874 
f 391//2875 392//2875 1988//2875 
f 388//2876 391//2876 1988//2876 
f 388//2877 1988//2877 1989//2877 
f 382//2878 388//2878 1989//2878 
f 382//2879 1989//2879 1990//2879 
f 379//2880 382//2880 1990//2880 
f 379//2881 1990//2881 1991//2881 
f 378//2882 379//2882 1991//2882 
f 378//2883 1991//2883 1992//2883 
f 378//2884 1992//2884 1993//2884 
f 374//2885 378//2885 1993//2885 
f 370//2886 374//2886 1993//2886 
f 370//2887 1993//2887 1994//2887 
f 370//2888 1994//2888 1995//2888 
f 368//2889 370//2889 1995//2889 
f 368//2890 1995//2890 1996//2890 
f 359//2891 368//2891 1996//2891 
f 358//2892 359//2892 1996//2892 
f 358//2893 1996//2893 1997//2893 
f 355//2894 358//2894 1997//2894 
f 355//2895 1997//2895 1998//2895 
f 349//2896 355//2896 1998//2896 
f 349//2897 1998//2897 1999//2897 
f 349//2898 1999//2898 2000//2898 
f 346//2899 349//2899 2000//2899 
f 344//2900 346//2900 2000//2900 
f 344//2901 2000//2901 2001//2901 
f 344//2902 2001//2902 2002//2902 
f 340//2903 344//2903 2002//2903 
f 325//2904 340//2904 2002//2904 
f 325//2905 2002//2905 2003//2905 
f 323//2906 325//2906 2003//2906 
f 323//2907 2003//2907 2004//2907 
f 326//2908 323//2908 2004//2908 
f 326//2909 2004//2909 2005//2909 
f 327//2910 326//2910 2005//2910 
f 327//2911 2005//2911 2006//2911 
f 328//2912 2006//2912 2007//2912 
f 328//2913 327//2913 2006//2913 
f 329//2914 2007//2914 2008//2914 
f 329//2915 328//2915 2007//2915 
f 330//2916 2008//2916 2009//2916 
f 330//2917 329//2917 2008//2917 
f 331//2918 2009//2918 2010//2918 
f 331//2919 330//2919 2009//2919 
f 332//2920 2010//2920 2011//2920 
f 332//2921 331//2921 2010//2921 
f 332//2922 2011//2922 2012//2922 
f 333//2923 332//2923 2012//2923 
f 334//2924 333//2924 2012//2924 
f 334//2925 2012//2925 2013//2925 
f 334//2926 2013//2926 2014//2926 
f 335//2927 334//2927 2014//2927 
f 336//2928 335//2928 2014//2928 
f 336//2929 2014//2929 2015//2929 
f 264//2930 336//2930 2015//2930 
f 264//2931 2015//2931 2016//2931 
f 259//2932 264//2932 2016//2932 
f 259//2933 2016//2933 2017//2933 
f 253//2934 259//2934 2017//2934 
f 253//2935 2017//2935 2018//2935 
f 248//2936 253//2936 2018//2936 
f 248//2937 2018//2937 2019//2937 
f 248//2938 2019//2938 2020//2938 
f 243//2939 248//2939 2020//2939 
f 238//2940 243//2940 2020//2940 
f 238//2941 2020//2941 2021//2941 
f 234//2942 238//2942 2021//2942 
f 234//2943 2021//2943 2022//2943 
f 229//2944 234//2944 2022//2944 
f 229//2945 2022//2945 2023//2945 
f 225//2946 2023//2946 2024//2946 
f 225//2947 229//2947 2023//2947 
f 220//2948 2024//2948 2025//2948 
f 220//2949 225//2949 2024//2949 
f 216//2950 2025//2950 2026//2950 
f 216//2951 220//2951 2025//2951 
f 212//2952 2026//2952 2027//2952 
f 212//2953 216//2953 2026//2953 
f 207//2954 2027//2954 2028//2954 
f 207//2955 2028//2955 2029//2955 
f 207//2956 212//2956 2027//2956 
f 203//2957 207//2957 2029//2957 
f 199//2958 2029//2958 2030//2958 
f 199//2959 2030//2959 2031//2959 
f 199//2960 203//2960 2029//2960 
f 194//2961 199//2961 2031//2961 
f 190//2962 2031//2962 2032//2962 
f 190//2963 2032//2963 2033//2963 
f 190//2964 194//2964 2031//2964 
f 185//2965 190//2965 2033//2965 
f 182//2966 2033//2966 2034//2966 
f 182//2967 185//2967 2033//2967 
f 183//2968 2034//2968 2035//2968 
f 183//2969 182//2969 2034//2969 
f 188//2970 183//2970 2035//2970 
f 188//2971 2035//2971 2036//2971 
f 192//2972 188//2972 2036//2972 
f 192//2973 2036//2973 2037//2973 
f 197//2974 192//2974 2037//2974 
f 197//2975 2037//2975 2038//2975 
f 201//2976 197//2976 2038//2976 
f 201//2977 2038//2977 2039//2977 
f 205//2978 2039//2978 2040//2978 
f 205//2979 201//2979 2039//2979 
f 210//2980 2040//2980 2041//2980 
f 210//2981 205//2981 2040//2981 
f 214//2982 2041//2982 2042//2982 
f 214//2983 210//2983 2041//2983 
f 218//2984 2042//2984 2043//2984 
f 218//2985 214//2985 2042//2985 
f 223//2986 2043//2986 2044//2986 
f 223//2987 2044//2987 2045//2987 
f 223//2988 218//2988 2043//2988 
f 227//2989 223//2989 2045//2989 
f 231//2990 2045//2990 2046//2990 
f 231//2991 2046//2991 2047//2991 
f 231//2992 227//2992 2045//2992 
f 236//2993 231//2993 2047//2993 
f 241//2994 2047//2994 2048//2994 
f 241//2995 2048//2995 2049//2995 
f 241//2996 236//2996 2047//2996 
f 245//2997 241//2997 2049//2997 
f 250//2998 2049//2998 1924//2998 
f 250//2999 245//2999 2049//2999 
f 565//3000 563//3000 2050//3000 
f 565//3001 2050//3001 2051//3001 
f 567//3002 2051//3002 2052//3002 
f 567//3003 565//3003 2051//3003 
f 569//3004 2052//3004 2053//3004 
f 569//3005 567//3005 2052//3005 
f 572//3006 2053//3006 2054//3006 
f 572//3007 569//3007 2053//3007 
f 574//3008 2054//3008 2055//3008 
f 574//3009 2055//3009 2056//3009 
f 574//3010 572//3010 2054//3010 
f 576//3011 574//3011 2056//3011 
f 579//3012 2056//3012 2057//3012 
f 579//3013 576//3013 2056//3013 
f 582//3014 2057//3014 2058//3014 
f 582//3015 579//3015 2057//3015 
f 587//3016 2058//3016 2059//3016 
f 587//3017 582//3017 2058//3017 
f 605//3018 2059//3018 2060//3018 
f 605//3019 587//3019 2059//3019 
f 627//3020 605//3020 2060//3020 
f 627//3021 2060//3021 2061//3021 
f 628//3022 627//3022 2061//3022 
f 628//3023 2061//3023 2062//3023 
f 629//3024 628//3024 2062//3024 
f 629//3025 2062//3025 2063//3025 
f 630//3026 629//3026 2063//3026 
f 630//3027 2063//3027 2064//3027 
f 631//3028 2064//3028 2065//3028 
f 631//3029 630//3029 2064//3029 
f 632//3030 2065//3030 2066//3030 
f 632//3031 2066//3031 2067//3031 
f 632//3032 631//3032 2065//3032 
f 633//3033 632//3033 2067//3033 
f 634//3034 2067//3034 2068//3034 
f 634//3035 633//3035 2067//3035 
f 635//3036 2068//3036 2069//3036 
f 635//3037 634//3037 2068//3037 
f 636//3038 2069//3038 2070//3038 
f 636//3039 635//3039 2069//3039 
f 637//3040 2070//3040 2071//3040 
f 637//3041 636//3041 2070//3041 
f 638//3042 2071//3042 2072//3042 
f 638//3043 637//3043 2071//3043 
f 661//3044 2072//3044 2073//3044 
f 661//3045 638//3045 2072//3045 
f 662//3046 2073//3046 2074//3046 
f 662//3047 661//3047 2073//3047 
f 663//3048 2074//3048 2075//3048 
f 663//3049 2075//3049 2076//3049 
f 663//3050 662//3050 2074//3050 
f 664//3051 663//3051 2076//3051 
f 665//3052 2076//3052 2077//3052 
f 665//3053 2077//3053 2078//3053 
f 665//3054 664//3054 2076//3054 
f 666//3055 665//3055 2078//3055 
f 667//3056 2078//3056 2079//3056 
f 667//3057 666//3057 2078//3057 
f 668//3058 2079//3058 2080//3058 
f 668//3059 667//3059 2079//3059 
f 669//3060 2080//3060 2081//3060 
f 669//3061 668//3061 2080//3061 
f 670//3062 2081//3062 2082//3062 
f 670//3063 2082//3063 2083//3063 
f 670//3064 669//3064 2081//3064 
f 671//3065 670//3065 2083//3065 
f 676//3066 2083//3066 2084//3066 
f 676//3067 671//3067 2083//3067 
f 680//3068 2084//3068 2085//3068 
f 680//3069 676//3069 2084//3069 
f 684//3070 2085//3070 2086//3070 
f 684//3071 680//3071 2085//3071 
f 687//3072 2086//3072 2087//3072 
f 687//3073 684//3073 2086//3073 
f 691//3074 687//3074 2087//3074 
f 691//3075 2087//3075 2088//3075 
f 695//3076 691//3076 2088//3076 
f 695//3077 2088//3077 2089//3077 
f 699//3078 695//3078 2089//3078 
f 699//3079 2089//3079 2090//3079 
f 703//3080 699//3080 2090//3080 
f 703//3081 2090//3081 2091//3081 
f 707//3082 703//3082 2091//3082 
f 707//3083 2091//3083 2092//3083 
f 711//3084 707//3084 2092//3084 
f 711//3085 2092//3085 2093//3085 
f 715//3086 711//3086 2093//3086 
f 715//3087 2093//3087 2094//3087 
f 721//3088 715//3088 2094//3088 
f 721//3089 2094//3089 2095//3089 
f 723//3090 721//3090 2095//3090 
f 723//3091 2095//3091 2096//3091 
f 727//3092 723//3092 2096//3092 
f 727//3093 2096//3093 2097//3093 
f 730//3094 2097//3094 2098//3094 
f 730//3095 727//3095 2097//3095 
f 726//3096 2098//3096 2099//3096 
f 726//3097 730//3097 2098//3097 
f 720//3098 2099//3098 2100//3098 
f 720//3099 726//3099 2099//3099 
f 718//3100 2100//3100 2101//3100 
f 718//3101 720//3101 2100//3101 
f 714//3102 2101//3102 2102//3102 
f 714//3103 718//3103 2101//3103 
f 710//3104 2102//3104 2103//3104 
f 710//3105 714//3105 2102//3105 
f 706//3106 2103//3106 2104//3106 
f 706//3107 710//3107 2103//3107 
f 702//3108 2104//3108 2105//3108 
f 702//3109 706//3109 2104//3109 
f 698//3110 2105//3110 2106//3110 
f 698//3111 702//3111 2105//3111 
f 694//3112 2106//3112 2107//3112 
f 694//3113 698//3113 2106//3113 
f 690//3114 2107//3114 2108//3114 
f 690//3115 694//3115 2107//3115 
f 686//3116 2108//3116 2109//3116 
f 686//3117 690//3117 2108//3117 
f 682//3118 2109//3118 2110//3118 
f 682//3119 686//3119 2109//3119 
f 678//3120 2110//3120 2111//3120 
f 678//3121 2111//3121 2112//3121 
f 678//3122 682//3122 2110//3122 
f 674//3123 678//3123 2112//3123 
f 641//3124 674//3124 2112//3124 
f 641//3125 2112//3125 2113//3125 
f 641//3126 2113//3126 2114//3126 
f 639//3127 641//3127 2114//3127 
f 642//3128 639//3128 2114//3128 
f 642//3129 2114//3129 2115//3129 
f 643//3130 642//3130 2115//3130 
f 643//3131 2115//3131 2116//3131 
f 644//3132 643//3132 2116//3132 
f 644//3133 2116//3133 2117//3133 
f 645//3134 644//3134 2117//3134 
f 645//3135 2117//3135 2118//3135 
f 645//3136 2118//3136 2119//3136 
f 646//3137 645//3137 2119//3137 
f 647//3138 646//3138 2119//3138 
f 647//3139 2119//3139 2120//3139 
f 647//3140 2120//3140 2121//3140 
f 648//3141 647//3141 2121//3141 
f 648//3142 2121//3142 2122//3142 
f 649//3143 648//3143 2122//3143 
f 650//3144 649//3144 2122//3144 
f 650//3145 2122//3145 2123//3145 
f 651//3146 650//3146 2123//3146 
f 651//3147 2123//3147 2124//3147 
f 652//3148 651//3148 2124//3148 
f 652//3149 2124//3149 2125//3149 
f 652//3150 2125//3150 2126//3150 
f 653//3151 652//3151 2126//3151 
f 654//3152 653//3152 2126//3152 
f 654//3153 2126//3153 2127//3153 
f 654//3154 2127//3154 2128//3154 
f 655//3155 654//3155 2128//3155 
f 621//3156 655//3156 2128//3156 
f 621//3157 2128//3157 2129//3157 
f 619//3158 621//3158 2129//3158 
f 619//3159 2129//3159 2130//3159 
f 617//3160 619//3160 2130//3160 
f 617//3161 2130//3161 2131//3161 
f 614//3162 617//3162 2131//3162 
f 614//3163 2131//3163 2132//3163 
f 611//3164 2132//3164 2133//3164 
f 611//3165 614//3165 2132//3165 
f 609//3166 2133//3166 2134//3166 
f 609//3167 611//3167 2133//3167 
f 603//3168 2134//3168 2135//3168 
f 603//3169 609//3169 2134//3169 
f 585//3170 2135//3170 2136//3170 
f 585//3171 603//3171 2135//3171 
f 580//3172 2136//3172 2137//3172 
f 580//3173 585//3173 2136//3173 
f 580//3174 2137//3174 2138//3174 
f 577//3175 580//3175 2138//3175 
f 575//3176 577//3176 2138//3176 
f 575//3177 2138//3177 2139//3177 
f 575//3178 2139//3178 2140//3178 
f 573//3179 575//3179 2140//3179 
f 570//3180 573//3180 2140//3180 
f 570//3181 2140//3181 2141//3181 
f 568//3182 570//3182 2141//3182 
f 568//3183 2141//3183 2142//3183 
f 566//3184 568//3184 2142//3184 
f 566//3185 2142//3185 2143//3185 
f 564//3186 566//3186 2143//3186 
f 564//3187 2143//3187 2144//3187 
f 561//3188 564//3188 2144//3188 
f 561//3189 2144//3189 2145//3189 
f 561//3190 2145//3190 2146//3190 
f 559//3191 561//3191 2146//3191 
f 557//3192 559//3192 2146//3192 
f 557//3193 2146//3193 2147//3193 
f 555//3194 557//3194 2147//3194 
f 555//3195 2147//3195 2148//3195 
f 552//3196 555//3196 2148//3196 
f 552//3197 2148//3197 2149//3197 
f 550//3198 2149//3198 2150//3198 
f 550//3199 552//3199 2149//3199 
f 547//3200 2150//3200 2151//3200 
f 547//3201 550//3201 2150//3201 
f 545//3202 2151//3202 2152//3202 
f 545//3203 547//3203 2151//3203 
f 542//3204 2152//3204 2153//3204 
f 542//3205 545//3205 2152//3205 
f 540//3206 2153//3206 2154//3206 
f 540//3207 2154//3207 2155//3207 
f 540//3208 542//3208 2153//3208 
f 538//3209 540//3209 2155//3209 
f 536//3210 2155//3210 2156//3210 
f 536//3211 2156//3211 2157//3211 
f 536//3212 538//3212 2155//3212 
f 533//3213 536//3213 2157//3213 
f 531//3214 2157//3214 2158//3214 
f 531//3215 2158//3215 2159//3215 
f 531//3216 533//3216 2157//3216 
f 528//3217 531//3217 2159//3217 
f 525//3218 2159//3218 2160//3218 
f 525//3219 528//3219 2159//3219 
f 526//3220 2160//3220 2161//3220 
f 526//3221 525//3221 2160//3221 
f 529//3222 526//3222 2161//3222 
f 529//3223 2161//3223 2162//3223 
f 532//3224 529//3224 2162//3224 
f 532//3225 2162//3225 2163//3225 
f 535//3226 532//3226 2163//3226 
f 535//3227 2163//3227 2164//3227 
f 537//3228 535//3228 2164//3228 
f 537//3229 2164//3229 2165//3229 
f 539//3230 2165//3230 2166//3230 
f 539//3231 537//3231 2165//3231 
f 541//3232 2166//3232 2167//3232 
f 541//3233 539//3233 2166//3233 
f 544//3234 2167//3234 2168//3234 
f 544//3235 541//3235 2167//3235 
f 546//3236 2168//3236 2169//3236 
f 546//3237 544//3237 2168//3237 
f 548//3238 2169//3238 2170//3238 
f 548//3239 2170//3239 2171//3239 
f 548//3240 546//3240 2169//3240 
f 551//3241 548//3241 2171//3241 
f 554//3242 2171//3242 2172//3242 
f 554//3243 2172//3243 2173//3243 
f 554//3244 551//3244 2171//3244 
f 556//3245 554//3245 2173//3245 
f 558//3246 2173//3246 2174//3246 
f 558//3247 2174//3247 2175//3247 
f 558//3248 556//3248 2173//3248 
f 560//3249 558//3249 2175//3249 
f 563//3250 2175//3250 2050//3250 
f 563//3251 560//3251 2175//3251 
f 1783//3252 1782//3252 1638//3252 
f 1781//3253 1638//3253 1782//3253 
f 1784//3254 1783//3254 1638//3254 
f 1780//3255 1638//3255 1781//3255 
f 1785//3256 1784//3256 1638//3256 
f 1779//3257 1638//3257 1780//3257 
f 1786//3258 1785//3258 1638//3258 
f 1778//3259 1638//3259 1779//3259 
f 1787//3260 1786//3260 1638//3260 
f 1777//3261 1638//3261 1778//3261 
f 1788//3262 1787//3262 1638//3262 
f 1776//3263 1638//3263 1777//3263 
f 1789//3264 1788//3264 1638//3264 
f 1775//3265 1638//3265 1776//3265 
f 1790//3266 1789//3266 1638//3266 
f 1774//3267 1638//3267 1775//3267 
f 1791//3268 1790//3268 1638//3268 
f 1773//3269 1638//3269 1774//3269 
f 1792//3270 1791//3270 1638//3270 
f 1772//3271 1638//3271 1773//3271 
f 1793//3272 1792//3272 1638//3272 
f 1771//3273 1638//3273 1772//3273 
f 1794//3274 1793//3274 1638//3274 
f 1770//3275 1638//3275 1771//3275 
f 1795//3276 1794//3276 1638//3276 
f 1769//3277 1638//3277 1770//3277 
f 1796//3278 1795//3278 1638//3278 
f 1797//3279 1796//3279 1638//3279 
f 1672//3280 1797//3280 1638//3280 
f 1673//3281 1672//3281 1638//3281 
f 1674//3282 1673//3282 1638//3282 
f 1675//3283 1674//3283 1638//3283 
f 1676//3284 1675//3284 1638//3284 
f 2176//3285 1764//3285 1763//3285 
f 2176//3286 1765//3286 1764//3286 
f 2176//3287 1766//3287 1765//3287 
f 2176//3288 1767//3288 1766//3288 
f 2176//3289 1768//3289 1767//3289 
f 2176//3290 1769//3290 1768//3290 
f 2176//3291 1638//3291 1769//3291 
f 1762//3292 2176//3292 1763//3292 
f 1677//3293 1676//3293 1638//3293 
f 1761//3294 2176//3294 1762//3294 
f 1678//3295 1677//3295 1638//3295 
f 1760//3296 2176//3296 1761//3296 
f 1759//3297 2176//3297 1760//3297 
f 1758//3298 2176//3298 1759//3298 
f 1757//3299 2176//3299 1758//3299 
f 1756//3300 2176//3300 1757//3300 
f 1755//3301 2176//3301 1756//3301 
f 1754//3302 2176//3302 1755//3302 
f 1753//3303 2176//3303 1754//3303 
f 1752//3304 2176//3304 1753//3304 
f 1751//3305 2176//3305 1752//3305 
f 1750//3306 2176//3306 1751//3306 
f 1749//3307 2176//3307 1750//3307 
f 1748//3308 2176//3308 1749//3308 
f 1747//3309 2176//3309 1748//3309 
f 1746//3310 2176//3310 1747//3310 
f 1745//3311 2176//3311 1746//3311 
f 1744//3312 2176//3312 1745//3312 
f 1743//3313 2176//3313 1744//3313 
f 1742//3314 2176//3314 1743//3314 
f 1741//3315 2176//3315 1742//3315 
f 2177//3316 1719//3316 1718//3316 
f 2177//3317 1720//3317 1719//3317 
f 2177//3318 1721//3318 1720//3318 
f 2177//3319 1722//3319 1721//3319 
f 2178//3320 2177//3320 1718//3320 
f 2178//3321 1714//3321 1713//3321 
f 2178//3322 1715//3322 1714//3322 
f 2178//3323 1716//3323 1715//3323 
f 2178//3324 1717//3324 1716//3324 
f 2178//3325 1718//3325 1717//3325 
f 2179//3326 1722//3326 2177//3326 
f 2179//3327 1723//3327 1722//3327 
f 2179//3328 1724//3328 1723//3328 
f 2179//3329 1725//3329 1724//3329 
f 2179//3330 1726//3330 1725//3330 
f 2180//3331 2178//3331 1713//3331 
f 2180//3332 1710//3332 1709//3332 
f 2180//3333 1711//3333 1710//3333 
f 2180//3334 1712//3334 1711//3334 
f 2180//3335 1713//3335 1712//3335 
f 2181//3336 1727//3336 1726//3336 
f 2181//3337 1728//3337 1727//3337 
f 2181//3338 1729//3338 1728//3338 
f 2181//3339 1730//3339 1729//3339 
f 2181//3340 1731//3340 1730//3340 
f 2181//3341 1726//3341 2179//3341 
f 2182//3342 1706//3342 1705//3342 
f 2182//3343 1707//3343 1706//3343 
f 2182//3344 1708//3344 1707//3344 
f 2182//3345 1709//3345 1708//3345 
f 2182//3346 2180//3346 1709//3346 
f 2183//3347 1731//3347 2181//3347 
f 2183//3348 1732//3348 1731//3348 
f 2183//3349 1733//3349 1732//3349 
f 2183//3350 1734//3350 1733//3350 
f 2183//3351 1735//3351 1734//3351 
f 2184//3352 1702//3352 1701//3352 
f 2184//3353 1703//3353 1702//3353 
f 2184//3354 1704//3354 1703//3354 
f 2184//3355 1705//3355 1704//3355 
f 2184//3356 2182//3356 1705//3356 
f 2185//3357 1735//3357 2183//3357 
f 2185//3358 1736//3358 1735//3358 
f 2185//3359 1737//3359 1736//3359 
f 2185//3360 1738//3360 1737//3360 
f 2186//3361 2184//3361 1701//3361 
f 2186//3362 1699//3362 1698//3362 
f 2186//3363 1700//3363 1699//3363 
f 2186//3364 1701//3364 1700//3364 
f 2187//3365 1741//3365 1740//3365 
f 2187//3366 1738//3366 2185//3366 
f 2187//3367 2176//3367 1741//3367 
f 2187//3368 1739//3368 1738//3368 
f 2187//3369 1740//3369 1739//3369 
f 2188//3370 2186//3370 1698//3370 
f 2188//3371 1696//3371 1695//3371 
f 2188//3372 1697//3372 1696//3372 
f 2188//3373 1698//3373 1697//3373 
f 2189//3374 2176//3374 2187//3374 
f 2190//3375 2188//3375 1695//3375 
f 2190//3376 1693//3376 1692//3376 
f 2190//3377 1694//3377 1693//3377 
f 2190//3378 1695//3378 1694//3378 
f 2191//3379 2176//3379 2189//3379 
f 2192//3380 2190//3380 1692//3380 
f 2192//3381 1690//3381 1689//3381 
f 2192//3382 1691//3382 1690//3382 
f 2192//3383 1692//3383 1691//3383 
f 2193//3384 2176//3384 2191//3384 
f 2194//3385 2192//3385 1689//3385 
f 2194//3386 1688//3386 1687//3386 
f 2194//3387 1689//3387 1688//3387 
f 2195//3388 2176//3388 2193//3388 
f 2196//3389 2194//3389 1687//3389 
f 2196//3390 1686//3390 1685//3390 
f 2196//3391 1687//3391 1686//3391 
f 2197//3392 2176//3392 2195//3392 
f 2198//3393 2196//3393 1685//3393 
f 2198//3394 1684//3394 1683//3394 
f 2198//3395 1685//3395 1684//3395 
f 2199//3396 2176//3396 2197//3396 
f 2200//3397 2198//3397 1683//3397 
f 2200//3398 1682//3398 1681//3398 
f 2200//3399 1683//3399 1682//3399 
f 2201//3400 2176//3400 2199//3400 
f 2202//3401 2200//3401 1681//3401 
f 2202//3402 1681//3402 1680//3402 
f 2203//3403 2176//3403 2201//3403 
f 2204//3404 1678//3404 1638//3404 
f 2204//3405 1679//3405 1678//3405 
f 2204//3406 1680//3406 1679//3406 
f 2204//3407 2202//3407 1680//3407 
f 2205//3408 2176//3408 2203//3408 
f 2206//3409 2204//3409 1638//3409 
f 2207//3410 2176//3410 2205//3410 
f 2208//3411 2176//3411 2207//3411 
f 2209//3412 2176//3412 2208//3412 
f 2209//3413 2210//3413 2211//3413 
f 2209//3414 2212//3414 2210//3414 
f 2209//3415 2213//3415 2212//3415 
f 2209//3416 2214//3416 2213//3416 
f 2209//3417 2215//3417 2214//3417 
f 2209//3418 2216//3418 2215//3418 
f 2209//3419 2217//3419 2216//3419 
f 2209//3420 2218//3420 2217//3420 
f 2209//3421 2219//3421 2218//3421 
f 2209//3422 2208//3422 2219//3422 
f 1637//3423 2220//3423 2221//3423 
f 1637//3424 2222//3424 2220//3424 
f 1637//3425 2223//3425 2222//3425 
f 1637//3426 2224//3426 2223//3426 
f 1637//3427 2225//3427 2224//3427 
f 1637//3428 2226//3428 2225//3428 
f 1637//3429 2227//3429 2226//3429 
f 1637//3430 2206//3430 1638//3430 
f 1637//3431 2221//3431 2206//3431 
f 1908//3432 2227//3432 1637//3432 
f 1909//3433 1908//3433 1637//3433 
f 2035//3434 2034//3434 2209//3434 
f 1907//3435 2228//3435 2227//3435 
f 1907//3436 2227//3436 1908//3436 
f 2033//3437 2209//3437 2034//3437 
f 1910//3438 1909//3438 1637//3438 
f 2036//3439 2035//3439 2209//3439 
f 1906//3440 2228//3440 1907//3440 
f 2032//3441 2209//3441 2033//3441 
f 1911//3442 1910//3442 1637//3442 
f 2037//3443 2036//3443 2209//3443 
f 1905//3444 2229//3444 2228//3444 
f 1905//3445 2228//3445 1906//3445 
f 2031//3446 2209//3446 2032//3446 
f 1912//3447 1911//3447 1637//3447 
f 2038//3448 2037//3448 2209//3448 
f 1904//3449 2229//3449 1905//3449 
f 2030//3450 2209//3450 2031//3450 
f 1913//3451 1912//3451 1637//3451 
f 2039//3452 2038//3452 2209//3452 
f 1903//3453 2229//3453 1904//3453 
f 2029//3454 2209//3454 2030//3454 
f 1914//3455 1913//3455 1637//3455 
f 2040//3456 2039//3456 2209//3456 
f 1902//3457 2230//3457 2229//3457 
f 1902//3458 2229//3458 1903//3458 
f 2028//3459 2209//3459 2029//3459 
f 1915//3460 1914//3460 1637//3460 
f 2041//3461 2040//3461 2209//3461 
f 1901//3462 2230//3462 1902//3462 
f 2027//3463 2209//3463 2028//3463 
f 1916//3464 1915//3464 1637//3464 
f 2042//3465 2041//3465 2209//3465 
f 1900//3466 2230//3466 1901//3466 
f 2026//3467 2209//3467 2027//3467 
f 1917//3468 1916//3468 1637//3468 
f 2043//3469 2042//3469 2209//3469 
f 1899//3470 2231//3470 2230//3470 
f 1899//3471 2230//3471 1900//3471 
f 2025//3472 2209//3472 2026//3472 
f 1918//3473 1917//3473 1637//3473 
f 2044//3474 2209//3474 2211//3474 
f 2044//3475 2043//3475 2209//3475 
f 1898//3476 2231//3476 1899//3476 
f 2024//3477 2209//3477 2025//3477 
f 1919//3478 1918//3478 1637//3478 
f 2045//3479 2044//3479 2211//3479 
f 1897//3480 2231//3480 1898//3480 
f 2023//3481 2209//3481 2024//3481 
f 1920//3482 1919//3482 1637//3482 
f 2046//3483 2045//3483 2211//3483 
f 2046//3484 2211//3484 2232//3484 
f 1896//3485 2231//3485 1897//3485 
f 2022//3486 2209//3486 2023//3486 
f 1921//3487 1920//3487 1637//3487 
f 2047//3488 2046//3488 2232//3488 
f 1895//3489 2231//3489 1896//3489 
f 1895//3490 2233//3490 2231//3490 
f 2021//3491 2209//3491 2022//3491 
f 1922//3492 1921//3492 1637//3492 
f 2048//3493 2047//3493 2232//3493 
f 1894//3494 2233//3494 1895//3494 
f 2020//3495 2209//3495 2021//3495 
f 1923//3496 1922//3496 1637//3496 
f 2049//3497 2048//3497 2232//3497 
f 2049//3498 2232//3498 2234//3498 
f 1893//3499 2233//3499 1894//3499 
f 2019//3500 2209//3500 2020//3500 
f 1798//3501 1923//3501 1637//3501 
f 1798//3502 1637//3502 1641//3502 
f 1924//3503 2049//3503 2234//3503 
f 1892//3504 2235//3504 2233//3504 
f 1892//3505 2233//3505 1893//3505 
f 2018//3506 2209//3506 2019//3506 
f 1799//3507 1798//3507 1641//3507 
f 1799//3508 1641//3508 1642//3508 
f 1925//3509 1924//3509 2234//3509 
f 1891//3510 2235//3510 1892//3510 
f 2017//3511 2209//3511 2018//3511 
f 1800//3512 1642//3512 1643//3512 
f 1800//3513 1799//3513 1642//3513 
f 1926//3514 1925//3514 2234//3514 
f 1890//3515 2235//3515 1891//3515 
f 2016//3516 2209//3516 2017//3516 
f 1801//3517 1643//3517 1644//3517 
f 1801//3518 1800//3518 1643//3518 
f 1927//3519 2234//3519 2236//3519 
f 1927//3520 1926//3520 2234//3520 
f 1889//3521 2235//3521 1890//3521 
f 1802//3522 1801//3522 1644//3522 
f 1802//3523 1644//3523 1645//3523 
f 1928//3524 1927//3524 2236//3524 
f 1888//3525 2237//3525 2235//3525 
f 1888//3526 2235//3526 1889//3526 
f 1803//3527 1802//3527 1645//3527 
f 1803//3528 1645//3528 1646//3528 
f 1929//3529 1928//3529 2236//3529 
f 1887//3530 2237//3530 1888//3530 
f 1804//3531 1646//3531 1647//3531 
f 1804//3532 1803//3532 1646//3532 
f 1930//3533 1929//3533 2236//3533 
f 1886//3534 2237//3534 1887//3534 
f 1805//3535 1647//3535 1648//3535 
f 1805//3536 1804//3536 1647//3536 
f 1931//3537 2236//3537 2238//3537 
f 1931//3538 1930//3538 2236//3538 
f 1885//3539 2237//3539 1886//3539 
f 1806//3540 1805//3540 1648//3540 
f 1806//3541 1648//3541 1649//3541 
f 1932//3542 1931//3542 2238//3542 
f 1884//3543 2239//3543 2237//3543 
f 1884//3544 2237//3544 1885//3544 
f 1807//3545 1806//3545 1649//3545 
f 1807//3546 1649//3546 1650//3546 
f 1933//3547 1932//3547 2238//3547 
f 1883//3548 2239//3548 1884//3548 
f 1808//3549 1807//3549 1650//3549 
f 1808//3550 1650//3550 1651//3550 
f 1934//3551 1933//3551 2238//3551 
f 1882//3552 2239//3552 1883//3552 
f 1809//3553 1808//3553 1651//3553 
f 1809//3554 1651//3554 1652//3554 
f 1935//3555 1934//3555 2238//3555 
f 1881//3556 2239//3556 1882//3556 
f 2240//3557 1935//3557 2238//3557 
f 1810//3558 1652//3558 1653//3558 
f 1810//3559 1809//3559 1652//3559 
f 1936//3560 1935//3560 2240//3560 
f 1880//3561 2239//3561 1881//3561 
f 1811//3562 1653//3562 1654//3562 
f 1811//3563 1810//3563 1653//3563 
f 1937//3564 1936//3564 2240//3564 
f 1812//3565 1811//3565 1654//3565 
f 1938//3566 1937//3566 2240//3566 
f 1655//3567 1812//3567 1654//3567 
f 2241//3568 2239//3568 1880//3568 
f 2241//3569 1879//3569 1878//3569 
f 2241//3570 1880//3570 1879//3570 
f 1813//3571 1812//3571 1655//3571 
f 1939//3572 1938//3572 2240//3572 
f 1877//3573 2241//3573 1878//3573 
f 1656//3574 1813//3574 1655//3574 
f 811//3575 2004//3575 2003//3575 
f 811//3576 2005//3576 2004//3576 
f 811//3577 2006//3577 2005//3577 
f 811//3578 2007//3578 2006//3578 
f 811//3579 2008//3579 2007//3579 
f 811//3580 2009//3580 2008//3580 
f 811//3581 2010//3581 2009//3581 
f 811//3582 2011//3582 2010//3582 
f 811//3583 2012//3583 2011//3583 
f 811//3584 2013//3584 2012//3584 
f 811//3585 2014//3585 2013//3585 
f 811//3586 2015//3586 2014//3586 
f 811//3587 2016//3587 2015//3587 
f 811//3588 2209//3588 2016//3588 
f 1814//3589 1813//3589 1656//3589 
f 1940//3590 1939//3590 2240//3590 
f 1876//3591 2241//3591 1877//3591 
f 2002//3592 811//3592 2003//3592 
f 1657//3593 1814//3593 1656//3593 
f 1657//3594 1815//3594 1814//3594 
f 1875//3595 2241//3595 1876//3595 
f 2001//3596 811//3596 2002//3596 
f 2000//3597 811//3597 2001//3597 
f 1658//3598 1815//3598 1657//3598 
f 1658//3599 1816//3599 1815//3599 
f 1999//3600 811//3600 2000//3600 
f 2242//3601 1943//3601 1942//3601 
f 2242//3602 1940//3602 2240//3602 
f 2242//3603 1941//3603 1940//3603 
f 2242//3604 1942//3604 1941//3604 
f 1944//3605 1943//3605 2242//3605 
f 1998//3606 811//3606 1999//3606 
f 1659//3607 1816//3607 1658//3607 
f 1659//3608 1817//3608 1816//3608 
f 1997//3609 811//3609 1998//3609 
f 1996//3610 811//3610 1997//3610 
f 1660//3611 1817//3611 1659//3611 
f 1660//3612 1818//3612 1817//3612 
f 1285//3613 1871//3613 1870//3613 
f 1285//3614 1872//3614 1871//3614 
f 1285//3615 1873//3615 1872//3615 
f 1285//3616 1874//3616 1873//3616 
f 1285//3617 1875//3617 1874//3617 
f 1285//3618 2241//3618 1875//3618 
f 1869//3619 1285//3619 1870//3619 
f 1995//3620 811//3620 1996//3620 
f 1868//3621 1285//3621 1869//3621 
f 1994//3622 811//3622 1995//3622 
f 1661//3623 1818//3623 1660//3623 
f 1661//3624 1819//3624 1818//3624 
f 1867//3625 1285//3625 1868//3625 
f 1993//3626 811//3626 1994//3626 
f 1662//3627 1819//3627 1661//3627 
f 1662//3628 1820//3628 1819//3628 
f 1992//3629 811//3629 1993//3629 
f 1991//3630 811//3630 1992//3630 
f 1663//3631 1820//3631 1662//3631 
f 1663//3632 1821//3632 1820//3632 
f 1990//3633 811//3633 1991//3633 
f 2243//3634 1945//3634 1944//3634 
f 2243//3635 1946//3635 1945//3635 
f 2243//3636 1947//3636 1946//3636 
f 2243//3637 1948//3637 1947//3637 
f 2243//3638 1944//3638 2242//3638 
f 1989//3639 811//3639 1990//3639 
f 1664//3640 1821//3640 1663//3640 
f 1664//3641 1822//3641 1821//3641 
f 1988//3642 811//3642 1989//3642 
f 1987//3643 811//3643 1988//3643 
f 1986//3644 811//3644 1987//3644 
f 1665//3645 1822//3645 1664//3645 
f 1665//3646 1823//3646 1822//3646 
f 1985//3647 811//3647 1986//3647 
f 1984//3648 811//3648 1985//3648 
f 1666//3649 1823//3649 1665//3649 
f 1666//3650 1824//3650 1823//3650 
f 1983//3651 811//3651 1984//3651 
f 1982//3652 811//3652 1983//3652 
f 1981//3653 811//3653 1982//3653 
f 1667//3654 1825//3654 1824//3654 
f 1667//3655 1824//3655 1666//3655 
f 1668//3656 1825//3656 1667//3656 
f 1668//3657 1826//3657 1825//3657 
f 2244//3658 1949//3658 1948//3658 
f 2244//3659 1950//3659 1949//3659 
f 2244//3660 1951//3660 1950//3660 
f 2244//3661 1952//3661 1951//3661 
f 2244//3662 1948//3662 2243//3662 
f 1669//3663 1826//3663 1668//3663 
f 1669//3664 1827//3664 1826//3664 
f 1670//3665 1827//3665 1669//3665 
f 1670//3666 1828//3666 1827//3666 
f 1671//3667 1828//3667 1670//3667 
f 1671//3668 1829//3668 1828//3668 
f 1640//3669 1829//3669 1671//3669 
f 1640//3670 1830//3670 1829//3670 
f 1640//3671 1831//3671 1830//3671 
f 1640//3672 1832//3672 1831//3672 
f 1640//3673 1833//3673 1832//3673 
f 1640//3674 1834//3674 1833//3674 
f 1640//3675 1835//3675 1834//3675 
f 1640//3676 1836//3676 1835//3676 
f 1640//3677 1837//3677 1836//3677 
f 1640//3678 1838//3678 1837//3678 
f 1640//3679 1839//3679 1838//3679 
f 2245//3680 1953//3680 1952//3680 
f 2245//3681 1954//3681 1953//3681 
f 2245//3682 1955//3682 1954//3682 
f 2245//3683 1956//3683 1955//3683 
f 2245//3684 1952//3684 2244//3684 
f 2246//3685 1957//3685 1956//3685 
f 2246//3686 1958//3686 1957//3686 
f 2246//3687 1959//3687 1958//3687 
f 2246//3688 1960//3688 1959//3688 
f 2246//3689 1956//3689 2245//3689 
f 2247//3690 1960//3690 2246//3690 
f 2247//3691 1961//3691 1960//3691 
f 2247//3692 1962//3692 1961//3692 
f 2247//3693 1963//3693 1962//3693 
f 1635//3694 1842//3694 1841//3694 
f 1635//3695 1843//3695 1842//3695 
f 1635//3696 1844//3696 1843//3696 
f 1635//3697 1845//3697 1844//3697 
f 1635//3698 1846//3698 1845//3698 
f 1635//3699 1847//3699 1846//3699 
f 1635//3700 1848//3700 1847//3700 
f 1635//3701 1849//3701 1848//3701 
f 1635//3702 1850//3702 1849//3702 
f 1635//3703 1851//3703 1850//3703 
f 1635//3704 1839//3704 1640//3704 
f 1635//3705 1840//3705 1839//3705 
f 1635//3706 1841//3706 1840//3706 
f 1286//3707 1854//3707 1853//3707 
f 1286//3708 1855//3708 1854//3708 
f 1286//3709 1856//3709 1855//3709 
f 1286//3710 1857//3710 1856//3710 
f 1286//3711 1858//3711 1857//3711 
f 1286//3712 1859//3712 1858//3712 
f 1286//3713 1860//3713 1859//3713 
f 1286//3714 1861//3714 1860//3714 
f 1286//3715 1862//3715 1861//3715 
f 1286//3716 1863//3716 1862//3716 
f 1286//3717 1864//3717 1863//3717 
f 1286//3718 1865//3718 1864//3718 
f 1286//3719 1866//3719 1865//3719 
f 1286//3720 1867//3720 1866//3720 
f 1286//3721 1285//3721 1867//3721 
f 1604//3722 1286//3722 1853//3722 
f 1634//3723 1851//3723 1635//3723 
f 1605//3724 1604//3724 1853//3724 
f 1633//3725 1851//3725 1634//3725 
f 1606//3726 1605//3726 1853//3726 
f 1606//3727 1853//3727 1852//3727 
f 1632//3728 1851//3728 1633//3728 
f 1607//3729 1606//3729 1852//3729 
f 1631//3730 1851//3730 1632//3730 
f 1608//3731 1607//3731 1852//3731 
f 1630//3732 1851//3732 1631//3732 
f 1609//3733 1608//3733 1852//3733 
f 1629//3734 1851//3734 1630//3734 
f 1610//3735 1609//3735 1852//3735 
f 1628//3736 1851//3736 1629//3736 
f 1611//3737 1610//3737 1852//3737 
f 1627//3738 1851//3738 1628//3738 
f 1612//3739 1611//3739 1852//3739 
f 1626//3740 1851//3740 1627//3740 
f 1613//3741 1612//3741 1852//3741 
f 1625//3742 1851//3742 1626//3742 
f 1614//3743 1613//3743 1852//3743 
f 1624//3744 1851//3744 1625//3744 
f 1615//3745 1614//3745 1852//3745 
f 1623//3746 1851//3746 1624//3746 
f 1616//3747 1615//3747 1852//3747 
f 1622//3748 1852//3748 1851//3748 
f 1622//3749 1851//3749 1623//3749 
f 1617//3750 1616//3750 1852//3750 
f 1621//3751 1852//3751 1622//3751 
f 1618//3752 1617//3752 1852//3752 
f 1620//3753 1852//3753 1621//3753 
f 1619//3754 1618//3754 1852//3754 
f 1619//3755 1852//3755 1620//3755 
f 2248//3756 1964//3756 1963//3756 
f 2248//3757 1965//3757 1964//3757 
f 2248//3758 1966//3758 1965//3758 
f 2248//3759 1963//3759 2247//3759 
f 2249//3760 1966//3760 2248//3760 
f 2249//3761 1967//3761 1966//3761 
f 2249//3762 1968//3762 1967//3762 
f 2249//3763 1969//3763 1968//3763 
f 2250//3764 1970//3764 1969//3764 
f 2250//3765 1971//3765 1970//3765 
f 2250//3766 1969//3766 2249//3766 
f 2251//3767 1971//3767 2250//3767 
f 2251//3768 1972//3768 1971//3768 
f 2251//3769 1973//3769 1972//3769 
f 2252//3770 1974//3770 1973//3770 
f 2252//3771 1973//3771 2251//3771 
f 2252//3772 1975//3772 1974//3772 
f 2253//3773 1975//3773 2252//3773 
f 2253//3774 1976//3774 1975//3774 
f 2253//3775 1977//3775 1976//3775 
f 2254//3776 1978//3776 1977//3776 
f 2254//3777 1977//3777 2253//3777 
f 2161//3778 2160//3778 2255//3778 
f 2159//3779 2255//3779 2160//3779 
f 2162//3780 2255//3780 809//3780 
f 2162//3781 2161//3781 2255//3781 
f 2158//3782 2255//3782 2159//3782 
f 2163//3783 2162//3783 809//3783 
f 2157//3784 2256//3784 2255//3784 
f 2157//3785 2255//3785 2158//3785 
f 2164//3786 2163//3786 809//3786 
f 2156//3787 2256//3787 2157//3787 
f 2165//3788 2164//3788 809//3788 
f 2155//3789 2256//3789 2156//3789 
f 2166//3790 2165//3790 809//3790 
f 2154//3791 2256//3791 2155//3791 
f 2167//3792 2166//3792 809//3792 
f 2153//3793 2256//3793 2154//3793 
f 2153//3794 2257//3794 2256//3794 
f 2168//3795 2167//3795 809//3795 
f 2152//3796 2257//3796 2153//3796 
f 2169//3797 2168//3797 809//3797 
f 2151//3798 2257//3798 2152//3798 
f 2170//3799 809//3799 772//3799 
f 2170//3800 2169//3800 809//3800 
f 2150//3801 2257//3801 2151//3801 
f 2171//3802 2170//3802 772//3802 
f 2149//3803 2258//3803 2257//3803 
f 2149//3804 2257//3804 2150//3804 
f 2172//3805 2171//3805 772//3805 
f 2148//3806 2258//3806 2149//3806 
f 2173//3807 2172//3807 772//3807 
f 2147//3808 2258//3808 2148//3808 
f 2174//3809 2173//3809 772//3809 
f 2146//3810 2258//3810 2147//3810 
f 2175//3811 2174//3811 772//3811 
f 2145//3812 2259//3812 2258//3812 
f 2145//3813 2258//3813 2146//3813 
f 2050//3814 2175//3814 772//3814 
f 2144//3815 2259//3815 2145//3815 
f 2051//3816 2050//3816 772//3816 
f 2143//3817 2259//3817 2144//3817 
f 2052//3818 2051//3818 772//3818 
f 2142//3819 2259//3819 2143//3819 
f 2053//3820 2052//3820 772//3820 
f 2141//3821 2259//3821 2142//3821 
f 2141//3822 2260//3822 2259//3822 
f 2054//3823 2053//3823 772//3823 
f 2140//3824 2260//3824 2141//3824 
f 2055//3825 2054//3825 772//3825 
f 2139//3826 2260//3826 2140//3826 
f 2056//3827 2055//3827 772//3827 
f 2138//3828 2261//3828 2260//3828 
f 2138//3829 2260//3829 2139//3829 
f 2057//3830 2056//3830 772//3830 
f 2137//3831 2261//3831 2138//3831 
f 2058//3832 770//3832 769//3832 
f 2058//3833 771//3833 770//3833 
f 2058//3834 772//3834 771//3834 
f 2058//3835 2057//3835 772//3835 
f 2136//3836 2261//3836 2137//3836 
f 2059//3837 754//3837 753//3837 
f 2059//3838 755//3838 754//3838 
f 2059//3839 756//3839 755//3839 
f 2059//3840 757//3840 756//3840 
f 2059//3841 758//3841 757//3841 
f 2059//3842 2058//3842 769//3842 
f 2059//3843 759//3843 758//3843 
f 2059//3844 760//3844 759//3844 
f 2059//3845 761//3845 760//3845 
f 2059//3846 762//3846 761//3846 
f 2059//3847 763//3847 762//3847 
f 2059//3848 764//3848 763//3848 
f 2059//3849 765//3849 764//3849 
f 2059//3850 766//3850 765//3850 
f 2059//3851 767//3851 766//3851 
f 2059//3852 768//3852 767//3852 
f 2059//3853 769//3853 768//3853 
f 2135//3854 2262//3854 2261//3854 
f 2135//3855 2261//3855 2136//3855 
f 2060//3856 751//3856 750//3856 
f 2060//3857 752//3857 751//3857 
f 2060//3858 753//3858 752//3858 
f 2060//3859 2059//3859 753//3859 
f 2134//3860 2262//3860 2135//3860 
f 749//3861 2060//3861 750//3861 
f 2133//3862 2262//3862 2134//3862 
f 748//3863 2060//3863 749//3863 
f 747//3864 2060//3864 748//3864 
f 2132//3865 2263//3865 2262//3865 
f 2132//3866 2262//3866 2133//3866 
f 746//3867 2060//3867 747//3867 
f 2131//3868 2263//3868 2132//3868 
f 745//3869 2060//3869 746//3869 
f 2130//3870 2263//3870 2131//3870 
f 744//3871 2060//3871 745//3871 
f 2129//3872 2264//3872 2263//3872 
f 2129//3873 2263//3873 2130//3873 
f 743//3874 2060//3874 744//3874 
f 742//3875 2060//3875 743//3875 
f 741//3876 2060//3876 742//3876 
f 739//3877 2061//3877 2060//3877 
f 739//3878 2062//3878 2061//3878 
f 739//3879 2063//3879 2062//3879 
f 739//3880 2064//3880 2063//3880 
f 739//3881 2065//3881 2064//3881 
f 739//3882 2066//3882 2065//3882 
f 739//3883 2067//3883 2066//3883 
f 739//3884 2068//3884 2067//3884 
f 739//3885 2060//3885 741//3885 
f 2069//3886 2068//3886 739//3886 
f 2070//3887 2069//3887 739//3887 
f 2071//3888 2070//3888 739//3888 
f 2072//3889 2071//3889 739//3889 
f 740//3890 2073//3890 2072//3890 
f 740//3891 2074//3891 2073//3891 
f 740//3892 2075//3892 2074//3892 
f 740//3893 2076//3893 2075//3893 
f 740//3894 2072//3894 739//3894 
f 740//3895 2077//3895 2076//3895 
f 740//3896 2078//3896 2077//3896 
f 740//3897 2079//3897 2078//3897 
f 740//3898 2080//3898 2079//3898 
f 740//3899 2081//3899 2080//3899 
f 740//3900 2082//3900 2081//3900 
f 804//3901 2265//3901 2264//3901 
f 804//3902 2266//3902 2265//3902 
f 804//3903 2267//3903 2266//3903 
f 804//3904 2268//3904 2267//3904 
f 804//3905 2114//3905 2113//3905 
f 804//3906 2115//3906 2114//3906 
f 804//3907 2116//3907 2115//3907 
f 804//3908 2117//3908 2116//3908 
f 804//3909 2118//3909 2117//3909 
f 804//3910 2119//3910 2118//3910 
f 804//3911 2120//3911 2119//3911 
f 804//3912 2121//3912 2120//3912 
f 804//3913 2122//3913 2121//3913 
f 804//3914 2123//3914 2122//3914 
f 804//3915 2124//3915 2123//3915 
f 804//3916 2125//3916 2124//3916 
f 804//3917 2126//3917 2125//3917 
f 804//3918 2127//3918 2126//3918 
f 804//3919 2264//3919 2129//3919 
f 804//3920 2128//3920 2127//3920 
f 804//3921 2129//3921 2128//3921 
f 773//3922 2083//3922 2082//3922 
f 773//3923 2082//3923 740//3923 
f 803//3924 804//3924 2113//3924 
f 803//3925 2113//3925 2112//3925 
f 774//3926 2083//3926 773//3926 
f 774//3927 2084//3927 2083//3927 
f 802//3928 803//3928 2112//3928 
f 802//3929 2112//3929 2111//3929 
f 775//3930 2084//3930 774//3930 
f 775//3931 2085//3931 2084//3931 
f 801//3932 802//3932 2111//3932 
f 801//3933 2111//3933 2110//3933 
f 776//3934 2086//3934 2085//3934 
f 776//3935 2085//3935 775//3935 
f 800//3936 801//3936 2110//3936 
f 800//3937 2110//3937 2109//3937 
f 777//3938 2087//3938 2086//3938 
f 777//3939 2086//3939 776//3939 
f 799//3940 800//3940 2109//3940 
f 799//3941 2109//3941 2108//3941 
f 778//3942 2088//3942 2087//3942 
f 778//3943 2087//3943 777//3943 
f 798//3944 799//3944 2108//3944 
f 798//3945 2108//3945 2107//3945 
f 779//3946 2089//3946 2088//3946 
f 779//3947 2088//3947 778//3947 
f 797//3948 798//3948 2107//3948 
f 797//3949 2107//3949 2106//3949 
f 780//3950 2090//3950 2089//3950 
f 780//3951 2089//3951 779//3951 
f 796//3952 2106//3952 2105//3952 
f 796//3953 797//3953 2106//3953 
f 781//3954 2091//3954 2090//3954 
f 781//3955 2090//3955 780//3955 
f 795//3956 2105//3956 2104//3956 
f 795//3957 796//3957 2105//3957 
f 782//3958 2092//3958 2091//3958 
f 782//3959 2091//3959 781//3959 
f 794//3960 795//3960 2104//3960 
f 794//3961 2104//3961 2103//3961 
f 783//3962 2093//3962 2092//3962 
f 783//3963 2092//3963 782//3963 
f 793//3964 794//3964 2103//3964 
f 793//3965 2103//3965 2102//3965 
f 792//3966 793//3966 2102//3966 
f 792//3967 2102//3967 2101//3967 
f 784//3968 2094//3968 2093//3968 
f 784//3969 2093//3969 783//3969 
f 791//3970 792//3970 2101//3970 
f 791//3971 2101//3971 2100//3971 
f 785//3972 2095//3972 2094//3972 
f 785//3973 2094//3973 784//3973 
f 786//3974 2096//3974 2095//3974 
f 786//3975 2095//3975 785//3975 
f 790//3976 2100//3976 2099//3976 
f 790//3977 791//3977 2100//3977 
f 787//3978 2097//3978 2096//3978 
f 787//3979 2096//3979 786//3979 
f 789//3980 2099//3980 2098//3980 
f 789//3981 790//3981 2099//3981 
f 788//3982 2098//3982 2097//3982 
f 788//3983 2097//3983 787//3983 
f 788//3984 789//3984 2098//3984 
f 804//3985 811//3985 1981//3985 
f 804//3986 1981//3986 1980//3986 
f 804//3987 1980//3987 1979//3987 
f 804//3988 1979//3988 1978//3988 
f 804//3989 1978//3989 2269//3989 
f 2269//3990 1978//3990 2270//3990 
f 2270//3991 1978//3991 2254//3991 
f 804//3992 2269//3992 2271//3992 
f 804//3993 2271//3993 2272//3993 
f 804//3994 2272//3994 2273//3994 
f 804//3995 2273//3995 2268//3995 
f 806//3996 809//3996 2274//3996 
f 2274//3997 2255//3997 2275//3997 
f 809//3998 2255//3998 2274//3998 
f 2275//3999 2256//3999 2276//3999 
f 2255//4000 2256//4000 2275//4000 
f 2276//4001 2257//4001 2277//4001 
f 2256//4002 2257//4002 2276//4002 
f 2277//4003 2258//4003 2278//4003 
f 2257//4004 2258//4004 2277//4004 
f 2278//4005 2259//4005 2279//4005 
f 2258//4006 2259//4006 2278//4006 
f 2279//4007 2260//4007 2280//4007 
f 2259//4008 2260//4008 2279//4008 
f 2280//4009 2261//4009 2281//4009 
f 2260//4010 2261//4010 2280//4010 
f 2281//4011 2262//4011 2282//4011 
f 2261//4012 2262//4012 2281//4012 
f 2282//4013 2263//4013 2283//4013 
f 2262//4014 2263//4014 2282//4014 
f 2283//4015 2264//4015 2284//4015 
f 2263//4016 2264//4016 2283//4016 
f 2284//4017 2265//4017 2285//4017 
f 2264//4018 2265//4018 2284//4018 
f 2285//4019 2266//4019 2286//4019 
f 2265//4020 2266//4020 2285//4020 
f 2286//4021 2267//4021 2287//4021 
f 2266//4022 2267//4022 2286//4022 
f 2287//4023 2268//4023 2288//4023 
f 2267//4024 2268//4024 2287//4024 
f 2288//4025 2273//4025 2289//4025 
f 2268//4026 2273//4026 2288//4026 
f 2289//4027 2272//4027 2290//4027 
f 2273//4028 2272//4028 2289//4028 
f 2290//4029 2271//4029 2291//4029 
f 2272//4030 2271//4030 2290//4030 
f 2291//4031 2269//4031 2292//4031 
f 2271//4032 2269//4032 2291//4032 
f 2292//4033 2270//4033 2293//4033 
f 2269//4034 2270//4034 2292//4034 
f 2293//4035 2254//4035 2294//4035 
f 2270//4036 2254//4036 2293//4036 
f 2294//4037 2253//4037 2295//4037 
f 2254//4038 2253//4038 2294//4038 
f 2295//4039 2252//4039 2296//4039 
f 2253//4040 2252//4040 2295//4040 
f 2296//4041 2251//4041 2297//4041 
f 2252//4042 2251//4042 2296//4042 
f 2297//4043 2250//4043 2298//4043 
f 2251//4044 2250//4044 2297//4044 
f 2298//4045 2249//4045 2299//4045 
f 2250//4046 2249//4046 2298//4046 
f 2249//4047 2248//4047 2299//4047 
f 2299//4048 2248//4048 2300//4048 
f 2248//4049 2247//4049 2300//4049 
f 2300//4050 2247//4050 2301//4050 
f 2247//4051 2246//4051 2301//4051 
f 2301//4052 2246//4052 2302//4052 
f 2246//4053 2245//4053 2302//4053 
f 2302//4054 2245//4054 2303//4054 
f 2245//4055 2244//4055 2303//4055 
f 2303//4056 2244//4056 2304//4056 
f 2244//4057 2243//4057 2304//4057 
f 2304//4058 2243//4058 2305//4058 
f 2243//4059 2242//4059 2305//4059 
f 2305//4060 2242//4060 2306//4060 
f 2306//4061 2240//4061 2307//4061 
f 2242//4062 2240//4062 2306//4062 
f 2307//4063 2238//4063 2308//4063 
f 2240//4064 2238//4064 2307//4064 
f 2238//4065 2236//4065 2308//4065 
f 2308//4066 2234//4066 2309//4066 
f 2309//4067 2234//4067 2310//4067 
f 2236//4068 2234//4068 2308//4068 
f 2310//4069 2232//4069 2311//4069 
f 2234//4070 2232//4070 2310//4070 
f 2311//4071 2211//4071 2312//4071 
f 2232//4072 2211//4072 2311//4072 
f 2211//4073 2210//4073 2312//4073 
f 2312//4074 2212//4074 2313//4074 
f 2313//4075 2212//4075 2314//4075 
f 2210//4076 2212//4076 2312//4076 
f 2314//4077 2213//4077 2315//4077 
f 2212//4078 2213//4078 2314//4078 
f 2213//4079 2214//4079 2315//4079 
f 2315//4080 2215//4080 2316//4080 
f 2214//4081 2215//4081 2315//4081 
f 2316//4082 2216//4082 2317//4082 
f 2215//4083 2216//4083 2316//4083 
f 2317//4084 2217//4084 2318//4084 
f 2318//4085 2217//4085 2319//4085 
f 2216//4086 2217//4086 2317//4086 
f 2319//4087 2218//4087 2320//4087 
f 2217//4088 2218//4088 2319//4088 
f 2218//4089 2219//4089 2320//4089 
f 2320//4090 2208//4090 2321//4090 
f 2321//4091 2208//4091 2322//4091 
f 2219//4092 2208//4092 2320//4092 
f 2208//4093 2207//4093 2322//4093 
f 2322//4094 2205//4094 2323//4094 
f 2323//4095 2205//4095 2324//4095 
f 2207//4096 2205//4096 2322//4096 
f 2205//4097 2203//4097 2324//4097 
f 2324//4098 2203//4098 2325//4098 
f 2203//4099 2201//4099 2325//4099 
f 2201//4100 2199//4100 2325//4100 
f 2325//4101 2199//4101 2326//4101 
f 2326//4102 2199//4102 2327//4102 
f 2199//4103 2197//4103 2327//4103 
f 2327//4104 2197//4104 2328//4104 
f 2197//4105 2195//4105 2328//4105 
f 2195//4106 2193//4106 2328//4106 
f 2328//4107 2193//4107 2329//4107 
f 2193//4108 2191//4108 2329//4108 
f 2329//4109 2191//4109 2330//4109 
f 2191//4110 2189//4110 2330//4110 
f 2330//4111 2189//4111 2331//4111 
f 2189//4112 2187//4112 2331//4112 
f 2331//4113 2187//4113 2332//4113 
f 2187//4114 2185//4114 2332//4114 
f 2332//4115 2185//4115 2333//4115 
f 2185//4116 2183//4116 2333//4116 
f 2333//4117 2183//4117 2334//4117 
f 2334//4118 2183//4118 2335//4118 
f 2183//4119 2181//4119 2335//4119 
f 2181//4120 2179//4120 2335//4120 
f 2335//4121 2179//4121 2336//4121 
f 2179//4122 2177//4122 2336//4122 
f 2336//4123 2177//4123 2337//4123 
f 2177//4124 2178//4124 2337//4124 
f 2337//4125 2178//4125 2338//4125 
f 2178//4126 2180//4126 2338//4126 
f 2338//4127 2180//4127 2339//4127 
f 2180//4128 2182//4128 2339//4128 
f 2339//4129 2182//4129 2340//4129 
f 2340//4130 2182//4130 2341//4130 
f 2182//4131 2184//4131 2341//4131 
f 2341//4132 2186//4132 2342//4132 
f 2342//4133 2186//4133 2343//4133 
f 2184//4134 2186//4134 2341//4134 
f 2343//4135 2188//4135 2344//4135 
f 2186//4136 2188//4136 2343//4136 
f 2188//4137 2190//4137 2344//4137 
f 2344//4138 2192//4138 2345//4138 
f 2190//4139 2192//4139 2344//4139 
f 2345//4140 2194//4140 2346//4140 
f 2192//4141 2194//4141 2345//4141 
f 2346//4142 2196//4142 2347//4142 
f 2194//4143 2196//4143 2346//4143 
f 2347//4144 2198//4144 2348//4144 
f 2196//4145 2198//4145 2347//4145 
f 2198//4146 2200//4146 2348//4146 
f 2348//4147 2200//4147 2349//4147 
f 2200//4148 2202//4148 2349//4148 
f 2349//4149 2202//4149 2350//4149 
f 2202//4150 2204//4150 2350//4150 
f 2350//4151 2204//4151 2351//4151 
f 2204//4152 2206//4152 2351//4152 
f 2351//4153 2206//4153 2352//4153 
f 2206//4154 2221//4154 2352//4154 
f 2352//4155 2221//4155 2353//4155 
f 2221//4156 2220//4156 2353//4156 
f 2353//4157 2220//4157 2354//4157 
f 2220//4158 2222//4158 2354//4158 
f 2354//4159 2222//4159 2355//4159 
f 2355//4160 2222//4160 2356//4160 
f 2222//4161 2223//4161 2356//4161 
f 2223//4162 2224//4162 2356//4162 
f 2356//4163 2224//4163 2357//4163 
f 2224//4164 2225//4164 2357//4164 
f 2357//4165 2225//4165 2358//4165 
f 2225//4166 2226//4166 2358//4166 
f 2358//4167 2226//4167 2359//4167 
f 2226//4168 2227//4168 2359//4168 
f 2359//4169 2227//4169 2360//4169 
f 2227//4170 2228//4170 2360//4170 
f 2360//4171 2228//4171 2361//4171 
f 2228//4172 2229//4172 2361//4172 
f 2361//4173 2229//4173 2362//4173 
f 2229//4174 2230//4174 2362//4174 
f 2362//4175 2230//4175 2363//4175 
f 2363//4176 2230//4176 2364//4176 
f 2230//4177 2231//4177 2364//4177 
f 2231//4178 2233//4178 2364//4178 
f 2364//4179 2233//4179 2365//4179 
f 2365//4180 2233//4180 2366//4180 
f 2233//4181 2235//4181 2366//4181 
f 2366//4182 2235//4182 2367//4182 
f 2235//4183 2237//4183 2367//4183 
f 2237//4184 2239//4184 2367//4184 
f 2367//4185 2239//4185 2368//4185 
f 2368//4186 2239//4186 2369//4186 
f 2239//4187 2241//4187 2369//4187 
f 2241//4188 1285//4188 2369//4188 
f 2369//4189 1285//4189 1287//4189 
f 2370//4190 2336//4190 2337//4190 
f 2371//4191 2370//4191 2337//4191 
f 2371//4192 2337//4192 2338//4192 
f 2372//4193 2336//4193 2370//4193 
f 2372//4194 2335//4194 2336//4194 
f 2373//4195 2371//4195 2338//4195 
f 2373//4196 2338//4196 2339//4196 
f 2374//4197 2335//4197 2372//4197 
f 2374//4198 2334//4198 2335//4198 
f 2375//4199 2373//4199 2339//4199 
f 2375//4200 2339//4200 2340//4200 
f 2376//4201 2334//4201 2374//4201 
f 2376//4202 2333//4202 2334//4202 
f 2377//4203 2375//4203 2340//4203 
f 2377//4204 2340//4204 2341//4204 
f 2378//4205 2333//4205 2376//4205 
f 2378//4206 2332//4206 2333//4206 
f 2379//4207 2377//4207 2341//4207 
f 2379//4208 2341//4208 2342//4208 
f 2380//4209 2332//4209 2378//4209 
f 2380//4210 2331//4210 2332//4210 
f 2381//4211 2342//4211 2343//4211 
f 2381//4212 2379//4212 2342//4212 
f 2382//4213 2331//4213 2380//4213 
f 2382//4214 2330//4214 2331//4214 
f 2383//4215 2381//4215 2343//4215 
f 2383//4216 2343//4216 2344//4216 
f 2384//4217 2329//4217 2330//4217 
f 2384//4218 2330//4218 2382//4218 
f 2385//4219 2383//4219 2344//4219 
f 2385//4220 2344//4220 2345//4220 
f 2386//4221 2328//4221 2329//4221 
f 2386//4222 2329//4222 2384//4222 
f 2387//4223 2385//4223 2345//4223 
f 2387//4224 2345//4224 2346//4224 
f 2388//4225 2327//4225 2328//4225 
f 2388//4226 2328//4226 2386//4226 
f 2389//4227 2387//4227 2346//4227 
f 2389//4228 2346//4228 2347//4228 
f 2390//4229 2326//4229 2327//4229 
f 2390//4230 2327//4230 2388//4230 
f 2391//4231 2347//4231 2348//4231 
f 2391//4232 2389//4232 2347//4232 
f 2392//4233 2325//4233 2326//4233 
f 2392//4234 2326//4234 2390//4234 
f 2393//4235 2348//4235 2349//4235 
f 2393//4236 2391//4236 2348//4236 
f 2394//4237 2324//4237 2325//4237 
f 2394//4238 2325//4238 2392//4238 
f 2395//4239 2349//4239 2350//4239 
f 2395//4240 2393//4240 2349//4240 
f 2396//4241 2323//4241 2324//4241 
f 2396//4242 2324//4242 2394//4242 
f 2397//4243 2350//4243 2351//4243 
f 2397//4244 2395//4244 2350//4244 
f 2398//4245 2322//4245 2323//4245 
f 2398//4246 2323//4246 2396//4246 
f 2399//4247 2397//4247 2351//4247 
f 2399//4248 2351//4248 2352//4248 
f 2400//4249 2322//4249 2398//4249 
f 2400//4250 2321//4250 2322//4250 
f 2401//4251 2399//4251 2352//4251 
f 2401//4252 2352//4252 2353//4252 
f 2402//4253 2320//4253 2321//4253 
f 2402//4254 2321//4254 2400//4254 
f 2403//4255 2401//4255 2353//4255 
f 2403//4256 2353//4256 2354//4256 
f 2404//4257 2320//4257 2402//4257 
f 2404//4258 2319//4258 2320//4258 
f 2405//4259 2403//4259 2354//4259 
f 2405//4260 2354//4260 2355//4260 
f 2406//4261 2319//4261 2404//4261 
f 2406//4262 2318//4262 2319//4262 
f 2407//4263 2405//4263 2355//4263 
f 2407//4264 2355//4264 2356//4264 
f 2408//4265 2317//4265 2318//4265 
f 2408//4266 2318//4266 2406//4266 
f 2409//4267 2407//4267 2356//4267 
f 2409//4268 2356//4268 2357//4268 
f 2410//4269 2317//4269 2408//4269 
f 2410//4270 2316//4270 2317//4270 
f 2411//4271 2409//4271 2357//4271 
f 2411//4272 2357//4272 2358//4272 
f 2412//4273 2316//4273 2410//4273 
f 2412//4274 2315//4274 2316//4274 
f 2413//4275 2411//4275 2358//4275 
f 2413//4276 2358//4276 2359//4276 
f 2360//4277 2413//4277 2359//4277 
f 2414//4278 2314//4278 2315//4278 
f 2414//4279 2315//4279 2412//4279 
f 2415//4280 2413//4280 2360//4280 
f 2361//4281 2415//4281 2360//4281 
f 2416//4282 2314//4282 2414//4282 
f 2313//4283 2314//4283 2416//4283 
f 2417//4284 2415//4284 2361//4284 
f 2362//4285 2417//4285 2361//4285 
f 2418//4286 2313//4286 2416//4286 
f 2312//4287 2313//4287 2418//4287 
f 2419//4288 2417//4288 2362//4288 
f 2363//4289 2419//4289 2362//4289 
f 2420//4290 2312//4290 2418//4290 
f 2311//4291 2312//4291 2420//4291 
f 2421//4292 2419//4292 2363//4292 
f 2364//4293 2421//4293 2363//4293 
f 2422//4294 2311//4294 2420//4294 
f 2423//4295 2421//4295 2364//4295 
f 2310//4296 2311//4296 2422//4296 
f 2365//4297 2423//4297 2364//4297 
f 2424//4298 2310//4298 2422//4298 
f 2425//4299 2423//4299 2365//4299 
f 2309//4300 2310//4300 2424//4300 
f 2366//4301 2425//4301 2365//4301 
f 2426//4302 2309//4302 2424//4302 
f 2427//4303 2425//4303 2366//4303 
f 2308//4304 2309//4304 2426//4304 
f 2428//4305 2308//4305 2426//4305 
f 2367//4306 2427//4306 2366//4306 
f 2429//4307 2427//4307 2367//4307 
f 2307//4308 2308//4308 2428//4308 
f 2430//4309 2307//4309 2428//4309 
f 2368//4310 2429//4310 2367//4310 
f 1289//4311 2429//4311 2368//4311 
f 2306//4312 2307//4312 2430//4312 
f 2431//4313 2306//4313 2430//4313 
f 2369//4314 1289//4314 2368//4314 
f 2305//4315 2306//4315 2431//4315 
f 2432//4316 2305//4316 2431//4316 
f 1287//4317 1289//4317 2369//4317 
f 2304//4318 2305//4318 2432//4318 
f 2433//4319 2304//4319 2432//4319 
f 2303//4320 2304//4320 2433//4320 
f 2303//4321 2433//4321 2434//4321 
f 2302//4322 2303//4322 2434//4322 
f 2302//4323 2434//4323 2435//4323 
f 2301//4324 2435//4324 2436//4324 
f 2301//4325 2302//4325 2435//4325 
f 2300//4326 2436//4326 2437//4326 
f 2300//4327 2301//4327 2436//4327 
f 2299//4328 2437//4328 2438//4328 
f 2299//4329 2300//4329 2437//4329 
f 2298//4330 2438//4330 2439//4330 
f 2298//4331 2299//4331 2438//4331 
f 2297//4332 2439//4332 2440//4332 
f 2297//4333 2298//4333 2439//4333 
f 2296//4334 2440//4334 2441//4334 
f 2296//4335 2297//4335 2440//4335 
f 2295//4336 2441//4336 2442//4336 
f 2295//4337 2296//4337 2441//4337 
f 2294//4338 2442//4338 2443//4338 
f 2294//4339 2295//4339 2442//4339 
f 2293//4340 2443//4340 2444//4340 
f 2293//4341 2294//4341 2443//4341 
f 2292//4342 2444//4342 2445//4342 
f 2292//4343 2293//4343 2444//4343 
f 2291//4344 2292//4344 2445//4344 
f 2291//4345 2445//4345 2446//4345 
f 2290//4346 2291//4346 2446//4346 
f 2290//4347 2446//4347 2447//4347 
f 2289//4348 2290//4348 2447//4348 
f 2289//4349 2447//4349 2448//4349 
f 2288//4350 2289//4350 2448//4350 
f 2288//4351 2448//4351 2449//4351 
f 2287//4352 2288//4352 2449//4352 
f 2287//4353 2449//4353 2450//4353 
f 2286//4354 2287//4354 2450//4354 
f 2286//4355 2450//4355 2451//4355 
f 2285//4356 2286//4356 2451//4356 
f 2285//4357 2451//4357 2452//4357 
f 2284//4358 2285//4358 2452//4358 
f 2284//4359 2452//4359 2453//4359 
f 2283//4360 2284//4360 2453//4360 
f 2283//4361 2453//4361 2454//4361 
f 2282//4362 2283//4362 2454//4362 
f 2282//4363 2454//4363 2455//4363 
f 2281//4364 2282//4364 2455//4364 
f 2281//4365 2455//4365 2456//4365 
f 2280//4366 2281//4366 2456//4366 
f 2280//4367 2456//4367 2457//4367 
f 2279//4368 2280//4368 2457//4368 
f 2279//4369 2457//4369 2458//4369 
f 2278//4370 2279//4370 2458//4370 
f 2278//4371 2458//4371 2459//4371 
f 2277//4372 2278//4372 2459//4372 
f 2277//4373 2459//4373 2460//4373 
f 2276//4374 2277//4374 2460//4374 
f 2276//4375 2460//4375 2461//4375 
f 2275//4376 2276//4376 2461//4376 
f 2275//4377 2461//4377 808//4377 
f 2274//4378 2275//4378 808//4378 
f 2274//4379 808//4379 806//4379 
f 2462//4380 807//4380 808//4380 
f 2462//4381 808//4381 2461//4381 
f 2463//4382 2462//4382 2461//4382 
f 2463//4383 2461//4383 2460//4383 
f 2464//4384 2463//4384 2460//4384 
f 2464//4385 2460//4385 2459//4385 
f 2465//4386 2464//4386 2459//4386 
f 2465//4387 2459//4387 2458//4387 
f 2466//4388 2465//4388 2458//4388 
f 2466//4389 2458//4389 2457//4389 
f 2467//4390 2466//4390 2457//4390 
f 2467//4391 2456//4391 2455//4391 
f 2467//4392 2457//4392 2456//4392 
f 2468//4393 2467//4393 2455//4393 
f 2469//4394 2468//4394 2455//4394 
f 2469//4395 2455//4395 2454//4395 
f 2470//4396 2469//4396 2454//4396 
f 2470//4397 2453//4397 2452//4397 
f 2470//4398 2454//4398 2453//4398 
f 2471//4399 2470//4399 2452//4399 
f 2472//4400 2471//4400 2452//4400 
f 2472//4401 2451//4401 2450//4401 
f 2472//4402 2452//4402 2451//4402 
f 2473//4403 2472//4403 2450//4403 
f 2474//4404 2473//4404 2450//4404 
f 2474//4405 2450//4405 2449//4405 
f 2475//4406 2474//4406 2449//4406 
f 2475//4407 2448//4407 2447//4407 
f 2475//4408 2449//4408 2448//4408 
f 2476//4409 2475//4409 2447//4409 
f 2477//4410 2476//4410 2447//4410 
f 2477//4411 2447//4411 2446//4411 
f 2478//4412 2477//4412 2446//4412 
f 2478//4413 2446//4413 2445//4413 
f 2479//4414 2478//4414 2445//4414 
f 2479//4415 2445//4415 2444//4415 
f 2480//4416 2479//4416 2444//4416 
f 2480//4417 2444//4417 2443//4417 
f 2481//4418 2442//4418 2441//4418 
f 2481//4419 2443//4419 2442//4419 
f 2481//4420 2480//4420 2443//4420 
f 2482//4421 2481//4421 2441//4421 
f 2483//4422 2441//4422 2440//4422 
f 2483//4423 2482//4423 2441//4423 
f 2484//4424 2440//4424 2439//4424 
f 2484//4425 2483//4425 2440//4425 
f 2485//4426 2439//4426 2438//4426 
f 2485//4427 2484//4427 2439//4427 
f 2486//4428 2437//4428 2436//4428 
f 2486//4429 2438//4429 2437//4429 
f 2486//4430 2485//4430 2438//4430 
f 2487//4431 2486//4431 2436//4431 
f 2488//4432 2487//4432 2436//4432 
f 2488//4433 2436//4433 2435//4433 
f 2489//4434 2488//4434 2435//4434 
f 2489//4435 2435//4435 2434//4435 
f 2490//4436 2489//4436 2434//4436 
f 2490//4437 2434//4437 2433//4437 
f 2491//4438 2490//4438 2433//4438 
f 2491//4439 2433//4439 2432//4439 
f 2492//4440 2491//4440 2432//4440 
f 2492//4441 2431//4441 2430//4441 
f 2492//4442 2432//4442 2431//4442 
f 2493//4443 2492//4443 2430//4443 
f 2494//4444 2493//4444 2430//4444 
f 2494//4445 2430//4445 2428//4445 
f 2495//4446 2494//4446 2428//4446 
f 2495//4447 2426//4447 2424//4447 
f 2495//4448 2428//4448 2426//4448 
f 2496//4449 2495//4449 2424//4449 
f 2497//4450 2496//4450 2424//4450 
f 2497//4451 2424//4451 2422//4451 
f 2498//4452 2497//4452 2422//4452 
f 2498//4453 2422//4453 2420//4453 
f 2499//4454 2498//4454 2420//4454 
f 2499//4455 2418//4455 2416//4455 
f 2499//4456 2420//4456 2418//4456 
f 2500//4457 2499//4457 2416//4457 
f 2501//4458 2500//4458 2416//4458 
f 2501//4459 2416//4459 2414//4459 
f 2502//4460 2412//4460 2410//4460 
f 2502//4461 2414//4461 2412//4461 
f 2502//4462 2501//4462 2414//4462 
f 2503//4463 2502//4463 2410//4463 
f 2504//4464 2408//4464 2406//4464 
f 2504//4465 2410//4465 2408//4465 
f 2504//4466 2503//4466 2410//4466 
f 2505//4467 2504//4467 2406//4467 
f 2506//4468 2406//4468 2404//4468 
f 2506//4469 2505//4469 2406//4469 
f 2507//4470 2402//4470 2400//4470 
f 2507//4471 2404//4471 2402//4471 
f 2507//4472 2506//4472 2404//4472 
f 2508//4473 2507//4473 2400//4473 
f 2509//4474 2398//4474 2396//4474 
f 2509//4475 2400//4475 2398//4475 
f 2509//4476 2508//4476 2400//4476 
f 2510//4477 2509//4477 2396//4477 
f 2511//4478 2396//4478 2394//4478 
f 2511//4479 2510//4479 2396//4479 
f 2512//4480 2392//4480 2390//4480 
f 2512//4481 2394//4481 2392//4481 
f 2512//4482 2511//4482 2394//4482 
f 2513//4483 2512//4483 2390//4483 
f 2514//4484 2513//4484 2390//4484 
f 2514//4485 2388//4485 2386//4485 
f 2514//4486 2390//4486 2388//4486 
f 2515//4487 2514//4487 2386//4487 
f 2516//4488 2515//4488 2386//4488 
f 2516//4489 2386//4489 2384//4489 
f 2517//4490 2516//4490 2384//4490 
f 2517//4491 2384//4491 2382//4491 
f 2518//4492 2517//4492 2382//4492 
f 2518//4493 2382//4493 2380//4493 
f 2519//4494 2518//4494 2380//4494 
f 2519//4495 2380//4495 2378//4495 
f 2520//4496 2519//4496 2378//4496 
f 2520//4497 2378//4497 2376//4497 
f 2521//4498 2520//4498 2376//4498 
f 2521//4499 2376//4499 2374//4499 
f 2522//4500 2372//4500 2370//4500 
f 2522//4501 2374//4501 2372//4501 
f 2522//4502 2521//4502 2374//4502 
f 2523//4503 2522//4503 2370//4503 
f 2524//4504 2371//4504 2373//4504 
f 2524//4505 2370//4505 2371//4505 
f 2524//4506 2523//4506 2370//4506 
f 2525//4507 2524//4507 2373//4507 
f 2526//4508 2375//4508 2377//4508 
f 2526//4509 2373//4509 2375//4509 
f 2526//4510 2525//4510 2373//4510 
f 2527//4511 2377//4511 2379//4511 
f 2527//4512 2526//4512 2377//4512 
f 2528//4513 2527//4513 2379//4513 
f 2529//4514 2379//4514 2381//4514 
f 2529//4515 2528//4515 2379//4515 
f 2530//4516 2381//4516 2383//4516 
f 2530//4517 2529//4517 2381//4517 
f 2531//4518 2383//4518 2385//4518 
f 2531//4519 2530//4519 2383//4519 
f 2532//4520 2387//4520 2389//4520 
f 2532//4521 2385//4521 2387//4521 
f 2532//4522 2531//4522 2385//4522 
f 2533//4523 2532//4523 2389//4523 
f 2534//4524 2391//4524 2393//4524 
f 2534//4525 2389//4525 2391//4525 
f 2534//4526 2533//4526 2389//4526 
f 2535//4527 2534//4527 2393//4527 
f 2536//4528 2393//4528 2395//4528 
f 2536//4529 2535//4529 2393//4529 
f 2537//4530 2397//4530 2399//4530 
f 2537//4531 2395//4531 2397//4531 
f 2537//4532 2536//4532 2395//4532 
f 2538//4533 2399//4533 2401//4533 
f 2538//4534 2537//4534 2399//4534 
f 2539//4535 2538//4535 2401//4535 
f 2540//4536 2539//4536 2401//4536 
f 2540//4537 2403//4537 2405//4537 
f 2540//4538 2401//4538 2403//4538 
f 2541//4539 2540//4539 2405//4539 
f 2541//4540 2405//4540 2407//4540 
f 2542//4541 2541//4541 2407//4541 
f 2543//4542 2409//4542 2411//4542 
f 2543//4543 2407//4543 2409//4543 
f 2543//4544 2542//4544 2407//4544 
f 2544//4545 2411//4545 2413//4545 
f 2544//4546 2543//4546 2411//4546 
f 2545//4547 2544//4547 2413//4547 
f 2546//4548 2413//4548 2415//4548 
f 2546//4549 2545//4549 2413//4549 
f 2547//4550 2417//4550 2419//4550 
f 2547//4551 2415//4551 2417//4551 
f 2547//4552 2546//4552 2415//4552 
f 2548//4553 2419//4553 2421//4553 
f 2548//4554 2547//4554 2419//4554 
f 2549//4555 2548//4555 2421//4555 
f 2550//4556 2423//4556 2425//4556 
f 2550//4557 2421//4557 2423//4557 
f 2550//4558 2549//4558 2421//4558 
f 2551//4559 2425//4559 2427//4559 
f 2551//4560 2550//4560 2425//4560 
f 2552//4561 2551//4561 2427//4561 
f 2553//4562 2429//4562 1289//4562 
f 2553//4563 2427//4563 2429//4563 
f 2553//4564 2552//4564 2427//4564 
f 1288//4565 2553//4565 1289//4565 
f 847//4566 2523//4566 846//4566 
f 846//4567 2524//4567 845//4567 
f 2523//4568 2524//4568 846//4568 
f 847//4569 2522//4569 2523//4569 
f 848//4570 2522//4570 847//4570 
f 845//4571 2525//4571 844//4571 
f 2524//4572 2525//4572 845//4572 
f 849//4573 2521//4573 848//4573 
f 848//4574 2521//4574 2522//4574 
f 844//4575 2526//4575 843//4575 
f 2525//4576 2526//4576 844//4576 
f 850//4577 2520//4577 849//4577 
f 849//4578 2520//4578 2521//4578 
f 843//4579 2527//4579 842//4579 
f 2526//4580 2527//4580 843//4580 
f 851//4581 2519//4581 850//4581 
f 850//4582 2519//4582 2520//4582 
f 2527//4583 2528//4583 842//4583 
f 842//4584 2528//4584 841//4584 
f 852//4585 2518//4585 851//4585 
f 851//4586 2518//4586 2519//4586 
f 841//4587 2529//4587 840//4587 
f 2528//4588 2529//4588 841//4588 
f 853//4589 2517//4589 852//4589 
f 852//4590 2517//4590 2518//4590 
f 840//4591 2530//4591 839//4591 
f 2529//4592 2530//4592 840//4592 
f 854//4593 2516//4593 853//4593 
f 853//4594 2516//4594 2517//4594 
f 839//4595 2531//4595 838//4595 
f 2530//4596 2531//4596 839//4596 
f 855//4597 2515//4597 854//4597 
f 854//4598 2515//4598 2516//4598 
f 838//4599 2532//4599 837//4599 
f 2531//4600 2532//4600 838//4600 
f 856//4601 2514//4601 855//4601 
f 855//4602 2514//4602 2515//4602 
f 837//4603 2533//4603 836//4603 
f 2532//4604 2533//4604 837//4604 
f 856//4605 2513//4605 2514//4605 
f 857//4606 2513//4606 856//4606 
f 836//4607 2534//4607 835//4607 
f 2533//4608 2534//4608 836//4608 
f 858//4609 2512//4609 857//4609 
f 857//4610 2512//4610 2513//4610 
f 835//4611 2535//4611 834//4611 
f 2534//4612 2535//4612 835//4612 
f 859//4613 2511//4613 858//4613 
f 858//4614 2511//4614 2512//4614 
f 834//4615 2536//4615 833//4615 
f 2535//4616 2536//4616 834//4616 
f 860//4617 2510//4617 859//4617 
f 859//4618 2510//4618 2511//4618 
f 833//4619 2537//4619 832//4619 
f 2536//4620 2537//4620 833//4620 
f 861//4621 2509//4621 860//4621 
f 860//4622 2509//4622 2510//4622 
f 832//4623 2538//4623 831//4623 
f 2537//4624 2538//4624 832//4624 
f 861//4625 2508//4625 2509//4625 
f 862//4626 2508//4626 861//4626 
f 831//4627 2539//4627 830//4627 
f 2538//4628 2539//4628 831//4628 
f 862//4629 2507//4629 2508//4629 
f 863//4630 2507//4630 862//4630 
f 830//4631 2540//4631 829//4631 
f 2539//4632 2540//4632 830//4632 
f 863//4633 2506//4633 2507//4633 
f 864//4634 2506//4634 863//4634 
f 2540//4635 2541//4635 829//4635 
f 829//4636 2541//4636 828//4636 
f 865//4637 2505//4637 864//4637 
f 864//4638 2505//4638 2506//4638 
f 2541//4639 2542//4639 828//4639 
f 828//4640 2542//4640 827//4640 
f 866//4641 2504//4641 865//4641 
f 865//4642 2504//4642 2505//4642 
f 2542//4643 2543//4643 827//4643 
f 827//4644 2543//4644 826//4644 
f 866//4645 2503//4645 2504//4645 
f 867//4646 2503//4646 866//4646 
f 2543//4647 2544//4647 826//4647 
f 826//4648 2544//4648 825//4648 
f 868//4649 2502//4649 867//4649 
f 867//4650 2502//4650 2503//4650 
f 2544//4651 2545//4651 825//4651 
f 825//4652 2545//4652 824//4652 
f 2545//4653 823//4653 824//4653 
f 869//4654 2501//4654 868//4654 
f 868//4655 2501//4655 2502//4655 
f 2545//4656 2546//4656 823//4656 
f 2546//4657 822//4657 823//4657 
f 869//4658 2500//4658 2501//4658 
f 869//4659 870//4659 2500//4659 
f 2546//4660 2547//4660 822//4660 
f 2547//4661 821//4661 822//4661 
f 870//4662 2499//4662 2500//4662 
f 870//4663 871//4663 2499//4663 
f 2547//4664 2548//4664 821//4664 
f 2548//4665 820//4665 821//4665 
f 871//4666 2498//4666 2499//4666 
f 871//4667 872//4667 2498//4667 
f 2548//4668 2549//4668 820//4668 
f 2549//4669 819//4669 820//4669 
f 872//4670 2497//4670 2498//4670 
f 2549//4671 2550//4671 819//4671 
f 872//4672 873//4672 2497//4672 
f 2550//4673 818//4673 819//4673 
f 873//4674 2496//4674 2497//4674 
f 2550//4675 2551//4675 818//4675 
f 873//4676 874//4676 2496//4676 
f 2551//4677 817//4677 818//4677 
f 874//4678 2495//4678 2496//4678 
f 2551//4679 2552//4679 817//4679 
f 874//4680 875//4680 2495//4680 
f 875//4681 2494//4681 2495//4681 
f 2552//4682 816//4682 817//4682 
f 2552//4683 2553//4683 816//4683 
f 875//4684 876//4684 2494//4684 
f 876//4685 2493//4685 2494//4685 
f 2553//4686 815//4686 816//4686 
f 2553//4687 1288//4687 815//4687 
f 876//4688 877//4688 2493//4688 
f 877//4689 2492//4689 2493//4689 
f 1288//4690 814//4690 815//4690 
f 877//4691 878//4691 2492//4691 
f 878//4692 2491//4692 2492//4692 
f 1288//4693 813//4693 814//4693 
f 878//4694 879//4694 2491//4694 
f 879//4695 2490//4695 2491//4695 
f 879//4696 880//4696 2490//4696 
f 2490//4697 880//4697 2489//4697 
f 880//4698 881//4698 2489//4698 
f 2489//4699 881//4699 2488//4699 
f 881//4700 882//4700 2488//4700 
f 2488//4701 882//4701 2487//4701 
f 2487//4702 883//4702 2486//4702 
f 882//4703 883//4703 2487//4703 
f 2486//4704 884//4704 2485//4704 
f 883//4705 884//4705 2486//4705 
f 2485//4706 885//4706 2484//4706 
f 884//4707 885//4707 2485//4707 
f 2484//4708 886//4708 2483//4708 
f 885//4709 886//4709 2484//4709 
f 2483//4710 887//4710 2482//4710 
f 886//4711 887//4711 2483//4711 
f 2482//4712 888//4712 2481//4712 
f 887//4713 888//4713 2482//4713 
f 2481//4714 889//4714 2480//4714 
f 888//4715 889//4715 2481//4715 
f 2480//4716 890//4716 2479//4716 
f 889//4717 890//4717 2480//4717 
f 2479//4718 891//4718 2478//4718 
f 890//4719 891//4719 2479//4719 
f 891//4720 892//4720 2478//4720 
f 2478//4721 892//4721 2477//4721 
f 892//4722 893//4722 2477//4722 
f 2477//4723 893//4723 2476//4723 
f 893//4724 894//4724 2476//4724 
f 2476//4725 894//4725 2475//4725 
f 894//4726 895//4726 2475//4726 
f 2475//4727 895//4727 2474//4727 
f 895//4728 896//4728 2474//4728 
f 2474//4729 896//4729 2473//4729 
f 896//4730 897//4730 2473//4730 
f 2473//4731 897//4731 2472//4731 
f 897//4732 898//4732 2472//4732 
f 2472//4733 898//4733 2471//4733 
f 898//4734 899//4734 2471//4734 
f 2471//4735 899//4735 2470//4735 
f 899//4736 900//4736 2470//4736 
f 2470//4737 900//4737 2469//4737 
f 900//4738 901//4738 2469//4738 
f 2469//4739 901//4739 2468//4739 
f 901//4740 902//4740 2468//4740 
f 2468//4741 902//4741 2467//4741 
f 902//4742 903//4742 2467//4742 
f 2467//4743 903//4743 2466//4743 
f 903//4744 904//4744 2466//4744 
f 2466//4745 904//4745 2465//4745 
f 904//4746 905//4746 2465//4746 
f 2465//4747 905//4747 2464//4747 
f 905//4748 906//4748 2464//4748 
f 2464//4749 906//4749 2463//4749 
f 906//4750 907//4750 2463//4750 
f 2463//4751 907//4751 2462//4751 
f 907//4752 908//4752 2462//4752 
f 2462//4753 908//4753 807//4753 
f 908//4754 909//4754 807//4754 
f 807//4755 909//4755 805//4755 
f 2554//4756 1156//4756 2555//4756 
f 2554//4757 324//4757 1156//4757 
f 2556//4758 2554//4758 2555//4758 
f 2557//4759 2555//4759 2558//4759 
f 2557//4760 2556//4760 2555//4760 
f 2559//4761 2557//4761 2558//4761 
f 2560//4762 2558//4762 2561//4762 
f 2560//4763 2561//4763 2562//4763 
f 2560//4764 2562//4764 2563//4764 
f 2560//4765 2563//4765 2564//4765 
f 2560//4766 2564//4766 2565//4766 
f 2560//4767 2565//4767 2566//4767 
f 2560//4768 2566//4768 2567//4768 
f 2560//4769 2567//4769 2568//4769 
f 2560//4770 2559//4770 2558//4770 
f 2569//4771 2568//4771 812//4771 
f 2569//4772 812//4772 324//4772 
f 2569//4773 324//4773 2554//4773 
f 2569//4774 2556//4774 2557//4774 
f 2569//4775 2560//4775 2568//4775 
f 2569//4776 2557//4776 2559//4776 
f 2569//4777 2554//4777 2556//4777 
f 2569//4778 2559//4778 2560//4778 
f 2570//4779 2571//4779 2572//4779 
f 2573//4780 2568//4780 2574//4780 
f 2573//4781 2571//4781 2568//4781 
f 2573//4782 2572//4782 2571//4782 
f 2575//4783 810//4783 812//4783 
f 2575//4784 2570//4784 2572//4784 
f 2575//4785 812//4785 2570//4785 
f 2575//4786 2572//4786 2573//4786 
f 2576//4787 2568//4787 2571//4787 
f 2576//4788 2571//4788 2577//4788 
f 2578//4789 2570//4789 2579//4789 
f 2580//4790 2573//4790 2574//4790 
f 2580//4791 2581//4791 2573//4791 
f 2582//4792 2575//4792 2583//4792 
f 2584//4793 2568//4793 2576//4793 
f 2585//4794 2576//4794 2577//4794 
f 2585//4795 2577//4795 2578//4795 
f 2585//4796 2578//4796 2579//4796 
f 2585//4797 2579//4797 2584//4797 
f 2585//4798 2584//4798 2576//4798 
f 2586//4799 2570//4799 812//4799 
f 2586//4800 2579//4800 2570//4800 
f 2587//4801 2571//4801 2570//4801 
f 2587//4802 2577//4802 2571//4802 
f 2587//4803 2570//4803 2578//4803 
f 2587//4804 2578//4804 2577//4804 
f 2588//4805 2575//4805 2573//4805 
f 2588//4806 2573//4806 2581//4806 
f 2588//4807 2583//4807 2575//4807 
f 2588//4808 2581//4808 2583//4808 
f 2589//4809 2583//4809 2581//4809 
f 2589//4810 2581//4810 2580//4810 
f 2589//4811 2582//4811 2583//4811 
f 2590//4812 2580//4812 2574//4812 
f 2590//4813 2589//4813 2580//4813 
f 2590//4814 2582//4814 2589//4814 
f 2591//4815 810//4815 2575//4815 
f 2591//4816 2575//4816 2582//4816 
f 2592//4817 812//4817 2568//4817 
f 2592//4818 2568//4818 2584//4818 
f 2592//4819 2584//4819 2579//4819 
f 2592//4820 2586//4820 812//4820 
f 2592//4821 2579//4821 2586//4821 
f 2593//4822 2574//4822 810//4822 
f 2593//4823 810//4823 2591//4823 
f 2593//4824 2590//4824 2574//4824 
f 2593//4825 2582//4825 2590//4825 
f 2593//4826 2591//4826 2582//4826 
f 2594//4827 811//4827 810//4827 
f 2594//4828 810//4828 2574//4828 
f 2595//4829 2574//4829 2596//4829 
f 2595//4830 2596//4830 2597//4830 
f 2595//4831 2597//4831 2598//4831 
f 2595//4832 2598//4832 2599//4832 
f 2595//4833 2599//4833 2600//4833 
f 2595//4834 2594//4834 2574//4834 
f 2601//4835 2600//4835 2602//4835 
f 2601//4836 2594//4836 2595//4836 
f 2601//4837 2595//4837 2600//4837 
f 2603//4838 2602//4838 2604//4838 
f 2603//4839 2604//4839 2605//4839 
f 2603//4840 2605//4840 2606//4840 
f 2603//4841 2606//4841 2607//4841 
f 2603//4842 2607//4842 811//4842 
f 2603//4843 811//4843 2594//4843 
f 2603//4844 2601//4844 2602//4844 
f 2603//4845 2594//4845 2601//4845 
f 918//4846 917//4846 2608//4846 
f 918//4847 2608//4847 2609//4847 
f 923//4848 2609//4848 2610//4848 
f 923//4849 918//4849 2609//4849 
f 1141//4850 2610//4850 2611//4850 
f 1141//4851 2611//4851 2612//4851 
f 1141//4852 923//4852 2610//4852 
f 1142//4853 1141//4853 2612//4853 
f 1143//4854 2612//4854 2613//4854 
f 1143//4855 1142//4855 2612//4855 
f 1144//4856 2613//4856 2614//4856 
f 1144//4857 2614//4857 2615//4857 
f 1144//4858 1143//4858 2613//4858 
f 1145//4859 1144//4859 2615//4859 
f 1146//4860 1145//4860 2615//4860 
f 1146//4861 2615//4861 2616//4861 
f 1153//4862 1146//4862 2616//4862 
f 1153//4863 2616//4863 2617//4863 
f 1154//4864 1153//4864 2617//4864 
f 1154//4865 2617//4865 2618//4865 
f 1049//4866 1154//4866 2618//4866 
f 1049//4867 2618//4867 2619//4867 
f 1050//4868 1049//4868 2619//4868 
f 1050//4869 2619//4869 2620//4869 
f 1050//4870 2620//4870 2621//4870 
f 1051//4871 1050//4871 2621//4871 
f 1052//4872 1051//4872 2621//4872 
f 1052//4873 2621//4873 2622//4873 
f 1052//4874 2622//4874 2623//4874 
f 1053//4875 1052//4875 2623//4875 
f 1054//4876 1053//4876 2623//4876 
f 1054//4877 2623//4877 2624//4877 
f 1055//4878 1054//4878 2624//4878 
f 1055//4879 2624//4879 2625//4879 
f 1201//4880 1055//4880 2625//4880 
f 1201//4881 2625//4881 2626//4881 
f 1203//4882 1201//4882 2626//4882 
f 1203//4883 2626//4883 2627//4883 
f 1205//4884 1203//4884 2627//4884 
f 1205//4885 2627//4885 2628//4885 
f 1208//4886 1205//4886 2628//4886 
f 1208//4887 2628//4887 2629//4887 
f 1156//4888 2630//4888 2631//4888 
f 1156//4889 1208//4889 2629//4889 
f 1156//4890 2629//4890 2630//4890 
f 2555//4891 1156//4891 2631//4891 
f 2558//4892 2631//4892 2632//4892 
f 2558//4893 2632//4893 2633//4893 
f 2558//4894 2555//4894 2631//4894 
f 2561//4895 2558//4895 2633//4895 
f 2562//4896 2633//4896 2634//4896 
f 2562//4897 2634//4897 2635//4897 
f 2562//4898 2561//4898 2633//4898 
f 2563//4899 2562//4899 2635//4899 
f 2564//4900 2635//4900 2636//4900 
f 2564//4901 2563//4901 2635//4901 
f 2565//4902 2636//4902 2637//4902 
f 2565//4903 2637//4903 2638//4903 
f 2565//4904 2564//4904 2636//4904 
f 2566//4905 2565//4905 2638//4905 
f 2567//4906 2638//4906 2639//4906 
f 2567//4907 2639//4907 2640//4907 
f 2567//4908 2566//4908 2638//4908 
f 2568//4909 2567//4909 2640//4909 
f 1186//4910 1185//4910 2641//4910 
f 1186//4911 2641//4911 2642//4911 
f 1187//4912 2642//4912 2643//4912 
f 1187//4913 1186//4913 2642//4913 
f 1188//4914 1187//4914 2643//4914 
f 1188//4915 2643//4915 2644//4915 
f 1097//4916 1188//4916 2644//4916 
f 1097//4917 2644//4917 2645//4917 
f 1098//4918 2645//4918 2646//4918 
f 1098//4919 1097//4919 2645//4919 
f 1100//4920 2646//4920 2647//4920 
f 1100//4921 1098//4921 2646//4921 
f 1101//4922 2647//4922 2648//4922 
f 1101//4923 1100//4923 2647//4923 
f 1102//4924 2648//4924 2649//4924 
f 1102//4925 1101//4925 2648//4925 
f 1103//4926 2649//4926 2650//4926 
f 1103//4927 1102//4927 2649//4927 
f 1104//4928 2650//4928 2651//4928 
f 1104//4929 1103//4929 2650//4929 
f 1105//4930 2651//4930 2652//4930 
f 1105//4931 1104//4931 2651//4931 
f 1106//4932 2652//4932 2653//4932 
f 1106//4933 1105//4933 2652//4933 
f 1108//4934 2653//4934 2654//4934 
f 1108//4935 1106//4935 2653//4935 
f 1109//4936 2654//4936 2655//4936 
f 1109//4937 1108//4937 2654//4937 
f 1080//4938 2655//4938 2656//4938 
f 1080//4939 1109//4939 2655//4939 
f 1081//4940 2656//4940 2657//4940 
f 1081//4941 1080//4941 2656//4941 
f 1082//4942 2657//4942 2658//4942 
f 1082//4943 1081//4943 2657//4943 
f 1058//4944 2658//4944 2659//4944 
f 1058//4945 1082//4945 2658//4945 
f 1059//4946 2659//4946 2660//4946 
f 1059//4947 1058//4947 2659//4947 
f 1060//4948 1059//4948 2660//4948 
f 1061//4949 2660//4949 2661//4949 
f 1061//4950 1060//4950 2660//4950 
f 1062//4951 2661//4951 2662//4951 
f 1062//4952 1061//4952 2661//4952 
f 1063//4953 2662//4953 2663//4953 
f 1063//4954 1062//4954 2662//4954 
f 1064//4955 2663//4955 2664//4955 
f 1064//4956 1063//4956 2663//4956 
f 1065//4957 2664//4957 2665//4957 
f 1065//4958 1064//4958 2664//4958 
f 1066//4959 2665//4959 2666//4959 
f 1066//4960 1065//4960 2665//4960 
f 1067//4961 2666//4961 2667//4961 
f 1067//4962 1066//4962 2666//4962 
f 1068//4963 1067//4963 2667//4963 
f 1069//4964 1068//4964 2667//4964 
f 1069//4965 2667//4965 2668//4965 
f 1070//4966 1069//4966 2668//4966 
f 1070//4967 2668//4967 2669//4967 
f 1071//4968 1070//4968 2669//4968 
f 1071//4969 2669//4969 2670//4969 
f 1072//4970 1071//4970 2670//4970 
f 1072//4971 2670//4971 2671//4971 
f 1073//4972 1072//4972 2671//4972 
f 1074//4973 1073//4973 2671//4973 
f 1074//4974 2671//4974 2672//4974 
f 1075//4975 1074//4975 2672//4975 
f 1075//4976 2672//4976 2673//4976 
f 1147//4977 1075//4977 2673//4977 
f 1147//4978 2673//4978 2674//4978 
f 1148//4979 1147//4979 2674//4979 
f 1148//4980 2674//4980 2675//4980 
f 1149//4981 1148//4981 2675//4981 
f 1150//4982 2675//4982 2676//4982 
f 1150//4983 1149//4983 2675//4983 
f 1151//4984 1150//4984 2676//4984 
f 1151//4985 2676//4985 2677//4985 
f 928//4986 2677//4986 2678//4986 
f 928//4987 1151//4987 2677//4987 
f 922//4988 928//4988 2678//4988 
f 916//4989 2678//4989 2679//4989 
f 916//4990 922//4990 2678//4990 
f 921//4991 2679//4991 2680//4991 
f 921//4992 916//4992 2679//4992 
f 927//4993 2680//4993 2681//4993 
f 927//4994 921//4994 2680//4994 
f 932//4995 2681//4995 2682//4995 
f 932//4996 927//4996 2681//4996 
f 933//4997 2682//4997 2683//4997 
f 933//4998 932//4998 2682//4998 
f 936//4999 2683//4999 2684//4999 
f 936//5000 933//5000 2683//5000 
f 938//5001 2684//5001 2685//5001 
f 938//5002 936//5002 2684//5002 
f 941//5003 2685//5003 2686//5003 
f 941//5004 938//5004 2685//5004 
f 950//5005 941//5005 2686//5005 
f 972//5006 2686//5006 2687//5006 
f 972//5007 950//5007 2686//5007 
f 973//5008 2687//5008 2688//5008 
f 973//5009 972//5009 2687//5009 
f 977//5010 2688//5010 2689//5010 
f 977//5011 973//5011 2688//5011 
f 993//5012 2689//5012 2690//5012 
f 993//5013 977//5013 2689//5013 
f 1005//5014 2690//5014 2691//5014 
f 1005//5015 993//5015 2690//5015 
f 1006//5016 1005//5016 2691//5016 
f 1006//5017 2691//5017 2692//5017 
f 1231//5018 1006//5018 2692//5018 
f 1231//5019 2692//5019 2693//5019 
f 1232//5020 1231//5020 2693//5020 
f 1232//5021 2693//5021 2694//5021 
f 1233//5022 1232//5022 2694//5022 
f 1233//5023 2694//5023 2695//5023 
f 1234//5024 1233//5024 2695//5024 
f 1234//5025 2695//5025 2696//5025 
f 1235//5026 1234//5026 2696//5026 
f 1235//5027 2696//5027 2697//5027 
f 1236//5028 1235//5028 2697//5028 
f 1237//5029 1236//5029 2697//5029 
f 1237//5030 2697//5030 2698//5030 
f 1238//5031 1237//5031 2698//5031 
f 1238//5032 2698//5032 2699//5032 
f 1239//5033 1238//5033 2699//5033 
f 1239//5034 2699//5034 2700//5034 
f 1240//5035 1239//5035 2700//5035 
f 1240//5036 2700//5036 2701//5036 
f 1241//5037 1240//5037 2701//5037 
f 1242//5038 1241//5038 2701//5038 
f 1242//5039 2701//5039 2702//5039 
f 1243//5040 1242//5040 2702//5040 
f 1243//5041 2702//5041 2703//5041 
f 1244//5042 1243//5042 2703//5042 
f 1244//5043 2703//5043 2704//5043 
f 1245//5044 1244//5044 2704//5044 
f 1246//5045 1245//5045 2704//5045 
f 1246//5046 2704//5046 2705//5046 
f 1247//5047 2705//5047 2706//5047 
f 1247//5048 1246//5048 2705//5048 
f 1221//5049 1247//5049 2706//5049 
f 1222//5050 2706//5050 2707//5050 
f 1222//5051 1221//5051 2706//5051 
f 1223//5052 2707//5052 2708//5052 
f 1223//5053 1222//5053 2707//5053 
f 1224//5054 1223//5054 2708//5054 
f 1225//5055 2708//5055 2709//5055 
f 1225//5056 1224//5056 2708//5056 
f 1226//5057 2709//5057 2710//5057 
f 1226//5058 1225//5058 2709//5058 
f 1227//5059 2710//5059 2711//5059 
f 1227//5060 1226//5060 2710//5060 
f 1228//5061 1227//5061 2711//5061 
f 1229//5062 2711//5062 2712//5062 
f 1229//5063 1228//5063 2711//5063 
f 1230//5064 2712//5064 2713//5064 
f 1230//5065 1229//5065 2712//5065 
f 948//5066 1230//5066 2713//5066 
f 951//5067 948//5067 2713//5067 
f 951//5068 2713//5068 2714//5068 
f 952//5069 951//5069 2714//5069 
f 952//5070 2714//5070 2715//5070 
f 953//5071 952//5071 2715//5071 
f 954//5072 953//5072 2715//5072 
f 954//5073 2715//5073 2716//5073 
f 955//5074 954//5074 2716//5074 
f 955//5075 2716//5075 2717//5075 
f 956//5076 955//5076 2717//5076 
f 957//5077 956//5077 2717//5077 
f 957//5078 2717//5078 2718//5078 
f 958//5079 957//5079 2718//5079 
f 959//5080 958//5080 2718//5080 
f 959//5081 2718//5081 2719//5081 
f 979//5082 959//5082 2719//5082 
f 979//5083 2719//5083 2720//5083 
f 980//5084 979//5084 2720//5084 
f 981//5085 980//5085 2720//5085 
f 981//5086 2720//5086 2721//5086 
f 982//5087 981//5087 2721//5087 
f 982//5088 2721//5088 2722//5088 
f 983//5089 982//5089 2722//5089 
f 984//5090 983//5090 2722//5090 
f 984//5091 2722//5091 2723//5091 
f 985//5092 984//5092 2723//5092 
f 985//5093 2723//5093 2724//5093 
f 986//5094 985//5094 2724//5094 
f 987//5095 986//5095 2724//5095 
f 987//5096 2724//5096 2725//5096 
f 988//5097 987//5097 2725//5097 
f 988//5098 2725//5098 2726//5098 
f 989//5099 988//5099 2726//5099 
f 990//5100 989//5100 2726//5100 
f 990//5101 2726//5101 2727//5101 
f 991//5102 990//5102 2727//5102 
f 991//5103 2727//5103 2728//5103 
f 1001//5104 991//5104 2728//5104 
f 1002//5105 1001//5105 2728//5105 
f 1002//5106 2728//5106 2729//5106 
f 1003//5107 1002//5107 2729//5107 
f 1003//5108 2729//5108 2730//5108 
f 1004//5109 1003//5109 2730//5109 
f 1008//5110 2730//5110 2731//5110 
f 1008//5111 1004//5111 2730//5111 
f 1009//5112 2731//5112 2732//5112 
f 1009//5113 1008//5113 2731//5113 
f 1010//5114 1009//5114 2732//5114 
f 1175//5115 1010//5115 2732//5115 
f 1175//5116 2732//5116 2733//5116 
f 1167//5117 1175//5117 2733//5117 
f 1167//5118 2733//5118 2734//5118 
f 1168//5119 1167//5119 2734//5119 
f 1168//5120 2734//5120 2735//5120 
f 1129//5121 1168//5121 2735//5121 
f 1130//5122 1129//5122 2735//5122 
f 1130//5123 2735//5123 2736//5123 
f 1131//5124 1130//5124 2736//5124 
f 1131//5125 2736//5125 2737//5125 
f 1132//5126 1131//5126 2737//5126 
f 1133//5127 1132//5127 2737//5127 
f 1133//5128 2737//5128 2738//5128 
f 1134//5129 1133//5129 2738//5129 
f 1134//5130 2738//5130 2739//5130 
f 1135//5131 1134//5131 2739//5131 
f 1135//5132 2739//5132 2740//5132 
f 1136//5133 1135//5133 2740//5133 
f 1137//5134 2740//5134 2741//5134 
f 1137//5135 1136//5135 2740//5135 
f 1138//5136 2741//5136 2742//5136 
f 1138//5137 1137//5137 2741//5137 
f 1172//5138 2742//5138 2743//5138 
f 1172//5139 1138//5139 2742//5139 
f 1173//5140 1172//5140 2743//5140 
f 1159//5141 2743//5141 2744//5141 
f 1159//5142 1173//5142 2743//5142 
f 1160//5143 2744//5143 2745//5143 
f 1160//5144 1159//5144 2744//5144 
f 1161//5145 2745//5145 2746//5145 
f 1161//5146 1160//5146 2745//5146 
f 1162//5147 2746//5147 2747//5147 
f 1162//5148 1161//5148 2746//5148 
f 1163//5149 1162//5149 2747//5149 
f 1164//5150 2747//5150 2748//5150 
f 1164//5151 1163//5151 2747//5151 
f 1165//5152 2748//5152 2749//5152 
f 1165//5153 1164//5153 2748//5153 
f 1115//5154 2749//5154 2750//5154 
f 1115//5155 1165//5155 2749//5155 
f 1116//5156 2750//5156 2751//5156 
f 1116//5157 1115//5157 2750//5157 
f 1117//5158 1116//5158 2751//5158 
f 1118//5159 2751//5159 2752//5159 
f 1118//5160 1117//5160 2751//5160 
f 1119//5161 2752//5161 2753//5161 
f 1119//5162 1118//5162 2752//5162 
f 1120//5163 2753//5163 2754//5163 
f 1120//5164 1119//5164 2753//5164 
f 1121//5165 1120//5165 2754//5165 
f 1122//5166 1121//5166 2754//5166 
f 1122//5167 2754//5167 2755//5167 
f 1123//5168 1122//5168 2755//5168 
f 1123//5169 2755//5169 2756//5169 
f 1124//5170 1123//5170 2756//5170 
f 1124//5171 2756//5171 2757//5171 
f 1125//5172 1124//5172 2757//5172 
f 1125//5173 2757//5173 2758//5173 
f 1126//5174 1125//5174 2758//5174 
f 1127//5175 2758//5175 2759//5175 
f 1127//5176 1126//5176 2758//5176 
f 1189//5177 2759//5177 2760//5177 
f 1189//5178 1127//5178 2759//5178 
f 1190//5179 2760//5179 2761//5179 
f 1190//5180 1189//5180 2760//5180 
f 1191//5181 1190//5181 2761//5181 
f 1192//5182 2761//5182 2762//5182 
f 1192//5183 1191//5183 2761//5183 
f 1193//5184 2762//5184 2763//5184 
f 1193//5185 1192//5185 2762//5185 
f 1194//5186 2763//5186 2764//5186 
f 1194//5187 1193//5187 2763//5187 
f 1195//5188 1194//5188 2764//5188 
f 1196//5189 2764//5189 2765//5189 
f 1196//5190 1195//5190 2764//5190 
f 1197//5191 2765//5191 2766//5191 
f 1197//5192 1196//5192 2765//5192 
f 1198//5193 1197//5193 2766//5193 
f 1199//5194 2766//5194 2641//5194 
f 1199//5195 1198//5195 2766//5195 
f 1185//5196 1199//5196 2641//5196 
f 917//5197 1249//5197 2767//5197 
f 917//5198 2767//5198 2608//5198 
f 2768//5199 2769//5199 2770//5199 
f 2771//5200 2768//5200 2770//5200 
f 2772//5201 2770//5201 2773//5201 
f 2772//5202 2771//5202 2770//5202 
f 2774//5203 2773//5203 2775//5203 
f 2774//5204 2775//5204 2776//5204 
f 2774//5205 2772//5205 2773//5205 
f 2777//5206 2776//5206 2778//5206 
f 2777//5207 2774//5207 2776//5207 
f 2779//5208 2777//5208 2778//5208 
f 2780//5209 2778//5209 2781//5209 
f 2780//5210 2781//5210 2782//5210 
f 2780//5211 2779//5211 2778//5211 
f 2783//5212 2780//5212 2782//5212 
f 2784//5213 2783//5213 2782//5213 
f 2784//5214 2782//5214 2785//5214 
f 2784//5215 2785//5215 2786//5215 
f 2787//5216 2784//5216 2786//5216 
f 1311//5217 2787//5217 2786//5217 
f 1311//5218 2786//5218 2788//5218 
f 1323//5219 2788//5219 2789//5219 
f 1323//5220 1311//5220 2788//5220 
f 1324//5221 2789//5221 2790//5221 
f 1324//5222 1323//5222 2789//5222 
f 1334//5223 2790//5223 2791//5223 
f 1334//5224 1324//5224 2790//5224 
f 1342//5225 2791//5225 2792//5225 
f 1342//5226 1334//5226 2791//5226 
f 1344//5227 2792//5227 2793//5227 
f 1344//5228 1342//5228 2792//5228 
f 1484//5229 2793//5229 2794//5229 
f 1484//5230 1344//5230 2793//5230 
f 1485//5231 2794//5231 2795//5231 
f 1485//5232 2795//5232 2796//5232 
f 1485//5233 1484//5233 2794//5233 
f 1486//5234 1485//5234 2796//5234 
f 1487//5235 2796//5235 2797//5235 
f 1487//5236 1486//5236 2796//5236 
f 1488//5237 2797//5237 2798//5237 
f 1488//5238 1487//5238 2797//5238 
f 1489//5239 2798//5239 2799//5239 
f 1489//5240 1488//5240 2798//5240 
f 1546//5241 2799//5241 2800//5241 
f 1546//5242 1489//5242 2799//5242 
f 1547//5243 2800//5243 2801//5243 
f 1547//5244 1546//5244 2800//5244 
f 1548//5245 2801//5245 2802//5245 
f 1548//5246 1547//5246 2801//5246 
f 1550//5247 2802//5247 2803//5247 
f 1550//5248 1548//5248 2802//5248 
f 1551//5249 2803//5249 2804//5249 
f 1551//5250 1550//5250 2803//5250 
f 1552//5251 2804//5251 2805//5251 
f 1552//5252 1551//5252 2804//5252 
f 1553//5253 2805//5253 2806//5253 
f 1553//5254 1552//5254 2805//5254 
f 1554//5255 2806//5255 2807//5255 
f 1554//5256 1553//5256 2806//5256 
f 1291//5257 2807//5257 2808//5257 
f 1291//5258 1554//5258 2807//5258 
f 1292//5259 2808//5259 2809//5259 
f 1292//5260 2809//5260 2767//5260 
f 1292//5261 1291//5261 2808//5261 
f 1249//5262 1292//5262 2767//5262 
f 2810//5263 3//5263 1639//5263 
f 2810//5264 1639//5264 2768//5264 
f 2811//5265 2768//5265 2771//5265 
f 2811//5266 2771//5266 2772//5266 
f 2811//5267 2772//5267 2774//5267 
f 2811//5268 2774//5268 2777//5268 
f 2811//5269 2777//5269 2779//5269 
f 2811//5270 2810//5270 2768//5270 
f 2812//5271 2779//5271 2780//5271 
f 2812//5272 2810//5272 2811//5272 
f 2812//5273 2811//5273 2779//5273 
f 2813//5274 2780//5274 2783//5274 
f 2813//5275 2783//5275 2784//5275 
f 2813//5276 2784//5276 2787//5276 
f 2813//5277 2787//5277 1311//5277 
f 2813//5278 1311//5278 3//5278 
f 2813//5279 3//5279 2810//5279 
f 2813//5280 2812//5280 2780//5280 
f 2813//5281 2810//5281 2812//5281 
f 1420//5282 1419//5282 2814//5282 
f 1420//5283 2814//5283 2815//5283 
f 1421//5284 2815//5284 2816//5284 
f 1421//5285 2816//5285 2817//5285 
f 1421//5286 1420//5286 2815//5286 
f 1422//5287 2817//5287 2818//5287 
f 1422//5288 1421//5288 2817//5288 
f 1423//5289 2818//5289 2819//5289 
f 1423//5290 1422//5290 2818//5290 
f 1424//5291 1423//5291 2819//5291 
f 1424//5292 2819//5292 2820//5292 
f 1425//5293 1424//5293 2820//5293 
f 1425//5294 2820//5294 2821//5294 
f 1426//5295 1425//5295 2821//5295 
f 1426//5296 2821//5296 2822//5296 
f 1427//5297 2822//5297 2823//5297 
f 1427//5298 1426//5298 2822//5298 
f 1428//5299 2823//5299 2824//5299 
f 1428//5300 1427//5300 2823//5300 
f 1429//5301 2824//5301 2825//5301 
f 1429//5302 1428//5302 2824//5302 
f 1430//5303 1429//5303 2825//5303 
f 1431//5304 2825//5304 2826//5304 
f 1431//5305 1430//5305 2825//5305 
f 1308//5306 2826//5306 2827//5306 
f 1308//5307 1431//5307 2826//5307 
f 1307//5308 2827//5308 2828//5308 
f 1307//5309 1308//5309 2827//5309 
f 1306//5310 2828//5310 2829//5310 
f 1306//5311 1307//5311 2828//5311 
f 1305//5312 2829//5312 2830//5312 
f 1305//5313 1306//5313 2829//5313 
f 1304//5314 2830//5314 2831//5314 
f 1304//5315 1305//5315 2830//5315 
f 1303//5316 2831//5316 2832//5316 
f 1303//5317 1304//5317 2831//5317 
f 1302//5318 2832//5318 2833//5318 
f 1302//5319 1303//5319 2832//5319 
f 1301//5320 2833//5320 2834//5320 
f 1301//5321 1302//5321 2833//5321 
f 1300//5322 2834//5322 2835//5322 
f 1300//5323 1301//5323 2834//5323 
f 1299//5324 1300//5324 2835//5324 
f 1298//5325 2835//5325 2836//5325 
f 1298//5326 1299//5326 2835//5326 
f 1297//5327 2836//5327 2837//5327 
f 1297//5328 1298//5328 2836//5328 
f 1296//5329 2837//5329 2838//5329 
f 1296//5330 1297//5330 2837//5330 
f 1295//5331 2838//5331 2839//5331 
f 1295//5332 1296//5332 2838//5332 
f 1294//5333 2839//5333 2840//5333 
f 1294//5334 1295//5334 2839//5334 
f 1290//5335 2840//5335 2841//5335 
f 1290//5336 1294//5336 2840//5336 
f 1293//5337 1290//5337 2841//5337 
f 1555//5338 2841//5338 2842//5338 
f 1555//5339 1293//5339 2841//5339 
f 1556//5340 2842//5340 2843//5340 
f 1556//5341 1555//5341 2842//5341 
f 1557//5342 2843//5342 2844//5342 
f 1557//5343 1556//5343 2843//5343 
f 1558//5344 1557//5344 2844//5344 
f 1558//5345 2844//5345 2845//5345 
f 1502//5346 1558//5346 2845//5346 
f 1503//5347 1502//5347 2845//5347 
f 1503//5348 2845//5348 2846//5348 
f 1504//5349 1503//5349 2846//5349 
f 1504//5350 2846//5350 2847//5350 
f 1505//5351 1504//5351 2847//5351 
f 1505//5352 2847//5352 2848//5352 
f 1506//5353 1505//5353 2848//5353 
f 1507//5354 1506//5354 2848//5354 
f 1507//5355 2848//5355 2849//5355 
f 1508//5356 1507//5356 2849//5356 
f 1508//5357 2849//5357 2850//5357 
f 1509//5358 1508//5358 2850//5358 
f 1509//5359 2850//5359 2851//5359 
f 1510//5360 2851//5360 2852//5360 
f 1510//5361 1509//5361 2851//5361 
f 1511//5362 1510//5362 2852//5362 
f 1512//5363 2852//5363 2853//5363 
f 1512//5364 1511//5364 2852//5364 
f 1513//5365 2853//5365 2854//5365 
f 1513//5366 1512//5366 2853//5366 
f 1514//5367 1513//5367 2854//5367 
f 1515//5368 2854//5368 2855//5368 
f 1515//5369 1514//5369 2854//5369 
f 1516//5370 2855//5370 2856//5370 
f 1516//5371 1515//5371 2855//5371 
f 1517//5372 2856//5372 2857//5372 
f 1517//5373 1516//5373 2856//5373 
f 1518//5374 1517//5374 2857//5374 
f 1519//5375 2857//5375 2858//5375 
f 1519//5376 1518//5376 2857//5376 
f 1520//5377 2858//5377 2859//5377 
f 1520//5378 1519//5378 2858//5378 
f 1521//5379 2859//5379 2860//5379 
f 1521//5380 1520//5380 2859//5380 
f 1491//5381 1521//5381 2860//5381 
f 1492//5382 2860//5382 2861//5382 
f 1492//5383 1491//5383 2860//5383 
f 1493//5384 2861//5384 2862//5384 
f 1493//5385 1492//5385 2861//5385 
f 1494//5386 1493//5386 2862//5386 
f 1495//5387 2862//5387 2863//5387 
f 1495//5388 1494//5388 2862//5388 
f 1496//5389 2863//5389 2864//5389 
f 1496//5390 1495//5390 2863//5390 
f 1497//5391 2864//5391 2865//5391 
f 1497//5392 1496//5392 2864//5392 
f 1349//5393 1497//5393 2865//5393 
f 1350//5394 1349//5394 2865//5394 
f 1350//5395 2865//5395 2866//5395 
f 1351//5396 1350//5396 2866//5396 
f 1351//5397 2866//5397 2867//5397 
f 1352//5398 1351//5398 2867//5398 
f 1352//5399 2867//5399 2868//5399 
f 1353//5400 1352//5400 2868//5400 
f 1354//5401 1353//5401 2868//5401 
f 1354//5402 2868//5402 2869//5402 
f 1560//5403 1354//5403 2869//5403 
f 1560//5404 2869//5404 2870//5404 
f 1561//5405 1560//5405 2870//5405 
f 1562//5406 1561//5406 2870//5406 
f 1562//5407 2870//5407 2871//5407 
f 1563//5408 1562//5408 2871//5408 
f 1563//5409 2871//5409 2872//5409 
f 1577//5410 1563//5410 2872//5410 
f 1577//5411 2872//5411 2873//5411 
f 1584//5412 1577//5412 2873//5412 
f 1584//5413 2873//5413 2874//5413 
f 1601//5414 1584//5414 2874//5414 
f 1601//5415 2874//5415 2875//5415 
f 1602//5416 1601//5416 2875//5416 
f 1602//5417 2875//5417 2876//5417 
f 1593//5418 1602//5418 2876//5418 
f 1593//5419 2876//5419 2877//5419 
f 1594//5420 1593//5420 2877//5420 
f 1594//5421 2877//5421 2878//5421 
f 1595//5422 1594//5422 2878//5422 
f 1595//5423 2878//5423 2879//5423 
f 1596//5424 1595//5424 2879//5424 
f 1596//5425 2879//5425 2880//5425 
f 1597//5426 2880//5426 2881//5426 
f 1597//5427 1596//5427 2880//5427 
f 1598//5428 2881//5428 2882//5428 
f 1598//5429 1597//5429 2881//5429 
f 1599//5430 2882//5430 2883//5430 
f 1599//5431 1598//5431 2882//5431 
f 1600//5432 2883//5432 2884//5432 
f 1600//5433 1599//5433 2883//5433 
f 1523//5434 2884//5434 2885//5434 
f 1523//5435 1600//5435 2884//5435 
f 1524//5436 2885//5436 2886//5436 
f 1524//5437 1523//5437 2885//5437 
f 1525//5438 2886//5438 2887//5438 
f 1525//5439 1524//5439 2886//5439 
f 1526//5440 2887//5440 2888//5440 
f 1526//5441 1525//5441 2887//5441 
f 1527//5442 1526//5442 2888//5442 
f 1527//5443 2888//5443 2889//5443 
f 1527//5444 2889//5444 2890//5444 
f 1528//5445 2890//5445 2891//5445 
f 1528//5446 1527//5446 2890//5446 
f 1529//5447 1528//5447 2891//5447 
f 1530//5448 1529//5448 2891//5448 
f 1530//5449 2891//5449 2892//5449 
f 1531//5450 1530//5450 2892//5450 
f 1531//5451 2892//5451 2893//5451 
f 1532//5452 1531//5452 2893//5452 
f 1532//5453 2893//5453 2894//5453 
f 1533//5454 1532//5454 2894//5454 
f 1533//5455 2894//5455 2895//5455 
f 1566//5456 1533//5456 2895//5456 
f 1566//5457 2895//5457 2896//5457 
f 1567//5458 1566//5458 2896//5458 
f 1567//5459 2896//5459 2897//5459 
f 1568//5460 1567//5460 2897//5460 
f 1568//5461 2897//5461 2898//5461 
f 1569//5462 1568//5462 2898//5462 
f 1569//5463 2898//5463 2899//5463 
f 1570//5464 1569//5464 2899//5464 
f 1571//5465 1570//5465 2899//5465 
f 1571//5466 2899//5466 2900//5466 
f 1572//5467 1571//5467 2900//5467 
f 1572//5468 2900//5468 2901//5468 
f 1580//5469 1572//5469 2901//5469 
f 1580//5470 2901//5470 2902//5470 
f 1535//5471 1580//5471 2902//5471 
f 1535//5472 2902//5472 2903//5472 
f 1536//5473 1535//5473 2903//5473 
f 1536//5474 2903//5474 2904//5474 
f 1537//5475 1536//5475 2904//5475 
f 1537//5476 2904//5476 2905//5476 
f 1538//5477 1537//5477 2905//5477 
f 1539//5478 1538//5478 2905//5478 
f 1539//5479 2905//5479 2906//5479 
f 1540//5480 1539//5480 2906//5480 
f 1540//5481 2906//5481 2907//5481 
f 1541//5482 1540//5482 2907//5482 
f 1541//5483 2907//5483 2908//5483 
f 1542//5484 1541//5484 2908//5484 
f 1542//5485 2908//5485 2909//5485 
f 1543//5486 1542//5486 2909//5486 
f 1574//5487 1543//5487 2909//5487 
f 1574//5488 2909//5488 2910//5488 
f 1575//5489 2910//5489 2911//5489 
f 1575//5490 1574//5490 2910//5490 
f 1582//5491 1575//5491 2911//5491 
f 1582//5492 2911//5492 2912//5492 
f 1356//5493 1582//5493 2912//5493 
f 1356//5494 2912//5494 2913//5494 
f 1357//5495 1356//5495 2913//5495 
f 1358//5496 2913//5496 2914//5496 
f 1358//5497 1357//5497 2913//5497 
f 1393//5498 2914//5498 2915//5498 
f 1393//5499 1358//5499 2914//5499 
f 1394//5500 2915//5500 2916//5500 
f 1394//5501 1393//5501 2915//5501 
f 1395//5502 1394//5502 2916//5502 
f 1396//5503 2916//5503 2917//5503 
f 1396//5504 1395//5504 2916//5504 
f 1398//5505 2917//5505 2918//5505 
f 1398//5506 1396//5506 2917//5506 
f 1399//5507 2918//5507 2919//5507 
f 1399//5508 1398//5508 2918//5508 
f 1400//5509 1399//5509 2919//5509 
f 1401//5510 2919//5510 2920//5510 
f 1401//5511 1400//5511 2919//5511 
f 1402//5512 2920//5512 2921//5512 
f 1402//5513 1401//5513 2920//5513 
f 1403//5514 2921//5514 2922//5514 
f 1403//5515 1402//5515 2921//5515 
f 1404//5516 1403//5516 2922//5516 
f 1405//5517 2922//5517 2923//5517 
f 1405//5518 1404//5518 2922//5518 
f 1406//5519 2923//5519 2924//5519 
f 1406//5520 1405//5520 2923//5520 
f 1407//5521 2924//5521 2925//5521 
f 1407//5522 1406//5522 2924//5522 
f 1408//5523 1407//5523 2925//5523 
f 1410//5524 2925//5524 2926//5524 
f 1410//5525 1408//5525 2925//5525 
f 1411//5526 2926//5526 2927//5526 
f 1411//5527 1410//5527 2926//5527 
f 1412//5528 1411//5528 2927//5528 
f 1413//5529 2927//5529 2928//5529 
f 1413//5530 1412//5530 2927//5530 
f 1414//5531 2928//5531 2929//5531 
f 1414//5532 1413//5532 2928//5532 
f 1415//5533 2929//5533 2930//5533 
f 1415//5534 1414//5534 2929//5534 
f 1416//5535 1415//5535 2930//5535 
f 1417//5536 2930//5536 2931//5536 
f 1417//5537 1416//5537 2930//5537 
f 1432//5538 2931//5538 2932//5538 
f 1432//5539 1417//5539 2931//5539 
f 1433//5540 2932//5540 2933//5540 
f 1433//5541 1432//5541 2932//5541 
f 1434//5542 1433//5542 2933//5542 
f 1435//5543 1434//5543 2933//5543 
f 1435//5544 2933//5544 2934//5544 
f 1436//5545 1435//5545 2934//5545 
f 1436//5546 2934//5546 2935//5546 
f 1437//5547 1436//5547 2935//5547 
f 1437//5548 2935//5548 2936//5548 
f 1438//5549 1437//5549 2936//5549 
f 1439//5550 1438//5550 2936//5550 
f 1439//5551 2936//5551 2937//5551 
f 1440//5552 1439//5552 2937//5552 
f 1440//5553 2937//5553 2938//5553 
f 1441//5554 2938//5554 2939//5554 
f 1441//5555 1440//5555 2938//5555 
f 1442//5556 1441//5556 2939//5556 
f 1443//5557 2939//5557 2814//5557 
f 1443//5558 1442//5558 2939//5558 
f 1419//5559 1443//5559 2814//5559 
f 2940//5560 2941//5560 2942//5560 
f 2943//5561 2944//5561 2768//5561 
f 2943//5562 2941//5562 2944//5562 
f 2943//5563 2942//5563 2941//5563 
f 2945//5564 1639//5564 1636//5564 
f 2945//5565 2940//5565 2942//5565 
f 2945//5566 1636//5566 2940//5566 
f 2945//5567 2942//5567 2943//5567 
f 2946//5568 2944//5568 2941//5568 
f 2946//5569 2941//5569 2947//5569 
f 2948//5570 2940//5570 2949//5570 
f 2950//5571 2943//5571 2768//5571 
f 2950//5572 2951//5572 2943//5572 
f 2952//5573 2945//5573 2953//5573 
f 2954//5574 2944//5574 2946//5574 
f 2955//5575 2946//5575 2947//5575 
f 2955//5576 2947//5576 2948//5576 
f 2955//5577 2948//5577 2949//5577 
f 2955//5578 2949//5578 2954//5578 
f 2955//5579 2954//5579 2946//5579 
f 2956//5580 2940//5580 1636//5580 
f 2956//5581 2949//5581 2940//5581 
f 2957//5582 2941//5582 2940//5582 
f 2957//5583 2947//5583 2941//5583 
f 2957//5584 2940//5584 2948//5584 
f 2957//5585 2948//5585 2947//5585 
f 2958//5586 2945//5586 2943//5586 
f 2958//5587 2943//5587 2951//5587 
f 2958//5588 2953//5588 2945//5588 
f 2958//5589 2951//5589 2953//5589 
f 2959//5590 2953//5590 2951//5590 
f 2959//5591 2951//5591 2950//5591 
f 2959//5592 2952//5592 2953//5592 
f 2960//5593 2950//5593 2768//5593 
f 2960//5594 2959//5594 2950//5594 
f 2960//5595 2952//5595 2959//5595 
f 2961//5596 1639//5596 2945//5596 
f 2961//5597 2945//5597 2952//5597 
f 2962//5598 1636//5598 2944//5598 
f 2962//5599 2944//5599 2954//5599 
f 2962//5600 2954//5600 2949//5600 
f 2962//5601 2956//5601 1636//5601 
f 2962//5602 2949//5602 2956//5602 
f 2963//5603 2768//5603 1639//5603 
f 2963//5604 2960//5604 2768//5604 
f 2963//5605 1639//5605 2961//5605 
f 2963//5606 2952//5606 2960//5606 
f 2963//5607 2961//5607 2952//5607 
f 2964//5608 2965//5608 2966//5608 
f 2964//5609 1638//5609 2965//5609 
f 2967//5610 2964//5610 2966//5610 
f 2968//5611 2966//5611 2969//5611 
f 2968//5612 2967//5612 2966//5612 
f 2970//5613 2968//5613 2969//5613 
f 2971//5614 2969//5614 2972//5614 
f 2971//5615 2972//5615 2973//5615 
f 2971//5616 2973//5616 2974//5616 
f 2971//5617 2974//5617 2975//5617 
f 2971//5618 2975//5618 2976//5618 
f 2971//5619 2976//5619 2977//5619 
f 2971//5620 2977//5620 2978//5620 
f 2971//5621 2978//5621 2944//5621 
f 2971//5622 2970//5622 2969//5622 
f 2979//5623 2944//5623 1636//5623 
f 2979//5624 1636//5624 1638//5624 
f 2979//5625 1638//5625 2964//5625 
f 2979//5626 2967//5626 2968//5626 
f 2979//5627 2971//5627 2944//5627 
f 2979//5628 2968//5628 2970//5628 
f 2979//5629 2964//5629 2967//5629 
f 2979//5630 2970//5630 2971//5630 
f 2980//5631 2981//5631 2982//5631 
f 2983//5632 2980//5632 2982//5632 
f 2984//5633 2982//5633 2985//5633 
f 2984//5634 2983//5634 2982//5634 
f 2986//5635 2985//5635 2987//5635 
f 2986//5636 2984//5636 2985//5636 
f 2988//5637 2986//5637 2987//5637 
f 2989//5638 2988//5638 2987//5638 
f 2990//5639 2989//5639 2987//5639 
f 2991//5640 2990//5640 2987//5640 
f 2992//5641 2991//5641 2987//5641 
f 2993//5642 2992//5642 2987//5642 
f 2994//5643 2993//5643 2987//5643 
f 2995//5644 2994//5644 2987//5644 
f 2996//5645 2995//5645 2987//5645 
f 2997//5646 2996//5646 2987//5646 
f 2998//5647 2997//5647 2987//5647 
f 2999//5648 2998//5648 2987//5648 
f 3000//5649 2999//5649 2987//5649 
f 3001//5650 3000//5650 2987//5650 
f 3002//5651 3001//5651 2987//5651 
f 3003//5652 3004//5652 2607//5652 
f 3005//5653 2607//5653 3004//5653 
f 3006//5654 2607//5654 3005//5654 
f 3007//5655 3003//5655 2607//5655 
f 3008//5656 2607//5656 3006//5656 
f 3009//5657 2607//5657 3008//5657 
f 3010//5658 3007//5658 2607//5658 
f 3011//5659 2607//5659 3009//5659 
f 3012//5660 3010//5660 2607//5660 
f 3013//5661 2607//5661 3011//5661 
f 3014//5662 3012//5662 2607//5662 
f 3015//5663 2607//5663 3013//5663 
f 3016//5664 2607//5664 3017//5664 
f 3016//5665 3017//5665 3018//5665 
f 3016//5666 3014//5666 2607//5666 
f 3019//5667 2607//5667 3015//5667 
f 3020//5668 2607//5668 3019//5668 
f 3021//5669 2607//5669 3020//5669 
f 3022//5670 2607//5670 3021//5670 
f 3023//5671 2607//5671 3022//5671 
f 3024//5672 3014//5672 3016//5672 
f 3024//5673 3012//5673 3014//5673 
f 3024//5674 3007//5674 3010//5674 
f 3024//5675 3005//5675 3004//5675 
f 3024//5676 3015//5676 3013//5676 
f 3024//5677 3004//5677 3003//5677 
f 3024//5678 3011//5678 3009//5678 
f 3024//5679 3010//5679 3012//5679 
f 3024//5680 3009//5680 3008//5680 
f 3024//5681 3008//5681 3006//5681 
f 3024//5682 3003//5682 3007//5682 
f 3024//5683 3006//5683 3005//5683 
f 3024//5684 3019//5684 3015//5684 
f 3024//5685 3013//5685 3011//5685 
f 3025//5686 2607//5686 3023//5686 
f 3026//5687 3024//5687 3016//5687 
f 3027//5688 3018//5688 3028//5688 
f 3027//5689 3016//5689 3018//5689 
f 3027//5690 3026//5690 3016//5690 
f 3029//5691 2607//5691 3025//5691 
f 3030//5692 2607//5692 3029//5692 
f 3031//5693 2607//5693 3030//5693 
f 3032//5694 3026//5694 3027//5694 
f 3032//5695 3024//5695 3026//5695 
f 3033//5696 2607//5696 3031//5696 
f 3034//5697 3032//5697 3027//5697 
f 3035//5698 3028//5698 3036//5698 
f 3035//5699 3034//5699 3027//5699 
f 3035//5700 3027//5700 3028//5700 
f 3037//5701 3038//5701 3039//5701 
f 3037//5702 3039//5702 3040//5702 
f 3037//5703 3040//5703 3041//5703 
f 3042//5704 3043//5704 3044//5704 
f 3042//5705 3045//5705 3043//5705 
f 3046//5706 3042//5706 3044//5706 
f 3046//5707 3044//5707 3047//5707 
f 3048//5708 3047//5708 3049//5708 
f 3048//5709 3046//5709 3047//5709 
f 3050//5710 3048//5710 3049//5710 
f 3050//5711 3049//5711 3051//5711 
f 3052//5712 3050//5712 3051//5712 
f 3052//5713 3051//5713 3053//5713 
f 3054//5714 3053//5714 3055//5714 
f 3054//5715 3052//5715 3053//5715 
f 3056//5716 3054//5716 3055//5716 
f 3057//5717 3056//5717 3055//5717 
f 3057//5718 3055//5718 3058//5718 
f 3059//5719 3057//5719 3058//5719 
f 3059//5720 3058//5720 3060//5720 
f 3061//5721 3059//5721 3060//5721 
f 3061//5722 3060//5722 3062//5722 
f 3063//5723 3061//5723 3062//5723 
f 3063//5724 3062//5724 3064//5724 
f 3065//5725 3064//5725 3066//5725 
f 3065//5726 3063//5726 3064//5726 
f 3067//5727 3066//5727 3068//5727 
f 3067//5728 3065//5728 3066//5728 
f 3069//5729 3067//5729 3068//5729 
f 3069//5730 3068//5730 3070//5730 
f 3071//5731 3070//5731 3072//5731 
f 3071//5732 3069//5732 3070//5732 
f 3073//5733 3072//5733 3074//5733 
f 3073//5734 3071//5734 3072//5734 
f 3075//5735 3073//5735 3074//5735 
f 3076//5736 3077//5736 3078//5736 
f 3076//5737 3078//5737 3079//5737 
f 3076//5738 3074//5738 3077//5738 
f 3076//5739 3041//5739 3080//5739 
f 3076//5740 3080//5740 3081//5740 
f 3076//5741 3081//5741 3082//5741 
f 3076//5742 3082//5742 3083//5742 
f 3076//5743 3075//5743 3074//5743 
f 3076//5744 3037//5744 3041//5744 
f 3076//5745 3079//5745 3037//5745 
f 3084//5746 3083//5746 3085//5746 
f 3084//5747 3085//5747 3086//5747 
f 3084//5748 3086//5748 3087//5748 
f 3084//5749 3087//5749 3088//5749 
f 3084//5750 3088//5750 3089//5750 
f 3084//5751 3089//5751 3090//5751 
f 3084//5752 3090//5752 3091//5752 
f 3084//5753 3091//5753 3092//5753 
f 3084//5754 3092//5754 3093//5754 
f 3084//5755 3076//5755 3083//5755 
f 3084//5756 3093//5756 3094//5756 
f 3084//5757 3094//5757 3095//5757 
f 3084//5758 3095//5758 3096//5758 
f 3084//5759 3096//5759 3097//5759 
f 3098//5760 3084//5760 3097//5760 
f 3098//5761 3097//5761 3099//5761 
f 3098//5762 3099//5762 3100//5762 
f 3098//5763 3100//5763 3101//5763 
f 3098//5764 3101//5764 3102//5764 
f 3098//5765 3102//5765 3103//5765 
f 3098//5766 3103//5766 3104//5766 
f 3098//5767 3104//5767 3105//5767 
f 3098//5768 3105//5768 3106//5768 
f 3098//5769 3106//5769 3107//5769 
f 3108//5770 3109//5770 3110//5770 
f 3108//5771 3110//5771 3111//5771 
f 3108//5772 3111//5772 3112//5772 
f 3108//5773 3112//5773 3113//5773 
f 3108//5774 3113//5774 3114//5774 
f 3108//5775 3002//5775 2987//5775 
f 3108//5776 3114//5776 3115//5776 
f 3108//5777 3115//5777 3116//5777 
f 3108//5778 3116//5778 3117//5778 
f 3108//5779 3117//5779 3118//5779 
f 3108//5780 3118//5780 3119//5780 
f 3108//5781 3119//5781 3120//5781 
f 3108//5782 3120//5782 3121//5782 
f 3108//5783 3121//5783 3122//5783 
f 3108//5784 3122//5784 3123//5784 
f 3108//5785 3123//5785 3124//5785 
f 3108//5786 3124//5786 3125//5786 
f 3108//5787 3125//5787 3126//5787 
f 3108//5788 3126//5788 3127//5788 
f 3108//5789 3127//5789 3128//5789 
f 3108//5790 3128//5790 3129//5790 
f 3108//5791 3129//5791 3130//5791 
f 3108//5792 3130//5792 3131//5792 
f 3108//5793 3131//5793 3002//5793 
f 3108//5794 2987//5794 2209//5794 
f 3108//5795 3098//5795 3107//5795 
f 3108//5796 3107//5796 3132//5796 
f 3108//5797 3132//5797 3133//5797 
f 3108//5798 3133//5798 3134//5798 
f 3108//5799 3134//5799 3135//5799 
f 3108//5800 3135//5800 3136//5800 
f 3108//5801 3136//5801 3109//5801 
f 3137//5802 3098//5802 3108//5802 
f 3137//5803 3108//5803 2209//5803 
f 3138//5804 3098//5804 3137//5804 
f 3138//5805 3137//5805 2209//5805 
f 3139//5806 3098//5806 3138//5806 
f 3139//5807 3138//5807 2209//5807 
f 3140//5808 3098//5808 3139//5808 
f 3140//5809 3139//5809 2209//5809 
f 3141//5810 3098//5810 3140//5810 
f 3141//5811 3140//5811 2209//5811 
f 3142//5812 3084//5812 3098//5812 
f 3143//5813 3098//5813 3141//5813 
f 3143//5814 3141//5814 2209//5814 
f 3144//5815 3142//5815 3098//5815 
f 3144//5816 2209//5816 3142//5816 
f 3145//5817 3143//5817 2209//5817 
f 3145//5818 3098//5818 3143//5818 
f 3146//5819 2209//5819 3144//5819 
f 3146//5820 3144//5820 3098//5820 
f 3147//5821 3145//5821 2209//5821 
f 3147//5822 3098//5822 3145//5822 
f 3148//5823 2209//5823 3146//5823 
f 3148//5824 3146//5824 3098//5824 
f 3149//5825 3147//5825 2209//5825 
f 3149//5826 3098//5826 3147//5826 
f 3150//5827 2209//5827 3148//5827 
f 3150//5828 3148//5828 3098//5828 
f 3151//5829 3149//5829 2209//5829 
f 3151//5830 3098//5830 3149//5830 
f 3152//5831 2209//5831 3150//5831 
f 3152//5832 3150//5832 3098//5832 
f 3153//5833 3151//5833 2209//5833 
f 3153//5834 3098//5834 3151//5834 
f 3154//5835 2209//5835 3152//5835 
f 3154//5836 3152//5836 3098//5836 
f 3155//5837 3153//5837 2209//5837 
f 3155//5838 3098//5838 3153//5838 
f 3156//5839 2209//5839 3154//5839 
f 3156//5840 3154//5840 3098//5840 
f 3157//5841 3155//5841 2209//5841 
f 3157//5842 3098//5842 3155//5842 
f 3158//5843 2209//5843 3156//5843 
f 3158//5844 3156//5844 3098//5844 
f 3159//5845 2209//5845 3158//5845 
f 3159//5846 3158//5846 3098//5846 
f 3160//5847 3157//5847 2209//5847 
f 3160//5848 3098//5848 3157//5848 
f 3161//5849 2209//5849 3159//5849 
f 3161//5850 3159//5850 3098//5850 
f 3162//5851 3160//5851 2209//5851 
f 3162//5852 3098//5852 3160//5852 
f 3163//5853 2209//5853 3161//5853 
f 3163//5854 3161//5854 3098//5854 
f 3164//5855 3162//5855 2209//5855 
f 3164//5856 3098//5856 3162//5856 
f 3165//5857 2209//5857 3163//5857 
f 3165//5858 3163//5858 3098//5858 
f 3166//5859 3164//5859 2209//5859 
f 3166//5860 3098//5860 3164//5860 
f 3167//5861 2209//5861 3165//5861 
f 3167//5862 3165//5862 3098//5862 
f 3168//5863 3166//5863 2209//5863 
f 3168//5864 3098//5864 3166//5864 
f 3169//5865 2209//5865 3167//5865 
f 3169//5866 3167//5866 3098//5866 
f 3170//5867 3168//5867 2209//5867 
f 3170//5868 3098//5868 3168//5868 
f 3171//5869 2209//5869 3169//5869 
f 3171//5870 3169//5870 3098//5870 
f 3172//5871 3170//5871 2209//5871 
f 3172//5872 3098//5872 3170//5872 
f 3173//5873 2209//5873 3171//5873 
f 3173//5874 3171//5874 3098//5874 
f 3174//5875 3172//5875 2209//5875 
f 3174//5876 3098//5876 3172//5876 
f 3175//5877 2209//5877 3173//5877 
f 3175//5878 3173//5878 3098//5878 
f 3176//5879 3174//5879 2209//5879 
f 3176//5880 3098//5880 3174//5880 
f 3177//5881 2209//5881 3175//5881 
f 3177//5882 3175//5882 3098//5882 
f 3178//5883 3176//5883 2209//5883 
f 3178//5884 3098//5884 3176//5884 
f 3179//5885 2209//5885 3177//5885 
f 3179//5886 3177//5886 3098//5886 
f 3180//5887 3178//5887 2209//5887 
f 3180//5888 2209//5888 3179//5888 
f 3180//5889 3098//5889 3178//5889 
f 3180//5890 3179//5890 3098//5890 
f 3181//5891 3036//5891 3182//5891 
f 3181//5892 3182//5892 3183//5892 
f 3181//5893 3183//5893 3184//5893 
f 3181//5894 3184//5894 3185//5894 
f 3181//5895 3185//5895 3186//5895 
f 3181//5896 3186//5896 3187//5896 
f 3181//5897 3035//5897 3036//5897 
f 3188//5898 3189//5898 3190//5898 
f 3188//5899 3190//5899 3191//5899 
f 3188//5900 3191//5900 3192//5900 
f 3188//5901 3192//5901 3193//5901 
f 3188//5902 3193//5902 3194//5902 
f 3188//5903 3194//5903 3195//5903 
f 3196//5904 3030//5904 3029//5904 
f 3196//5905 3189//5905 3188//5905 
f 3196//5906 3197//5906 3198//5906 
f 3196//5907 3031//5907 3030//5907 
f 3196//5908 3021//5908 3020//5908 
f 3196//5909 3020//5909 3019//5909 
f 3196//5910 3188//5910 3199//5910 
f 3196//5911 3023//5911 3022//5911 
f 3196//5912 3029//5912 3025//5912 
f 3196//5913 3199//5913 3197//5913 
f 3196//5914 3022//5914 3021//5914 
f 3196//5915 3033//5915 3031//5915 
f 3196//5916 3200//5916 3201//5916 
f 3196//5917 3201//5917 3202//5917 
f 3196//5918 3202//5918 3203//5918 
f 3196//5919 3203//5919 3204//5919 
f 3196//5920 3204//5920 3205//5920 
f 3196//5921 3019//5921 3024//5921 
f 3196//5922 3205//5922 3206//5922 
f 3196//5923 3206//5923 3207//5923 
f 3196//5924 3207//5924 3189//5924 
f 3196//5925 3025//5925 3023//5925 
f 3196//5926 3198//5926 3033//5926 
f 3208//5927 3200//5927 3196//5927 
f 3208//5928 3196//5928 3024//5928 
f 3208//5929 3032//5929 3034//5929 
f 3208//5930 3034//5930 3035//5930 
f 3208//5931 3209//5931 3210//5931 
f 3208//5932 3210//5932 3200//5932 
f 3208//5933 3024//5933 3032//5933 
f 3211//5934 3209//5934 3208//5934 
f 3211//5935 3208//5935 3035//5935 
f 3212//5936 3209//5936 3211//5936 
f 3212//5937 3211//5937 3035//5937 
f 3213//5938 3212//5938 3035//5938 
f 3213//5939 3214//5939 3209//5939 
f 3213//5940 3209//5940 3212//5940 
f 3215//5941 3213//5941 3035//5941 
f 3215//5942 3214//5942 3213//5942 
f 3216//5943 3214//5943 3215//5943 
f 3216//5944 3215//5944 3035//5944 
f 3217//5945 3218//5945 3219//5945 
f 3217//5946 3219//5946 3220//5946 
f 3217//5947 3220//5947 3221//5947 
f 3217//5948 3221//5948 3222//5948 
f 3217//5949 3222//5949 3223//5949 
f 3217//5950 3223//5950 3224//5950 
f 3217//5951 3224//5951 3225//5951 
f 3217//5952 3214//5952 3216//5952 
f 3217//5953 3225//5953 3226//5953 
f 3217//5954 3226//5954 3227//5954 
f 3217//5955 3227//5955 3228//5955 
f 3217//5956 3216//5956 3035//5956 
f 3217//5957 3228//5957 3229//5957 
f 3217//5958 3229//5958 3230//5958 
f 3217//5959 3230//5959 3231//5959 
f 3217//5960 3231//5960 3232//5960 
f 3217//5961 3232//5961 3233//5961 
f 3217//5962 3233//5962 3234//5962 
f 3217//5963 3234//5963 3235//5963 
f 3217//5964 3235//5964 3236//5964 
f 3217//5965 3236//5965 3237//5965 
f 3217//5966 3237//5966 3214//5966 
f 3217//5967 3035//5967 3181//5967 
f 3238//5968 3239//5968 3240//5968 
f 3238//5969 3240//5969 3241//5969 
f 3238//5970 3241//5970 3242//5970 
f 3238//5971 3242//5971 3243//5971 
f 3238//5972 3243//5972 3244//5972 
f 3238//5973 3244//5973 3245//5973 
f 3238//5974 3245//5974 3246//5974 
f 3238//5975 3246//5975 3247//5975 
f 3238//5976 3247//5976 3248//5976 
f 3238//5977 3248//5977 3249//5977 
f 3250//5978 3251//5978 3252//5978 
f 3250//5979 3252//5979 3253//5979 
f 3250//5980 3253//5980 3254//5980 
f 3250//5981 3254//5981 3255//5981 
f 3250//5982 3255//5982 3256//5982 
f 3250//5983 3256//5983 3257//5983 
f 3250//5984 3257//5984 3258//5984 
f 3250//5985 3258//5985 3259//5985 
f 3260//5986 3071//5986 3073//5986 
f 3260//5987 3084//5987 3142//5987 
f 3260//5988 3067//5988 3069//5988 
f 3260//5989 2209//5989 811//5989 
f 3260//5990 3063//5990 3065//5990 
f 3260//5991 3076//5991 3084//5991 
f 3260//5992 3073//5992 3075//5992 
f 3260//5993 3069//5993 3071//5993 
f 3260//5994 3075//5994 3076//5994 
f 3260//5995 3142//5995 2209//5995 
f 3260//5996 3065//5996 3067//5996 
f 3261//5997 3187//5997 3262//5997 
f 3261//5998 3262//5998 3263//5998 
f 3261//5999 3263//5999 3264//5999 
f 3261//6000 3181//6000 3187//6000 
f 3265//6001 3264//6001 3266//6001 
f 3265//6002 3266//6002 3267//6002 
f 3265//6003 3267//6003 3268//6003 
f 3265//6004 3268//6004 3269//6004 
f 3265//6005 3269//6005 3270//6005 
f 3265//6006 3270//6006 2981//6006 
f 3265//6007 2980//6007 3271//6007 
f 3265//6008 3271//6008 3272//6008 
f 3265//6009 3272//6009 3273//6009 
f 3265//6010 3273//6010 3274//6010 
f 3265//6011 3274//6011 3275//6011 
f 3265//6012 3275//6012 3218//6012 
f 3265//6013 3218//6013 3217//6013 
f 3265//6014 3217//6014 3181//6014 
f 3265//6015 2981//6015 2980//6015 
f 3265//6016 3181//6016 3261//6016 
f 3265//6017 3261//6017 3264//6017 
f 3276//6018 3198//6018 3197//6018 
f 3276//6019 2607//6019 3033//6019 
f 3276//6020 3199//6020 3188//6020 
f 3276//6021 3197//6021 3199//6021 
f 3276//6022 3033//6022 3198//6022 
f 3277//6023 3074//6023 3072//6023 
f 3277//6024 3049//6024 3047//6024 
f 3277//6025 3068//6025 3066//6025 
f 3277//6026 3078//6026 3077//6026 
f 3277//6027 3072//6027 3070//6027 
f 3277//6028 3058//6028 3055//6028 
f 3277//6029 3079//6029 3078//6029 
f 3277//6030 3077//6030 3074//6030 
f 3277//6031 3047//6031 3044//6031 
f 3277//6032 3044//6032 3043//6032 
f 3277//6033 3060//6033 3058//6033 
f 3277//6034 3066//6034 3064//6034 
f 3277//6035 3042//6035 3046//6035 
f 3277//6036 3045//6036 3042//6036 
f 3277//6037 3062//6037 3060//6037 
f 3277//6038 3055//6038 3053//6038 
f 3277//6039 3064//6039 3062//6039 
f 3277//6040 3070//6040 3068//6040 
f 3277//6041 3053//6041 3051//6041 
f 3277//6042 3037//6042 3079//6042 
f 3277//6043 3051//6043 3049//6043 
f 3277//6044 3043//6044 3045//6044 
f 3278//6045 3238//6045 3249//6045 
f 3278//6046 3249//6046 3279//6046 
f 3278//6047 3279//6047 3280//6047 
f 3278//6048 3280//6048 3281//6048 
f 3278//6049 3281//6049 3282//6049 
f 3278//6050 3282//6050 3283//6050 
f 3278//6051 3283//6051 3284//6051 
f 3278//6052 3284//6052 3285//6052 
f 3286//6053 3259//6053 3287//6053 
f 3286//6054 3287//6054 3288//6054 
f 3286//6055 3250//6055 3259//6055 
f 3286//6056 3288//6056 3289//6056 
f 3290//6057 3276//6057 3188//6057 
f 3290//6058 2607//6058 3276//6058 
f 3291//6059 3050//6059 3052//6059 
f 3291//6060 3046//6060 3048//6060 
f 3291//6061 3048//6061 3050//6061 
f 3291//6062 3277//6062 3046//6062 
f 3292//6063 3285//6063 3293//6063 
f 3292//6064 3293//6064 3294//6064 
f 3292//6065 3278//6065 3285//6065 
f 3295//6066 3286//6066 3289//6066 
f 3296//6067 2607//6067 3290//6067 
f 3296//6068 3290//6068 3188//6068 
f 3297//6069 3291//6069 3052//6069 
f 3298//6070 3292//6070 3294//6070 
f 3299//6071 3289//6071 3038//6071 
f 3299//6072 3295//6072 3289//6072 
f 3300//6073 3296//6073 3188//6073 
f 3300//6074 2607//6074 3296//6074 
f 3301//6075 3297//6075 3052//6075 
f 3301//6076 3052//6076 3054//6076 
f 3302//6077 3294//6077 3251//6077 
f 3302//6078 3251//6078 3250//6078 
f 3302//6079 3250//6079 3286//6079 
f 3302//6080 3298//6080 3294//6080 
f 3302//6081 3295//6081 3299//6081 
f 3302//6082 3286//6082 3295//6082 
f 3303//6083 3291//6083 3297//6083 
f 3303//6084 3302//6084 3299//6084 
f 3303//6085 3038//6085 3037//6085 
f 3303//6086 3297//6086 3301//6086 
f 3303//6087 3037//6087 3277//6087 
f 3303//6088 3277//6088 3291//6088 
f 3303//6089 3299//6089 3038//6089 
f 3304//6090 3300//6090 3188//6090 
f 3304//6091 3188//6091 3195//6091 
f 3304//6092 2607//6092 3300//6092 
f 3304//6093 3238//6093 3278//6093 
f 3304//6094 3302//6094 3303//6094 
f 3304//6095 3298//6095 3302//6095 
f 3304//6096 811//6096 2607//6096 
f 3304//6097 3305//6097 3306//6097 
f 3304//6098 3306//6098 3307//6098 
f 3304//6099 3307//6099 3308//6099 
f 3304//6100 3308//6100 3309//6100 
f 3304//6101 3309//6101 3310//6101 
f 3304//6102 3310//6102 3311//6102 
f 3304//6103 3311//6103 3312//6103 
f 3304//6104 3312//6104 3239//6104 
f 3304//6105 3292//6105 3298//6105 
f 3304//6106 3239//6106 3238//6106 
f 3304//6107 3278//6107 3292//6107 
f 3304//6108 3195//6108 3313//6108 
f 3304//6109 3313//6109 3314//6109 
f 3304//6110 3314//6110 3315//6110 
f 3304//6111 3315//6111 3316//6111 
f 3304//6112 3316//6112 3317//6112 
f 3304//6113 3317//6113 3305//6113 
f 3318//6114 3056//6114 3057//6114 
f 3318//6115 3057//6115 3059//6115 
f 3318//6116 3303//6116 3301//6116 
f 3318//6117 3063//6117 3260//6117 
f 3318//6118 3260//6118 811//6118 
f 3318//6119 3059//6119 3061//6119 
f 3318//6120 3061//6120 3063//6120 
f 3318//6121 811//6121 3304//6121 
f 3318//6122 3304//6122 3303//6122 
f 3318//6123 3054//6123 3056//6123 
f 3318//6124 3301//6124 3054//6124 
f 3319//6125 2987//6125 3320//6125 
f 3319//6126 3321//6126 2987//6126 
f 3319//6127 3320//6127 3322//6127 
f 3323//6128 3324//6128 3325//6128 
f 3326//6129 3321//6129 3319//6129 
f 3327//6130 3326//6130 3328//6130 
f 3329//6131 2176//6131 2209//6131 
f 3329//6132 3325//6132 3327//6132 
f 3329//6133 2209//6133 3323//6133 
f 3329//6134 3323//6134 3325//6134 
f 3330//6135 3328//6135 3331//6135 
f 3332//6136 2176//6136 3329//6136 
f 3332//6137 3333//6137 3334//6137 
f 3335//6138 2987//6138 3321//6138 
f 3336//6139 3325//6139 3324//6139 
f 3336//6140 3335//6140 3321//6140 
f 3336//6141 3324//6141 3335//6141 
f 3337//6142 3323//6142 2209//6142 
f 3337//6143 3324//6143 3323//6143 
f 3338//6144 3321//6144 3326//6144 
f 3338//6145 3326//6145 3327//6145 
f 3338//6146 3336//6146 3321//6146 
f 3339//6147 3328//6147 3326//6147 
f 3339//6148 3326//6148 3319//6148 
f 3340//6149 3322//6149 3331//6149 
f 3340//6150 3319//6150 3322//6150 
f 3340//6151 3328//6151 3339//6151 
f 3340//6152 3331//6152 3328//6152 
f 3340//6153 3339//6153 3319//6153 
f 3341//6154 3327//6154 3328//6154 
f 3341//6155 3329//6155 3327//6155 
f 3342//6156 3330//6156 3333//6156 
f 3342//6157 3328//6157 3330//6157 
f 3342//6158 3332//6158 3329//6158 
f 3342//6159 3333//6159 3332//6159 
f 3342//6160 3341//6160 3328//6160 
f 3342//6161 3329//6161 3341//6161 
f 3343//6162 3331//6162 3322//6162 
f 3343//6163 3330//6163 3331//6163 
f 3344//6164 3343//6164 3322//6164 
f 3344//6165 3334//6165 3333//6165 
f 3345//6166 3322//6166 3320//6166 
f 3345//6167 3334//6167 3344//6167 
f 3345//6168 3344//6168 3322//6168 
f 3346//6169 2176//6169 3332//6169 
f 3346//6170 3332//6170 3334//6170 
f 3347//6171 2209//6171 2987//6171 
f 3347//6172 2987//6172 3335//6172 
f 3347//6173 3335//6173 3324//6173 
f 3347//6174 3337//6174 2209//6174 
f 3347//6175 3324//6175 3337//6175 
f 3348//6176 3325//6176 3336//6176 
f 3348//6177 3327//6177 3325//6177 
f 3348//6178 3336//6178 3338//6178 
f 3348//6179 3338//6179 3327//6179 
f 3349//6180 3333//6180 3330//6180 
f 3349//6181 3330//6181 3343//6181 
f 3349//6182 3343//6182 3344//6182 
f 3349//6183 3344//6183 3333//6183 
f 3350//6184 3320//6184 2176//6184 
f 3350//6185 3345//6185 3320//6185 
f 3350//6186 2176//6186 3346//6186 
f 3350//6187 3334//6187 3345//6187 
f 3350//6188 3346//6188 3334//6188 
f 3351//6189 3352//6189 3353//6189 
f 3351//6190 3353//6190 3354//6190 
f 3351//6191 3354//6191 3355//6191 
f 3356//6192 3320//6192 3357//6192 
f 3358//6193 3352//6193 3351//6193 
f 3359//6194 3352//6194 3358//6194 
f 3360//6195 3361//6195 3352//6195 
f 3360//6196 3352//6196 3359//6196 
f 3362//6197 3320//6197 3356//6197 
f 3363//6198 3364//6198 3361//6198 
f 3363//6199 3361//6199 3360//6199 
f 3365//6200 3364//6200 3363//6200 
f 3365//6201 3366//6201 3364//6201 
f 3367//6202 3320//6202 3362//6202 
f 3368//6203 3366//6203 3365//6203 
f 3368//6204 3369//6204 3366//6204 
f 3370//6205 3369//6205 3368//6205 
f 3370//6206 3371//6206 3369//6206 
f 3372//6207 3373//6207 3371//6207 
f 3372//6208 3374//6208 3373//6208 
f 3372//6209 3371//6209 3370//6209 
f 3375//6210 3320//6210 3367//6210 
f 3376//6211 3377//6211 3374//6211 
f 3376//6212 3374//6212 3372//6212 
f 3378//6213 3379//6213 3377//6213 
f 3378//6214 3377//6214 3376//6214 
f 3380//6215 3381//6215 3379//6215 
f 3382//6216 3320//6216 3375//6216 
f 3380//6217 3379//6217 3378//6217 
f 3383//6218 3384//6218 3381//6218 
f 3383//6219 3381//6219 3380//6219 
f 3385//6220 3386//6220 3387//6220 
f 3388//6221 3389//6221 3384//6221 
f 3388//6222 3384//6222 3383//6222 
f 3390//6223 3320//6223 3382//6223 
f 3391//6224 3387//6224 3392//6224 
f 3391//6225 3385//6225 3387//6225 
f 3393//6226 3389//6226 3388//6226 
f 3393//6227 3394//6227 3389//6227 
f 3395//6228 3394//6228 3393//6228 
f 3395//6229 3392//6229 3394//6229 
f 3395//6230 3391//6230 3392//6230 
f 3396//6231 3397//6231 3398//6231 
f 3396//6232 3398//6232 3399//6232 
f 3396//6233 3399//6233 3400//6233 
f 3396//6234 3400//6234 3401//6234 
f 3396//6235 3401//6235 3402//6235 
f 3396//6236 3402//6236 3403//6236 
f 3396//6237 3403//6237 3404//6237 
f 3405//6238 3406//6238 3407//6238 
f 3405//6239 3407//6239 3408//6239 
f 3405//6240 3408//6240 3409//6240 
f 3405//6241 3409//6241 3410//6241 
f 3405//6242 3410//6242 3411//6242 
f 3405//6243 3411//6243 3412//6243 
f 3405//6244 3412//6244 3413//6244 
f 3405//6245 3413//6245 3414//6245 
f 3405//6246 3414//6246 3415//6246 
f 3405//6247 3415//6247 3416//6247 
f 3405//6248 3416//6248 3417//6248 
f 3405//6249 3417//6249 3418//6249 
f 3405//6250 3418//6250 3419//6250 
f 3405//6251 3419//6251 3420//6251 
f 3405//6252 3420//6252 3421//6252 
f 3422//6253 3320//6253 3390//6253 
f 3405//6254 3421//6254 3423//6254 
f 3405//6255 3423//6255 3424//6255 
f 3405//6256 3424//6256 3425//6256 
f 3405//6257 3425//6257 3426//6257 
f 3405//6258 3396//6258 3404//6258 
f 3427//6259 3406//6259 3405//6259 
f 3427//6260 3405//6260 3404//6260 
f 3428//6261 3406//6261 3427//6261 
f 3428//6262 3427//6262 3404//6262 
f 3429//6263 3320//6263 3422//6263 
f 3430//6264 3406//6264 3428//6264 
f 3430//6265 3428//6265 3404//6265 
f 3431//6266 3432//6266 3433//6266 
f 3431//6267 3433//6267 3434//6267 
f 3431//6268 3434//6268 3435//6268 
f 3431//6269 3436//6269 3432//6269 
f 3431//6270 3435//6270 3437//6270 
f 3431//6271 3437//6271 3438//6271 
f 3431//6272 3438//6272 3406//6272 
f 3431//6273 3404//6273 3436//6273 
f 3431//6274 3406//6274 3430//6274 
f 3431//6275 3430//6275 3404//6275 
f 3439//6276 3440//6276 3441//6276 
f 3439//6277 3441//6277 3442//6277 
f 3439//6278 3442//6278 3443//6278 
f 3439//6279 3443//6279 3444//6279 
f 3439//6280 3444//6280 3445//6280 
f 3439//6281 3445//6281 3446//6281 
f 3439//6282 3446//6282 3447//6282 
f 3439//6283 3447//6283 3448//6283 
f 3439//6284 3448//6284 3449//6284 
f 3450//6285 3320//6285 3429//6285 
f 3439//6286 3449//6286 3451//6286 
f 3439//6287 3451//6287 3452//6287 
f 3453//6288 3454//6288 3455//6288 
f 3453//6289 3455//6289 3456//6289 
f 3453//6290 3456//6290 3457//6290 
f 3453//6291 3457//6291 3458//6291 
f 3453//6292 3458//6292 3459//6292 
f 3453//6293 3459//6293 3460//6293 
f 3453//6294 3460//6294 3461//6294 
f 3462//6295 3371//6295 3373//6295 
f 3462//6296 1638//6296 2176//6296 
f 3463//6297 3320//6297 3450//6297 
f 3462//6298 3464//6298 3352//6298 
f 3462//6299 2176//6299 3465//6299 
f 3462//6300 3465//6300 3464//6300 
f 3462//6301 3352//6301 3361//6301 
f 3462//6302 3361//6302 3364//6302 
f 3462//6303 3364//6303 3366//6303 
f 3462//6304 3366//6304 3369//6304 
f 3462//6305 3369//6305 3371//6305 
f 3466//6306 3467//6306 3468//6306 
f 3466//6307 3468//6307 3469//6307 
f 3466//6308 3469//6308 3470//6308 
f 3466//6309 3470//6309 3397//6309 
f 3466//6310 3426//6310 3471//6310 
f 3466//6311 3471//6311 3472//6311 
f 3466//6312 3405//6312 3426//6312 
f 3466//6313 3396//6313 3405//6313 
f 3466//6314 3397//6314 3396//6314 
f 3473//6315 3474//6315 3475//6315 
f 3476//6316 3320//6316 3463//6316 
f 3473//6317 3477//6317 3478//6317 
f 3473//6318 3478//6318 3479//6318 
f 3473//6319 3479//6319 3480//6319 
f 3473//6320 3480//6320 3481//6320 
f 3473//6321 3481//6321 3436//6321 
f 3473//6322 3482//6322 2965//6322 
f 3473//6323 3475//6323 3483//6323 
f 3473//6324 3436//6324 3474//6324 
f 3473//6325 3484//6325 3482//6325 
f 3473//6326 3483//6326 3484//6326 
f 3485//6327 3365//6327 3363//6327 
f 3485//6328 3360//6328 3359//6328 
f 3485//6329 3363//6329 3360//6329 
f 3485//6330 3368//6330 3365//6330 
f 3485//6331 3372//6331 3370//6331 
f 3486//6332 3320//6332 3476//6332 
f 3485//6333 3376//6333 3372//6333 
f 3485//6334 3378//6334 3376//6334 
f 3485//6335 3380//6335 3378//6335 
f 3485//6336 3392//6336 3387//6336 
f 3485//6337 3387//6337 3386//6337 
f 3485//6338 3383//6338 3380//6338 
f 3485//6339 3386//6339 3385//6339 
f 3485//6340 3393//6340 3388//6340 
f 3485//6341 3388//6341 3383//6341 
f 3485//6342 3385//6342 3391//6342 
f 3485//6343 3395//6343 3393//6343 
f 3485//6344 3391//6344 3395//6344 
f 3485//6345 3358//6345 3351//6345 
f 3485//6346 3359//6346 3358//6346 
f 3485//6347 3370//6347 3368//6347 
f 3487//6348 3357//6348 3488//6348 
f 3487//6349 3488//6349 3489//6349 
f 3487//6350 3489//6350 3490//6350 
f 3487//6351 3490//6351 3491//6351 
f 3487//6352 3491//6352 3492//6352 
f 3487//6353 3492//6353 3467//6353 
f 3487//6354 3472//6354 3493//6354 
f 3487//6355 3493//6355 3494//6355 
f 3487//6356 3494//6356 3495//6356 
f 3496//6357 3320//6357 3486//6357 
f 3487//6358 3495//6358 3497//6358 
f 3487//6359 3497//6359 3356//6359 
f 3487//6360 3467//6360 3466//6360 
f 3487//6361 3466//6361 3472//6361 
f 3487//6362 3356//6362 3357//6362 
f 3498//6363 3440//6363 3439//6363 
f 3498//6364 3499//6364 3500//6364 
f 3498//6365 3500//6365 3501//6365 
f 3498//6366 3501//6366 3502//6366 
f 3498//6367 3502//6367 3503//6367 
f 3498//6368 3503//6368 3504//6368 
f 3498//6369 3504//6369 3505//6369 
f 3498//6370 3505//6370 3440//6370 
f 3506//6371 3507//6371 3508//6371 
f 3506//6372 3508//6372 3454//6372 
f 3509//6373 3320//6373 3496//6373 
f 3506//6374 3454//6374 3453//6374 
f 3510//6375 3511//6375 3477//6375 
f 3510//6376 3477//6376 3473//6376 
f 3510//6377 3473//6377 2965//6377 
f 3512//6378 3320//6378 3509//6378 
f 3513//6379 3389//6379 3394//6379 
f 3513//6380 3394//6380 3392//6380 
f 3513//6381 3392//6381 3485//6381 
f 3514//6382 3515//6382 3499//6382 
f 3514//6383 3499//6383 3498//6383 
f 3516//6384 3517//6384 3507//6384 
f 3516//6385 3507//6385 3506//6385 
f 3518//6386 3510//6386 2965//6386 
f 3518//6387 3511//6387 3510//6387 
f 3519//6388 3384//6388 3389//6388 
f 3519//6389 3389//6389 3513//6389 
f 3520//6390 3515//6390 3514//6390 
f 3521//6391 3517//6391 3516//6391 
f 3522//6392 3523//6392 3511//6392 
f 3522//6393 3518//6393 2965//6393 
f 3522//6394 3511//6394 3518//6394 
f 3524//6395 3384//6395 3519//6395 
f 3525//6396 3516//6396 3506//6396 
f 3525//6397 3521//6397 3516//6397 
f 3525//6398 3453//6398 3461//6398 
f 3525//6399 3461//6399 3526//6399 
f 3525//6400 3526//6400 3515//6400 
f 3525//6401 3506//6401 3453//6401 
f 3525//6402 3515//6402 3520//6402 
f 3527//6403 3485//6403 3351//6403 
f 3527//6404 3351//6404 3355//6404 
f 3527//6405 3513//6405 3485//6405 
f 3527//6406 3519//6406 3513//6406 
f 3527//6407 3517//6407 3521//6407 
f 3527//6408 3524//6408 3519//6408 
f 3527//6409 3355//6409 3517//6409 
f 3527//6410 3521//6410 3525//6410 
f 3528//6411 3529//6411 3530//6411 
f 3528//6412 3530//6412 3531//6412 
f 3528//6413 3531//6413 3523//6413 
f 3528//6414 3520//6414 3514//6414 
f 3528//6415 3522//6415 2965//6415 
f 3528//6416 3523//6416 3522//6416 
f 3528//6417 3498//6417 3439//6417 
f 3528//6418 2965//6418 1638//6418 
f 3528//6419 3525//6419 3520//6419 
f 3528//6420 3514//6420 3498//6420 
f 3528//6421 3452//6421 3532//6421 
f 3528//6422 3532//6422 3533//6422 
f 3528//6423 3533//6423 3534//6423 
f 3528//6424 3534//6424 3535//6424 
f 3528//6425 3535//6425 3536//6425 
f 3528//6426 3536//6426 3537//6426 
f 3528//6427 3537//6427 3538//6427 
f 3528//6428 3538//6428 3539//6428 
f 3528//6429 3539//6429 3540//6429 
f 3528//6430 3439//6430 3452//6430 
f 3528//6431 3540//6431 3541//6431 
f 3528//6432 3541//6432 3529//6432 
f 3528//6433 3527//6433 3525//6433 
f 3542//6434 3373//6434 3374//6434 
f 3542//6435 3527//6435 3528//6435 
f 3542//6436 3374//6436 3377//6436 
f 3542//6437 3377//6437 3379//6437 
f 3542//6438 3379//6438 3381//6438 
f 3542//6439 3381//6439 3384//6439 
f 3542//6440 3524//6440 3527//6440 
f 3542//6441 3384//6441 3524//6441 
f 3542//6442 3462//6442 3373//6442 
f 3542//6443 3528//6443 1638//6443 
f 3542//6444 1638//6444 3462//6444 
f 3404//6445 3403//6445 3543//6445 
f 3544//6446 3543//6446 3545//6446 
f 3544//6447 3404//6447 3543//6447 
f 3546//6448 3404//6448 3544//6448 
f 3547//6449 3404//6449 3546//6449 
f 3548//6450 3544//6450 3545//6450 
f 3548//6451 3547//6451 3546//6451 
f 3548//6452 3546//6452 3544//6452 
f 3549//6453 3547//6453 3548//6453 
f 3550//6454 3545//6454 3551//6454 
f 3550//6455 3548//6455 3545//6455 
f 3550//6456 3551//6456 3552//6456 
f 3550//6457 3552//6457 2965//6457 
f 3550//6458 3549//6458 3548//6458 
f 3553//6459 3549//6459 3550//6459 
f 3553//6460 3550//6460 2965//6460 
f 3554//6461 3553//6461 2965//6461 
f 3554//6462 3549//6462 3553//6462 
f 3555//6463 3549//6463 3554//6463 
f 3555//6464 3554//6464 2965//6464 
f 3556//6465 3555//6465 2965//6465 
f 3556//6466 3549//6466 3555//6466 
f 3557//6467 3549//6467 3556//6467 
f 3557//6468 3556//6468 2965//6468 
f 3558//6469 3557//6469 2965//6469 
f 3559//6470 3558//6470 2965//6470 
f 3560//6471 3559//6471 2965//6471 
f 3561//6472 3560//6472 2965//6472 
f 3562//6473 3561//6473 2965//6473 
f 3563//6474 3562//6474 2965//6474 
f 3436//6475 3557//6475 3558//6475 
f 3436//6476 3481//6476 3564//6476 
f 3436//6477 3564//6477 3565//6477 
f 3436//6478 3547//6478 3549//6478 
f 3436//6479 3565//6479 3566//6479 
f 3436//6480 3566//6480 3567//6480 
f 3436//6481 3560//6481 3561//6481 
f 3436//6482 3567//6482 3432//6482 
f 3436//6483 3561//6483 3562//6483 
f 3436//6484 3562//6484 3563//6484 
f 3436//6485 3558//6485 3559//6485 
f 3436//6486 3549//6486 3557//6486 
f 3436//6487 3404//6487 3547//6487 
f 3436//6488 3559//6488 3560//6488 
f 3568//6489 3436//6489 3563//6489 
f 3568//6490 3563//6490 2965//6490 
f 3569//6491 3436//6491 3568//6491 
f 3569//6492 3568//6492 2965//6492 
f 3570//6493 3569//6493 2965//6493 
f 3570//6494 3436//6494 3569//6494 
f 3571//6495 3570//6495 2965//6495 
f 3571//6496 3436//6496 3570//6496 
f 3572//6497 3436//6497 3571//6497 
f 3572//6498 3571//6498 2965//6498 
f 3573//6499 3572//6499 2965//6499 
f 3573//6500 3436//6500 3572//6500 
f 3574//6501 3436//6501 3573//6501 
f 3574//6502 3573//6502 2965//6502 
f 3575//6503 3574//6503 2965//6503 
f 3575//6504 3436//6504 3574//6504 
f 3576//6505 3436//6505 3575//6505 
f 3576//6506 3575//6506 2965//6506 
f 3577//6507 3576//6507 2965//6507 
f 3577//6508 3436//6508 3576//6508 
f 3578//6509 3577//6509 2965//6509 
f 3578//6510 3436//6510 3577//6510 
f 3579//6511 3436//6511 3578//6511 
f 3579//6512 3578//6512 2965//6512 
f 3580//6513 3436//6513 3579//6513 
f 3580//6514 3579//6514 2965//6514 
f 3482//6515 3436//6515 3580//6515 
f 3482//6516 3580//6516 2965//6516 
f 3484//6517 3436//6517 3482//6517 
f 3483//6518 3436//6518 3484//6518 
f 3475//6519 3436//6519 3483//6519 
f 3474//6520 3436//6520 3475//6520 
f 3581//6521 2176//6521 3320//6521 
f 3581//6522 3582//6522 3583//6522 
f 3581//6523 3583//6523 3584//6523 
f 3581//6524 3584//6524 3585//6524 
f 3581//6525 3585//6525 3586//6525 
f 3581//6526 3586//6526 3587//6526 
f 3581//6527 3587//6527 3588//6527 
f 3581//6528 3588//6528 3589//6528 
f 3581//6529 3589//6529 3590//6529 
f 3581//6530 3590//6530 3591//6530 
f 3581//6531 3591//6531 3592//6531 
f 3581//6532 3512//6532 3593//6532 
f 3581//6533 3593//6533 3594//6533 
f 3581//6534 3594//6534 3595//6534 
f 3581//6535 3595//6535 3596//6535 
f 3581//6536 3596//6536 3597//6536 
f 3581//6537 3597//6537 3598//6537 
f 3581//6538 3598//6538 3599//6538 
f 3581//6539 3599//6539 3600//6539 
f 3581//6540 3600//6540 3601//6540 
f 3581//6541 3601//6541 3602//6541 
f 3581//6542 3602//6542 3603//6542 
f 3581//6543 3603//6543 3604//6543 
f 3581//6544 3604//6544 3605//6544 
f 3581//6545 3320//6545 3512//6545 
f 3581//6546 3605//6546 3606//6546 
f 3581//6547 3606//6547 3582//6547 
f 3607//6548 2176//6548 3581//6548 
f 3608//6549 2176//6549 3607//6549 
f 3609//6550 2176//6550 3608//6550 
f 3610//6551 2176//6551 3609//6551 
f 3611//6552 2176//6552 3610//6552 
f 3612//6553 2176//6553 3611//6553 
f 3613//6554 2176//6554 3612//6554 
f 3614//6555 2176//6555 3613//6555 
f 3615//6556 2176//6556 3614//6556 
f 3616//6557 2176//6557 3615//6557 
f 3617//6558 2176//6558 3616//6558 
f 3618//6559 2176//6559 3617//6559 
f 3619//6560 2176//6560 3618//6560 
f 3620//6561 2176//6561 3619//6561 
f 3621//6562 2176//6562 3620//6562 
f 3622//6563 2176//6563 3621//6563 
f 3623//6564 2176//6564 3622//6564 
f 3624//6565 2176//6565 3623//6565 
f 3625//6566 2176//6566 3624//6566 
f 3626//6567 2176//6567 3625//6567 
f 3627//6568 2176//6568 3626//6568 
f 3628//6569 2176//6569 3627//6569 
f 3629//6570 2176//6570 3628//6570 
f 3630//6571 2176//6571 3629//6571 
f 3631//6572 2176//6572 3630//6572 
f 3632//6573 2176//6573 3631//6573 
f 3633//6574 2176//6574 3632//6574 
f 3634//6575 2176//6575 3633//6575 
f 3635//6576 2176//6576 3634//6576 
f 3636//6577 3625//6577 3624//6577 
f 3636//6578 3608//6578 3607//6578 
f 3636//6579 3611//6579 3610//6579 
f 3636//6580 3624//6580 3623//6580 
f 3636//6581 3633//6581 3632//6581 
f 3636//6582 3609//6582 3608//6582 
f 3636//6583 3616//6583 3615//6583 
f 3636//6584 3614//6584 3613//6584 
f 3636//6585 3622//6585 3621//6585 
f 3636//6586 3623//6586 3622//6586 
f 3636//6587 3632//6587 3631//6587 
f 3636//6588 3626//6588 3625//6588 
f 3636//6589 3629//6589 3628//6589 
f 3636//6590 3619//6590 3618//6590 
f 3636//6591 3592//6591 3637//6591 
f 3636//6592 3637//6592 3638//6592 
f 3636//6593 3638//6593 3639//6593 
f 3636//6594 3634//6594 3633//6594 
f 3636//6595 3639//6595 3640//6595 
f 3636//6596 3640//6596 3641//6596 
f 3636//6597 3621//6597 3620//6597 
f 3636//6598 3641//6598 3642//6598 
f 3636//6599 3620//6599 3619//6599 
f 3636//6600 3631//6600 3630//6600 
f 3636//6601 3617//6601 3616//6601 
f 3636//6602 3635//6602 3634//6602 
f 3636//6603 3613//6603 3612//6603 
f 3636//6604 3610//6604 3609//6604 
f 3636//6605 3607//6605 3581//6605 
f 3636//6606 3628//6606 3627//6606 
f 3636//6607 3581//6607 3592//6607 
f 3636//6608 3612//6608 3611//6608 
f 3636//6609 3615//6609 3614//6609 
f 3636//6610 3630//6610 3629//6610 
f 3636//6611 3627//6611 3626//6611 
f 3636//6612 3618//6612 3617//6612 
f 3643//6613 2176//6613 3635//6613 
f 3643//6614 3635//6614 3636//6614 
f 3464//6615 3636//6615 3642//6615 
f 3464//6616 3642//6616 3644//6616 
f 3464//6617 3644//6617 3645//6617 
f 3464//6618 3645//6618 3646//6618 
f 3464//6619 3646//6619 3647//6619 
f 3464//6620 3647//6620 3648//6620 
f 3464//6621 3648//6621 3649//6621 
f 3464//6622 3649//6622 3650//6622 
f 3464//6623 3650//6623 3651//6623 
f 3464//6624 3651//6624 3652//6624 
f 3464//6625 3652//6625 3653//6625 
f 3654//6626 2176//6626 3643//6626 
f 3654//6627 3643//6627 3636//6627 
f 3655//6628 2176//6628 3654//6628 
f 3655//6629 3654//6629 3636//6629 
f 3656//6630 2176//6630 3655//6630 
f 3656//6631 3655//6631 3636//6631 
f 3657//6632 2176//6632 3656//6632 
f 3657//6633 3656//6633 3636//6633 
f 3658//6634 2176//6634 3657//6634 
f 3658//6635 3657//6635 3636//6635 
f 3465//6636 3636//6636 3464//6636 
f 3465//6637 2176//6637 3658//6637 
f 3465//6638 3658//6638 3636//6638 
f 3352//6639 3464//6639 3653//6639 
f 3352//6640 3653//6640 3659//6640 
f 3352//6641 3659//6641 3660//6641 
f 3352//6642 3660//6642 3661//6642 
f 3352//6643 3661//6643 3353//6643 
f 2574//6644 2568//6644 2640//6644 
f 2574//6645 2640//6645 3662//6645 
f 2596//6646 2574//6646 3662//6646 
f 2596//6647 3662//6647 3663//6647 
f 2597//6648 3663//6648 3664//6648 
f 2597//6649 2596//6649 3663//6649 
f 2598//6650 3664//6650 3665//6650 
f 2598//6651 3665//6651 3666//6651 
f 2598//6652 2597//6652 3664//6652 
f 2599//6653 2598//6653 3666//6653 
f 2600//6654 3666//6654 3667//6654 
f 2600//6655 2599//6655 3666//6655 
f 2602//6656 3667//6656 3668//6656 
f 2602//6657 3668//6657 3669//6657 
f 2602//6658 2600//6658 3667//6658 
f 2604//6659 2602//6659 3669//6659 
f 2605//6660 2604//6660 3669//6660 
f 2605//6661 3669//6661 3670//6661 
f 2606//6662 2605//6662 3670//6662 
f 2606//6663 3670//6663 3671//6663 
f 2606//6664 3671//6664 3672//6664 
f 2607//6665 2606//6665 3672//6665 
f 3017//6666 3672//6666 3673//6666 
f 3017//6667 2607//6667 3672//6667 
f 3018//6668 3673//6668 3674//6668 
f 3018//6669 3674//6669 3675//6669 
f 3018//6670 3017//6670 3673//6670 
f 3028//6671 3018//6671 3675//6671 
f 3036//6672 3675//6672 3676//6672 
f 3036//6673 3028//6673 3675//6673 
f 3182//6674 3676//6674 3677//6674 
f 3182//6675 3036//6675 3676//6675 
f 3183//6676 3677//6676 3678//6676 
f 3183//6677 3182//6677 3677//6677 
f 3184//6678 3678//6678 3679//6678 
f 3184//6679 3183//6679 3678//6679 
f 3185//6680 3679//6680 3680//6680 
f 3185//6681 3184//6681 3679//6681 
f 3186//6682 3680//6682 3681//6682 
f 3186//6683 3185//6683 3680//6683 
f 3187//6684 3681//6684 3682//6684 
f 3187//6685 3186//6685 3681//6685 
f 3262//6686 3682//6686 3683//6686 
f 3262//6687 3187//6687 3682//6687 
f 3263//6688 3683//6688 3684//6688 
f 3263//6689 3262//6689 3683//6689 
f 3264//6690 3684//6690 3685//6690 
f 3264//6691 3263//6691 3684//6691 
f 3266//6692 3685//6692 3686//6692 
f 3266//6693 3264//6693 3685//6693 
f 3267//6694 3686//6694 3687//6694 
f 3267//6695 3266//6695 3686//6695 
f 3268//6696 3687//6696 3688//6696 
f 3268//6697 3267//6697 3687//6697 
f 3269//6698 3688//6698 3689//6698 
f 3269//6699 3268//6699 3688//6699 
f 3270//6700 3689//6700 3690//6700 
f 3270//6701 3269//6701 3689//6701 
f 2981//6702 3690//6702 3691//6702 
f 2981//6703 3270//6703 3690//6703 
f 2982//6704 3691//6704 3692//6704 
f 2982//6705 2981//6705 3691//6705 
f 2985//6706 3692//6706 3693//6706 
f 2985//6707 2982//6707 3692//6707 
f 2987//6708 3693//6708 3694//6708 
f 2987//6709 2985//6709 3693//6709 
f 2623//6710 3695//6710 2624//6710 
f 3695//6711 3696//6711 2624//6711 
f 2624//6712 3696//6712 2625//6712 
f 2622//6713 3697//6713 2623//6713 
f 2623//6714 3697//6714 3695//6714 
f 2625//6715 3698//6715 2626//6715 
f 3696//6716 3698//6716 2625//6716 
f 2622//6717 3699//6717 3697//6717 
f 2621//6718 3699//6718 2622//6718 
f 2626//6719 3700//6719 2627//6719 
f 3698//6720 3700//6720 2626//6720 
f 2621//6721 3701//6721 3699//6721 
f 2620//6722 3701//6722 2621//6722 
f 2627//6723 3702//6723 2628//6723 
f 3700//6724 3702//6724 2627//6724 
f 2619//6725 3703//6725 2620//6725 
f 2620//6726 3703//6726 3701//6726 
f 2628//6727 3704//6727 2629//6727 
f 3702//6728 3704//6728 2628//6728 
f 2618//6729 3705//6729 2619//6729 
f 2619//6730 3705//6730 3703//6730 
f 2629//6731 3706//6731 2630//6731 
f 3704//6732 3706//6732 2629//6732 
f 2617//6733 3707//6733 2618//6733 
f 2618//6734 3707//6734 3705//6734 
f 3706//6735 3708//6735 2630//6735 
f 2630//6736 3708//6736 2631//6736 
f 2616//6737 3709//6737 2617//6737 
f 2617//6738 3709//6738 3707//6738 
f 2631//6739 3710//6739 2632//6739 
f 3708//6740 3710//6740 2631//6740 
f 2615//6741 3711//6741 2616//6741 
f 2616//6742 3711//6742 3709//6742 
f 2632//6743 3712//6743 2633//6743 
f 3710//6744 3712//6744 2632//6744 
f 2614//6745 3713//6745 2615//6745 
f 2615//6746 3713//6746 3711//6746 
f 2633//6747 3714//6747 2634//6747 
f 3712//6748 3714//6748 2633//6748 
f 2613//6749 3715//6749 2614//6749 
f 2614//6750 3715//6750 3713//6750 
f 2634//6751 3716//6751 2635//6751 
f 3714//6752 3716//6752 2634//6752 
f 2612//6753 3717//6753 2613//6753 
f 2613//6754 3717//6754 3715//6754 
f 2635//6755 3718//6755 2636//6755 
f 3716//6756 3718//6756 2635//6756 
f 2611//6757 3719//6757 2612//6757 
f 2612//6758 3719//6758 3717//6758 
f 3718//6759 3720//6759 2636//6759 
f 2636//6760 3720//6760 2637//6760 
f 2610//6761 3721//6761 2611//6761 
f 2611//6762 3721//6762 3719//6762 
f 2637//6763 3722//6763 2638//6763 
f 3720//6764 3722//6764 2637//6764 
f 2609//6765 3723//6765 2610//6765 
f 2610//6766 3723//6766 3721//6766 
f 2638//6767 3724//6767 2639//6767 
f 3722//6768 3724//6768 2638//6768 
f 2608//6769 3725//6769 2609//6769 
f 2609//6770 3725//6770 3723//6770 
f 3724//6771 3726//6771 2639//6771 
f 2639//6772 3726//6772 2640//6772 
f 2608//6773 3727//6773 3725//6773 
f 3726//6774 3728//6774 2640//6774 
f 2608//6775 3729//6775 3727//6775 
f 3728//6776 3730//6776 2640//6776 
f 2608//6777 3731//6777 3729//6777 
f 3730//6778 3732//6778 2640//6778 
f 2608//6779 3733//6779 3731//6779 
f 3732//6780 3734//6780 2640//6780 
f 2608//6781 3735//6781 3733//6781 
f 3734//6782 3736//6782 2640//6782 
f 2608//6783 3737//6783 3735//6783 
f 3736//6784 3738//6784 2640//6784 
f 2608//6785 3739//6785 3737//6785 
f 3738//6786 3740//6786 2640//6786 
f 2608//6787 3741//6787 3739//6787 
f 3740//6788 3742//6788 2640//6788 
f 2608//6789 3743//6789 3741//6789 
f 3742//6790 3744//6790 2640//6790 
f 2608//6791 3745//6791 3743//6791 
f 3744//6792 3746//6792 2640//6792 
f 2608//6793 3747//6793 3745//6793 
f 3746//6794 3748//6794 2640//6794 
f 2608//6795 3749//6795 3747//6795 
f 3748//6796 3750//6796 2640//6796 
f 2608//6797 3751//6797 3749//6797 
f 3750//6798 3752//6798 2640//6798 
f 2608//6799 3753//6799 3751//6799 
f 3752//6800 3754//6800 2640//6800 
f 2608//6801 3755//6801 3753//6801 
f 3754//6802 3756//6802 2640//6802 
f 2608//6803 3757//6803 3755//6803 
f 3758//6804 3759//6804 3760//6804 
f 3760//6805 3759//6805 3761//6805 
f 3761//6806 3762//6806 3763//6806 
f 3759//6807 3762//6807 3761//6807 
f 3764//6808 3765//6808 3758//6808 
f 3758//6809 3765//6809 3759//6809 
f 3766//6810 3767//6810 3768//6810 
f 3768//6811 3767//6811 3764//6811 
f 3764//6812 3767//6812 3765//6812 
f 3763//6813 3769//6813 3770//6813 
f 3762//6814 3769//6814 3763//6814 
f 3771//6815 3772//6815 3766//6815 
f 3766//6816 3772//6816 3767//6816 
f 3770//6817 3773//6817 3774//6817 
f 3774//6818 3773//6818 3775//6818 
f 3769//6819 3773//6819 3770//6819 
f 3776//6820 3777//6820 3778//6820 
f 3778//6821 3777//6821 3771//6821 
f 3771//6822 3777//6822 3772//6822 
f 3775//6823 3779//6823 3780//6823 
f 3773//6824 3779//6824 3775//6824 
f 3781//6825 3782//6825 3776//6825 
f 3776//6826 3782//6826 3777//6826 
f 3780//6827 3783//6827 3784//6827 
f 3784//6828 3783//6828 3785//6828 
f 3779//6829 3783//6829 3780//6829 
f 3786//6830 3787//6830 3788//6830 
f 3788//6831 3787//6831 3781//6831 
f 3781//6832 3787//6832 3782//6832 
f 3785//6833 3789//6833 3790//6833 
f 3783//6834 3789//6834 3785//6834 
f 3791//6835 3792//6835 3786//6835 
f 3786//6836 3792//6836 3787//6836 
f 3789//6837 3793//6837 3790//6837 
f 3790//6838 3793//6838 3794//6838 
f 3795//6839 3796//6839 3791//6839 
f 3791//6840 3796//6840 3792//6840 
f 3793//6841 3797//6841 3794//6841 
f 3794//6842 3797//6842 3798//6842 
f 3798//6843 3797//6843 3799//6843 
f 3800//6844 3801//6844 3802//6844 
f 3802//6845 3801//6845 3795//6845 
f 3795//6846 3801//6846 3796//6846 
f 3797//6847 3803//6847 3799//6847 
f 3799//6848 3803//6848 3804//6848 
f 3805//6849 3806//6849 3800//6849 
f 3800//6850 3806//6850 3801//6850 
f 3804//6851 3807//6851 3808//6851 
f 3803//6852 3807//6852 3804//6852 
f 3805//6853 3809//6853 3806//6853 
f 3810//6854 3809//6854 3805//6854 
f 3807//6855 3811//6855 3808//6855 
f 3808//6856 3811//6856 3812//6856 
f 3812//6857 3811//6857 3813//6857 
f 3810//6858 3814//6858 3809//6858 
f 3815//6859 3814//6859 3816//6859 
f 3816//6860 3814//6860 3810//6860 
f 3813//6861 3817//6861 3818//6861 
f 3811//6862 3817//6862 3813//6862 
f 3815//6863 3819//6863 3814//6863 
f 3820//6864 3819//6864 3815//6864 
f 3817//6865 3821//6865 3818//6865 
f 3818//6866 3821//6866 3822//6866 
f 3820//6867 3823//6867 3819//6867 
f 3824//6868 3823//6868 3820//6868 
f 3821//6869 3825//6869 3822//6869 
f 3822//6870 3825//6870 3826//6870 
f 3824//6871 3827//6871 3823//6871 
f 3828//6872 3827//6872 3829//6872 
f 3829//6873 3827//6873 3824//6873 
f 3826//6874 3830//6874 3831//6874 
f 3831//6875 3830//6875 3832//6875 
f 3825//6876 3830//6876 3826//6876 
f 3828//6877 3833//6877 3827//6877 
f 3834//6878 3833//6878 3835//6878 
f 3835//6879 3833//6879 3836//6879 
f 3836//6880 3833//6880 3837//6880 
f 3837//6881 3833//6881 3838//6881 
f 3838//6882 3833//6882 3839//6882 
f 3839//6883 3833//6883 3840//6883 
f 3840//6884 3833//6884 3841//6884 
f 3841//6885 3833//6885 3842//6885 
f 3842//6886 3833//6886 3828//6886 
f 3832//6887 3843//6887 3844//6887 
f 3830//6888 3843//6888 3832//6888 
f 3844//6889 3843//6889 3845//6889 
f 3845//6890 3843//6890 3846//6890 
f 3846//6891 3843//6891 3847//6891 
f 3847//6892 3843//6892 3848//6892 
f 3848//6893 3843//6893 3756//6893 
f 3756//6894 3843//6894 2640//6894 
f 2767//6895 3849//6895 2608//6895 
f 2608//6896 3849//6896 3757//6896 
f 3849//6897 3850//6897 3757//6897 
f 3757//6898 3850//6898 3851//6898 
f 2767//6899 3852//6899 3849//6899 
f 3850//6900 3853//6900 3851//6900 
f 3851//6901 3853//6901 3854//6901 
f 2767//6902 3855//6902 3852//6902 
f 3853//6903 3856//6903 3854//6903 
f 3854//6904 3856//6904 3857//6904 
f 2767//6905 3858//6905 3855//6905 
f 3856//6906 3859//6906 3857//6906 
f 3857//6907 3859//6907 3860//6907 
f 3860//6908 3859//6908 3861//6908 
f 2767//6909 3862//6909 3858//6909 
f 3859//6910 3863//6910 3861//6910 
f 2767//6911 3864//6911 3862//6911 
f 3834//6912 3865//6912 3833//6912 
f 3863//6913 3865//6913 3861//6913 
f 3861//6914 3865//6914 3834//6914 
f 2767//6915 3866//6915 3864//6915 
f 2767//6916 3867//6916 3866//6916 
f 2767//6917 3868//6917 3867//6917 
f 2767//6918 3869//6918 3868//6918 
f 2767//6919 3870//6919 3869//6919 
f 2767//6920 3871//6920 3870//6920 
f 2767//6921 3872//6921 3871//6921 
f 3873//6922 3874//6922 3875//6922 
f 3875//6923 3874//6923 3876//6923 
f 3876//6924 3874//6924 3877//6924 
f 3877//6925 3874//6925 3878//6925 
f 3878//6926 3874//6926 3879//6926 
f 3879//6927 3874//6927 3865//6927 
f 3865//6928 3874//6928 3833//6928 
f 3873//6929 3880//6929 3874//6929 
f 2767//6930 3881//6930 3872//6930 
f 3880//6931 3882//6931 3874//6931 
f 2767//6932 3883//6932 3881//6932 
f 3882//6933 3884//6933 3874//6933 
f 3874//6934 3884//6934 3885//6934 
f 2767//6935 3886//6935 3883//6935 
f 3884//6936 3887//6936 3885//6936 
f 2767//6937 3888//6937 3886//6937 
f 2809//6938 3888//6938 2767//6938 
f 3885//6939 3889//6939 3890//6939 
f 3887//6940 3889//6940 3885//6940 
f 2808//6941 3891//6941 2809//6941 
f 2809//6942 3891//6942 3888//6942 
f 3889//6943 3892//6943 3890//6943 
f 3892//6944 3893//6944 3890//6944 
f 2807//6945 3894//6945 2808//6945 
f 2808//6946 3894//6946 3891//6946 
f 3892//6947 3895//6947 3893//6947 
f 2807//6948 3896//6948 3894//6948 
f 2806//6949 3896//6949 2807//6949 
f 3895//6950 3897//6950 3893//6950 
f 3895//6951 3898//6951 3897//6951 
f 2805//6952 3899//6952 2806//6952 
f 2806//6953 3899//6953 3896//6953 
f 3898//6954 3900//6954 3897//6954 
f 3900//6955 3901//6955 3897//6955 
f 2804//6956 3902//6956 2805//6956 
f 2805//6957 3902//6957 3899//6957 
f 3900//6958 3903//6958 3901//6958 
f 2803//6959 3904//6959 2804//6959 
f 2804//6960 3904//6960 3902//6960 
f 3903//6961 3905//6961 3901//6961 
f 3903//6962 3906//6962 3905//6962 
f 2802//6963 3907//6963 2803//6963 
f 2803//6964 3907//6964 3904//6964 
f 2801//6965 3908//6965 2802//6965 
f 2802//6966 3908//6966 3907//6966 
f 3909//6967 3910//6967 3906//6967 
f 3906//6968 3910//6968 3905//6968 
f 3909//6969 3911//6969 3910//6969 
f 2800//6970 3912//6970 2801//6970 
f 2801//6971 3912//6971 3908//6971 
f 3913//6972 3914//6972 3911//6972 
f 3911//6973 3914//6973 3910//6973 
f 2799//6974 3915//6974 2800//6974 
f 2800//6975 3915//6975 3912//6975 
f 2798//6976 3916//6976 2799//6976 
f 2799//6977 3916//6977 3915//6977 
f 3917//6978 3918//6978 3913//6978 
f 3913//6979 3918//6979 3914//6979 
f 2797//6980 3919//6980 2798//6980 
f 2798//6981 3919//6981 3916//6981 
f 3920//6982 3921//6982 3922//6982 
f 3922//6983 3921//6983 3917//6983 
f 3917//6984 3921//6984 3918//6984 
f 2797//6985 3923//6985 3919//6985 
f 2796//6986 3923//6986 2797//6986 
f 2796//6987 3924//6987 3923//6987 
f 2796//6988 2795//6988 3924//6988 
f 3925//6989 3926//6989 3920//6989 
f 3920//6990 3926//6990 3921//6990 
f 2795//6991 3927//6991 3924//6991 
f 2795//6992 2794//6992 3927//6992 
f 3928//6993 3929//6993 3930//6993 
f 3930//6994 3929//6994 3925//6994 
f 3925//6995 3929//6995 3926//6995 
f 2794//6996 3931//6996 3927//6996 
f 2794//6997 2793//6997 3931//6997 
f 3931//6998 2793//6998 3932//6998 
f 3933//6999 3934//6999 3928//6999 
f 3928//7000 3934//7000 3929//7000 
f 2793//7001 2792//7001 3932//7001 
f 3932//7002 2792//7002 3935//7002 
f 3936//7003 3937//7003 3938//7003 
f 3938//7004 3937//7004 3933//7004 
f 3933//7005 3937//7005 3934//7005 
f 2792//7006 2791//7006 3935//7006 
f 3935//7007 2791//7007 3939//7007 
f 3940//7008 3941//7008 3936//7008 
f 3936//7009 3941//7009 3937//7009 
f 2791//7010 2790//7010 3939//7010 
f 3939//7011 2790//7011 3942//7011 
f 3943//7012 3944//7012 3945//7012 
f 3945//7013 3944//7013 3940//7013 
f 3940//7014 3944//7014 3941//7014 
f 3843//7015 3946//7015 2640//7015 
f 3942//7016 2789//7016 3947//7016 
f 2790//7017 2789//7017 3942//7017 
f 3948//7018 3949//7018 3943//7018 
f 3943//7019 3949//7019 3944//7019 
f 3947//7020 2788//7020 3950//7020 
f 2789//7021 2788//7021 3947//7021 
f 3951//7022 3952//7022 3948//7022 
f 3948//7023 3952//7023 3949//7023 
f 3950//7024 2786//7024 3953//7024 
f 2788//7025 2786//7025 3950//7025 
f 3953//7026 2785//7026 3954//7026 
f 2786//7027 2785//7027 3953//7027 
f 3955//7028 3956//7028 3957//7028 
f 3957//7029 3956//7029 3951//7029 
f 3951//7030 3956//7030 3952//7030 
f 3954//7031 2782//7031 3958//7031 
f 2785//7032 2782//7032 3954//7032 
f 3959//7033 3960//7033 3955//7033 
f 3955//7034 3960//7034 3956//7034 
f 2782//7035 2781//7035 3958//7035 
f 3958//7036 2781//7036 3961//7036 
f 3962//7037 3963//7037 3964//7037 
f 3964//7038 3963//7038 3959//7038 
f 3959//7039 3963//7039 3960//7039 
f 2781//7040 2778//7040 3961//7040 
f 3961//7041 2778//7041 3965//7041 
f 3946//7042 3662//7042 2640//7042 
f 3966//7043 3967//7043 3962//7043 
f 3962//7044 3967//7044 3963//7044 
f 2778//7045 2776//7045 3965//7045 
f 3965//7046 2776//7046 3968//7046 
f 3969//7047 3970//7047 3946//7047 
f 3946//7048 3970//7048 3662//7048 
f 3946//7049 3971//7049 3969//7049 
f 3970//7050 3972//7050 3662//7050 
f 3946//7051 3973//7051 3971//7051 
f 3972//7052 3974//7052 3662//7052 
f 3946//7053 3975//7053 3973//7053 
f 3974//7054 3976//7054 3662//7054 
f 3946//7055 3977//7055 3975//7055 
f 3976//7056 3978//7056 3662//7056 
f 2776//7057 2775//7057 3968//7057 
f 3968//7058 2775//7058 3979//7058 
f 3980//7059 3981//7059 3946//7059 
f 3946//7060 3981//7060 3977//7060 
f 3978//7061 3982//7061 3662//7061 
f 3983//7062 3984//7062 3966//7062 
f 3966//7063 3984//7063 3967//7063 
f 3980//7064 3985//7064 3981//7064 
f 3982//7065 3986//7065 3662//7065 
f 3987//7066 3988//7066 3980//7066 
f 3980//7067 3988//7067 3985//7067 
f 3986//7068 3989//7068 3662//7068 
f 3990//7069 3991//7069 3987//7069 
f 3987//7070 3991//7070 3988//7070 
f 2775//7071 2773//7071 3979//7071 
f 3979//7072 2773//7072 3992//7072 
f 3989//7073 3993//7073 3662//7073 
f 3994//7074 3995//7074 3990//7074 
f 3990//7075 3995//7075 3991//7075 
f 3993//7076 3996//7076 3662//7076 
f 3997//7077 3998//7077 3999//7077 
f 3999//7078 3998//7078 3983//7078 
f 3983//7079 3998//7079 3984//7079 
f 4000//7080 4001//7080 3994//7080 
f 3994//7081 4001//7081 3995//7081 
f 2773//7082 2770//7082 3992//7082 
f 3992//7083 2770//7083 4002//7083 
f 3996//7084 4003//7084 3662//7084 
f 4000//7085 4004//7085 4001//7085 
f 4003//7086 4005//7086 3662//7086 
f 4006//7087 4007//7087 4000//7087 
f 4000//7088 4007//7088 4004//7088 
f 4002//7089 2769//7089 4008//7089 
f 4008//7090 2769//7090 4009//7090 
f 4009//7091 2769//7091 4010//7091 
f 4010//7092 2769//7092 4011//7092 
f 4011//7093 2769//7093 4012//7093 
f 4012//7094 2769//7094 4013//7094 
f 4013//7095 2769//7095 4014//7095 
f 4014//7096 2769//7096 4015//7096 
f 4015//7097 2769//7097 4016//7097 
f 2770//7098 2769//7098 4002//7098 
f 4016//7099 2769//7099 4017//7099 
f 4017//7100 2769//7100 4018//7100 
f 4018//7101 2769//7101 4019//7101 
f 4019//7102 2769//7102 4020//7102 
f 4020//7103 2769//7103 4021//7103 
f 4021//7104 2769//7104 4022//7104 
f 4023//7105 4024//7105 3997//7105 
f 3997//7106 4024//7106 3998//7106 
f 4005//7107 4025//7107 3662//7107 
f 4026//7108 4027//7108 4006//7108 
f 4006//7109 4027//7109 4007//7109 
f 4025//7110 4028//7110 3662//7110 
f 4029//7111 4030//7111 4026//7111 
f 4026//7112 4030//7112 4027//7112 
f 4028//7113 4031//7113 3662//7113 
f 4032//7114 4033//7114 4023//7114 
f 4023//7115 4033//7115 4024//7115 
f 4029//7116 4034//7116 4030//7116 
f 4031//7117 4035//7117 3662//7117 
f 3662//7118 4035//7118 3663//7118 
f 4036//7119 4037//7119 4029//7119 
f 4029//7120 4037//7120 4034//7120 
f 3663//7121 4038//7121 3664//7121 
f 4035//7122 4038//7122 3663//7122 
f 4039//7123 4040//7123 4041//7123 
f 4041//7124 4040//7124 4032//7124 
f 4032//7125 4040//7125 4033//7125 
f 4042//7126 4043//7126 4036//7126 
f 4036//7127 4043//7127 4037//7127 
f 4038//7128 4044//7128 3664//7128 
f 3664//7129 4044//7129 3665//7129 
f 4045//7130 4046//7130 4042//7130 
f 4042//7131 4046//7131 4043//7131 
f 4039//7132 4047//7132 4040//7132 
f 4048//7133 4047//7133 4039//7133 
f 4044//7134 4049//7134 3665//7134 
f 3665//7135 4049//7135 3666//7135 
f 4045//7136 4050//7136 4046//7136 
f 3666//7137 4051//7137 3667//7137 
f 4049//7138 4051//7138 3666//7138 
f 4052//7139 4053//7139 4045//7139 
f 4045//7140 4053//7140 4050//7140 
f 4048//7141 4054//7141 4047//7141 
f 4055//7142 4054//7142 4048//7142 
f 4051//7143 4056//7143 3667//7143 
f 3667//7144 4056//7144 3668//7144 
f 4057//7145 4058//7145 4052//7145 
f 4052//7146 4058//7146 4053//7146 
f 3668//7147 4059//7147 3669//7147 
f 4056//7148 4059//7148 3668//7148 
f 4055//7149 4060//7149 4054//7149 
f 4061//7150 4060//7150 4055//7150 
f 4057//7151 4062//7151 4058//7151 
f 4059//7152 4063//7152 3669//7152 
f 3669//7153 4063//7153 3670//7153 
f 4061//7154 4064//7154 4060//7154 
f 4065//7155 4064//7155 4066//7155 
f 4066//7156 4064//7156 4061//7156 
f 4057//7157 4067//7157 4062//7157 
f 4068//7158 4067//7158 4057//7158 
f 3670//7159 4069//7159 3671//7159 
f 4063//7160 4069//7160 3670//7160 
f 4068//7161 4070//7161 4067//7161 
f 4071//7162 4070//7162 4068//7162 
f 4065//7163 4072//7163 4064//7163 
f 4022//7164 4072//7164 4073//7164 
f 4073//7165 4072//7165 4074//7165 
f 4074//7166 4072//7166 4075//7166 
f 4075//7167 4072//7167 4076//7167 
f 2769//7168 4072//7168 4022//7168 
f 4076//7169 4072//7169 4077//7169 
f 4077//7170 4072//7170 4065//7170 
f 3671//7171 4078//7171 3672//7171 
f 4069//7172 4078//7172 3671//7172 
f 4071//7173 4079//7173 4070//7173 
f 4080//7174 4079//7174 4071//7174 
f 3672//7175 4081//7175 3673//7175 
f 4078//7176 4081//7176 3672//7176 
f 4080//7177 4082//7177 4079//7177 
f 3673//7178 4083//7178 3674//7178 
f 4081//7179 4083//7179 3673//7179 
f 4080//7180 4084//7180 4082//7180 
f 4085//7181 4084//7181 4080//7181 
f 3674//7182 4086//7182 3675//7182 
f 4083//7183 4086//7183 3674//7183 
f 4085//7184 4087//7184 4084//7184 
f 4088//7185 4087//7185 4085//7185 
f 3675//7186 4089//7186 3676//7186 
f 4086//7187 4089//7187 3675//7187 
f 4088//7188 4090//7188 4087//7188 
f 3676//7189 4091//7189 3677//7189 
f 4089//7190 4091//7190 3676//7190 
f 4088//7191 4092//7191 4090//7191 
f 4093//7192 4092//7192 4088//7192 
f 4091//7193 4094//7193 3677//7193 
f 4094//7194 3678//7194 3677//7194 
f 4093//7195 4095//7195 4092//7195 
f 4096//7196 4095//7196 4093//7196 
f 4094//7197 4097//7197 3678//7197 
f 4096//7198 4098//7198 4095//7198 
f 4097//7199 3679//7199 3678//7199 
f 4097//7200 4099//7200 3679//7200 
f 4096//7201 4100//7201 4098//7201 
f 4101//7202 4100//7202 4096//7202 
f 4099//7203 3680//7203 3679//7203 
f 4102//7204 3680//7204 4099//7204 
f 4101//7205 4103//7205 4100//7205 
f 4104//7206 4103//7206 4101//7206 
f 4104//7207 4105//7207 4103//7207 
f 4102//7208 3681//7208 3680//7208 
f 4106//7209 3681//7209 4102//7209 
f 4104//7210 4107//7210 4105//7210 
f 4108//7211 4107//7211 4104//7211 
f 4106//7212 3682//7212 3681//7212 
f 4109//7213 3682//7213 4106//7213 
f 4108//7214 4110//7214 4107//7214 
f 4111//7215 4110//7215 4108//7215 
f 4111//7216 4112//7216 4110//7216 
f 4113//7217 3683//7217 4109//7217 
f 4109//7218 3683//7218 3682//7218 
f 4111//7219 4114//7219 4112//7219 
f 4114//7220 4115//7220 4112//7220 
f 4116//7221 3684//7221 4113//7221 
f 4113//7222 3684//7222 3683//7222 
f 4114//7223 4117//7223 4115//7223 
f 4114//7224 4118//7224 4117//7224 
f 4118//7225 4119//7225 4117//7225 
f 4120//7226 3685//7226 4116//7226 
f 4116//7227 3685//7227 3684//7227 
f 4118//7228 4121//7228 4119//7228 
f 4121//7229 4122//7229 4119//7229 
f 4123//7230 3686//7230 4120//7230 
f 4120//7231 3686//7231 3685//7231 
f 4122//7232 4124//7232 4125//7232 
f 4121//7233 4124//7233 4122//7233 
f 4124//7234 4126//7234 4125//7234 
f 4127//7235 3687//7235 4123//7235 
f 4123//7236 3687//7236 3686//7236 
f 4124//7237 4128//7237 4126//7237 
f 4128//7238 4129//7238 4126//7238 
f 4127//7239 3688//7239 3687//7239 
f 4130//7240 3688//7240 4127//7240 
f 4128//7241 4131//7241 4129//7241 
f 4129//7242 4131//7242 4132//7242 
f 4131//7243 4133//7243 4132//7243 
f 4132//7244 4133//7244 4134//7244 
f 4134//7245 4133//7245 4135//7245 
f 4130//7246 3689//7246 3688//7246 
f 4136//7247 3689//7247 4130//7247 
f 4135//7248 4137//7248 4138//7248 
f 4138//7249 4137//7249 4139//7249 
f 4133//7250 4137//7250 4135//7250 
f 4136//7251 3690//7251 3689//7251 
f 4140//7252 3690//7252 4136//7252 
f 4137//7253 4141//7253 4139//7253 
f 4137//7254 4142//7254 4141//7254 
f 4140//7255 3691//7255 3690//7255 
f 4143//7256 3691//7256 4140//7256 
f 4137//7257 4144//7257 4142//7257 
f 4137//7258 4145//7258 4144//7258 
f 4137//7259 4146//7259 4145//7259 
f 4147//7260 3692//7260 4143//7260 
f 4143//7261 3692//7261 3691//7261 
f 4137//7262 4148//7262 4146//7262 
f 4137//7263 4149//7263 4148//7263 
f 4147//7264 3693//7264 3692//7264 
f 4150//7265 3693//7265 4147//7265 
f 4151//7266 3694//7266 4152//7266 
f 4152//7267 3694//7267 4153//7267 
f 4153//7268 3694//7268 4154//7268 
f 4154//7269 3694//7269 4155//7269 
f 4155//7270 3694//7270 4156//7270 
f 4156//7271 3694//7271 4157//7271 
f 4157//7272 3694//7272 4158//7272 
f 4158//7273 3694//7273 4159//7273 
f 4159//7274 3694//7274 4160//7274 
f 4160//7275 3694//7275 4161//7275 
f 4161//7276 3694//7276 4162//7276 
f 4162//7277 3694//7277 4163//7277 
f 4163//7278 3694//7278 4164//7278 
f 4164//7279 3694//7279 4165//7279 
f 4165//7280 3694//7280 4166//7280 
f 4166//7281 3694//7281 4150//7281 
f 4150//7282 3694//7282 3693//7282 
f 4167//7283 4168//7283 4169//7283 
f 4168//7284 4170//7284 4169//7284 
f 4167//7285 4171//7285 4168//7285 
f 4172//7286 4171//7286 4167//7286 
f 4170//7287 4173//7287 4169//7287 
f 4169//7288 4173//7288 4174//7288 
f 4172//7289 4175//7289 4171//7289 
f 4174//7290 4176//7290 4177//7290 
f 4173//7291 4176//7291 4174//7291 
f 4172//7292 4178//7292 4175//7292 
f 4179//7293 4178//7293 4172//7293 
f 4176//7294 4180//7294 4177//7294 
f 4179//7295 4181//7295 4178//7295 
f 4182//7296 4181//7296 4179//7296 
f 4177//7297 4183//7297 4184//7297 
f 4180//7298 4183//7298 4177//7298 
f 4182//7299 4185//7299 4181//7299 
f 4184//7300 4186//7300 4187//7300 
f 4183//7301 4186//7301 4184//7301 
f 4182//7302 4188//7302 4185//7302 
f 4189//7303 4188//7303 4182//7303 
f 4187//7304 4190//7304 4191//7304 
f 4186//7305 4190//7305 4187//7305 
f 4192//7306 4193//7306 4189//7306 
f 4189//7307 4193//7307 4188//7307 
f 4190//7308 4194//7308 4191//7308 
f 4195//7309 4196//7309 4192//7309 
f 4192//7310 4196//7310 4193//7310 
f 4191//7311 4197//7311 4198//7311 
f 4194//7312 4197//7312 4191//7312 
f 4195//7313 4199//7313 4196//7313 
f 4198//7314 4200//7314 4201//7314 
f 4197//7315 4200//7315 4198//7315 
f 4202//7316 4203//7316 4195//7316 
f 4195//7317 4203//7317 4199//7317 
f 4201//7318 4204//7318 4205//7318 
f 4200//7319 4204//7319 4201//7319 
f 4202//7320 4206//7320 4203//7320 
f 4207//7321 4206//7321 4202//7321 
f 4204//7322 4208//7322 4205//7322 
f 4207//7323 4209//7323 4206//7323 
f 4205//7324 4210//7324 4211//7324 
f 4208//7325 4210//7325 4205//7325 
f 4207//7326 4212//7326 4209//7326 
f 4213//7327 4212//7327 4207//7327 
f 4211//7328 4214//7328 4215//7328 
f 4210//7329 4214//7329 4211//7329 
f 4213//7330 4216//7330 4212//7330 
f 4217//7331 4216//7331 4213//7331 
f 4215//7332 4218//7332 4219//7332 
f 4214//7333 4218//7333 4215//7333 
f 4217//7334 4220//7334 4216//7334 
f 4221//7335 4220//7335 4217//7335 
f 4218//7336 4222//7336 4219//7336 
f 4221//7337 4223//7337 4220//7337 
f 4219//7338 4224//7338 4225//7338 
f 4222//7339 4224//7339 4219//7339 
f 4221//7340 4226//7340 4223//7340 
f 4227//7341 4226//7341 4221//7341 
f 4224//7342 4228//7342 4225//7342 
f 4227//7343 4229//7343 4226//7343 
f 4230//7344 4229//7344 4227//7344 
f 4228//7345 4231//7345 4225//7345 
f 4230//7346 4232//7346 4229//7346 
f 4233//7347 4232//7347 4230//7347 
f 4231//7348 4234//7348 4225//7348 
f 4233//7349 4235//7349 4232//7349 
f 4234//7350 4236//7350 4225//7350 
f 4233//7351 4237//7351 4235//7351 
f 4238//7352 4237//7352 4233//7352 
f 4236//7353 4239//7353 4225//7353 
f 4238//7354 4240//7354 4237//7354 
f 4241//7355 4240//7355 4238//7355 
f 4239//7356 4242//7356 4225//7356 
f 4241//7357 4243//7357 4240//7357 
f 4244//7358 4243//7358 4241//7358 
f 4242//7359 4245//7359 4225//7359 
f 4244//7360 4246//7360 4243//7360 
f 4247//7361 4246//7361 4244//7361 
f 4245//7362 4248//7362 4225//7362 
f 4247//7363 4249//7363 4246//7363 
f 4225//7364 4250//7364 4137//7364 
f 4248//7365 4250//7365 4225//7365 
f 4137//7366 4250//7366 4149//7366 
f 4247//7367 4251//7367 4249//7367 
f 4252//7368 4251//7368 4247//7368 
f 4149//7369 4253//7369 4254//7369 
f 4250//7370 4253//7370 4149//7370 
f 4252//7371 4255//7371 4251//7371 
f 4254//7372 4256//7372 4257//7372 
f 4253//7373 4256//7373 4254//7373 
f 4252//7374 4258//7374 4255//7374 
f 4256//7375 4259//7375 4257//7375 
f 4257//7376 4259//7376 4260//7376 
f 4252//7377 4261//7377 4258//7377 
f 4260//7378 4262//7378 4263//7378 
f 4263//7379 4262//7379 4264//7379 
f 4259//7380 4262//7380 4260//7380 
f 4252//7381 4265//7381 4261//7381 
f 4262//7382 4266//7382 4264//7382 
f 4252//7383 4267//7383 4265//7383 
f 4264//7384 4268//7384 4151//7384 
f 4266//7385 4268//7385 4264//7385 
f 4252//7386 4269//7386 4267//7386 
f 4270//7387 4271//7387 4272//7387 
f 4272//7388 4271//7388 4273//7388 
f 4273//7389 4271//7389 4274//7389 
f 4274//7390 4271//7390 4275//7390 
f 4275//7391 4271//7391 4276//7391 
f 4276//7392 4271//7392 4277//7392 
f 4277//7393 4271//7393 4278//7393 
f 4278//7394 4271//7394 4279//7394 
f 4279//7395 4271//7395 4280//7395 
f 4280//7396 4271//7396 4281//7396 
f 4281//7397 4271//7397 4282//7397 
f 4282//7398 4271//7398 4283//7398 
f 4283//7399 4271//7399 4284//7399 
f 4284//7400 4271//7400 4285//7400 
f 4285//7401 4271//7401 4286//7401 
f 4286//7402 4271//7402 4268//7402 
f 4268//7403 4271//7403 4151//7403 
f 4151//7404 4271//7404 3694//7404 
f 4072//7405 4287//7405 4252//7405 
f 4269//7406 4287//7406 4288//7406 
f 4288//7407 4287//7407 4289//7407 
f 4289//7408 4287//7408 4290//7408 
f 4290//7409 4287//7409 4291//7409 
f 4291//7410 4287//7410 4292//7410 
f 4292//7411 4287//7411 4293//7411 
f 4293//7412 4287//7412 4294//7412 
f 4294//7413 4287//7413 4295//7413 
f 4295//7414 4287//7414 4296//7414 
f 2769//7415 4287//7415 4072//7415 
f 4296//7416 4287//7416 4297//7416 
f 4297//7417 4287//7417 4298//7417 
f 4252//7418 4287//7418 4269//7418 
f 4298//7419 4287//7419 4299//7419 
f 4299//7420 4287//7420 4300//7420 
f 4300//7421 4287//7421 4301//7421 
f 4301//7422 4287//7422 4302//7422 
f 4287//7423 4303//7423 4302//7423 
f 4302//7424 4303//7424 4304//7424 
f 4305//7425 4306//7425 4270//7425 
f 4270//7426 4306//7426 4271//7426 
f 4304//7427 4307//7427 4308//7427 
f 4303//7428 4307//7428 4304//7428 
f 4305//7429 4309//7429 4306//7429 
f 4310//7430 4309//7430 4305//7430 
f 4308//7431 4311//7431 4312//7431 
f 4307//7432 4311//7432 4308//7432 
f 4313//7433 4314//7433 4310//7433 
f 4310//7434 4314//7434 4309//7434 
f 4312//7435 4315//7435 4316//7435 
f 4311//7436 4315//7436 4312//7436 
f 4317//7437 4318//7437 4313//7437 
f 4313//7438 4318//7438 4314//7438 
f 4316//7439 4319//7439 4320//7439 
f 4315//7440 4319//7440 4316//7440 
f 4321//7441 4322//7441 4317//7441 
f 4317//7442 4322//7442 4318//7442 
f 4320//7443 4323//7443 4324//7443 
f 4319//7444 4323//7444 4320//7444 
f 4321//7445 4325//7445 4322//7445 
f 4326//7446 4325//7446 4321//7446 
f 4324//7447 4327//7447 4328//7447 
f 4323//7448 4327//7448 4324//7448 
f 4326//7449 4329//7449 4325//7449 
f 4330//7450 4329//7450 4326//7450 
f 4328//7451 4331//7451 4332//7451 
f 4327//7452 4331//7452 4328//7452 
f 4330//7453 4333//7453 4329//7453 
f 4334//7454 4333//7454 4330//7454 
f 4332//7455 4335//7455 4336//7455 
f 4331//7456 4335//7456 4332//7456 
f 4337//7457 4338//7457 4334//7457 
f 4334//7458 4338//7458 4333//7458 
f 4336//7459 4339//7459 4340//7459 
f 4335//7460 4339//7460 4336//7460 
f 4341//7461 4342//7461 4337//7461 
f 4337//7462 4342//7462 4338//7462 
f 4340//7463 4343//7463 4344//7463 
f 4339//7464 4343//7464 4340//7464 
f 4345//7465 4346//7465 4341//7465 
f 4341//7466 4346//7466 4342//7466 
f 4344//7467 4347//7467 4348//7467 
f 4343//7468 4347//7468 4344//7468 
f 4349//7469 4350//7469 4345//7469 
f 4345//7470 4350//7470 4346//7470 
f 4348//7471 4351//7471 4352//7471 
f 4347//7472 4351//7472 4348//7472 
f 4353//7473 4354//7473 4349//7473 
f 4349//7474 4354//7474 4350//7474 
f 4352//7475 4355//7475 4356//7475 
f 4351//7476 4355//7476 4352//7476 
f 4357//7477 4358//7477 4353//7477 
f 4353//7478 4358//7478 4354//7478 
f 4356//7479 4359//7479 4360//7479 
f 4355//7480 4359//7480 4356//7480 
f 4361//7481 4362//7481 4357//7481 
f 4357//7482 4362//7482 4358//7482 
f 4360//7483 4363//7483 4361//7483 
f 4359//7484 4363//7484 4360//7484 
f 4361//7485 4363//7485 4362//7485 
f 4364//7486 2751//7486 2750//7486 
f 4365//7487 2752//7487 2751//7487 
f 4365//7488 2751//7488 4364//7488 
f 4366//7489 2750//7489 2749//7489 
f 4366//7490 4364//7490 2750//7490 
f 4367//7491 2753//7491 2752//7491 
f 4367//7492 2752//7492 4365//7492 
f 4368//7493 4366//7493 2749//7493 
f 4369//7494 2754//7494 2753//7494 
f 4369//7495 2753//7495 4367//7495 
f 4370//7496 2748//7496 2747//7496 
f 4370//7497 2749//7497 2748//7497 
f 4370//7498 4368//7498 2749//7498 
f 4371//7499 2755//7499 2754//7499 
f 4371//7500 2754//7500 4369//7500 
f 4372//7501 2747//7501 2746//7501 
f 4372//7502 4370//7502 2747//7502 
f 4373//7503 2756//7503 2755//7503 
f 4373//7504 2755//7504 4371//7504 
f 4374//7505 2746//7505 2745//7505 
f 4374//7506 4372//7506 2746//7506 
f 4375//7507 2757//7507 2756//7507 
f 4375//7508 2756//7508 4373//7508 
f 4376//7509 2745//7509 2744//7509 
f 4376//7510 4374//7510 2745//7510 
f 4377//7511 2758//7511 2757//7511 
f 4377//7512 2757//7512 4375//7512 
f 4378//7513 2744//7513 2743//7513 
f 4378//7514 4376//7514 2744//7514 
f 4379//7515 2759//7515 2758//7515 
f 4379//7516 2758//7516 4377//7516 
f 4380//7517 2743//7517 2742//7517 
f 4380//7518 4378//7518 2743//7518 
f 4381//7519 2760//7519 2759//7519 
f 4381//7520 2759//7520 4379//7520 
f 4382//7521 2742//7521 2741//7521 
f 4382//7522 4380//7522 2742//7522 
f 4383//7523 2761//7523 2760//7523 
f 4383//7524 2760//7524 4381//7524 
f 4384//7525 4382//7525 2741//7525 
f 4384//7526 2741//7526 2740//7526 
f 4385//7527 2762//7527 2761//7527 
f 4385//7528 2761//7528 4383//7528 
f 4386//7529 4384//7529 2740//7529 
f 4386//7530 2740//7530 2739//7530 
f 4387//7531 2763//7531 2762//7531 
f 4387//7532 2762//7532 4385//7532 
f 4388//7533 4386//7533 2739//7533 
f 4388//7534 2739//7534 2738//7534 
f 4389//7535 2764//7535 2763//7535 
f 4389//7536 2763//7536 4387//7536 
f 4390//7537 4388//7537 2738//7537 
f 4390//7538 2738//7538 2737//7538 
f 4391//7539 2765//7539 2764//7539 
f 4391//7540 2766//7540 2765//7540 
f 4391//7541 2764//7541 4389//7541 
f 4392//7542 4390//7542 2737//7542 
f 4392//7543 2737//7543 2736//7543 
f 4393//7544 2641//7544 2766//7544 
f 4393//7545 2766//7545 4391//7545 
f 4394//7546 2736//7546 2735//7546 
f 4394//7547 4392//7547 2736//7547 
f 4395//7548 2642//7548 2641//7548 
f 4395//7549 2641//7549 4393//7549 
f 4396//7550 4394//7550 2735//7550 
f 4396//7551 2735//7551 2734//7551 
f 4397//7552 2642//7552 4395//7552 
f 4398//7553 4396//7553 2734//7553 
f 4398//7554 2734//7554 2733//7554 
f 4399//7555 2643//7555 2642//7555 
f 4399//7556 2644//7556 2643//7556 
f 4399//7557 2642//7557 4397//7557 
f 4400//7558 4398//7558 2733//7558 
f 4400//7559 2733//7559 2732//7559 
f 4401//7560 2644//7560 4399//7560 
f 4402//7561 4400//7561 2732//7561 
f 4402//7562 2732//7562 2731//7562 
f 4403//7563 2645//7563 2644//7563 
f 4403//7564 2644//7564 4401//7564 
f 4404//7565 4402//7565 2731//7565 
f 4404//7566 2731//7566 2730//7566 
f 4405//7567 2646//7567 2645//7567 
f 4405//7568 2647//7568 2646//7568 
f 4405//7569 2645//7569 4403//7569 
f 4406//7570 4404//7570 2730//7570 
f 4406//7571 2730//7571 2729//7571 
f 4407//7572 2647//7572 4405//7572 
f 4408//7573 4406//7573 2729//7573 
f 4408//7574 2729//7574 2728//7574 
f 4409//7575 2648//7575 2647//7575 
f 4409//7576 2647//7576 4407//7576 
f 4410//7577 4408//7577 2728//7577 
f 4410//7578 2728//7578 2727//7578 
f 4411//7579 2649//7579 2648//7579 
f 4411//7580 2650//7580 2649//7580 
f 4411//7581 2648//7581 4409//7581 
f 4412//7582 4410//7582 2727//7582 
f 4412//7583 2727//7583 2726//7583 
f 4413//7584 2650//7584 4411//7584 
f 4414//7585 4412//7585 2726//7585 
f 4414//7586 2726//7586 2725//7586 
f 4415//7587 2651//7587 2650//7587 
f 4415//7588 2652//7588 2651//7588 
f 4415//7589 2650//7589 4413//7589 
f 4416//7590 4414//7590 2725//7590 
f 4416//7591 2725//7591 2724//7591 
f 4417//7592 2653//7592 2652//7592 
f 4417//7593 2652//7593 4415//7593 
f 4418//7594 4416//7594 2724//7594 
f 4419//7595 2653//7595 4417//7595 
f 4419//7596 2654//7596 2653//7596 
f 4420//7597 4418//7597 2724//7597 
f 4420//7598 2723//7598 2722//7598 
f 4420//7599 2724//7599 2723//7599 
f 4421//7600 2654//7600 4419//7600 
f 4422//7601 4420//7601 2722//7601 
f 2721//7602 4422//7602 2722//7602 
f 4423//7603 2655//7603 2654//7603 
f 4423//7604 2654//7604 4421//7604 
f 2656//7605 2655//7605 4423//7605 
f 4424//7606 4422//7606 2721//7606 
f 4425//7607 2656//7607 4423//7607 
f 2720//7608 4424//7608 2721//7608 
f 4426//7609 4424//7609 2720//7609 
f 2657//7610 2656//7610 4425//7610 
f 2657//7611 4425//7611 4427//7611 
f 4428//7612 2657//7612 4427//7612 
f 2719//7613 4429//7613 4426//7613 
f 2719//7614 4426//7614 2720//7614 
f 2658//7615 2657//7615 4428//7615 
f 2718//7616 4429//7616 2719//7616 
f 2718//7617 4430//7617 4429//7617 
f 2659//7618 2658//7618 4428//7618 
f 2659//7619 4428//7619 4431//7619 
f 2717//7620 4430//7620 2718//7620 
f 2717//7621 4432//7621 4430//7621 
f 2660//7622 2659//7622 4431//7622 
f 2660//7623 4431//7623 4433//7623 
f 2716//7624 4432//7624 2717//7624 
f 2716//7625 4434//7625 4432//7625 
f 2661//7626 4435//7626 4436//7626 
f 2661//7627 4433//7627 4435//7627 
f 2661//7628 2660//7628 4433//7628 
f 2715//7629 4434//7629 2716//7629 
f 2715//7630 4437//7630 4434//7630 
f 2662//7631 2661//7631 4436//7631 
f 2714//7632 4437//7632 2715//7632 
f 2714//7633 4438//7633 4437//7633 
f 2663//7634 4439//7634 4440//7634 
f 2663//7635 4436//7635 4439//7635 
f 2663//7636 2662//7636 4436//7636 
f 2713//7637 4438//7637 2714//7637 
f 2713//7638 4441//7638 4438//7638 
f 2664//7639 2663//7639 4440//7639 
f 2712//7640 4441//7640 2713//7640 
f 2712//7641 4442//7641 4441//7641 
f 2665//7642 4440//7642 4443//7642 
f 2665//7643 2664//7643 4440//7643 
f 2711//7644 4442//7644 2712//7644 
f 2711//7645 4444//7645 4442//7645 
f 2666//7646 4443//7646 4445//7646 
f 2666//7647 2665//7647 4443//7647 
f 2710//7648 4446//7648 4444//7648 
f 2710//7649 4444//7649 2711//7649 
f 2667//7650 2666//7650 4445//7650 
f 2667//7651 4445//7651 4447//7651 
f 2709//7652 4448//7652 4446//7652 
f 2709//7653 4446//7653 2710//7653 
f 2668//7654 2667//7654 4447//7654 
f 2668//7655 4447//7655 4449//7655 
f 2708//7656 4450//7656 4448//7656 
f 2708//7657 4448//7657 2709//7657 
f 2669//7658 4449//7658 4451//7658 
f 2669//7659 2668//7659 4449//7659 
f 2707//7660 4450//7660 2708//7660 
f 2707//7661 4452//7661 4450//7661 
f 2670//7662 2669//7662 4451//7662 
f 2670//7663 4451//7663 4453//7663 
f 2706//7664 4452//7664 2707//7664 
f 2706//7665 4454//7665 4452//7665 
f 2671//7666 4453//7666 4455//7666 
f 2671//7667 2670//7667 4453//7667 
f 2705//7668 4454//7668 2706//7668 
f 2705//7669 4456//7669 4454//7669 
f 2672//7670 4455//7670 4457//7670 
f 2672//7671 2671//7671 4455//7671 
f 2704//7672 4456//7672 2705//7672 
f 2704//7673 4458//7673 4456//7673 
f 2673//7674 4457//7674 4459//7674 
f 2673//7675 2672//7675 4457//7675 
f 2703//7676 4458//7676 2704//7676 
f 2703//7677 4460//7677 4458//7677 
f 2674//7678 4459//7678 4461//7678 
f 2674//7679 2673//7679 4459//7679 
f 2702//7680 4460//7680 2703//7680 
f 2702//7681 4462//7681 4460//7681 
f 2675//7682 4463//7682 4464//7682 
f 2675//7683 4461//7683 4463//7683 
f 2675//7684 2674//7684 4461//7684 
f 2701//7685 4462//7685 2702//7685 
f 2701//7686 4465//7686 4462//7686 
f 2676//7687 2675//7687 4464//7687 
f 2700//7688 4465//7688 2701//7688 
f 2700//7689 4466//7689 4465//7689 
f 2677//7690 2676//7690 4464//7690 
f 2677//7691 4467//7691 4468//7691 
f 2677//7692 4464//7692 4467//7692 
f 2699//7693 4466//7693 2700//7693 
f 2699//7694 4469//7694 4466//7694 
f 2678//7695 2677//7695 4468//7695 
f 2678//7696 4468//7696 4470//7696 
f 2698//7697 4469//7697 2699//7697 
f 2698//7698 4471//7698 4469//7698 
f 2679//7699 2678//7699 4470//7699 
f 2697//7700 4471//7700 2698//7700 
f 2697//7701 4472//7701 4471//7701 
f 2680//7702 4470//7702 4473//7702 
f 2680//7703 2679//7703 4470//7703 
f 2696//7704 4472//7704 2697//7704 
f 2696//7705 4474//7705 4472//7705 
f 2681//7706 2680//7706 4473//7706 
f 2681//7707 4473//7707 4475//7707 
f 2695//7708 4474//7708 2696//7708 
f 2695//7709 4476//7709 4474//7709 
f 2682//7710 4477//7710 4478//7710 
f 2682//7711 4475//7711 4477//7711 
f 2682//7712 2681//7712 4475//7712 
f 2694//7713 4476//7713 2695//7713 
f 2694//7714 4479//7714 4476//7714 
f 2683//7715 2682//7715 4478//7715 
f 2693//7716 4479//7716 2694//7716 
f 2693//7717 4480//7717 4479//7717 
f 2684//7718 4481//7718 4482//7718 
f 2684//7719 4478//7719 4481//7719 
f 2684//7720 2683//7720 4478//7720 
f 2692//7721 4480//7721 2693//7721 
f 2692//7722 4483//7722 4480//7722 
f 2685//7723 4482//7723 4484//7723 
f 2685//7724 2684//7724 4482//7724 
f 2691//7725 4485//7725 4483//7725 
f 2691//7726 4483//7726 2692//7726 
f 2686//7727 4484//7727 4486//7727 
f 2686//7728 2685//7728 4484//7728 
f 2690//7729 4487//7729 4485//7729 
f 2690//7730 4485//7730 2691//7730 
f 2687//7731 2686//7731 4486//7731 
f 2689//7732 4488//7732 4487//7732 
f 2689//7733 4487//7733 2690//7733 
f 2688//7734 4489//7734 4488//7734 
f 2688//7735 4486//7735 4489//7735 
f 2688//7736 2687//7736 4486//7736 
f 2688//7737 4488//7737 2689//7737 
f 2768//7738 2944//7738 4287//7738 
f 2768//7739 4287//7739 2769//7739 
f 4490//7740 2924//7740 2923//7740 
f 4491//7741 2924//7741 4490//7741 
f 4491//7742 2925//7742 2924//7742 
f 4492//7743 2923//7743 2922//7743 
f 4492//7744 4490//7744 2923//7744 
f 4493//7745 2926//7745 2925//7745 
f 4493//7746 2925//7746 4491//7746 
f 4494//7747 2922//7747 2921//7747 
f 4494//7748 4492//7748 2922//7748 
f 4495//7749 2927//7749 2926//7749 
f 4495//7750 2926//7750 4493//7750 
f 4496//7751 2921//7751 2920//7751 
f 4496//7752 4494//7752 2921//7752 
f 4497//7753 2928//7753 2927//7753 
f 4497//7754 2927//7754 4495//7754 
f 4498//7755 2920//7755 2919//7755 
f 4498//7756 4496//7756 2920//7756 
f 4499//7757 2929//7757 2928//7757 
f 4499//7758 2928//7758 4497//7758 
f 4500//7759 2919//7759 2918//7759 
f 4500//7760 4498//7760 2919//7760 
f 4501//7761 2930//7761 2929//7761 
f 4501//7762 2929//7762 4499//7762 
f 4502//7763 2918//7763 2917//7763 
f 4502//7764 4500//7764 2918//7764 
f 4503//7765 2931//7765 2930//7765 
f 4503//7766 2930//7766 4501//7766 
f 4504//7767 2917//7767 2916//7767 
f 4504//7768 4502//7768 2917//7768 
f 4505//7769 2932//7769 2931//7769 
f 4505//7770 2931//7770 4503//7770 
f 4506//7771 2916//7771 2915//7771 
f 4506//7772 4504//7772 2916//7772 
f 4507//7773 2933//7773 2932//7773 
f 4507//7774 2932//7774 4505//7774 
f 4508//7775 2915//7775 2914//7775 
f 4508//7776 4506//7776 2915//7776 
f 4509//7777 2934//7777 2933//7777 
f 4509//7778 2933//7778 4507//7778 
f 4510//7779 4508//7779 2914//7779 
f 4510//7780 2914//7780 2913//7780 
f 4511//7781 2935//7781 2934//7781 
f 4511//7782 2934//7782 4509//7782 
f 4512//7783 4510//7783 2913//7783 
f 4512//7784 2913//7784 2912//7784 
f 4513//7785 2936//7785 2935//7785 
f 4513//7786 2935//7786 4511//7786 
f 4514//7787 4512//7787 2912//7787 
f 4514//7788 2912//7788 2911//7788 
f 4515//7789 2937//7789 2936//7789 
f 4515//7790 2936//7790 4513//7790 
f 4516//7791 4514//7791 2911//7791 
f 4516//7792 2911//7792 2910//7792 
f 4517//7793 2937//7793 4515//7793 
f 4517//7794 2938//7794 2937//7794 
f 4518//7795 4516//7795 2910//7795 
f 4518//7796 2910//7796 2909//7796 
f 4519//7797 2939//7797 2938//7797 
f 4519//7798 2938//7798 4517//7798 
f 4520//7799 2909//7799 2908//7799 
f 4520//7800 4518//7800 2909//7800 
f 4521//7801 2814//7801 2939//7801 
f 4521//7802 2939//7802 4519//7802 
f 4522//7803 4520//7803 2908//7803 
f 4522//7804 2908//7804 2907//7804 
f 4523//7805 2815//7805 2814//7805 
f 4523//7806 2814//7806 4521//7806 
f 4524//7807 4522//7807 2907//7807 
f 4524//7808 2907//7808 2906//7808 
f 4525//7809 2816//7809 2815//7809 
f 4525//7810 2815//7810 4523//7810 
f 4526//7811 4524//7811 2906//7811 
f 4526//7812 2906//7812 2905//7812 
f 4527//7813 2817//7813 2816//7813 
f 4527//7814 2816//7814 4525//7814 
f 4528//7815 4526//7815 2905//7815 
f 4528//7816 2905//7816 2904//7816 
f 4529//7817 2818//7817 2817//7817 
f 4529//7818 2817//7818 4527//7818 
f 4530//7819 4528//7819 2904//7819 
f 4530//7820 2904//7820 2903//7820 
f 4531//7821 2819//7821 2818//7821 
f 4531//7822 2818//7822 4529//7822 
f 4532//7823 4530//7823 2903//7823 
f 4532//7824 2903//7824 2902//7824 
f 4533//7825 2820//7825 2819//7825 
f 4533//7826 2819//7826 4531//7826 
f 4534//7827 4532//7827 2902//7827 
f 4534//7828 2902//7828 2901//7828 
f 4535//7829 2821//7829 2820//7829 
f 4535//7830 2820//7830 4533//7830 
f 4536//7831 4534//7831 2901//7831 
f 4536//7832 2901//7832 2900//7832 
f 4537//7833 2822//7833 2821//7833 
f 4537//7834 2821//7834 4535//7834 
f 4538//7835 4536//7835 2900//7835 
f 4538//7836 2900//7836 2899//7836 
f 4539//7837 2823//7837 2822//7837 
f 4539//7838 2822//7838 4537//7838 
f 4540//7839 4538//7839 2899//7839 
f 4540//7840 2899//7840 2898//7840 
f 4541//7841 2823//7841 4539//7841 
f 4541//7842 2824//7842 2823//7842 
f 4542//7843 4540//7843 2898//7843 
f 4543//7844 2825//7844 2824//7844 
f 4543//7845 2824//7845 4541//7845 
f 4544//7846 4542//7846 2898//7846 
f 4544//7847 2897//7847 2896//7847 
f 4544//7848 2898//7848 2897//7848 
f 4545//7849 2826//7849 2825//7849 
f 4545//7850 2825//7850 4543//7850 
f 4546//7851 4544//7851 2896//7851 
f 4546//7852 2896//7852 2895//7852 
f 4547//7853 2827//7853 2826//7853 
f 4547//7854 2826//7854 4545//7854 
f 4548//7855 4546//7855 2895//7855 
f 2894//7856 4548//7856 2895//7856 
f 4549//7857 2828//7857 2827//7857 
f 4549//7858 2827//7858 4547//7858 
f 2829//7859 2828//7859 4549//7859 
f 4550//7860 4548//7860 2894//7860 
f 4551//7861 2829//7861 4549//7861 
f 2893//7862 4550//7862 2894//7862 
f 4552//7863 4550//7863 2893//7863 
f 2830//7864 4551//7864 4553//7864 
f 2830//7865 2829//7865 4551//7865 
f 2892//7866 4554//7866 4552//7866 
f 2892//7867 4552//7867 2893//7867 
f 2831//7868 2830//7868 4553//7868 
f 2831//7869 4553//7869 4555//7869 
f 2891//7870 4556//7870 4554//7870 
f 2891//7871 4554//7871 2892//7871 
f 2832//7872 4555//7872 4557//7872 
f 2832//7873 2831//7873 4555//7873 
f 2890//7874 4556//7874 2891//7874 
f 2890//7875 4558//7875 4556//7875 
f 2833//7876 2832//7876 4557//7876 
f 2833//7877 4557//7877 4559//7877 
f 2889//7878 4558//7878 2890//7878 
f 2889//7879 4560//7879 4558//7879 
f 2834//7880 4559//7880 4561//7880 
f 2834//7881 2833//7881 4559//7881 
f 2888//7882 4560//7882 2889//7882 
f 2888//7883 4562//7883 4560//7883 
f 2835//7884 4561//7884 4563//7884 
f 2835//7885 2834//7885 4561//7885 
f 2887//7886 4562//7886 2888//7886 
f 2887//7887 4564//7887 4562//7887 
f 2836//7888 4563//7888 4565//7888 
f 2836//7889 2835//7889 4563//7889 
f 2886//7890 4564//7890 2887//7890 
f 2886//7891 4566//7891 4564//7891 
f 2837//7892 4565//7892 4567//7892 
f 2837//7893 2836//7893 4565//7893 
f 2885//7894 4566//7894 2886//7894 
f 2885//7895 4568//7895 4566//7895 
f 2838//7896 2837//7896 4567//7896 
f 2838//7897 4567//7897 4569//7897 
f 2884//7898 4568//7898 2885//7898 
f 2884//7899 4570//7899 4568//7899 
f 2839//7900 4569//7900 4571//7900 
f 2839//7901 2838//7901 4569//7901 
f 2883//7902 4570//7902 2884//7902 
f 2883//7903 4572//7903 4570//7903 
f 2840//7904 4571//7904 4573//7904 
f 2840//7905 2839//7905 4571//7905 
f 2882//7906 4574//7906 4572//7906 
f 2882//7907 4572//7907 2883//7907 
f 2841//7908 2840//7908 4573//7908 
f 2841//7909 4573//7909 4575//7909 
f 2881//7910 4574//7910 2882//7910 
f 2881//7911 4576//7911 4574//7911 
f 2842//7912 4575//7912 4577//7912 
f 2842//7913 2841//7913 4575//7913 
f 2880//7914 4576//7914 2881//7914 
f 2880//7915 4578//7915 4576//7915 
f 2880//7916 4579//7916 4578//7916 
f 2843//7917 4577//7917 4580//7917 
f 2843//7918 2842//7918 4577//7918 
f 2879//7919 4579//7919 2880//7919 
f 2844//7920 4580//7920 4581//7920 
f 2844//7921 2843//7921 4580//7921 
f 2878//7922 4579//7922 2879//7922 
f 2878//7923 4582//7923 4579//7923 
f 2845//7924 4581//7924 4583//7924 
f 2845//7925 2844//7925 4581//7925 
f 2877//7926 4582//7926 2878//7926 
f 2877//7927 4584//7927 4582//7927 
f 2877//7928 4585//7928 4584//7928 
f 2846//7929 4583//7929 4586//7929 
f 2846//7930 2845//7930 4583//7930 
f 2876//7931 4585//7931 2877//7931 
f 2876//7932 4587//7932 4585//7932 
f 2847//7933 4586//7933 4588//7933 
f 2847//7934 2846//7934 4586//7934 
f 2875//7935 4587//7935 2876//7935 
f 2848//7936 4588//7936 4589//7936 
f 2848//7937 2847//7937 4588//7937 
f 2874//7938 4590//7938 4587//7938 
f 2874//7939 4591//7939 4590//7939 
f 2874//7940 4587//7940 2875//7940 
f 2849//7941 4589//7941 4592//7941 
f 2849//7942 2848//7942 4589//7942 
f 2873//7943 4591//7943 2874//7943 
f 2850//7944 2849//7944 4592//7944 
f 2850//7945 4592//7945 4593//7945 
f 2872//7946 4591//7946 2873//7946 
f 2872//7947 4594//7947 4591//7947 
f 2851//7948 2850//7948 4593//7948 
f 2851//7949 4593//7949 4595//7949 
f 2871//7950 4594//7950 2872//7950 
f 2871//7951 4596//7951 4594//7951 
f 2871//7952 4597//7952 4596//7952 
f 2852//7953 4595//7953 4598//7953 
f 2852//7954 2851//7954 4595//7954 
f 2870//7955 4597//7955 2871//7955 
f 2870//7956 4599//7956 4597//7956 
f 2853//7957 4598//7957 4600//7957 
f 2853//7958 2852//7958 4598//7958 
f 2869//7959 4599//7959 2870//7959 
f 2869//7960 4601//7960 4599//7960 
f 2854//7961 4600//7961 4602//7961 
f 2854//7962 2853//7962 4600//7962 
f 2868//7963 4601//7963 2869//7963 
f 2868//7964 4603//7964 4601//7964 
f 2855//7965 2854//7965 4602//7965 
f 2855//7966 4602//7966 4604//7966 
f 2867//7967 4603//7967 2868//7967 
f 2867//7968 4605//7968 4603//7968 
f 2856//7969 2855//7969 4604//7969 
f 2856//7970 4604//7970 4606//7970 
f 2866//7971 4605//7971 2867//7971 
f 2866//7972 4607//7972 4605//7972 
f 2857//7973 4606//7973 4608//7973 
f 2857//7974 2856//7974 4606//7974 
f 2865//7975 4609//7975 4607//7975 
f 2865//7976 4607//7976 2866//7976 
f 2858//7977 4608//7977 4610//7977 
f 2858//7978 2857//7978 4608//7978 
f 2864//7979 4611//7979 4609//7979 
f 2864//7980 4609//7980 2865//7980 
f 2859//7981 4610//7981 4612//7981 
f 2859//7982 2858//7982 4610//7982 
f 2863//7983 4613//7983 4611//7983 
f 2863//7984 4611//7984 2864//7984 
f 2860//7985 4612//7985 4614//7985 
f 2860//7986 2859//7986 4612//7986 
f 2862//7987 4613//7987 2863//7987 
f 2861//7988 4615//7988 4613//7988 
f 2861//7989 4614//7989 4615//7989 
f 2861//7990 4613//7990 2862//7990 
f 2861//7991 2860//7991 4614//7991 
f 3357//7992 3320//7992 4271//7992 
f 3357//7993 4271//7993 4306//7993 
f 3488//7994 4306//7994 4309//7994 
f 3488//7995 3357//7995 4306//7995 
f 3489//7996 4309//7996 4314//7996 
f 3489//7997 3488//7997 4309//7997 
f 3490//7998 4314//7998 4318//7998 
f 3490//7999 4318//7999 4322//7999 
f 3490//8000 3489//8000 4314//8000 
f 3491//8001 3490//8001 4322//8001 
f 3492//8002 4322//8002 4325//8002 
f 3492//8003 4325//8003 4329//8003 
f 3492//8004 3491//8004 4322//8004 
f 3467//8005 3492//8005 4329//8005 
f 3468//8006 3467//8006 4329//8006 
f 3468//8007 4329//8007 4333//8007 
f 3468//8008 4333//8008 4338//8008 
f 3469//8009 3468//8009 4338//8009 
f 3470//8010 3469//8010 4338//8010 
f 3470//8011 4338//8011 4342//8011 
f 3470//8012 4342//8012 4346//8012 
f 3397//8013 3470//8013 4346//8013 
f 3398//8014 3397//8014 4346//8014 
f 3398//8015 4346//8015 4350//8015 
f 3399//8016 3398//8016 4350//8016 
f 3399//8017 4350//8017 4354//8017 
f 3399//8018 4354//8018 4358//8018 
f 3400//8019 3399//8019 4358//8019 
f 3401//8020 3400//8020 4358//8020 
f 3401//8021 4358//8021 4362//8021 
f 3402//8022 3401//8022 4362//8022 
f 3402//8023 4362//8023 4363//8023 
f 3403//8024 3402//8024 4363//8024 
f 3403//8025 4363//8025 4359//8025 
f 3543//8026 3403//8026 4359//8026 
f 3543//8027 4359//8027 4355//8027 
f 3543//8028 4355//8028 4351//8028 
f 3545//8029 3543//8029 4351//8029 
f 3551//8030 3545//8030 4351//8030 
f 3551//8031 4351//8031 4347//8031 
f 3552//8032 3551//8032 4347//8032 
f 3552//8033 4347//8033 4343//8033 
f 3552//8034 4343//8034 4339//8034 
f 2965//8035 3552//8035 4339//8035 
f 2966//8036 4339//8036 4335//8036 
f 2966//8037 2965//8037 4339//8037 
f 2969//8038 4335//8038 4331//8038 
f 2969//8039 2966//8039 4335//8039 
f 2972//8040 4331//8040 4327//8040 
f 2972//8041 4327//8041 4323//8041 
f 2972//8042 2969//8042 4331//8042 
f 2973//8043 2972//8043 4323//8043 
f 2974//8044 4323//8044 4319//8044 
f 2974//8045 2973//8045 4323//8045 
f 2975//8046 4319//8046 4315//8046 
f 2975//8047 4315//8047 4311//8047 
f 2975//8048 2974//8048 4319//8048 
f 2976//8049 2975//8049 4311//8049 
f 2977//8050 4311//8050 4307//8050 
f 2977//8051 2976//8051 4311//8051 
f 2978//8052 4307//8052 4303//8052 
f 2978//8053 2977//8053 4307//8053 
f 2944//8054 4303//8054 4287//8054 
f 2944//8055 2978//8055 4303//8055 
f 3305//8056 4616//8056 4617//8056 
f 3306//8057 4617//8057 4618//8057 
f 3306//8058 3305//8058 4617//8058 
f 3307//8059 3306//8059 4618//8059 
f 3307//8060 4618//8060 4619//8060 
f 3308//8061 4619//8061 4620//8061 
f 3308//8062 3307//8062 4619//8062 
f 3309//8063 4620//8063 4621//8063 
f 3309//8064 3308//8064 4620//8064 
f 3310//8065 4621//8065 4622//8065 
f 3310//8066 3309//8066 4621//8066 
f 3311//8067 4622//8067 4623//8067 
f 3311//8068 3310//8068 4622//8068 
f 3312//8069 4623//8069 4624//8069 
f 3312//8070 3311//8070 4623//8070 
f 3239//8071 4624//8071 4625//8071 
f 3239//8072 3312//8072 4624//8072 
f 3240//8073 4625//8073 4626//8073 
f 3240//8074 3239//8074 4625//8074 
f 3241//8075 4626//8075 4627//8075 
f 3241//8076 3240//8076 4626//8076 
f 3242//8077 4627//8077 4628//8077 
f 3242//8078 3241//8078 4627//8078 
f 3243//8079 4628//8079 4629//8079 
f 3243//8080 3242//8080 4628//8080 
f 3244//8081 4629//8081 4630//8081 
f 3244//8082 3243//8082 4629//8082 
f 3245//8083 4630//8083 4631//8083 
f 3245//8084 3244//8084 4630//8084 
f 3246//8085 4631//8085 4632//8085 
f 3246//8086 3245//8086 4631//8086 
f 3247//8087 3246//8087 4632//8087 
f 3248//8088 4632//8088 4633//8088 
f 3248//8089 3247//8089 4632//8089 
f 3249//8090 4633//8090 4634//8090 
f 3249//8091 3248//8091 4633//8091 
f 3279//8092 4634//8092 4635//8092 
f 3279//8093 3249//8093 4634//8093 
f 3280//8094 4635//8094 4636//8094 
f 3280//8095 3279//8095 4635//8095 
f 3281//8096 3280//8096 4636//8096 
f 3282//8097 4636//8097 4637//8097 
f 3282//8098 3281//8098 4636//8098 
f 3283//8099 4637//8099 4638//8099 
f 3283//8100 3282//8100 4637//8100 
f 3284//8101 4638//8101 4639//8101 
f 3284//8102 3283//8102 4638//8102 
f 3285//8103 4639//8103 4640//8103 
f 3285//8104 3284//8104 4639//8104 
f 3293//8105 3285//8105 4640//8105 
f 3294//8106 4640//8106 4641//8106 
f 3294//8107 3293//8107 4640//8107 
f 3251//8108 3294//8108 4641//8108 
f 3251//8109 4641//8109 4642//8109 
f 3252//8110 3251//8110 4642//8110 
f 3252//8111 4642//8111 4643//8111 
f 3253//8112 3252//8112 4643//8112 
f 3254//8113 3253//8113 4643//8113 
f 3254//8114 4643//8114 4644//8114 
f 3255//8115 3254//8115 4644//8115 
f 3255//8116 4644//8116 4645//8116 
f 3256//8117 3255//8117 4645//8117 
f 3256//8118 4645//8118 4646//8118 
f 3257//8119 3256//8119 4646//8119 
f 3257//8120 4646//8120 4647//8120 
f 3258//8121 3257//8121 4647//8121 
f 3259//8122 3258//8122 4647//8122 
f 3259//8123 4647//8123 4648//8123 
f 3287//8124 4648//8124 4649//8124 
f 3287//8125 3259//8125 4648//8125 
f 3288//8126 3287//8126 4649//8126 
f 3289//8127 4649//8127 4650//8127 
f 3289//8128 3288//8128 4649//8128 
f 3038//8129 4650//8129 4651//8129 
f 3038//8130 3289//8130 4650//8130 
f 3039//8131 4651//8131 4652//8131 
f 3039//8132 3038//8132 4651//8132 
f 3040//8133 3039//8133 4652//8133 
f 3041//8134 4652//8134 4653//8134 
f 3041//8135 3040//8135 4652//8135 
f 3080//8136 4653//8136 4654//8136 
f 3080//8137 3041//8137 4653//8137 
f 3081//8138 3080//8138 4654//8138 
f 3082//8139 4654//8139 4655//8139 
f 3082//8140 3081//8140 4654//8140 
f 3083//8141 4655//8141 4656//8141 
f 3083//8142 3082//8142 4655//8142 
f 3085//8143 3083//8143 4656//8143 
f 3086//8144 4656//8144 4657//8144 
f 3086//8145 3085//8145 4656//8145 
f 3087//8146 4657//8146 4658//8146 
f 3087//8147 3086//8147 4657//8147 
f 3088//8148 3087//8148 4658//8148 
f 3089//8149 4658//8149 4659//8149 
f 3089//8150 3088//8150 4658//8150 
f 3090//8151 4659//8151 4660//8151 
f 3090//8152 3089//8152 4659//8152 
f 3091//8153 3090//8153 4660//8153 
f 3092//8154 4660//8154 4661//8154 
f 3092//8155 3091//8155 4660//8155 
f 3093//8156 4661//8156 4662//8156 
f 3093//8157 3092//8157 4661//8157 
f 3094//8158 3093//8158 4662//8158 
f 3095//8159 3094//8159 4662//8159 
f 3095//8160 4662//8160 4663//8160 
f 3096//8161 3095//8161 4663//8161 
f 3096//8162 4663//8162 4664//8162 
f 3097//8163 3096//8163 4664//8163 
f 3099//8164 3097//8164 4664//8164 
f 3099//8165 4664//8165 4665//8165 
f 3100//8166 3099//8166 4665//8166 
f 3100//8167 4665//8167 4666//8167 
f 3101//8168 3100//8168 4666//8168 
f 3102//8169 3101//8169 4666//8169 
f 3102//8170 4666//8170 4667//8170 
f 3103//8171 3102//8171 4667//8171 
f 3103//8172 4667//8172 4668//8172 
f 3104//8173 3103//8173 4668//8173 
f 3105//8174 3104//8174 4668//8174 
f 3105//8175 4668//8175 4669//8175 
f 3106//8176 3105//8176 4669//8176 
f 3106//8177 4669//8177 4670//8177 
f 3107//8178 3106//8178 4670//8178 
f 3132//8179 3107//8179 4670//8179 
f 3132//8180 4670//8180 4671//8180 
f 3133//8181 3132//8181 4671//8181 
f 3133//8182 4671//8182 4672//8182 
f 3134//8183 3133//8183 4672//8183 
f 3135//8184 3134//8184 4672//8184 
f 3135//8185 4672//8185 4673//8185 
f 3136//8186 3135//8186 4673//8186 
f 3136//8187 4673//8187 4674//8187 
f 3109//8188 4674//8188 4675//8188 
f 3109//8189 3136//8189 4674//8189 
f 3110//8190 3109//8190 4675//8190 
f 3111//8191 4675//8191 4676//8191 
f 3111//8192 3110//8192 4675//8192 
f 3112//8193 4676//8193 4677//8193 
f 3112//8194 3111//8194 4676//8194 
f 3113//8195 3112//8195 4677//8195 
f 3114//8196 4677//8196 4678//8196 
f 3114//8197 3113//8197 4677//8197 
f 3115//8198 3114//8198 4678//8198 
f 3115//8199 4678//8199 4679//8199 
f 3116//8200 4679//8200 4680//8200 
f 3116//8201 3115//8201 4679//8201 
f 3117//8202 3116//8202 4680//8202 
f 3118//8203 4680//8203 4681//8203 
f 3118//8204 3117//8204 4680//8204 
f 3119//8205 4681//8205 4682//8205 
f 3119//8206 3118//8206 4681//8206 
f 3120//8207 4682//8207 4683//8207 
f 3120//8208 3119//8208 4682//8208 
f 3121//8209 3120//8209 4683//8209 
f 3122//8210 3121//8210 4683//8210 
f 3122//8211 4683//8211 4684//8211 
f 3123//8212 3122//8212 4684//8212 
f 3123//8213 4684//8213 4685//8213 
f 3124//8214 3123//8214 4685//8214 
f 3124//8215 4685//8215 4686//8215 
f 3125//8216 3124//8216 4686//8216 
f 3125//8217 4686//8217 4687//8217 
f 3126//8218 3125//8218 4687//8218 
f 3127//8219 3126//8219 4687//8219 
f 3127//8220 4687//8220 4688//8220 
f 3128//8221 3127//8221 4688//8221 
f 3128//8222 4688//8222 4689//8222 
f 3129//8223 3128//8223 4689//8223 
f 3129//8224 4689//8224 4690//8224 
f 3130//8225 3129//8225 4690//8225 
f 3130//8226 4690//8226 4691//8226 
f 3131//8227 3130//8227 4691//8227 
f 3002//8228 3131//8228 4691//8228 
f 3002//8229 4691//8229 4692//8229 
f 3001//8230 3002//8230 4692//8230 
f 3001//8231 4692//8231 4693//8231 
f 3000//8232 3001//8232 4693//8232 
f 3000//8233 4693//8233 4694//8233 
f 2999//8234 3000//8234 4694//8234 
f 2999//8235 4694//8235 4695//8235 
f 2998//8236 2999//8236 4695//8236 
f 2998//8237 4695//8237 4696//8237 
f 2997//8238 2998//8238 4696//8238 
f 2996//8239 2997//8239 4696//8239 
f 2996//8240 4696//8240 4697//8240 
f 2995//8241 2996//8241 4697//8241 
f 2995//8242 4697//8242 4698//8242 
f 2994//8243 2995//8243 4698//8243 
f 2994//8244 4698//8244 4699//8244 
f 2993//8245 2994//8245 4699//8245 
f 2993//8246 4699//8246 4700//8246 
f 2992//8247 2993//8247 4700//8247 
f 2992//8248 4700//8248 4701//8248 
f 2991//8249 2992//8249 4701//8249 
f 2990//8250 2991//8250 4701//8250 
f 2990//8251 4701//8251 4702//8251 
f 2989//8252 2990//8252 4702//8252 
f 2989//8253 4702//8253 4703//8253 
f 2988//8254 4703//8254 4704//8254 
f 2988//8255 2989//8255 4703//8255 
f 2986//8256 4704//8256 4705//8256 
f 2986//8257 2988//8257 4704//8257 
f 2984//8258 2986//8258 4705//8258 
f 2983//8259 2984//8259 4705//8259 
f 2983//8260 4705//8260 4706//8260 
f 2980//8261 2983//8261 4706//8261 
f 2980//8262 4706//8262 4707//8262 
f 3271//8263 4707//8263 4708//8263 
f 3271//8264 2980//8264 4707//8264 
f 3272//8265 3271//8265 4708//8265 
f 3272//8266 4708//8266 4709//8266 
f 3273//8267 3272//8267 4709//8267 
f 3274//8268 3273//8268 4709//8268 
f 3274//8269 4709//8269 4710//8269 
f 3275//8270 3274//8270 4710//8270 
f 3275//8271 4710//8271 4711//8271 
f 3218//8272 3275//8272 4711//8272 
f 3218//8273 4711//8273 4712//8273 
f 3219//8274 3218//8274 4712//8274 
f 3220//8275 3219//8275 4712//8275 
f 3220//8276 4712//8276 4713//8276 
f 3221//8277 3220//8277 4713//8277 
f 3221//8278 4713//8278 4714//8278 
f 3222//8279 3221//8279 4714//8279 
f 3222//8280 4714//8280 4715//8280 
f 3223//8281 3222//8281 4715//8281 
f 3224//8282 4715//8282 4716//8282 
f 3224//8283 3223//8283 4715//8283 
f 3225//8284 4716//8284 4717//8284 
f 3225//8285 3224//8285 4716//8285 
f 3226//8286 3225//8286 4717//8286 
f 3227//8287 4717//8287 4718//8287 
f 3227//8288 3226//8288 4717//8288 
f 3228//8289 4718//8289 4719//8289 
f 3228//8290 3227//8290 4718//8290 
f 3229//8291 4719//8291 4720//8291 
f 3229//8292 3228//8292 4719//8292 
f 3230//8293 3229//8293 4720//8293 
f 3231//8294 4720//8294 4721//8294 
f 3231//8295 3230//8295 4720//8295 
f 3232//8296 4721//8296 4722//8296 
f 3232//8297 3231//8297 4721//8297 
f 3233//8298 3232//8298 4722//8298 
f 3234//8299 4722//8299 4723//8299 
f 3234//8300 3233//8300 4722//8300 
f 3235//8301 4723//8301 4724//8301 
f 3235//8302 3234//8302 4723//8302 
f 3236//8303 4724//8303 4725//8303 
f 3236//8304 3235//8304 4724//8304 
f 3237//8305 3236//8305 4725//8305 
f 3214//8306 4725//8306 4726//8306 
f 3214//8307 3237//8307 4725//8307 
f 3209//8308 4726//8308 4727//8308 
f 3209//8309 3214//8309 4726//8309 
f 3210//8310 3209//8310 4727//8310 
f 3200//8311 3210//8311 4727//8311 
f 3200//8312 4727//8312 4728//8312 
f 3201//8313 3200//8313 4728//8313 
f 3201//8314 4728//8314 4729//8314 
f 3202//8315 3201//8315 4729//8315 
f 3203//8316 3202//8316 4729//8316 
f 3203//8317 4729//8317 4730//8317 
f 3204//8318 3203//8318 4730//8318 
f 3204//8319 4730//8319 4731//8319 
f 3205//8320 4731//8320 4732//8320 
f 3205//8321 3204//8321 4731//8321 
f 3206//8322 3205//8322 4732//8322 
f 3207//8323 4732//8323 4733//8323 
f 3207//8324 3206//8324 4732//8324 
f 3189//8325 4733//8325 4734//8325 
f 3189//8326 3207//8326 4733//8326 
f 3190//8327 3189//8327 4734//8327 
f 3191//8328 4734//8328 4735//8328 
f 3191//8329 3190//8329 4734//8329 
f 3192//8330 4735//8330 4736//8330 
f 3192//8331 3191//8331 4735//8331 
f 3193//8332 4736//8332 4737//8332 
f 3193//8333 3192//8333 4736//8333 
f 3194//8334 4737//8334 4738//8334 
f 3194//8335 3193//8335 4737//8335 
f 3195//8336 4738//8336 4739//8336 
f 3195//8337 3194//8337 4738//8337 
f 3313//8338 4739//8338 4740//8338 
f 3313//8339 3195//8339 4739//8339 
f 3314//8340 3313//8340 4740//8340 
f 3315//8341 4740//8341 4741//8341 
f 3315//8342 3314//8342 4740//8342 
f 3316//8343 3315//8343 4741//8343 
f 3317//8344 4741//8344 4616//8344 
f 3317//8345 3316//8345 4741//8345 
f 3305//8346 3317//8346 4616//8346 
f 3320//8347 2987//8347 3694//8347 
f 3320//8348 3694//8348 4271//8348 
f 3582//8349 4742//8349 4743//8349 
f 3583//8350 4743//8350 4744//8350 
f 3583//8351 3582//8351 4743//8351 
f 3584//8352 3583//8352 4744//8352 
f 3585//8353 4744//8353 4745//8353 
f 3585//8354 3584//8354 4744//8354 
f 3586//8355 4745//8355 4746//8355 
f 3586//8356 3585//8356 4745//8356 
f 3587//8357 4746//8357 4747//8357 
f 3587//8358 3586//8358 4746//8358 
f 3588//8359 3587//8359 4747//8359 
f 3588//8360 4747//8360 4748//8360 
f 3589//8361 3588//8361 4748//8361 
f 3589//8362 4748//8362 4749//8362 
f 3590//8363 4749//8363 4750//8363 
f 3590//8364 3589//8364 4749//8364 
f 3591//8365 3590//8365 4750//8365 
f 3591//8366 4750//8366 4751//8366 
f 3592//8367 4751//8367 4752//8367 
f 3592//8368 3591//8368 4751//8368 
f 3637//8369 4752//8369 4753//8369 
f 3637//8370 3592//8370 4752//8370 
f 3638//8371 4753//8371 4754//8371 
f 3638//8372 3637//8372 4753//8372 
f 3639//8373 4754//8373 4755//8373 
f 3639//8374 3638//8374 4754//8374 
f 3640//8375 4755//8375 4756//8375 
f 3640//8376 3639//8376 4755//8376 
f 3641//8377 4756//8377 4757//8377 
f 3641//8378 3640//8378 4756//8378 
f 3642//8379 3641//8379 4757//8379 
f 3644//8380 4757//8380 4758//8380 
f 3644//8381 3642//8381 4757//8381 
f 3645//8382 4758//8382 4759//8382 
f 3645//8383 3644//8383 4758//8383 
f 3646//8384 4759//8384 4760//8384 
f 3646//8385 3645//8385 4759//8385 
f 3647//8386 4760//8386 4761//8386 
f 3647//8387 3646//8387 4760//8387 
f 3648//8388 4761//8388 4762//8388 
f 3648//8389 3647//8389 4761//8389 
f 3649//8390 4762//8390 4763//8390 
f 3649//8391 3648//8391 4762//8391 
f 3650//8392 4763//8392 4764//8392 
f 3650//8393 3649//8393 4763//8393 
f 3651//8394 3650//8394 4764//8394 
f 3652//8395 4764//8395 4765//8395 
f 3652//8396 3651//8396 4764//8396 
f 3653//8397 4765//8397 4766//8397 
f 3653//8398 3652//8398 4765//8398 
f 3659//8399 4766//8399 4767//8399 
f 3659//8400 3653//8400 4766//8400 
f 3660//8401 3659//8401 4767//8401 
f 3661//8402 4767//8402 4768//8402 
f 3661//8403 3660//8403 4767//8403 
f 3353//8404 4768//8404 4769//8404 
f 3353//8405 3661//8405 4768//8405 
f 3354//8406 4769//8406 4770//8406 
f 3354//8407 3353//8407 4769//8407 
f 3355//8408 3354//8408 4770//8408 
f 3517//8409 3355//8409 4770//8409 
f 3517//8410 4770//8410 4771//8410 
f 3507//8411 3517//8411 4771//8411 
f 3507//8412 4771//8412 4772//8412 
f 3508//8413 3507//8413 4772//8413 
f 3508//8414 4772//8414 4773//8414 
f 3454//8415 3508//8415 4773//8415 
f 3454//8416 4773//8416 4774//8416 
f 3455//8417 3454//8417 4774//8417 
f 3456//8418 3455//8418 4774//8418 
f 3456//8419 4774//8419 4775//8419 
f 3457//8420 3456//8420 4775//8420 
f 3457//8421 4775//8421 4776//8421 
f 3458//8422 3457//8422 4776//8422 
f 3458//8423 4776//8423 4777//8423 
f 3459//8424 3458//8424 4777//8424 
f 3459//8425 4777//8425 4778//8425 
f 3460//8426 3459//8426 4778//8426 
f 3461//8427 4778//8427 4779//8427 
f 3461//8428 3460//8428 4778//8428 
f 3526//8429 3461//8429 4779//8429 
f 3526//8430 4779//8430 4780//8430 
f 3515//8431 4780//8431 4781//8431 
f 3515//8432 3526//8432 4780//8432 
f 3499//8433 4781//8433 4782//8433 
f 3499//8434 3515//8434 4781//8434 
f 3500//8435 4782//8435 4783//8435 
f 3500//8436 3499//8436 4782//8436 
f 3501//8437 4783//8437 4784//8437 
f 3501//8438 3500//8438 4783//8438 
f 3502//8439 4784//8439 4785//8439 
f 3502//8440 3501//8440 4784//8440 
f 3503//8441 3502//8441 4785//8441 
f 3504//8442 4785//8442 4786//8442 
f 3504//8443 3503//8443 4785//8443 
f 3505//8444 4786//8444 4787//8444 
f 3505//8445 3504//8445 4786//8445 
f 3440//8446 4787//8446 4788//8446 
f 3440//8447 3505//8447 4787//8447 
f 3441//8448 4788//8448 4789//8448 
f 3441//8449 3440//8449 4788//8449 
f 3442//8450 4789//8450 4790//8450 
f 3442//8451 3441//8451 4789//8451 
f 3443//8452 4790//8452 4791//8452 
f 3443//8453 3442//8453 4790//8453 
f 3444//8454 4791//8454 4792//8454 
f 3444//8455 3443//8455 4791//8455 
f 3445//8456 3444//8456 4792//8456 
f 3446//8457 4792//8457 4793//8457 
f 3446//8458 3445//8458 4792//8458 
f 3447//8459 3446//8459 4793//8459 
f 3447//8460 4793//8460 4794//8460 
f 3448//8461 3447//8461 4794//8461 
f 3448//8462 4794//8462 4795//8462 
f 3449//8463 3448//8463 4795//8463 
f 3449//8464 4795//8464 4796//8464 
f 3451//8465 3449//8465 4796//8465 
f 3451//8466 4796//8466 4797//8466 
f 3452//8467 3451//8467 4797//8467 
f 3452//8468 4797//8468 4798//8468 
f 3532//8469 3452//8469 4798//8469 
f 3533//8470 3532//8470 4798//8470 
f 3533//8471 4798//8471 4799//8471 
f 3534//8472 3533//8472 4799//8472 
f 3534//8473 4799//8473 4800//8473 
f 3535//8474 3534//8474 4800//8474 
f 3535//8475 4800//8475 4801//8475 
f 3536//8476 3535//8476 4801//8476 
f 3536//8477 4801//8477 4802//8477 
f 3537//8478 3536//8478 4802//8478 
f 3537//8479 4802//8479 4803//8479 
f 3538//8480 3537//8480 4803//8480 
f 3539//8481 3538//8481 4803//8481 
f 3539//8482 4803//8482 4804//8482 
f 3540//8483 3539//8483 4804//8483 
f 3540//8484 4804//8484 4805//8484 
f 3541//8485 3540//8485 4805//8485 
f 3541//8486 4805//8486 4806//8486 
f 3529//8487 3541//8487 4806//8487 
f 3529//8488 4806//8488 4807//8488 
f 3530//8489 3529//8489 4807//8489 
f 3530//8490 4807//8490 4808//8490 
f 3531//8491 3530//8491 4808//8491 
f 3523//8492 4808//8492 4809//8492 
f 3523//8493 3531//8493 4808//8493 
f 3511//8494 3523//8494 4809//8494 
f 3511//8495 4809//8495 4810//8495 
f 3477//8496 4810//8496 4811//8496 
f 3477//8497 3511//8497 4810//8497 
f 3478//8498 3477//8498 4811//8498 
f 3479//8499 4811//8499 4812//8499 
f 3479//8500 3478//8500 4811//8500 
f 3480//8501 4812//8501 4813//8501 
f 3480//8502 3479//8502 4812//8502 
f 3481//8503 4813//8503 4814//8503 
f 3481//8504 3480//8504 4813//8504 
f 3564//8505 4814//8505 4815//8505 
f 3564//8506 3481//8506 4814//8506 
f 3565//8507 3564//8507 4815//8507 
f 3566//8508 4815//8508 4816//8508 
f 3566//8509 3565//8509 4815//8509 
f 3567//8510 3566//8510 4816//8510 
f 3567//8511 4816//8511 4817//8511 
f 3432//8512 3567//8512 4817//8512 
f 3432//8513 4817//8513 4818//8513 
f 3433//8514 3432//8514 4818//8514 
f 3434//8515 3433//8515 4818//8515 
f 3434//8516 4818//8516 4819//8516 
f 3435//8517 3434//8517 4819//8517 
f 3435//8518 4819//8518 4820//8518 
f 3437//8519 3435//8519 4820//8519 
f 3437//8520 4820//8520 4821//8520 
f 3438//8521 3437//8521 4821//8521 
f 3438//8522 4821//8522 4822//8522 
f 3406//8523 3438//8523 4822//8523 
f 3407//8524 3406//8524 4822//8524 
f 3407//8525 4822//8525 4823//8525 
f 3408//8526 3407//8526 4823//8526 
f 3408//8527 4823//8527 4824//8527 
f 3409//8528 3408//8528 4824//8528 
f 3409//8529 4824//8529 4825//8529 
f 3410//8530 3409//8530 4825//8530 
f 3411//8531 3410//8531 4825//8531 
f 3411//8532 4825//8532 4826//8532 
f 3412//8533 3411//8533 4826//8533 
f 3412//8534 4826//8534 4827//8534 
f 3413//8535 3412//8535 4827//8535 
f 3413//8536 4827//8536 4828//8536 
f 3414//8537 3413//8537 4828//8537 
f 3414//8538 4828//8538 4829//8538 
f 3415//8539 3414//8539 4829//8539 
f 3416//8540 3415//8540 4829//8540 
f 3416//8541 4829//8541 4830//8541 
f 3417//8542 3416//8542 4830//8542 
f 3417//8543 4830//8543 4831//8543 
f 3418//8544 3417//8544 4831//8544 
f 3418//8545 4831//8545 4832//8545 
f 3419//8546 3418//8546 4832//8546 
f 3419//8547 4832//8547 4833//8547 
f 3420//8548 3419//8548 4833//8548 
f 3421//8549 3420//8549 4833//8549 
f 3421//8550 4833//8550 4834//8550 
f 3423//8551 3421//8551 4834//8551 
f 3423//8552 4834//8552 4835//8552 
f 3424//8553 3423//8553 4835//8553 
f 3424//8554 4835//8554 4836//8554 
f 3425//8555 3424//8555 4836//8555 
f 3425//8556 4836//8556 4837//8556 
f 3426//8557 3425//8557 4837//8557 
f 3471//8558 4837//8558 4838//8558 
f 3471//8559 3426//8559 4837//8559 
f 3472//8560 3471//8560 4838//8560 
f 3472//8561 4838//8561 4839//8561 
f 3493//8562 3472//8562 4839//8562 
f 3493//8563 4839//8563 4840//8563 
f 3494//8564 3493//8564 4840//8564 
f 3494//8565 4840//8565 4841//8565 
f 3495//8566 3494//8566 4841//8566 
f 3497//8567 4841//8567 4842//8567 
f 3497//8568 3495//8568 4841//8568 
f 3356//8569 4842//8569 4843//8569 
f 3356//8570 3497//8570 4842//8570 
f 3362//8571 4843//8571 4844//8571 
f 3362//8572 3356//8572 4843//8572 
f 3367//8573 4844//8573 4845//8573 
f 3367//8574 3362//8574 4844//8574 
f 3375//8575 4845//8575 4846//8575 
f 3375//8576 3367//8576 4845//8576 
f 3382//8577 4846//8577 4847//8577 
f 3382//8578 3375//8578 4846//8578 
f 3390//8579 4847//8579 4848//8579 
f 3390//8580 3382//8580 4847//8580 
f 3422//8581 4848//8581 4849//8581 
f 3422//8582 3390//8582 4848//8582 
f 3429//8583 4849//8583 4850//8583 
f 3429//8584 3422//8584 4849//8584 
f 3450//8585 3429//8585 4850//8585 
f 3463//8586 4850//8586 4851//8586 
f 3463//8587 3450//8587 4850//8587 
f 3476//8588 4851//8588 4852//8588 
f 3476//8589 3463//8589 4851//8589 
f 3486//8590 4852//8590 4853//8590 
f 3486//8591 3476//8591 4852//8591 
f 3496//8592 4853//8592 4854//8592 
f 3496//8593 3486//8593 4853//8593 
f 3509//8594 4854//8594 4855//8594 
f 3509//8595 3496//8595 4854//8595 
f 3512//8596 4855//8596 4856//8596 
f 3512//8597 3509//8597 4855//8597 
f 3593//8598 4856//8598 4857//8598 
f 3593//8599 3512//8599 4856//8599 
f 3594//8600 4857//8600 4858//8600 
f 3594//8601 3593//8601 4857//8601 
f 3595//8602 4858//8602 4859//8602 
f 3595//8603 3594//8603 4858//8603 
f 3596//8604 4859//8604 4860//8604 
f 3596//8605 3595//8605 4859//8605 
f 3597//8606 4860//8606 4861//8606 
f 3597//8607 3596//8607 4860//8607 
f 3598//8608 3597//8608 4861//8608 
f 3599//8609 4861//8609 4862//8609 
f 3599//8610 3598//8610 4861//8610 
f 3600//8611 3599//8611 4862//8611 
f 3600//8612 4862//8612 4863//8612 
f 3601//8613 3600//8613 4863//8613 
f 3601//8614 4863//8614 4864//8614 
f 3602//8615 3601//8615 4864//8615 
f 3602//8616 4864//8616 4865//8616 
f 3603//8617 3602//8617 4865//8617 
f 3603//8618 4865//8618 4866//8618 
f 3604//8619 3603//8619 4866//8619 
f 3604//8620 4866//8620 4867//8620 
f 3605//8621 3604//8621 4867//8621 
f 3606//8622 3605//8622 4867//8622 
f 3606//8623 4867//8623 4742//8623 
f 3582//8624 3606//8624 4742//8624 
f 4868//8625 4869//8625 3726//8625 
f 4868//8626 3726//8626 3724//8626 
f 4870//8627 3724//8627 3722//8627 
f 4870//8628 4868//8628 3724//8628 
f 4871//8629 3722//8629 3720//8629 
f 4871//8630 4870//8630 3722//8630 
f 4872//8631 3720//8631 3718//8631 
f 4872//8632 4871//8632 3720//8632 
f 4873//8633 3718//8633 3716//8633 
f 4873//8634 4872//8634 3718//8634 
f 4874//8635 3716//8635 3714//8635 
f 4874//8636 3714//8636 3712//8636 
f 4874//8637 4873//8637 3716//8637 
f 4875//8638 4874//8638 3712//8638 
f 4876//8639 3712//8639 3710//8639 
f 4876//8640 4875//8640 3712//8640 
f 4877//8641 3710//8641 3708//8641 
f 4877//8642 4876//8642 3710//8642 
f 4878//8643 3708//8643 3706//8643 
f 4878//8644 4877//8644 3708//8644 
f 4879//8645 4878//8645 3706//8645 
f 4879//8646 3706//8646 3704//8646 
f 4880//8647 4879//8647 3704//8647 
f 4880//8648 3704//8648 3702//8648 
f 4881//8649 4880//8649 3702//8649 
f 4881//8650 3702//8650 3700//8650 
f 4882//8651 4881//8651 3700//8651 
f 4882//8652 3700//8652 3698//8652 
f 4883//8653 3698//8653 3696//8653 
f 4883//8654 4882//8654 3698//8654 
f 4884//8655 3696//8655 3695//8655 
f 4884//8656 4883//8656 3696//8656 
f 4885//8657 3695//8657 3697//8657 
f 4885//8658 4884//8658 3695//8658 
f 4886//8659 3697//8659 3699//8659 
f 4886//8660 4885//8660 3697//8660 
f 4887//8661 3699//8661 3701//8661 
f 4887//8662 4886//8662 3699//8662 
f 4888//8663 3701//8663 3703//8663 
f 4888//8664 4887//8664 3701//8664 
f 4889//8665 3703//8665 3705//8665 
f 4889//8666 3705//8666 3707//8666 
f 4889//8667 4888//8667 3703//8667 
f 4890//8668 4889//8668 3707//8668 
f 4891//8669 3707//8669 3709//8669 
f 4891//8670 4890//8670 3707//8670 
f 4892//8671 3709//8671 3711//8671 
f 4892//8672 4891//8672 3709//8672 
f 4893//8673 3711//8673 3713//8673 
f 4893//8674 3713//8674 3715//8674 
f 4893//8675 4892//8675 3711//8675 
f 4894//8676 3715//8676 3717//8676 
f 4894//8677 4893//8677 3715//8677 
f 4895//8678 4894//8678 3717//8678 
f 4896//8679 3717//8679 3719//8679 
f 4896//8680 4895//8680 3717//8680 
f 4897//8681 3719//8681 3721//8681 
f 4897//8682 4896//8682 3719//8682 
f 4898//8683 3721//8683 3723//8683 
f 4898//8684 4897//8684 3721//8684 
f 4899//8685 3723//8685 3725//8685 
f 4899//8686 4898//8686 3723//8686 
f 4900//8687 3725//8687 3727//8687 
f 4900//8688 4899//8688 3725//8688 
f 4901//8689 3727//8689 3729//8689 
f 4901//8690 4900//8690 3727//8690 
f 4902//8691 3729//8691 3731//8691 
f 4902//8692 4901//8692 3729//8692 
f 4903//8693 3731//8693 3733//8693 
f 4903//8694 4902//8694 3731//8694 
f 4904//8695 3733//8695 3735//8695 
f 4904//8696 4903//8696 3733//8696 
f 4905//8697 3735//8697 3737//8697 
f 4905//8698 4904//8698 3735//8698 
f 4906//8699 4905//8699 3737//8699 
f 4906//8700 3737//8700 3739//8700 
f 4907//8701 4906//8701 3739//8701 
f 4907//8702 3739//8702 3741//8702 
f 4908//8703 4907//8703 3741//8703 
f 4908//8704 3741//8704 3743//8704 
f 4909//8705 4908//8705 3743//8705 
f 4909//8706 3743//8706 3745//8706 
f 4910//8707 4909//8707 3745//8707 
f 4910//8708 3745//8708 3747//8708 
f 4911//8709 4910//8709 3747//8709 
f 4911//8710 3747//8710 3749//8710 
f 4912//8711 4911//8711 3749//8711 
f 4912//8712 3749//8712 3751//8712 
f 4913//8713 4912//8713 3751//8713 
f 4913//8714 3751//8714 3753//8714 
f 4914//8715 4913//8715 3753//8715 
f 4914//8716 3753//8716 3755//8716 
f 4915//8717 4914//8717 3755//8717 
f 4915//8718 3755//8718 3757//8718 
f 4916//8719 3757//8719 3851//8719 
f 4916//8720 4915//8720 3757//8720 
f 4917//8721 3851//8721 3854//8721 
f 4917//8722 4916//8722 3851//8722 
f 4918//8723 3854//8723 3857//8723 
f 4918//8724 4917//8724 3854//8724 
f 4919//8725 3857//8725 3860//8725 
f 4919//8726 4918//8726 3857//8726 
f 4920//8727 3860//8727 3861//8727 
f 4920//8728 3861//8728 3834//8728 
f 4920//8729 4919//8729 3860//8729 
f 4921//8730 4920//8730 3834//8730 
f 4922//8731 3834//8731 3835//8731 
f 4922//8732 4921//8732 3834//8732 
f 4923//8733 3835//8733 3836//8733 
f 4923//8734 4922//8734 3835//8734 
f 4924//8735 3836//8735 3837//8735 
f 4924//8736 4923//8736 3836//8736 
f 4925//8737 3837//8737 3838//8737 
f 4925//8738 4924//8738 3837//8738 
f 4926//8739 3838//8739 3839//8739 
f 4926//8740 4925//8740 3838//8740 
f 4927//8741 3839//8741 3840//8741 
f 4927//8742 4926//8742 3839//8742 
f 4928//8743 3840//8743 3841//8743 
f 4928//8744 4927//8744 3840//8744 
f 4929//8745 3841//8745 3842//8745 
f 4929//8746 4928//8746 3841//8746 
f 4930//8747 4929//8747 3842//8747 
f 4930//8748 3842//8748 3828//8748 
f 4931//8749 4930//8749 3828//8749 
f 4931//8750 3828//8750 3829//8750 
f 4932//8751 4931//8751 3829//8751 
f 4932//8752 3829//8752 3824//8752 
f 4933//8753 4932//8753 3824//8753 
f 4933//8754 3824//8754 3820//8754 
f 4934//8755 4933//8755 3820//8755 
f 4934//8756 3820//8756 3815//8756 
f 4935//8757 4934//8757 3815//8757 
f 4935//8758 3815//8758 3816//8758 
f 4936//8759 4935//8759 3816//8759 
f 4936//8760 3816//8760 3810//8760 
f 4937//8761 4936//8761 3810//8761 
f 4937//8762 3810//8762 3805//8762 
f 4938//8763 4937//8763 3805//8763 
f 4938//8764 3805//8764 3800//8764 
f 4939//8765 4938//8765 3800//8765 
f 4939//8766 3800//8766 3802//8766 
f 4940//8767 4939//8767 3802//8767 
f 4940//8768 3802//8768 3795//8768 
f 4941//8769 4940//8769 3795//8769 
f 4941//8770 3795//8770 3791//8770 
f 4942//8771 4941//8771 3791//8771 
f 4942//8772 3791//8772 3786//8772 
f 4943//8773 4942//8773 3786//8773 
f 4943//8774 3786//8774 3788//8774 
f 4944//8775 4943//8775 3788//8775 
f 4944//8776 3788//8776 3781//8776 
f 4945//8777 4944//8777 3781//8777 
f 4945//8778 3781//8778 3776//8778 
f 4946//8779 4945//8779 3776//8779 
f 4946//8780 3776//8780 3778//8780 
f 4947//8781 4946//8781 3778//8781 
f 4947//8782 3778//8782 3771//8782 
f 4948//8783 4947//8783 3771//8783 
f 4948//8784 3771//8784 3766//8784 
f 4949//8785 4948//8785 3766//8785 
f 4949//8786 3766//8786 3768//8786 
f 4950//8787 4949//8787 3768//8787 
f 4950//8788 3768//8788 3764//8788 
f 4951//8789 3764//8789 3758//8789 
f 4951//8790 4950//8790 3764//8790 
f 4952//8791 3758//8791 3760//8791 
f 4952//8792 4951//8792 3758//8792 
f 4953//8793 3760//8793 3761//8793 
f 4953//8794 4952//8794 3760//8794 
f 4954//8795 3761//8795 3763//8795 
f 4954//8796 4953//8796 3761//8796 
f 4955//8797 3763//8797 3770//8797 
f 4955//8798 4954//8798 3763//8798 
f 4956//8799 4955//8799 3770//8799 
f 4956//8800 3770//8800 3774//8800 
f 4957//8801 4956//8801 3774//8801 
f 4957//8802 3774//8802 3775//8802 
f 4957//8803 3775//8803 3780//8803 
f 4958//8804 4957//8804 3780//8804 
f 4959//8805 4958//8805 3780//8805 
f 4959//8806 3780//8806 3784//8806 
f 4960//8807 4959//8807 3784//8807 
f 4960//8808 3784//8808 3785//8808 
f 4961//8809 4960//8809 3785//8809 
f 4961//8810 3785//8810 3790//8810 
f 4962//8811 4961//8811 3790//8811 
f 4962//8812 3790//8812 3794//8812 
f 4963//8813 4962//8813 3794//8813 
f 4963//8814 3794//8814 3798//8814 
f 4964//8815 4963//8815 3798//8815 
f 4964//8816 3798//8816 3799//8816 
f 4965//8817 4964//8817 3799//8817 
f 4965//8818 3799//8818 3804//8818 
f 4966//8819 4965//8819 3804//8819 
f 4966//8820 3804//8820 3808//8820 
f 4967//8821 4966//8821 3808//8821 
f 4967//8822 3808//8822 3812//8822 
f 4968//8823 3812//8823 3813//8823 
f 4968//8824 4967//8824 3812//8824 
f 4969//8825 3813//8825 3818//8825 
f 4969//8826 4968//8826 3813//8826 
f 4970//8827 3818//8827 3822//8827 
f 4970//8828 4969//8828 3818//8828 
f 4971//8829 3822//8829 3826//8829 
f 4971//8830 4970//8830 3822//8830 
f 4972//8831 3826//8831 3831//8831 
f 4972//8832 4971//8832 3826//8832 
f 4973//8833 3831//8833 3832//8833 
f 4973//8834 4972//8834 3831//8834 
f 4974//8835 3832//8835 3844//8835 
f 4974//8836 4973//8836 3832//8836 
f 4975//8837 3844//8837 3845//8837 
f 4975//8838 4974//8838 3844//8838 
f 4976//8839 3845//8839 3846//8839 
f 4976//8840 4975//8840 3845//8840 
f 4977//8841 3846//8841 3847//8841 
f 4977//8842 4976//8842 3846//8842 
f 4978//8843 3847//8843 3848//8843 
f 4978//8844 4977//8844 3847//8844 
f 4979//8845 3848//8845 3756//8845 
f 4979//8846 4978//8846 3848//8846 
f 4980//8847 3756//8847 3754//8847 
f 4980//8848 4979//8848 3756//8848 
f 4981//8849 4980//8849 3754//8849 
f 4981//8850 3754//8850 3752//8850 
f 4982//8851 4981//8851 3752//8851 
f 4982//8852 3752//8852 3750//8852 
f 4983//8853 4982//8853 3750//8853 
f 4983//8854 3750//8854 3748//8854 
f 4984//8855 4983//8855 3748//8855 
f 4984//8856 3748//8856 3746//8856 
f 4985//8857 3746//8857 3744//8857 
f 4985//8858 4984//8858 3746//8858 
f 4986//8859 3744//8859 3742//8859 
f 4986//8860 4985//8860 3744//8860 
f 4987//8861 3742//8861 3740//8861 
f 4987//8862 4986//8862 3742//8862 
f 4988//8863 3740//8863 3738//8863 
f 4988//8864 4987//8864 3740//8864 
f 4989//8865 3738//8865 3736//8865 
f 4989//8866 4988//8866 3738//8866 
f 4990//8867 3736//8867 3734//8867 
f 4990//8868 4989//8868 3736//8868 
f 4991//8869 3734//8869 3732//8869 
f 4991//8870 4990//8870 3734//8870 
f 4992//8871 3732//8871 3730//8871 
f 4992//8872 4991//8872 3732//8872 
f 4993//8873 3730//8873 3728//8873 
f 4993//8874 3728//8874 3726//8874 
f 4993//8875 4992//8875 3730//8875 
f 4869//8876 4993//8876 3726//8876 
f 4994//8877 4995//8877 4035//8877 
f 4994//8878 4035//8878 4031//8878 
f 4996//8879 4031//8879 4028//8879 
f 4996//8880 4994//8880 4031//8880 
f 4997//8881 4028//8881 4025//8881 
f 4997//8882 4996//8882 4028//8882 
f 4998//8883 4025//8883 4005//8883 
f 4998//8884 4997//8884 4025//8884 
f 4999//8885 4005//8885 4003//8885 
f 4999//8886 4998//8886 4005//8886 
f 5000//8887 4003//8887 3996//8887 
f 5000//8888 3996//8888 3993//8888 
f 5000//8889 4999//8889 4003//8889 
f 5001//8890 5000//8890 3993//8890 
f 5002//8891 3993//8891 3989//8891 
f 5002//8892 5001//8892 3993//8892 
f 5003//8893 3989//8893 3986//8893 
f 5003//8894 5002//8894 3989//8894 
f 5004//8895 3986//8895 3982//8895 
f 5004//8896 3982//8896 3978//8896 
f 5004//8897 5003//8897 3986//8897 
f 5005//8898 5004//8898 3978//8898 
f 5006//8899 5005//8899 3978//8899 
f 5006//8900 3978//8900 3976//8900 
f 5007//8901 5006//8901 3976//8901 
f 5007//8902 3976//8902 3974//8902 
f 5008//8903 5007//8903 3974//8903 
f 5008//8904 3974//8904 3972//8904 
f 5009//8905 3972//8905 3970//8905 
f 5009//8906 5008//8906 3972//8906 
f 5010//8907 3970//8907 3969//8907 
f 5010//8908 5009//8908 3970//8908 
f 5011//8909 3969//8909 3971//8909 
f 5011//8910 3971//8910 3973//8910 
f 5011//8911 5010//8911 3969//8911 
f 5012//8912 5011//8912 3973//8912 
f 5013//8913 5012//8913 3973//8913 
f 5013//8914 3973//8914 3975//8914 
f 5014//8915 3975//8915 3977//8915 
f 5014//8916 3977//8916 3981//8916 
f 5014//8917 5013//8917 3975//8917 
f 5015//8918 3981//8918 3985//8918 
f 5015//8919 5014//8919 3981//8919 
f 5016//8920 5015//8920 3985//8920 
f 5017//8921 3985//8921 3988//8921 
f 5017//8922 5016//8922 3985//8922 
f 5018//8923 3988//8923 3991//8923 
f 5018//8924 5017//8924 3988//8924 
f 5019//8925 3991//8925 3995//8925 
f 5019//8926 5018//8926 3991//8926 
f 5020//8927 3995//8927 4001//8927 
f 5020//8928 5019//8928 3995//8928 
f 5021//8929 4001//8929 4004//8929 
f 5021//8930 5020//8930 4001//8930 
f 5022//8931 4004//8931 4007//8931 
f 5022//8932 5021//8932 4004//8932 
f 5023//8933 4007//8933 4027//8933 
f 5023//8934 5022//8934 4007//8934 
f 5024//8935 4027//8935 4030//8935 
f 5024//8936 5023//8936 4027//8936 
f 5025//8937 4030//8937 4034//8937 
f 5025//8938 5024//8938 4030//8938 
f 5026//8939 4034//8939 4037//8939 
f 5026//8940 4037//8940 4043//8940 
f 5026//8941 5025//8941 4034//8941 
f 5027//8942 5026//8942 4043//8942 
f 5028//8943 4043//8943 4046//8943 
f 5028//8944 5027//8944 4043//8944 
f 5029//8945 4046//8945 4050//8945 
f 5029//8946 5028//8946 4046//8946 
f 5030//8947 4050//8947 4053//8947 
f 5030//8948 5029//8948 4050//8948 
f 5031//8949 4053//8949 4058//8949 
f 5031//8950 5030//8950 4053//8950 
f 5032//8951 5031//8951 4058//8951 
f 5032//8952 4058//8952 4062//8952 
f 5033//8953 5032//8953 4062//8953 
f 5033//8954 4062//8954 4067//8954 
f 5034//8955 5033//8955 4067//8955 
f 5034//8956 4067//8956 4070//8956 
f 5035//8957 5034//8957 4070//8957 
f 5035//8958 4070//8958 4079//8958 
f 5036//8959 5035//8959 4079//8959 
f 5036//8960 4079//8960 4082//8960 
f 5037//8961 5036//8961 4082//8961 
f 5037//8962 4082//8962 4084//8962 
f 5038//8963 5037//8963 4084//8963 
f 5038//8964 4084//8964 4087//8964 
f 5039//8965 5038//8965 4087//8965 
f 5039//8966 4087//8966 4090//8966 
f 5040//8967 5039//8967 4090//8967 
f 5040//8968 4090//8968 4092//8968 
f 5041//8969 5040//8969 4092//8969 
f 5041//8970 4092//8970 4095//8970 
f 5042//8971 4095//8971 4098//8971 
f 5042//8972 5041//8972 4095//8972 
f 5042//8973 4098//8973 4100//8973 
f 5043//8974 5042//8974 4100//8974 
f 5044//8975 5043//8975 4100//8975 
f 5044//8976 4100//8976 4103//8976 
f 5045//8977 4103//8977 4105//8977 
f 5045//8978 5044//8978 4103//8978 
f 5046//8979 4105//8979 4107//8979 
f 5046//8980 4107//8980 4110//8980 
f 5046//8981 5045//8981 4105//8981 
f 5047//8982 5046//8982 4110//8982 
f 5048//8983 4110//8983 4112//8983 
f 5048//8984 5047//8984 4110//8984 
f 5049//8985 4112//8985 4115//8985 
f 5049//8986 5048//8986 4112//8986 
f 5050//8987 4115//8987 4117//8987 
f 5050//8988 5049//8988 4115//8988 
f 5051//8989 4117//8989 4119//8989 
f 5051//8990 5050//8990 4117//8990 
f 5052//8991 4119//8991 4122//8991 
f 5052//8992 5051//8992 4119//8992 
f 5053//8993 4122//8993 4125//8993 
f 5053//8994 5052//8994 4122//8994 
f 5054//8995 4125//8995 4126//8995 
f 5054//8996 5053//8996 4125//8996 
f 5055//8997 4126//8997 4129//8997 
f 5055//8998 5054//8998 4126//8998 
f 5056//8999 5055//8999 4129//8999 
f 5056//9000 4129//9000 4132//9000 
f 5057//9001 5056//9001 4132//9001 
f 5057//9002 4132//9002 4134//9002 
f 5058//9003 5057//9003 4134//9003 
f 5058//9004 4134//9004 4135//9004 
f 5059//9005 5058//9005 4135//9005 
f 5059//9006 4135//9006 4138//9006 
f 5060//9007 5059//9007 4138//9007 
f 5060//9008 4138//9008 4139//9008 
f 5061//9009 5060//9009 4139//9009 
f 5061//9010 4139//9010 4141//9010 
f 5062//9011 5061//9011 4141//9011 
f 5062//9012 4141//9012 4142//9012 
f 5063//9013 5062//9013 4142//9013 
f 5063//9014 4142//9014 4144//9014 
f 5064//9015 5063//9015 4144//9015 
f 5064//9016 4144//9016 4145//9016 
f 5065//9017 5064//9017 4145//9017 
f 5065//9018 4145//9018 4146//9018 
f 5066//9019 5065//9019 4146//9019 
f 5066//9020 4146//9020 4148//9020 
f 5067//9021 5066//9021 4148//9021 
f 5067//9022 4148//9022 4149//9022 
f 5068//9023 5067//9023 4149//9023 
f 5068//9024 4149//9024 4254//9024 
f 5069//9025 5068//9025 4254//9025 
f 5069//9026 4254//9026 4257//9026 
f 5070//9027 5069//9027 4257//9027 
f 5070//9028 4257//9028 4260//9028 
f 5071//9029 5070//9029 4260//9029 
f 5071//9030 4260//9030 4263//9030 
f 5072//9031 5071//9031 4263//9031 
f 5072//9032 4263//9032 4264//9032 
f 5073//9033 5072//9033 4264//9033 
f 5073//9034 4264//9034 4151//9034 
f 5074//9035 5073//9035 4151//9035 
f 5074//9036 4151//9036 4152//9036 
f 5075//9037 5074//9037 4152//9037 
f 5075//9038 4152//9038 4153//9038 
f 5076//9039 5075//9039 4153//9039 
f 5076//9040 4153//9040 4154//9040 
f 5077//9041 4154//9041 4155//9041 
f 5077//9042 5076//9042 4154//9042 
f 5078//9043 4155//9043 4156//9043 
f 5078//9044 5077//9044 4155//9044 
f 5079//9045 4156//9045 4157//9045 
f 5079//9046 5078//9046 4156//9046 
f 5080//9047 4157//9047 4158//9047 
f 5080//9048 5079//9048 4157//9048 
f 5081//9049 4158//9049 4159//9049 
f 5081//9050 5080//9050 4158//9050 
f 5082//9051 5081//9051 4159//9051 
f 5082//9052 4159//9052 4160//9052 
f 5083//9053 5082//9053 4160//9053 
f 5083//9054 4160//9054 4161//9054 
f 5084//9055 5083//9055 4161//9055 
f 5084//9056 4161//9056 4162//9056 
f 5085//9057 5084//9057 4162//9057 
f 5085//9058 4162//9058 4163//9058 
f 5086//9059 5085//9059 4163//9059 
f 5086//9060 4163//9060 4164//9060 
f 5087//9061 5086//9061 4164//9061 
f 5087//9062 4164//9062 4165//9062 
f 5088//9063 5087//9063 4165//9063 
f 5088//9064 4165//9064 4166//9064 
f 5089//9065 5088//9065 4166//9065 
f 5089//9066 4166//9066 4150//9066 
f 5090//9067 5089//9067 4150//9067 
f 5090//9068 4150//9068 4147//9068 
f 5090//9069 4147//9069 4143//9069 
f 5091//9070 5090//9070 4143//9070 
f 5092//9071 5091//9071 4143//9071 
f 5092//9072 4143//9072 4140//9072 
f 5093//9073 5092//9073 4140//9073 
f 5093//9074 4140//9074 4136//9074 
f 5094//9075 4136//9075 4130//9075 
f 5094//9076 5093//9076 4136//9076 
f 5095//9077 4130//9077 4127//9077 
f 5095//9078 5094//9078 4130//9078 
f 5096//9079 4127//9079 4123//9079 
f 5096//9080 5095//9080 4127//9080 
f 5097//9081 4123//9081 4120//9081 
f 5097//9082 5096//9082 4123//9082 
f 5098//9083 4120//9083 4116//9083 
f 5098//9084 5097//9084 4120//9084 
f 5099//9085 4116//9085 4113//9085 
f 5099//9086 5098//9086 4116//9086 
f 5100//9087 4113//9087 4109//9087 
f 5100//9088 5099//9088 4113//9088 
f 5101//9089 4109//9089 4106//9089 
f 5101//9090 5100//9090 4109//9090 
f 5102//9091 4106//9091 4102//9091 
f 5102//9092 5101//9092 4106//9092 
f 5103//9093 4102//9093 4099//9093 
f 5103//9094 5102//9094 4102//9094 
f 5104//9095 4099//9095 4097//9095 
f 5104//9096 5103//9096 4099//9096 
f 5105//9097 4097//9097 4094//9097 
f 5105//9098 5104//9098 4097//9098 
f 5106//9099 4094//9099 4091//9099 
f 5106//9100 5105//9100 4094//9100 
f 5107//9101 5106//9101 4091//9101 
f 5107//9102 4091//9102 4089//9102 
f 5108//9103 5107//9103 4089//9103 
f 5108//9104 4089//9104 4086//9104 
f 5109//9105 5108//9105 4086//9105 
f 5109//9106 4086//9106 4083//9106 
f 5110//9107 5109//9107 4083//9107 
f 5110//9108 4083//9108 4081//9108 
f 5111//9109 4081//9109 4078//9109 
f 5111//9110 5110//9110 4081//9110 
f 5112//9111 4078//9111 4069//9111 
f 5112//9112 5111//9112 4078//9112 
f 5113//9113 4069//9113 4063//9113 
f 5113//9114 5112//9114 4069//9114 
f 5114//9115 4063//9115 4059//9115 
f 5114//9116 5113//9116 4063//9116 
f 5115//9117 4059//9117 4056//9117 
f 5115//9118 5114//9118 4059//9118 
f 5116//9119 4056//9119 4051//9119 
f 5116//9120 5115//9120 4056//9120 
f 5117//9121 4051//9121 4049//9121 
f 5117//9122 5116//9122 4051//9122 
f 5118//9123 4049//9123 4044//9123 
f 5118//9124 5117//9124 4049//9124 
f 5119//9125 4044//9125 4038//9125 
f 5119//9126 5118//9126 4044//9126 
f 4995//9127 4038//9127 4035//9127 
f 4995//9128 5119//9128 4038//9128 
f 5120//9129 4137//9129 4133//9129 
f 5120//9130 4133//9130 4131//9130 
f 5120//9131 4131//9131 4128//9131 
f 5121//9132 4128//9132 4124//9132 
f 5121//9133 4124//9133 4121//9133 
f 5121//9134 5120//9134 4128//9134 
f 5122//9135 4121//9135 4118//9135 
f 5122//9136 4118//9136 4114//9136 
f 5122//9137 5121//9137 4121//9137 
f 5123//9138 4114//9138 4111//9138 
f 5123//9139 4111//9139 4108//9139 
f 5123//9140 5122//9140 4114//9140 
f 5124//9141 4137//9141 5120//9141 
f 5125//9142 4108//9142 4104//9142 
f 5125//9143 4104//9143 4101//9143 
f 5125//9144 5123//9144 4108//9144 
f 5126//9145 5124//9145 5120//9145 
f 5126//9146 5120//9146 5121//9146 
f 5127//9147 4101//9147 4096//9147 
f 5127//9148 4096//9148 4093//9148 
f 5127//9149 5125//9149 4101//9149 
f 5128//9150 5121//9150 5122//9150 
f 5128//9151 5126//9151 5121//9151 
f 5129//9152 4093//9152 4088//9152 
f 5129//9153 4088//9153 4085//9153 
f 5129//9154 5127//9154 4093//9154 
f 5130//9155 5122//9155 5123//9155 
f 5130//9156 5128//9156 5122//9156 
f 5131//9157 4137//9157 5124//9157 
f 5131//9158 5132//9158 4137//9158 
f 5133//9159 4085//9159 4080//9159 
f 5133//9160 4080//9160 4071//9160 
f 5133//9161 5129//9161 4085//9161 
f 5134//9162 5130//9162 5123//9162 
f 5134//9163 5123//9163 5125//9163 
f 5135//9164 5131//9164 5124//9164 
f 5135//9165 5124//9165 5126//9165 
f 5136//9166 5133//9166 4071//9166 
f 5136//9167 4071//9167 4068//9167 
f 5136//9168 4068//9168 4057//9168 
f 5137//9169 5134//9169 5125//9169 
f 5137//9170 5125//9170 5127//9170 
f 5138//9171 5126//9171 5128//9171 
f 5138//9172 5135//9172 5126//9172 
f 5139//9173 4057//9173 4052//9173 
f 5139//9174 4052//9174 4045//9174 
f 5139//9175 5136//9175 4057//9175 
f 5140//9176 5127//9176 5129//9176 
f 5140//9177 5137//9177 5127//9177 
f 5140//9178 5129//9178 5133//9178 
f 5141//9179 5128//9179 5130//9179 
f 5141//9180 5130//9180 5134//9180 
f 5141//9181 5138//9181 5128//9181 
f 5142//9182 5132//9182 5131//9182 
f 5142//9183 5131//9183 5135//9183 
f 5143//9184 4045//9184 4042//9184 
f 5143//9185 4042//9185 4036//9185 
f 5143//9186 5139//9186 4045//9186 
f 5144//9187 5140//9187 5133//9187 
f 5145//9188 5141//9188 5134//9188 
f 5146//9189 5142//9189 5135//9189 
f 5147//9190 4036//9190 4029//9190 
f 5147//9191 4029//9191 4026//9191 
f 5147//9192 5143//9192 4036//9192 
f 5148//9193 5133//9193 5136//9193 
f 5148//9194 5144//9194 5133//9194 
f 5149//9195 5134//9195 5137//9195 
f 5149//9196 5145//9196 5134//9196 
f 5150//9197 5135//9197 5138//9197 
f 5150//9198 5146//9198 5135//9198 
f 5150//9199 5138//9199 5141//9199 
f 5151//9200 4026//9200 4006//9200 
f 5151//9201 4006//9201 4000//9201 
f 5151//9202 5147//9202 4026//9202 
f 5152//9203 5136//9203 5139//9203 
f 5152//9204 5148//9204 5136//9204 
f 5153//9205 5149//9205 5137//9205 
f 5153//9206 5137//9206 5140//9206 
f 5154//9207 5150//9207 5141//9207 
f 5155//9208 5156//9208 5132//9208 
f 5155//9209 5157//9209 5156//9209 
f 5155//9210 5158//9210 5157//9210 
f 5155//9211 5132//9211 5142//9211 
f 5159//9212 4000//9212 3994//9212 
f 5159//9213 5151//9213 4000//9213 
f 5159//9214 3994//9214 3990//9214 
f 5160//9215 5152//9215 5139//9215 
f 5160//9216 5139//9216 5143//9216 
f 5161//9217 5153//9217 5140//9217 
f 5161//9218 5140//9218 5144//9218 
f 5162//9219 5141//9219 5145//9219 
f 5162//9220 5154//9220 5141//9220 
f 5163//9221 5142//9221 5146//9221 
f 5163//9222 5164//9222 5158//9222 
f 5163//9223 5165//9223 5164//9223 
f 5163//9224 5158//9224 5155//9224 
f 5163//9225 5155//9225 5142//9225 
f 5166//9226 3990//9226 3987//9226 
f 5166//9227 3987//9227 3980//9227 
f 5166//9228 3980//9228 3946//9228 
f 5166//9229 5159//9229 3990//9229 
f 5167//9230 5143//9230 5147//9230 
f 5167//9231 5160//9231 5143//9231 
f 5168//9232 5144//9232 5148//9232 
f 5168//9233 5161//9233 5144//9233 
f 5169//9234 5145//9234 5149//9234 
f 5169//9235 5162//9235 5145//9235 
f 5170//9236 5171//9236 5165//9236 
f 5170//9237 5172//9237 5171//9237 
f 5170//9238 5163//9238 5146//9238 
f 5170//9239 5165//9239 5163//9239 
f 5170//9240 5146//9240 5150//9240 
f 5173//9241 5151//9241 5159//9241 
f 5173//9242 5147//9242 5151//9242 
f 5173//9243 5167//9243 5147//9243 
f 5174//9244 5148//9244 5152//9244 
f 5174//9245 5168//9245 5148//9245 
f 5175//9246 5149//9246 5153//9246 
f 5175//9247 5169//9247 5149//9247 
f 5176//9248 5150//9248 5154//9248 
f 5176//9249 5172//9249 5170//9249 
f 5176//9250 5177//9250 5172//9250 
f 5176//9251 5178//9251 5177//9251 
f 5176//9252 5170//9252 5150//9252 
f 5179//9253 5173//9253 5159//9253 
f 5180//9254 5160//9254 5167//9254 
f 5180//9255 5174//9255 5152//9255 
f 5180//9256 5152//9256 5160//9256 
f 5181//9257 5153//9257 5161//9257 
f 5181//9258 5175//9258 5153//9258 
f 5182//9259 5178//9259 5176//9259 
f 5182//9260 5183//9260 5178//9260 
f 5182//9261 5154//9261 5162//9261 
f 5182//9262 5184//9262 5183//9262 
f 5182//9263 5176//9263 5154//9263 
f 5185//9264 5159//9264 5166//9264 
f 5185//9265 5166//9265 3946//9265 
f 5185//9266 5179//9266 5159//9266 
f 5186//9267 5180//9267 5167//9267 
f 5187//9268 5161//9268 5168//9268 
f 5187//9269 5168//9269 5174//9269 
f 5187//9270 5181//9270 5161//9270 
f 5188//9271 5162//9271 5169//9271 
f 5188//9272 5189//9272 5184//9272 
f 5188//9273 5190//9273 5189//9273 
f 5188//9274 5182//9274 5162//9274 
f 5188//9275 5184//9275 5182//9275 
f 5191//9276 5167//9276 5173//9276 
f 5191//9277 5186//9277 5167//9277 
f 5192//9278 5187//9278 5174//9278 
f 5193//9279 5194//9279 5190//9279 
f 5193//9280 5195//9280 5194//9280 
f 5193//9281 5169//9281 5175//9281 
f 5193//9282 5190//9282 5188//9282 
f 5193//9283 5188//9283 5169//9283 
f 5196//9284 5173//9284 5179//9284 
f 5196//9285 5191//9285 5173//9285 
f 5197//9286 5174//9286 5180//9286 
f 5197//9287 5192//9287 5174//9287 
f 5198//9288 5193//9288 5175//9288 
f 5198//9289 5199//9289 5195//9289 
f 5198//9290 5200//9290 5199//9290 
f 5198//9291 5195//9291 5193//9291 
f 5198//9292 5175//9292 5181//9292 
f 5201//9293 5196//9293 5179//9293 
f 5201//9294 3946//9294 5202//9294 
f 5201//9295 5185//9295 3946//9295 
f 5201//9296 5179//9296 5185//9296 
f 5203//9297 5186//9297 5191//9297 
f 5203//9298 5197//9298 5180//9298 
f 5203//9299 5180//9299 5186//9299 
f 5204//9300 5198//9300 5181//9300 
f 5204//9301 5205//9301 5200//9301 
f 5204//9302 5206//9302 5205//9302 
f 5204//9303 5181//9303 5187//9303 
f 5204//9304 5200//9304 5198//9304 
f 5207//9305 5203//9305 5191//9305 
f 5207//9306 5191//9306 5196//9306 
f 5208//9307 5187//9307 5192//9307 
f 5208//9308 5209//9308 5206//9308 
f 5208//9309 5210//9309 5209//9309 
f 5208//9310 5204//9310 5187//9310 
f 5208//9311 5206//9311 5204//9311 
f 5211//9312 5207//9312 5196//9312 
f 5212//9313 5192//9313 5197//9313 
f 5212//9314 5210//9314 5208//9314 
f 5212//9315 5197//9315 5203//9315 
f 5212//9316 5208//9316 5192//9316 
f 5212//9317 5213//9317 5210//9317 
f 5212//9318 5214//9318 5213//9318 
f 5215//9319 5196//9319 5201//9319 
f 5215//9320 5201//9320 5202//9320 
f 5215//9321 5211//9321 5196//9321 
f 5216//9322 5214//9322 5212//9322 
f 5216//9323 5212//9323 5203//9323 
f 5216//9324 5217//9324 5214//9324 
f 5216//9325 5218//9325 5217//9325 
f 5219//9326 5218//9326 5216//9326 
f 5219//9327 5216//9327 5203//9327 
f 5219//9328 5220//9328 5218//9328 
f 5219//9329 5221//9329 5220//9329 
f 5219//9330 5203//9330 5207//9330 
f 5222//9331 5219//9331 5207//9331 
f 5222//9332 5207//9332 5211//9332 
f 5222//9333 5221//9333 5219//9333 
f 5222//9334 5223//9334 5221//9334 
f 5222//9335 5224//9335 5223//9335 
f 5225//9336 5215//9336 5202//9336 
f 5225//9337 5211//9337 5215//9337 
f 5225//9338 5222//9338 5211//9338 
f 5225//9339 5224//9339 5222//9339 
f 5225//9340 5226//9340 5224//9340 
f 5225//9341 5227//9341 5226//9341 
f 5225//9342 5202//9342 5227//9342 
f 5132//9343 4225//9343 4137//9343 
f 5132//9344 5228//9344 4225//9344 
f 5229//9345 4252//9345 4247//9345 
f 5229//9346 4247//9346 4244//9346 
f 5229//9347 4244//9347 4241//9347 
f 5230//9348 4241//9348 4238//9348 
f 5230//9349 4238//9349 4233//9349 
f 5230//9350 5229//9350 4241//9350 
f 5231//9351 4233//9351 4230//9351 
f 5231//9352 4230//9352 4227//9352 
f 5231//9353 5230//9353 4233//9353 
f 5232//9354 4227//9354 4221//9354 
f 5232//9355 4221//9355 4217//9355 
f 5232//9356 5231//9356 4227//9356 
f 5233//9357 4252//9357 5229//9357 
f 5234//9358 4217//9358 4213//9358 
f 5234//9359 4213//9359 4207//9359 
f 5234//9360 5232//9360 4217//9360 
f 5235//9361 5233//9361 5229//9361 
f 5235//9362 5229//9362 5230//9362 
f 5236//9363 4207//9363 4202//9363 
f 5236//9364 4202//9364 4195//9364 
f 5236//9365 5234//9365 4207//9365 
f 5237//9366 5231//9366 5232//9366 
f 5237//9367 5230//9367 5231//9367 
f 5237//9368 5235//9368 5230//9368 
f 5238//9369 4195//9369 4192//9369 
f 5238//9370 4192//9370 4189//9370 
f 5238//9371 5236//9371 4195//9371 
f 5239//9372 5237//9372 5232//9372 
f 5240//9373 4252//9373 5233//9373 
f 5240//9374 5241//9374 4252//9374 
f 5242//9375 4189//9375 4182//9375 
f 5242//9376 4182//9376 4179//9376 
f 5242//9377 5238//9377 4189//9377 
f 5243//9378 5232//9378 5234//9378 
f 5243//9379 5239//9379 5232//9379 
f 5244//9380 5240//9380 5233//9380 
f 5244//9381 5233//9381 5235//9381 
f 5245//9382 4179//9382 4172//9382 
f 5245//9383 4172//9383 4167//9383 
f 5245//9384 5242//9384 4179//9384 
f 5246//9385 5234//9385 5236//9385 
f 5246//9386 5243//9386 5234//9386 
f 5247//9387 5235//9387 5237//9387 
f 5247//9388 5244//9388 5235//9388 
f 5248//9389 4167//9389 4169//9389 
f 5248//9390 4169//9390 4174//9390 
f 5248//9391 5245//9391 4167//9391 
f 5249//9392 5236//9392 5238//9392 
f 5249//9393 5238//9393 5242//9393 
f 5249//9394 5246//9394 5236//9394 
f 5250//9395 5247//9395 5237//9395 
f 5250//9396 5237//9396 5239//9396 
f 5251//9397 5241//9397 5240//9397 
f 5252//9398 4174//9398 4177//9398 
f 5252//9399 4177//9399 4184//9399 
f 5252//9400 5248//9400 4174//9400 
f 5253//9401 5249//9401 5242//9401 
f 5254//9402 5239//9402 5243//9402 
f 5254//9403 5250//9403 5239//9403 
f 5255//9404 5240//9404 5244//9404 
f 5255//9405 5251//9405 5240//9405 
f 5256//9406 4184//9406 4187//9406 
f 5256//9407 4187//9407 4191//9407 
f 5256//9408 5252//9408 4184//9408 
f 5257//9409 5253//9409 5242//9409 
f 5257//9410 5242//9410 5245//9410 
f 5258//9411 5254//9411 5243//9411 
f 5258//9412 5243//9412 5246//9412 
f 5259//9413 5255//9413 5244//9413 
f 5259//9414 5247//9414 5250//9414 
f 5259//9415 5244//9415 5247//9415 
f 5260//9416 4191//9416 4198//9416 
f 5260//9417 4198//9417 4201//9417 
f 5260//9418 5256//9418 4191//9418 
f 5261//9419 5257//9419 5245//9419 
f 5261//9420 5245//9420 5248//9420 
f 5262//9421 5258//9421 5246//9421 
f 5262//9422 5246//9422 5249//9422 
f 5263//9423 5259//9423 5250//9423 
f 5264//9424 5265//9424 5241//9424 
f 5264//9425 5266//9425 5265//9425 
f 5264//9426 5267//9426 5266//9426 
f 5264//9427 5241//9427 5251//9427 
f 5268//9428 4201//9428 4205//9428 
f 5268//9429 4205//9429 4211//9429 
f 5268//9430 5260//9430 4201//9430 
f 5269//9431 5248//9431 5252//9431 
f 5269//9432 5261//9432 5248//9432 
f 5270//9433 5262//9433 5249//9433 
f 5270//9434 5249//9434 5253//9434 
f 5271//9435 5254//9435 5258//9435 
f 5271//9436 5263//9436 5250//9436 
f 5271//9437 5250//9437 5254//9437 
f 5272//9438 5255//9438 5259//9438 
f 5272//9439 5267//9439 5264//9439 
f 5272//9440 5264//9440 5251//9440 
f 5272//9441 5273//9441 5267//9441 
f 5272//9442 5274//9442 5273//9442 
f 5272//9443 5251//9443 5255//9443 
f 5275//9444 4211//9444 4215//9444 
f 5275//9445 4215//9445 4219//9445 
f 5275//9446 4219//9446 4225//9446 
f 5275//9447 5268//9447 4211//9447 
f 5276//9448 5252//9448 5256//9448 
f 5276//9449 5269//9449 5252//9449 
f 5277//9450 5253//9450 5257//9450 
f 5277//9451 5270//9451 5253//9451 
f 5278//9452 5271//9452 5258//9452 
f 5278//9453 5258//9453 5262//9453 
f 5279//9454 5272//9454 5259//9454 
f 5279//9455 5274//9455 5272//9455 
f 5279//9456 5280//9456 5274//9456 
f 5279//9457 5281//9457 5280//9457 
f 5282//9458 5276//9458 5256//9458 
f 5282//9459 5256//9459 5260//9459 
f 5283//9460 5257//9460 5261//9460 
f 5283//9461 5261//9461 5269//9461 
f 5283//9462 5277//9462 5257//9462 
f 5284//9463 5278//9463 5262//9463 
f 5284//9464 5262//9464 5270//9464 
f 5285//9465 5259//9465 5263//9465 
f 5285//9466 5286//9466 5281//9466 
f 5285//9467 5287//9467 5286//9467 
f 5285//9468 5279//9468 5259//9468 
f 5285//9469 5281//9469 5279//9469 
f 5288//9470 5260//9470 5268//9470 
f 5288//9471 5282//9471 5260//9471 
f 5289//9472 5283//9472 5269//9472 
f 5290//9473 5284//9473 5270//9473 
f 5291//9474 5285//9474 5263//9474 
f 5291//9475 5271//9475 5278//9475 
f 5291//9476 5292//9476 5287//9476 
f 5291//9477 5293//9477 5292//9477 
f 5291//9478 5287//9478 5285//9478 
f 5291//9479 5263//9479 5271//9479 
f 5294//9480 5275//9480 4225//9480 
f 5294//9481 5268//9481 5275//9481 
f 5294//9482 5288//9482 5268//9482 
f 5295//9483 5269//9483 5276//9483 
f 5295//9484 5289//9484 5269//9484 
f 5296//9485 5290//9485 5270//9485 
f 5296//9486 5270//9486 5277//9486 
f 5297//9487 5298//9487 5293//9487 
f 5297//9488 5299//9488 5298//9488 
f 5297//9489 5293//9489 5291//9489 
f 5297//9490 5291//9490 5278//9490 
f 5300//9491 5276//9491 5282//9491 
f 5300//9492 5282//9492 5288//9492 
f 5300//9493 5295//9493 5276//9493 
f 5301//9494 5277//9494 5283//9494 
f 5301//9495 5296//9495 5277//9495 
f 5302//9496 5278//9496 5284//9496 
f 5302//9497 5303//9497 5299//9497 
f 5302//9498 5304//9498 5303//9498 
f 5302//9499 5297//9499 5278//9499 
f 5302//9500 5299//9500 5297//9500 
f 5305//9501 5300//9501 5288//9501 
f 5306//9502 5283//9502 5289//9502 
f 5306//9503 5289//9503 5295//9503 
f 5306//9504 5301//9504 5283//9504 
f 5307//9505 5302//9505 5284//9505 
f 5307//9506 5308//9506 5304//9506 
f 5307//9507 5309//9507 5308//9507 
f 5307//9508 5304//9508 5302//9508 
f 5307//9509 5284//9509 5290//9509 
f 5310//9510 5305//9510 5288//9510 
f 5310//9511 4225//9511 5228//9511 
f 5310//9512 5288//9512 5294//9512 
f 5310//9513 5294//9513 4225//9513 
f 5311//9514 5306//9514 5295//9514 
f 5311//9515 5295//9515 5300//9515 
f 5312//9516 5309//9516 5307//9516 
f 5312//9517 5307//9517 5290//9517 
f 5312//9518 5313//9518 5309//9518 
f 5312//9519 5314//9519 5313//9519 
f 5312//9520 5290//9520 5296//9520 
f 5315//9521 5311//9521 5300//9521 
f 5316//9522 5296//9522 5301//9522 
f 5316//9523 5301//9523 5306//9523 
f 5316//9524 5312//9524 5296//9524 
f 5316//9525 5317//9525 5314//9525 
f 5316//9526 5318//9526 5317//9526 
f 5316//9527 5314//9527 5312//9527 
f 5319//9528 5315//9528 5300//9528 
f 5319//9529 5305//9529 5310//9529 
f 5319//9530 5300//9530 5305//9530 
f 5320//9531 5316//9531 5306//9531 
f 5320//9532 5321//9532 5318//9532 
f 5320//9533 5322//9533 5321//9533 
f 5320//9534 5318//9534 5316//9534 
f 5323//9535 5319//9535 5310//9535 
f 5323//9536 5310//9536 5228//9536 
f 5324//9537 5322//9537 5320//9537 
f 5324//9538 5306//9538 5311//9538 
f 5324//9539 5320//9539 5306//9539 
f 5324//9540 5325//9540 5322//9540 
f 5324//9541 5326//9541 5325//9541 
f 5324//9542 5311//9542 5315//9542 
f 5327//9543 5315//9543 5319//9543 
f 5327//9544 5324//9544 5315//9544 
f 5327//9545 5328//9545 5326//9545 
f 5327//9546 5329//9546 5328//9546 
f 5327//9547 5326//9547 5324//9547 
f 5330//9548 5329//9548 5327//9548 
f 5330//9549 5327//9549 5319//9549 
f 5330//9550 5331//9550 5329//9550 
f 5330//9551 5332//9551 5331//9551 
f 5333//9552 5319//9552 5323//9552 
f 5333//9553 5323//9553 5228//9553 
f 5333//9554 5330//9554 5319//9554 
f 5333//9555 5332//9555 5330//9555 
f 5333//9556 5334//9556 5332//9556 
f 5333//9557 5335//9557 5334//9557 
f 5333//9558 5228//9558 5335//9558 
f 5241//9559 4072//9559 4252//9559 
f 5241//9560 5336//9560 4072//9560 
f 5337//9561 3874//9561 3885//9561 
f 5337//9562 3885//9562 3890//9562 
f 5337//9563 3890//9563 3893//9563 
f 5338//9564 3893//9564 3897//9564 
f 5338//9565 3897//9565 3901//9565 
f 5338//9566 5337//9566 3893//9566 
f 5339//9567 3901//9567 3905//9567 
f 5339//9568 3905//9568 3910//9568 
f 5339//9569 5338//9569 3901//9569 
f 5340//9570 3910//9570 3914//9570 
f 5340//9571 3914//9571 3918//9571 
f 5340//9572 5339//9572 3910//9572 
f 5341//9573 3874//9573 5337//9573 
f 5342//9574 3918//9574 3921//9574 
f 5342//9575 3921//9575 3926//9575 
f 5342//9576 5340//9576 3918//9576 
f 5343//9577 5341//9577 5337//9577 
f 5343//9578 5337//9578 5338//9578 
f 5344//9579 3926//9579 3929//9579 
f 5344//9580 3929//9580 3934//9580 
f 5344//9581 5342//9581 3926//9581 
f 5345//9582 5338//9582 5339//9582 
f 5345//9583 5343//9583 5338//9583 
f 5346//9584 3934//9584 3937//9584 
f 5346//9585 3937//9585 3941//9585 
f 5346//9586 5344//9586 3934//9586 
f 5347//9587 5339//9587 5340//9587 
f 5347//9588 5345//9588 5339//9588 
f 5348//9589 3874//9589 5341//9589 
f 5348//9590 5349//9590 3874//9590 
f 5350//9591 3941//9591 3944//9591 
f 5350//9592 3944//9592 3949//9592 
f 5350//9593 5346//9593 3941//9593 
f 5351//9594 5347//9594 5340//9594 
f 5351//9595 5340//9595 5342//9595 
f 5352//9596 5348//9596 5341//9596 
f 5352//9597 5341//9597 5343//9597 
f 5353//9598 3949//9598 3952//9598 
f 5353//9599 3952//9599 3956//9599 
f 5353//9600 5350//9600 3949//9600 
f 5354//9601 5351//9601 5342//9601 
f 5354//9602 5342//9602 5344//9602 
f 5355//9603 5352//9603 5343//9603 
f 5355//9604 5343//9604 5345//9604 
f 5356//9605 3956//9605 3960//9605 
f 5356//9606 3960//9606 3963//9606 
f 5356//9607 5353//9607 3956//9607 
f 5357//9608 5354//9608 5344//9608 
f 5357//9609 5344//9609 5346//9609 
f 5358//9610 5345//9610 5347//9610 
f 5358//9611 5355//9611 5345//9611 
f 5358//9612 5347//9612 5351//9612 
f 5359//9613 5349//9613 5348//9613 
f 5360//9614 3963//9614 3967//9614 
f 5360//9615 3967//9615 3984//9615 
f 5360//9616 5356//9616 3963//9616 
f 5361//9617 5357//9617 5346//9617 
f 5361//9618 5346//9618 5350//9618 
f 5362//9619 5358//9619 5351//9619 
f 5362//9620 5351//9620 5354//9620 
f 5363//9621 5348//9621 5352//9621 
f 5363//9622 5359//9622 5348//9622 
f 5364//9623 5360//9623 3984//9623 
f 5364//9624 3984//9624 3998//9624 
f 5364//9625 3998//9625 4024//9625 
f 5365//9626 5353//9626 5356//9626 
f 5365//9627 5350//9627 5353//9627 
f 5365//9628 5361//9628 5350//9628 
f 5366//9629 5362//9629 5354//9629 
f 5367//9630 5355//9630 5358//9630 
f 5367//9631 5363//9631 5352//9631 
f 5367//9632 5352//9632 5355//9632 
f 5368//9633 5364//9633 4024//9633 
f 5368//9634 4024//9634 4033//9634 
f 5368//9635 4033//9635 4040//9635 
f 5369//9636 5365//9636 5356//9636 
f 5370//9637 5366//9637 5354//9637 
f 5370//9638 5354//9638 5357//9638 
f 5371//9639 5367//9639 5358//9639 
f 5372//9640 5373//9640 5349//9640 
f 5372//9641 5374//9641 5373//9641 
f 5372//9642 5375//9642 5374//9642 
f 5372//9643 5349//9643 5359//9643 
f 5376//9644 5368//9644 4040//9644 
f 5376//9645 4040//9645 4047//9645 
f 5376//9646 4047//9646 4054//9646 
f 5377//9647 5369//9647 5356//9647 
f 5377//9648 5356//9648 5360//9648 
f 5378//9649 5361//9649 5365//9649 
f 5378//9650 5370//9650 5357//9650 
f 5378//9651 5357//9651 5361//9651 
f 5379//9652 5358//9652 5362//9652 
f 5379//9653 5371//9653 5358//9653 
f 5380//9654 5359//9654 5363//9654 
f 5380//9655 5375//9655 5372//9655 
f 5380//9656 5381//9656 5375//9656 
f 5380//9657 5382//9657 5381//9657 
f 5380//9658 5372//9658 5359//9658 
f 5383//9659 4054//9659 4060//9659 
f 5383//9660 4060//9660 4064//9660 
f 5383//9661 4064//9661 4072//9661 
f 5383//9662 5376//9662 4054//9662 
f 5384//9663 5364//9663 5368//9663 
f 5384//9664 5377//9664 5360//9664 
f 5384//9665 5360//9665 5364//9665 
f 5385//9666 5378//9666 5365//9666 
f 5386//9667 5379//9667 5362//9667 
f 5386//9668 5362//9668 5366//9668 
f 5386//9669 5366//9669 5370//9669 
f 5387//9670 5382//9670 5380//9670 
f 5387//9671 5380//9671 5363//9671 
f 5387//9672 5367//9672 5371//9672 
f 5387//9673 5388//9673 5382//9673 
f 5387//9674 5389//9674 5388//9674 
f 5387//9675 5363//9675 5367//9675 
f 5390//9676 5384//9676 5368//9676 
f 5391//9677 5365//9677 5369//9677 
f 5391//9678 5385//9678 5365//9678 
f 5392//9679 5370//9679 5378//9679 
f 5392//9680 5386//9680 5370//9680 
f 5393//9681 5389//9681 5387//9681 
f 5393//9682 5394//9682 5389//9682 
f 5393//9683 5395//9683 5394//9683 
f 5393//9684 5387//9684 5371//9684 
f 5396//9685 5368//9685 5376//9685 
f 5396//9686 5390//9686 5368//9686 
f 5397//9687 5377//9687 5384//9687 
f 5397//9688 5391//9688 5369//9688 
f 5397//9689 5369//9689 5377//9689 
f 5398//9690 5392//9690 5378//9690 
f 5399//9691 5379//9691 5386//9691 
f 5399//9692 5400//9692 5395//9692 
f 5399//9693 5401//9693 5400//9693 
f 5399//9694 5395//9694 5393//9694 
f 5399//9695 5393//9695 5371//9695 
f 5399//9696 5371//9696 5379//9696 
f 5402//9697 5383//9697 4072//9697 
f 5402//9698 5376//9698 5383//9698 
f 5402//9699 5396//9699 5376//9699 
f 5403//9700 5397//9700 5384//9700 
f 5404//9701 5378//9701 5385//9701 
f 5404//9702 5398//9702 5378//9702 
f 5405//9703 5399//9703 5386//9703 
f 5405//9704 5406//9704 5401//9704 
f 5405//9705 5407//9705 5406//9705 
f 5405//9706 5401//9706 5399//9706 
f 5408//9707 5384//9707 5390//9707 
f 5408//9708 5390//9708 5396//9708 
f 5408//9709 5403//9709 5384//9709 
f 5409//9710 5404//9710 5385//9710 
f 5409//9711 5391//9711 5397//9711 
f 5409//9712 5385//9712 5391//9712 
f 5410//9713 5386//9713 5392//9713 
f 5410//9714 5411//9714 5407//9714 
f 5410//9715 5412//9715 5411//9715 
f 5410//9716 5407//9716 5405//9716 
f 5410//9717 5405//9717 5386//9717 
f 5413//9718 5408//9718 5396//9718 
f 5413//9719 5396//9719 5402//9719 
f 5414//9720 5409//9720 5397//9720 
f 5415//9721 5416//9721 5412//9721 
f 5415//9722 5417//9722 5416//9722 
f 5415//9723 5412//9723 5410//9723 
f 5415//9724 5392//9724 5398//9724 
f 5415//9725 5410//9725 5392//9725 
f 5418//9726 5413//9726 5402//9726 
f 5418//9727 4072//9727 5336//9727 
f 5418//9728 5402//9728 4072//9728 
f 5419//9729 5403//9729 5408//9729 
f 5419//9730 5397//9730 5403//9730 
f 5419//9731 5414//9731 5397//9731 
f 5420//9732 5398//9732 5404//9732 
f 5420//9733 5415//9733 5398//9733 
f 5420//9734 5421//9734 5417//9734 
f 5420//9735 5422//9735 5421//9735 
f 5420//9736 5417//9736 5415//9736 
f 5423//9737 5419//9737 5408//9737 
f 5424//9738 5422//9738 5420//9738 
f 5424//9739 5409//9739 5414//9739 
f 5424//9740 5425//9740 5422//9740 
f 5424//9741 5426//9741 5425//9741 
f 5424//9742 5404//9742 5409//9742 
f 5424//9743 5420//9743 5404//9743 
f 5427//9744 5413//9744 5418//9744 
f 5427//9745 5423//9745 5408//9745 
f 5427//9746 5408//9746 5413//9746 
f 5428//9747 5426//9747 5424//9747 
f 5428//9748 5429//9748 5426//9748 
f 5428//9749 5430//9749 5429//9749 
f 5428//9750 5424//9750 5414//9750 
f 5431//9751 5418//9751 5336//9751 
f 5431//9752 5427//9752 5418//9752 
f 5432//9753 5414//9753 5419//9753 
f 5432//9754 5433//9754 5430//9754 
f 5432//9755 5434//9755 5433//9755 
f 5432//9756 5428//9756 5414//9756 
f 5432//9757 5430//9757 5428//9757 
f 5435//9758 5419//9758 5423//9758 
f 5435//9759 5432//9759 5419//9759 
f 5435//9760 5436//9760 5434//9760 
f 5435//9761 5437//9761 5436//9761 
f 5435//9762 5434//9762 5432//9762 
f 5438//9763 5423//9763 5427//9763 
f 5438//9764 5427//9764 5431//9764 
f 5438//9765 5437//9765 5435//9765 
f 5438//9766 5435//9766 5423//9766 
f 5438//9767 5439//9767 5437//9767 
f 5438//9768 5440//9768 5439//9768 
f 5441//9769 5431//9769 5336//9769 
f 5441//9770 5438//9770 5431//9770 
f 5441//9771 5440//9771 5438//9771 
f 5441//9772 5442//9772 5440//9772 
f 5441//9773 5443//9773 5442//9773 
f 5441//9774 5336//9774 5443//9774 
f 5349//9775 3833//9775 3874//9775 
f 5349//9776 5444//9776 3833//9776 
f 5445//9777 3843//9777 3830//9777 
f 5445//9778 3830//9778 3825//9778 
f 5445//9779 3825//9779 3821//9779 
f 5446//9780 3821//9780 3817//9780 
f 5446//9781 3817//9781 3811//9781 
f 5446//9782 5445//9782 3821//9782 
f 5447//9783 3811//9783 3807//9783 
f 5447//9784 3807//9784 3803//9784 
f 5447//9785 5446//9785 3811//9785 
f 5448//9786 3803//9786 3797//9786 
f 5448//9787 3797//9787 3793//9787 
f 5448//9788 5447//9788 3803//9788 
f 5449//9789 3843//9789 5445//9789 
f 5450//9790 3793//9790 3789//9790 
f 5450//9791 3789//9791 3783//9791 
f 5450//9792 5448//9792 3793//9792 
f 5451//9793 5449//9793 5445//9793 
f 5451//9794 5445//9794 5446//9794 
f 5452//9795 3783//9795 3779//9795 
f 5452//9796 3779//9796 3773//9796 
f 5452//9797 5450//9797 3783//9797 
f 5453//9798 5447//9798 5448//9798 
f 5453//9799 5446//9799 5447//9799 
f 5453//9800 5451//9800 5446//9800 
f 5454//9801 3773//9801 3769//9801 
f 5454//9802 3769//9802 3762//9802 
f 5454//9803 5452//9803 3773//9803 
f 5455//9804 5453//9804 5448//9804 
f 5456//9805 3843//9805 5449//9805 
f 5456//9806 5457//9806 3843//9806 
f 5458//9807 3762//9807 3759//9807 
f 5458//9808 3759//9808 3765//9808 
f 5458//9809 5454//9809 3762//9809 
f 5459//9810 5455//9810 5448//9810 
f 5459//9811 5448//9811 5450//9811 
f 5460//9812 5456//9812 5449//9812 
f 5460//9813 5449//9813 5451//9813 
f 5461//9814 3765//9814 3767//9814 
f 5461//9815 3767//9815 3772//9815 
f 5461//9816 5458//9816 3765//9816 
f 5462//9817 5450//9817 5452//9817 
f 5462//9818 5459//9818 5450//9818 
f 5462//9819 5452//9819 5454//9819 
f 5463//9820 5460//9820 5451//9820 
f 5463//9821 5451//9821 5453//9821 
f 5464//9822 5461//9822 3772//9822 
f 5464//9823 3772//9823 3777//9823 
f 5464//9824 3777//9824 3782//9824 
f 5465//9825 5462//9825 5454//9825 
f 5466//9826 5453//9826 5455//9826 
f 5466//9827 5463//9827 5453//9827 
f 5467//9828 5457//9828 5456//9828 
f 5467//9829 5456//9829 5460//9829 
f 5468//9830 3782//9830 3787//9830 
f 5468//9831 3787//9831 3792//9831 
f 5468//9832 5464//9832 3782//9832 
f 5469//9833 5454//9833 5458//9833 
f 5469//9834 5465//9834 5454//9834 
f 5470//9835 5466//9835 5455//9835 
f 5470//9836 5455//9836 5459//9836 
f 5471//9837 5467//9837 5460//9837 
f 5472//9838 3792//9838 3796//9838 
f 5472//9839 3796//9839 3801//9839 
f 5472//9840 5468//9840 3792//9840 
f 5473//9841 5469//9841 5458//9841 
f 5473//9842 5458//9842 5461//9842 
f 5474//9843 5459//9843 5462//9843 
f 5474//9844 5470//9844 5459//9844 
f 5475//9845 5460//9845 5463//9845 
f 5475//9846 5471//9846 5460//9846 
f 5476//9847 3801//9847 3806//9847 
f 5476//9848 3806//9848 3809//9848 
f 5476//9849 5472//9849 3801//9849 
f 5477//9850 5473//9850 5461//9850 
f 5477//9851 5461//9851 5464//9851 
f 5478//9852 5462//9852 5465//9852 
f 5478//9853 5474//9853 5462//9853 
f 5479//9854 5463//9854 5466//9854 
f 5479//9855 5466//9855 5470//9855 
f 5479//9856 5475//9856 5463//9856 
f 5480//9857 5457//9857 5467//9857 
f 5480//9858 5481//9858 5457//9858 
f 5480//9859 5482//9859 5481//9859 
f 5480//9860 5483//9860 5482//9860 
f 5484//9861 5476//9861 3809//9861 
f 5484//9862 3809//9862 3814//9862 
f 5484//9863 3814//9863 3819//9863 
f 5485//9864 5477//9864 5464//9864 
f 5485//9865 5468//9865 5472//9865 
f 5485//9866 5464//9866 5468//9866 
f 5486//9867 5478//9867 5465//9867 
f 5486//9868 5465//9868 5469//9868 
f 5487//9869 5479//9869 5470//9869 
f 5488//9870 5467//9870 5471//9870 
f 5488//9871 5489//9871 5483//9871 
f 5488//9872 5490//9872 5489//9872 
f 5488//9873 5483//9873 5480//9873 
f 5488//9874 5480//9874 5467//9874 
f 5491//9875 3819//9875 3823//9875 
f 5491//9876 3823//9876 3827//9876 
f 5491//9877 3827//9877 3833//9877 
f 5491//9878 5484//9878 3819//9878 
f 5492//9879 5485//9879 5472//9879 
f 5493//9880 5486//9880 5469//9880 
f 5493//9881 5469//9881 5473//9881 
f 5494//9882 5487//9882 5470//9882 
f 5494//9883 5470//9883 5474//9883 
f 5495//9884 5475//9884 5479//9884 
f 5495//9885 5471//9885 5475//9885 
f 5495//9886 5496//9886 5490//9886 
f 5495//9887 5497//9887 5496//9887 
f 5495//9888 5488//9888 5471//9888 
f 5495//9889 5490//9889 5488//9889 
f 5498//9890 5472//9890 5476//9890 
f 5498//9891 5492//9891 5472//9891 
f 5499//9892 5493//9892 5473//9892 
f 5499//9893 5473//9893 5477//9893 
f 5499//9894 5477//9894 5485//9894 
f 5500//9895 5474//9895 5478//9895 
f 5500//9896 5494//9896 5474//9896 
f 5501//9897 5497//9897 5495//9897 
f 5501//9898 5502//9898 5497//9898 
f 5501//9899 5503//9899 5502//9899 
f 5501//9900 5495//9900 5479//9900 
f 5504//9901 5476//9901 5484//9901 
f 5504//9902 5484//9902 5491//9902 
f 5504//9903 5498//9903 5476//9903 
f 5505//9904 5499//9904 5485//9904 
f 5506//9905 5500//9905 5478//9905 
f 5506//9906 5478//9906 5486//9906 
f 5507//9907 5479//9907 5487//9907 
f 5507//9908 5508//9908 5503//9908 
f 5507//9909 5509//9909 5508//9909 
f 5507//9910 5501//9910 5479//9910 
f 5507//9911 5503//9911 5501//9911 
f 5510//9912 5504//9912 5491//9912 
f 5510//9913 5491//9913 3833//9913 
f 5511//9914 5485//9914 5492//9914 
f 5511//9915 5505//9915 5485//9915 
f 5512//9916 5486//9916 5493//9916 
f 5512//9917 5506//9917 5486//9917 
f 5513//9918 5487//9918 5494//9918 
f 5513//9919 5509//9919 5507//9919 
f 5513//9920 5514//9920 5509//9920 
f 5513//9921 5515//9921 5514//9921 
f 5513//9922 5494//9922 5500//9922 
f 5513//9923 5507//9923 5487//9923 
f 5516//9924 5492//9924 5498//9924 
f 5516//9925 5511//9925 5492//9925 
f 5517//9926 5493//9926 5499//9926 
f 5517//9927 5512//9927 5493//9927 
f 5518//9928 5519//9928 5515//9928 
f 5518//9929 5520//9929 5519//9929 
f 5518//9930 5500//9930 5506//9930 
f 5518//9931 5515//9931 5513//9931 
f 5518//9932 5513//9932 5500//9932 
f 5521//9933 5498//9933 5504//9933 
f 5521//9934 5504//9934 5510//9934 
f 5521//9935 5516//9935 5498//9935 
f 5522//9936 5517//9936 5499//9936 
f 5522//9937 5499//9937 5505//9937 
f 5522//9938 5505//9938 5511//9938 
f 5523//9939 5518//9939 5506//9939 
f 5523//9940 5524//9940 5520//9940 
f 5523//9941 5525//9941 5524//9941 
f 5523//9942 5520//9942 5518//9942 
f 5526//9943 3833//9943 5444//9943 
f 5526//9944 5510//9944 3833//9944 
f 5526//9945 5521//9945 5510//9945 
f 5527//9946 5522//9946 5511//9946 
f 5528//9947 5529//9947 5525//9947 
f 5528//9948 5530//9948 5529//9948 
f 5528//9949 5523//9949 5506//9949 
f 5528//9950 5525//9950 5523//9950 
f 5528//9951 5506//9951 5512//9951 
f 5531//9952 5527//9952 5511//9952 
f 5531//9953 5516//9953 5521//9953 
f 5531//9954 5511//9954 5516//9954 
f 5532//9955 5517//9955 5522//9955 
f 5532//9956 5512//9956 5517//9956 
f 5532//9957 5528//9957 5512//9957 
f 5532//9958 5530//9958 5528//9958 
f 5532//9959 5533//9959 5530//9959 
f 5532//9960 5534//9960 5533//9960 
f 5535//9961 5521//9961 5526//9961 
f 5535//9962 5531//9962 5521//9962 
f 5536//9963 5532//9963 5522//9963 
f 5536//9964 5537//9964 5534//9964 
f 5536//9965 5538//9965 5537//9965 
f 5536//9966 5534//9966 5532//9966 
f 5539//9967 5526//9967 5444//9967 
f 5539//9968 5535//9968 5526//9968 
f 5540//9969 5522//9969 5527//9969 
f 5540//9970 5536//9970 5522//9970 
f 5540//9971 5541//9971 5538//9971 
f 5540//9972 5542//9972 5541//9972 
f 5540//9973 5538//9973 5536//9973 
f 5543//9974 5542//9974 5540//9974 
f 5543//9975 5540//9975 5527//9975 
f 5543//9976 5527//9976 5531//9976 
f 5543//9977 5544//9977 5542//9977 
f 5543//9978 5545//9978 5544//9978 
f 5546//9979 5531//9979 5535//9979 
f 5546//9980 5535//9980 5539//9980 
f 5546//9981 5545//9981 5543//9981 
f 5546//9982 5543//9982 5531//9982 
f 5546//9983 5547//9983 5545//9983 
f 5546//9984 5548//9984 5547//9984 
f 5549//9985 5539//9985 5444//9985 
f 5549//9986 5546//9986 5539//9986 
f 5549//9987 5548//9987 5546//9987 
f 5549//9988 5550//9988 5548//9988 
f 5549//9989 5551//9989 5550//9989 
f 5549//9990 5444//9990 5551//9990 
f 3843//9991 5202//9991 3946//9991 
f 5457//9992 5202//9992 3843//9992 
f 5552//9993 5553//9993 3887//9993 
f 5552//9994 3887//9994 3884//9994 
f 5554//9995 3884//9995 3882//9995 
f 5554//9996 5552//9996 3884//9996 
f 5555//9997 3882//9997 3880//9997 
f 5555//9998 5554//9998 3882//9998 
f 5556//9999 3880//9999 3873//9999 
f 5556//10000 5555//10000 3880//10000 
f 5557//10001 3873//10001 3875//10001 
f 5557//10002 5556//10002 3873//10002 
f 5558//10003 3875//10003 3876//10003 
f 5558//10004 3876//10004 3877//10004 
f 5558//10005 5557//10005 3875//10005 
f 5559//10006 5558//10006 3877//10006 
f 5560//10007 3877//10007 3878//10007 
f 5560//10008 5559//10008 3877//10008 
f 5561//10009 3878//10009 3879//10009 
f 5561//10010 5560//10010 3878//10010 
f 5562//10011 3879//10011 3865//10011 
f 5562//10012 5561//10012 3879//10012 
f 5563//10013 5562//10013 3865//10013 
f 5563//10014 3865//10014 3863//10014 
f 5564//10015 5563//10015 3863//10015 
f 5564//10016 3863//10016 3859//10016 
f 5565//10017 5564//10017 3859//10017 
f 5565//10018 3859//10018 3856//10018 
f 5566//10019 5565//10019 3856//10019 
f 5566//10020 3856//10020 3853//10020 
f 5567//10021 3853//10021 3850//10021 
f 5567//10022 5566//10022 3853//10022 
f 5568//10023 3850//10023 3849//10023 
f 5568//10024 5567//10024 3850//10024 
f 5569//10025 3849//10025 3852//10025 
f 5569//10026 5568//10026 3849//10026 
f 5570//10027 3852//10027 3855//10027 
f 5570//10028 5569//10028 3852//10028 
f 5571//10029 3855//10029 3858//10029 
f 5571//10030 5570//10030 3855//10030 
f 5572//10031 3858//10031 3862//10031 
f 5572//10032 5571//10032 3858//10032 
f 5573//10033 3862//10033 3864//10033 
f 5573//10034 3864//10034 3866//10034 
f 5573//10035 5572//10035 3862//10035 
f 5574//10036 5573//10036 3866//10036 
f 5575//10037 3866//10037 3867//10037 
f 5575//10038 5574//10038 3866//10038 
f 5576//10039 3867//10039 3868//10039 
f 5576//10040 5575//10040 3867//10040 
f 5577//10041 3868//10041 3869//10041 
f 5577//10042 3869//10042 3870//10042 
f 5577//10043 5576//10043 3868//10043 
f 5578//10044 3870//10044 3871//10044 
f 5578//10045 5577//10045 3870//10045 
f 5579//10046 5578//10046 3871//10046 
f 5580//10047 3871//10047 3872//10047 
f 5580//10048 5579//10048 3871//10048 
f 5581//10049 3872//10049 3881//10049 
f 5581//10050 5580//10050 3872//10050 
f 5582//10051 3881//10051 3883//10051 
f 5582//10052 5581//10052 3881//10052 
f 5583//10053 3883//10053 3886//10053 
f 5583//10054 5582//10054 3883//10054 
f 5584//10055 3886//10055 3888//10055 
f 5584//10056 5583//10056 3886//10056 
f 5585//10057 3888//10057 3891//10057 
f 5585//10058 5584//10058 3888//10058 
f 5586//10059 3891//10059 3894//10059 
f 5586//10060 5585//10060 3891//10060 
f 5587//10061 3894//10061 3896//10061 
f 5587//10062 5586//10062 3894//10062 
f 5588//10063 3896//10063 3899//10063 
f 5588//10064 5587//10064 3896//10064 
f 5589//10065 3899//10065 3902//10065 
f 5589//10066 5588//10066 3899//10066 
f 5590//10067 5589//10067 3902//10067 
f 5590//10068 3902//10068 3904//10068 
f 5591//10069 5590//10069 3904//10069 
f 5591//10070 3904//10070 3907//10070 
f 5592//10071 5591//10071 3907//10071 
f 5592//10072 3907//10072 3908//10072 
f 5593//10073 5592//10073 3908//10073 
f 5593//10074 3908//10074 3912//10074 
f 5594//10075 5593//10075 3912//10075 
f 5594//10076 3912//10076 3915//10076 
f 5595//10077 5594//10077 3915//10077 
f 5595//10078 3915//10078 3916//10078 
f 5596//10079 5595//10079 3916//10079 
f 5596//10080 3916//10080 3919//10080 
f 5597//10081 5596//10081 3919//10081 
f 5597//10082 3919//10082 3923//10082 
f 5598//10083 5597//10083 3923//10083 
f 5598//10084 3923//10084 3924//10084 
f 5599//10085 5598//10085 3924//10085 
f 5599//10086 3924//10086 3927//10086 
f 5600//10087 3927//10087 3931//10087 
f 5600//10088 5599//10088 3927//10088 
f 5601//10089 3931//10089 3932//10089 
f 5601//10090 5600//10090 3931//10090 
f 5602//10091 3932//10091 3935//10091 
f 5602//10092 5601//10092 3932//10092 
f 5603//10093 3935//10093 3939//10093 
f 5603//10094 5602//10094 3935//10094 
f 5604//10095 3939//10095 3942//10095 
f 5604//10096 3942//10096 3947//10096 
f 5604//10097 5603//10097 3939//10097 
f 5605//10098 5604//10098 3947//10098 
f 5606//10099 3947//10099 3950//10099 
f 5606//10100 5605//10100 3947//10100 
f 5607//10101 3950//10101 3953//10101 
f 5607//10102 5606//10102 3950//10102 
f 5608//10103 3953//10103 3954//10103 
f 5608//10104 5607//10104 3953//10104 
f 5609//10105 3954//10105 3958//10105 
f 5609//10106 5608//10106 3954//10106 
f 5610//10107 3958//10107 3961//10107 
f 5610//10108 5609//10108 3958//10108 
f 5611//10109 3961//10109 3965//10109 
f 5611//10110 5610//10110 3961//10110 
f 5612//10111 3965//10111 3968//10111 
f 5612//10112 5611//10112 3965//10112 
f 5613//10113 3968//10113 3979//10113 
f 5613//10114 5612//10114 3968//10114 
f 5614//10115 5613//10115 3979//10115 
f 5614//10116 3979//10116 3992//10116 
f 5615//10117 5614//10117 3992//10117 
f 5615//10118 3992//10118 4002//10118 
f 5616//10119 5615//10119 4002//10119 
f 5616//10120 4002//10120 4008//10120 
f 5617//10121 5616//10121 4008//10121 
f 5617//10122 4008//10122 4009//10122 
f 5618//10123 5617//10123 4009//10123 
f 5618//10124 4009//10124 4010//10124 
f 5619//10125 5618//10125 4010//10125 
f 5619//10126 4010//10126 4011//10126 
f 5620//10127 5619//10127 4011//10127 
f 5620//10128 4011//10128 4012//10128 
f 5621//10129 5620//10129 4012//10129 
f 5621//10130 4012//10130 4013//10130 
f 5622//10131 5621//10131 4013//10131 
f 5622//10132 4013//10132 4014//10132 
f 5623//10133 5622//10133 4014//10133 
f 5623//10134 4014//10134 4015//10134 
f 5624//10135 5623//10135 4015//10135 
f 5624//10136 4015//10136 4016//10136 
f 5625//10137 5624//10137 4016//10137 
f 5625//10138 4016//10138 4017//10138 
f 5626//10139 5625//10139 4017//10139 
f 5626//10140 4017//10140 4018//10140 
f 5627//10141 5626//10141 4018//10141 
f 5627//10142 4018//10142 4019//10142 
f 5628//10143 5627//10143 4019//10143 
f 5628//10144 4019//10144 4020//10144 
f 5629//10145 5628//10145 4020//10145 
f 5629//10146 4020//10146 4021//10146 
f 5630//10147 5629//10147 4021//10147 
f 5630//10148 4021//10148 4022//10148 
f 5631//10149 5630//10149 4022//10149 
f 5631//10150 4022//10150 4073//10150 
f 5632//10151 5631//10151 4073//10151 
f 5632//10152 4073//10152 4074//10152 
f 5633//10153 5632//10153 4074//10153 
f 5633//10154 4074//10154 4075//10154 
f 5634//10155 5633//10155 4075//10155 
f 5634//10156 4075//10156 4076//10156 
f 5635//10157 4076//10157 4077//10157 
f 5635//10158 5634//10158 4076//10158 
f 5636//10159 4077//10159 4065//10159 
f 5636//10160 5635//10160 4077//10160 
f 5637//10161 4065//10161 4066//10161 
f 5637//10162 5636//10162 4065//10162 
f 5638//10163 4066//10163 4061//10163 
f 5638//10164 5637//10164 4066//10164 
f 5639//10165 4061//10165 4055//10165 
f 5639//10166 5638//10166 4061//10166 
f 5640//10167 5639//10167 4055//10167 
f 5640//10168 4055//10168 4048//10168 
f 5641//10169 5640//10169 4048//10169 
f 5641//10170 4048//10170 4039//10170 
f 5641//10171 4039//10171 4041//10171 
f 5642//10172 5641//10172 4041//10172 
f 5643//10173 5642//10173 4041//10173 
f 5643//10174 4041//10174 4032//10174 
f 5644//10175 5643//10175 4032//10175 
f 5644//10176 4032//10176 4023//10176 
f 5645//10177 5644//10177 4023//10177 
f 5645//10178 4023//10178 3997//10178 
f 5646//10179 5645//10179 3997//10179 
f 5646//10180 3997//10180 3999//10180 
f 5647//10181 5646//10181 3999//10181 
f 5647//10182 3999//10182 3983//10182 
f 5648//10183 5647//10183 3983//10183 
f 5648//10184 3983//10184 3966//10184 
f 5649//10185 5648//10185 3966//10185 
f 5649//10186 3966//10186 3962//10186 
f 5650//10187 5649//10187 3962//10187 
f 5650//10188 3962//10188 3964//10188 
f 5651//10189 5650//10189 3964//10189 
f 5651//10190 3964//10190 3959//10190 
f 5652//10191 3959//10191 3955//10191 
f 5652//10192 5651//10192 3959//10192 
f 5653//10193 3955//10193 3957//10193 
f 5653//10194 5652//10194 3955//10194 
f 5654//10195 3957//10195 3951//10195 
f 5654//10196 5653//10196 3957//10196 
f 5655//10197 3951//10197 3948//10197 
f 5655//10198 5654//10198 3951//10198 
f 5656//10199 3948//10199 3943//10199 
f 5656//10200 5655//10200 3948//10200 
f 5657//10201 3943//10201 3945//10201 
f 5657//10202 5656//10202 3943//10202 
f 5658//10203 3945//10203 3940//10203 
f 5658//10204 5657//10204 3945//10204 
f 5659//10205 3940//10205 3936//10205 
f 5659//10206 5658//10206 3940//10206 
f 5660//10207 3936//10207 3938//10207 
f 5660//10208 5659//10208 3936//10208 
f 5661//10209 3938//10209 3933//10209 
f 5661//10210 5660//10210 3938//10210 
f 5662//10211 3933//10211 3928//10211 
f 5662//10212 5661//10212 3933//10212 
f 5663//10213 3928//10213 3930//10213 
f 5663//10214 5662//10214 3928//10214 
f 5664//10215 3930//10215 3925//10215 
f 5664//10216 5663//10216 3930//10216 
f 5665//10217 5664//10217 3925//10217 
f 5665//10218 3925//10218 3920//10218 
f 5666//10219 5665//10219 3920//10219 
f 5666//10220 3920//10220 3922//10220 
f 5667//10221 5666//10221 3922//10221 
f 5667//10222 3922//10222 3917//10222 
f 5668//10223 5667//10223 3917//10223 
f 5668//10224 3917//10224 3913//10224 
f 5669//10225 3913//10225 3911//10225 
f 5669//10226 5668//10226 3913//10226 
f 5670//10227 3911//10227 3909//10227 
f 5670//10228 5669//10228 3911//10228 
f 5671//10229 3909//10229 3906//10229 
f 5671//10230 5670//10230 3909//10230 
f 5672//10231 3906//10231 3903//10231 
f 5672//10232 5671//10232 3906//10232 
f 5673//10233 3903//10233 3900//10233 
f 5673//10234 5672//10234 3903//10234 
f 5674//10235 3900//10235 3898//10235 
f 5674//10236 5673//10236 3900//10236 
f 5675//10237 3898//10237 3895//10237 
f 5675//10238 5674//10238 3898//10238 
f 5676//10239 3895//10239 3892//10239 
f 5676//10240 5675//10240 3895//10240 
f 5677//10241 3892//10241 3889//10241 
f 5677//10242 3889//10242 3887//10242 
f 5677//10243 5676//10243 3892//10243 
f 5553//10244 5677//10244 3887//10244 
f 5678//10245 5679//10245 4222//10245 
f 5678//10246 4222//10246 4218//10246 
f 5680//10247 4218//10247 4214//10247 
f 5680//10248 5678//10248 4218//10248 
f 5681//10249 4214//10249 4210//10249 
f 5681//10250 5680//10250 4214//10250 
f 5682//10251 4210//10251 4208//10251 
f 5682//10252 5681//10252 4210//10252 
f 5683//10253 4208//10253 4204//10253 
f 5683//10254 5682//10254 4208//10254 
f 5684//10255 4204//10255 4200//10255 
f 5684//10256 4200//10256 4197//10256 
f 5684//10257 5683//10257 4204//10257 
f 5685//10258 5684//10258 4197//10258 
f 5686//10259 4197//10259 4194//10259 
f 5686//10260 5685//10260 4197//10260 
f 5687//10261 4194//10261 4190//10261 
f 5687//10262 5686//10262 4194//10262 
f 5688//10263 4190//10263 4186//10263 
f 5688//10264 4186//10264 4183//10264 
f 5688//10265 5687//10265 4190//10265 
f 5689//10266 5688//10266 4183//10266 
f 5690//10267 5689//10267 4183//10267 
f 5690//10268 4183//10268 4180//10268 
f 5691//10269 5690//10269 4180//10269 
f 5691//10270 4180//10270 4176//10270 
f 5692//10271 5691//10271 4176//10271 
f 5692//10272 4176//10272 4173//10272 
f 5693//10273 4173//10273 4170//10273 
f 5693//10274 5692//10274 4173//10274 
f 5694//10275 4170//10275 4168//10275 
f 5694//10276 5693//10276 4170//10276 
f 5695//10277 4168//10277 4171//10277 
f 5695//10278 4171//10278 4175//10278 
f 5695//10279 5694//10279 4168//10279 
f 5696//10280 5695//10280 4175//10280 
f 5697//10281 5696//10281 4175//10281 
f 5697//10282 4175//10282 4178//10282 
f 5698//10283 4178//10283 4181//10283 
f 5698//10284 4181//10284 4185//10284 
f 5698//10285 5697//10285 4178//10285 
f 5699//10286 4185//10286 4188//10286 
f 5699//10287 5698//10287 4185//10287 
f 5700//10288 5699//10288 4188//10288 
f 5701//10289 4188//10289 4193//10289 
f 5701//10290 5700//10290 4188//10290 
f 5702//10291 4193//10291 4196//10291 
f 5702//10292 5701//10292 4193//10292 
f 5703//10293 4196//10293 4199//10293 
f 5703//10294 5702//10294 4196//10294 
f 5704//10295 4199//10295 4203//10295 
f 5704//10296 5703//10296 4199//10296 
f 5705//10297 4203//10297 4206//10297 
f 5705//10298 5704//10298 4203//10298 
f 5706//10299 4206//10299 4209//10299 
f 5706//10300 5705//10300 4206//10300 
f 5707//10301 4209//10301 4212//10301 
f 5707//10302 5706//10302 4209//10302 
f 5708//10303 4212//10303 4216//10303 
f 5708//10304 5707//10304 4212//10304 
f 5709//10305 4216//10305 4220//10305 
f 5709//10306 5708//10306 4216//10306 
f 5710//10307 4220//10307 4223//10307 
f 5710//10308 4223//10308 4226//10308 
f 5710//10309 5709//10309 4220//10309 
f 5711//10310 5710//10310 4226//10310 
f 5712//10311 4226//10311 4229//10311 
f 5712//10312 5711//10312 4226//10312 
f 5713//10313 4229//10313 4232//10313 
f 5713//10314 5712//10314 4229//10314 
f 5714//10315 4232//10315 4235//10315 
f 5714//10316 5713//10316 4232//10316 
f 5715//10317 4235//10317 4237//10317 
f 5715//10318 5714//10318 4235//10318 
f 5716//10319 5715//10319 4237//10319 
f 5716//10320 4237//10320 4240//10320 
f 5717//10321 5716//10321 4240//10321 
f 5717//10322 4240//10322 4243//10322 
f 5718//10323 5717//10323 4243//10323 
f 5718//10324 4243//10324 4246//10324 
f 5719//10325 5718//10325 4246//10325 
f 5719//10326 4246//10326 4249//10326 
f 5720//10327 5719//10327 4249//10327 
f 5720//10328 4249//10328 4251//10328 
f 5721//10329 5720//10329 4251//10329 
f 5721//10330 4251//10330 4255//10330 
f 5722//10331 5721//10331 4255//10331 
f 5722//10332 4255//10332 4258//10332 
f 5723//10333 5722//10333 4258//10333 
f 5723//10334 4258//10334 4261//10334 
f 5724//10335 5723//10335 4261//10335 
f 5724//10336 4261//10336 4265//10336 
f 5725//10337 5724//10337 4265//10337 
f 5725//10338 4265//10338 4267//10338 
f 5726//10339 4267//10339 4269//10339 
f 5726//10340 5725//10340 4267//10340 
f 5726//10341 4269//10341 4288//10341 
f 5727//10342 5726//10342 4288//10342 
f 5728//10343 5727//10343 4288//10343 
f 5728//10344 4288//10344 4289//10344 
f 5729//10345 4289//10345 4290//10345 
f 5729//10346 5728//10346 4289//10346 
f 5730//10347 4290//10347 4291//10347 
f 5730//10348 4291//10348 4292//10348 
f 5730//10349 5729//10349 4290//10349 
f 5731//10350 5730//10350 4292//10350 
f 5732//10351 4292//10351 4293//10351 
f 5732//10352 5731//10352 4292//10352 
f 5733//10353 4293//10353 4294//10353 
f 5733//10354 5732//10354 4293//10354 
f 5734//10355 4294//10355 4295//10355 
f 5734//10356 5733//10356 4294//10356 
f 5735//10357 4295//10357 4296//10357 
f 5735//10358 5734//10358 4295//10358 
f 5736//10359 4296//10359 4297//10359 
f 5736//10360 5735//10360 4296//10360 
f 5737//10361 4297//10361 4298//10361 
f 5737//10362 5736//10362 4297//10362 
f 5738//10363 4298//10363 4299//10363 
f 5738//10364 5737//10364 4298//10364 
f 5739//10365 4299//10365 4300//10365 
f 5739//10366 5738//10366 4299//10366 
f 5740//10367 5739//10367 4300//10367 
f 5740//10368 4300//10368 4301//10368 
f 5741//10369 5740//10369 4301//10369 
f 5741//10370 4301//10370 4302//10370 
f 5742//10371 5741//10371 4302//10371 
f 5742//10372 4302//10372 4304//10372 
f 5743//10373 5742//10373 4304//10373 
f 5743//10374 4304//10374 4308//10374 
f 5744//10375 5743//10375 4308//10375 
f 5744//10376 4308//10376 4312//10376 
f 5745//10377 5744//10377 4312//10377 
f 5745//10378 4312//10378 4316//10378 
f 5746//10379 5745//10379 4316//10379 
f 5746//10380 4316//10380 4320//10380 
f 5747//10381 5746//10381 4320//10381 
f 5747//10382 4320//10382 4324//10382 
f 5748//10383 5747//10383 4324//10383 
f 5748//10384 4324//10384 4328//10384 
f 5749//10385 5748//10385 4328//10385 
f 5749//10386 4328//10386 4332//10386 
f 5750//10387 5749//10387 4332//10387 
f 5750//10388 4332//10388 4336//10388 
f 5751//10389 5750//10389 4336//10389 
f 5751//10390 4336//10390 4340//10390 
f 5752//10391 5751//10391 4340//10391 
f 5752//10392 4340//10392 4344//10392 
f 5753//10393 5752//10393 4344//10393 
f 5753//10394 4344//10394 4348//10394 
f 5754//10395 5753//10395 4348//10395 
f 5754//10396 4348//10396 4352//10396 
f 5755//10397 5754//10397 4352//10397 
f 5755//10398 4352//10398 4356//10398 
f 5756//10399 5755//10399 4356//10399 
f 5756//10400 4356//10400 4360//10400 
f 5757//10401 5756//10401 4360//10401 
f 5757//10402 4360//10402 4361//10402 
f 5758//10403 5757//10403 4361//10403 
f 5758//10404 4361//10404 4357//10404 
f 5759//10405 5758//10405 4357//10405 
f 5759//10406 4357//10406 4353//10406 
f 5760//10407 5759//10407 4353//10407 
f 5760//10408 4353//10408 4349//10408 
f 5761//10409 4349//10409 4345//10409 
f 5761//10410 5760//10410 4349//10410 
f 5762//10411 4345//10411 4341//10411 
f 5762//10412 5761//10412 4345//10412 
f 5763//10413 4341//10413 4337//10413 
f 5763//10414 5762//10414 4341//10414 
f 5764//10415 4337//10415 4334//10415 
f 5764//10416 5763//10416 4337//10416 
f 5765//10417 4334//10417 4330//10417 
f 5765//10418 5764//10418 4334//10418 
f 5766//10419 5765//10419 4330//10419 
f 5766//10420 4330//10420 4326//10420 
f 5767//10421 5766//10421 4326//10421 
f 5767//10422 4326//10422 4321//10422 
f 5768//10423 5767//10423 4321//10423 
f 5768//10424 4321//10424 4317//10424 
f 5769//10425 5768//10425 4317//10425 
f 5769//10426 4317//10426 4313//10426 
f 5770//10427 5769//10427 4313//10427 
f 5770//10428 4313//10428 4310//10428 
f 5771//10429 5770//10429 4310//10429 
f 5771//10430 4310//10430 4305//10430 
f 5772//10431 5771//10431 4305//10431 
f 5772//10432 4305//10432 4270//10432 
f 5773//10433 5772//10433 4270//10433 
f 5773//10434 4270//10434 4272//10434 
f 5774//10435 5773//10435 4272//10435 
f 5774//10436 4272//10436 4273//10436 
f 5774//10437 4273//10437 4274//10437 
f 5775//10438 5774//10438 4274//10438 
f 5776//10439 5775//10439 4274//10439 
f 5776//10440 4274//10440 4275//10440 
f 5777//10441 5776//10441 4275//10441 
f 5777//10442 4275//10442 4276//10442 
f 5778//10443 4276//10443 4277//10443 
f 5778//10444 5777//10444 4276//10444 
f 5779//10445 4277//10445 4278//10445 
f 5779//10446 5778//10446 4277//10446 
f 5780//10447 4278//10447 4279//10447 
f 5780//10448 5779//10448 4278//10448 
f 5781//10449 4279//10449 4280//10449 
f 5781//10450 5780//10450 4279//10450 
f 5782//10451 4280//10451 4281//10451 
f 5782//10452 5781//10452 4280//10452 
f 5783//10453 4281//10453 4282//10453 
f 5783//10454 5782//10454 4281//10454 
f 5784//10455 4282//10455 4283//10455 
f 5784//10456 5783//10456 4282//10456 
f 5785//10457 4283//10457 4284//10457 
f 5785//10458 5784//10458 4283//10458 
f 5786//10459 4284//10459 4285//10459 
f 5786//10460 5785//10460 4284//10460 
f 5787//10461 4285//10461 4286//10461 
f 5787//10462 5786//10462 4285//10462 
f 5788//10463 4286//10463 4268//10463 
f 5788//10464 5787//10464 4286//10464 
f 5789//10465 4268//10465 4266//10465 
f 5789//10466 5788//10466 4268//10466 
f 5790//10467 4266//10467 4262//10467 
f 5790//10468 5789//10468 4266//10468 
f 5791//10469 5790//10469 4262//10469 
f 5791//10470 4262//10470 4259//10470 
f 5792//10471 5791//10471 4259//10471 
f 5792//10472 4259//10472 4256//10472 
f 5793//10473 5792//10473 4256//10473 
f 5793//10474 4256//10474 4253//10474 
f 5794//10475 5793//10475 4253//10475 
f 5794//10476 4253//10476 4250//10476 
f 5795//10477 4250//10477 4248//10477 
f 5795//10478 5794//10478 4250//10478 
f 5796//10479 4248//10479 4245//10479 
f 5796//10480 5795//10480 4248//10480 
f 5797//10481 4245//10481 4242//10481 
f 5797//10482 5796//10482 4245//10482 
f 5798//10483 4242//10483 4239//10483 
f 5798//10484 5797//10484 4242//10484 
f 5799//10485 4239//10485 4236//10485 
f 5799//10486 5798//10486 4239//10486 
f 5800//10487 4236//10487 4234//10487 
f 5800//10488 5799//10488 4236//10488 
f 5801//10489 4234//10489 4231//10489 
f 5801//10490 5800//10490 4234//10490 
f 5802//10491 4231//10491 4228//10491 
f 5802//10492 5801//10492 4231//10492 
f 5803//10493 4228//10493 4224//10493 
f 5803//10494 5802//10494 4228//10494 
f 5679//10495 4224//10495 4222//10495 
f 5679//10496 5803//10496 4224//10496 
f 4397//10497 4395//10497 5804//10497 
f 4397//10498 5804//10498 5805//10498 
f 4399//10499 5805//10499 5806//10499 
f 4399//10500 4397//10500 5805//10500 
f 4401//10501 5806//10501 5807//10501 
f 4401//10502 4399//10502 5806//10502 
f 4403//10503 5807//10503 5808//10503 
f 4403//10504 4401//10504 5807//10504 
f 4405//10505 5808//10505 5809//10505 
f 4405//10506 4403//10506 5808//10506 
f 4407//10507 5809//10507 5810//10507 
f 4407//10508 4405//10508 5809//10508 
f 4409//10509 5810//10509 5811//10509 
f 4409//10510 4407//10510 5810//10510 
f 4411//10511 5811//10511 5812//10511 
f 4411//10512 4409//10512 5811//10512 
f 4413//10513 5812//10513 5813//10513 
f 4413//10514 4411//10514 5812//10514 
f 4415//10515 5813//10515 5814//10515 
f 4415//10516 4413//10516 5813//10516 
f 4417//10517 4415//10517 5814//10517 
f 4417//10518 5815//10518 5816//10518 
f 4417//10519 5814//10519 5815//10519 
f 4419//10520 4417//10520 5816//10520 
f 4421//10521 4419//10521 5816//10521 
f 4421//10522 5817//10522 5818//10522 
f 4421//10523 5816//10523 5817//10523 
f 4423//10524 4421//10524 5818//10524 
f 4425//10525 5819//10525 5820//10525 
f 4425//10526 5818//10526 5819//10526 
f 4425//10527 4423//10527 5818//10527 
f 4427//10528 4425//10528 5820//10528 
f 4428//10529 5821//10529 5822//10529 
f 4428//10530 5820//10530 5821//10530 
f 4428//10531 4427//10531 5820//10531 
f 4431//10532 4428//10532 5822//10532 
f 4433//10533 5822//10533 5823//10533 
f 4433//10534 4431//10534 5822//10534 
f 4435//10535 5823//10535 5824//10535 
f 4435//10536 4433//10536 5823//10536 
f 4436//10537 5825//10537 5826//10537 
f 4436//10538 5824//10538 5825//10538 
f 4436//10539 4435//10539 5824//10539 
f 4439//10540 5826//10540 5827//10540 
f 4439//10541 4436//10541 5826//10541 
f 4440//10542 4439//10542 5827//10542 
f 4443//10543 5828//10543 5829//10543 
f 4443//10544 5827//10544 5828//10544 
f 4443//10545 4440//10545 5827//10545 
f 4445//10546 4443//10546 5829//10546 
f 4447//10547 5829//10547 5830//10547 
f 4447//10548 4445//10548 5829//10548 
f 4449//10549 5830//10549 5831//10549 
f 4449//10550 4447//10550 5830//10550 
f 4451//10551 4449//10551 5831//10551 
f 4451//10552 5831//10552 5832//10552 
f 4453//10553 4451//10553 5832//10553 
f 4453//10554 5832//10554 5833//10554 
f 4455//10555 4453//10555 5833//10555 
f 4455//10556 5833//10556 5834//10556 
f 4457//10557 4455//10557 5834//10557 
f 4457//10558 5834//10558 5835//10558 
f 4459//10559 4457//10559 5835//10559 
f 4459//10560 5835//10560 5836//10560 
f 4461//10561 4459//10561 5836//10561 
f 4461//10562 5836//10562 5837//10562 
f 4463//10563 5837//10563 5838//10563 
f 4463//10564 4461//10564 5837//10564 
f 4464//10565 5839//10565 5840//10565 
f 4464//10566 5838//10566 5839//10566 
f 4464//10567 4463//10567 5838//10567 
f 4467//10568 4464//10568 5840//10568 
f 4468//10569 4467//10569 5840//10569 
f 4468//10570 5840//10570 5841//10570 
f 4470//10571 4468//10571 5841//10571 
f 4470//10572 5841//10572 5842//10572 
f 4473//10573 4470//10573 5842//10573 
f 4473//10574 5842//10574 5843//10574 
f 4475//10575 4473//10575 5843//10575 
f 4475//10576 5844//10576 5845//10576 
f 4475//10577 5843//10577 5844//10577 
f 4477//10578 4475//10578 5845//10578 
f 4478//10579 4477//10579 5845//10579 
f 4478//10580 5846//10580 5847//10580 
f 4478//10581 5845//10581 5846//10581 
f 4481//10582 4478//10582 5847//10582 
f 4482//10583 4481//10583 5847//10583 
f 4482//10584 5847//10584 5848//10584 
f 4484//10585 4482//10585 5848//10585 
f 4484//10586 5848//10586 5849//10586 
f 4486//10587 4484//10587 5849//10587 
f 4486//10588 5849//10588 5850//10588 
f 4489//10589 4486//10589 5850//10589 
f 4489//10590 5850//10590 5851//10590 
f 4488//10591 4489//10591 5851//10591 
f 4488//10592 5851//10592 5852//10592 
f 4487//10593 4488//10593 5852//10593 
f 4487//10594 5853//10594 5854//10594 
f 4487//10595 5852//10595 5853//10595 
f 4485//10596 4487//10596 5854//10596 
f 4483//10597 4485//10597 5854//10597 
f 4483//10598 5855//10598 5856//10598 
f 4483//10599 5854//10599 5855//10599 
f 4480//10600 4483//10600 5856//10600 
f 4479//10601 4480//10601 5856//10601 
f 4479//10602 5856//10602 5857//10602 
f 4476//10603 5858//10603 5859//10603 
f 4476//10604 5857//10604 5858//10604 
f 4476//10605 4479//10605 5857//10605 
f 4474//10606 4476//10606 5859//10606 
f 4472//10607 5859//10607 5860//10607 
f 4472//10608 4474//10608 5859//10608 
f 4471//10609 5860//10609 5861//10609 
f 4471//10610 4472//10610 5860//10610 
f 4469//10611 5862//10611 5863//10611 
f 4469//10612 5861//10612 5862//10612 
f 4469//10613 4471//10613 5861//10613 
f 4466//10614 4469//10614 5863//10614 
f 4465//10615 5863//10615 5864//10615 
f 4465//10616 4466//10616 5863//10616 
f 4462//10617 5864//10617 5865//10617 
f 4462//10618 4465//10618 5864//10618 
f 4460//10619 4462//10619 5865//10619 
f 4460//10620 5866//10620 5867//10620 
f 4460//10621 5865//10621 5866//10621 
f 4458//10622 4460//10622 5867//10622 
f 4456//10623 4458//10623 5867//10623 
f 4456//10624 5867//10624 5868//10624 
f 4454//10625 4456//10625 5868//10625 
f 4454//10626 5869//10626 5870//10626 
f 4454//10627 5868//10627 5869//10627 
f 4452//10628 4454//10628 5870//10628 
f 4450//10629 4452//10629 5870//10629 
f 4450//10630 5870//10630 5871//10630 
f 4448//10631 4450//10631 5871//10631 
f 4448//10632 5872//10632 5873//10632 
f 4448//10633 5871//10633 5872//10633 
f 4446//10634 4448//10634 5873//10634 
f 4444//10635 4446//10635 5873//10635 
f 4444//10636 5873//10636 5874//10636 
f 4442//10637 4444//10637 5874//10637 
f 4442//10638 5874//10638 5875//10638 
f 4441//10639 4442//10639 5875//10639 
f 4441//10640 5875//10640 5876//10640 
f 4438//10641 4441//10641 5876//10641 
f 4438//10642 5876//10642 5877//10642 
f 4437//10643 4438//10643 5877//10643 
f 4437//10644 5877//10644 5878//10644 
f 4434//10645 5878//10645 5879//10645 
f 4434//10646 4437//10646 5878//10646 
f 4432//10647 5880//10647 5881//10647 
f 4432//10648 5879//10648 5880//10648 
f 4432//10649 4434//10649 5879//10649 
f 4430//10650 5881//10650 5882//10650 
f 4430//10651 4432//10651 5881//10651 
f 4429//10652 4430//10652 5882//10652 
f 4426//10653 5883//10653 5884//10653 
f 4426//10654 5882//10654 5883//10654 
f 4426//10655 4429//10655 5882//10655 
f 4424//10656 4426//10656 5884//10656 
f 4422//10657 5884//10657 5885//10657 
f 4422//10658 4424//10658 5884//10658 
f 4420//10659 5885//10659 5886//10659 
f 4420//10660 4422//10660 5885//10660 
f 4418//10661 5886//10661 5887//10661 
f 4418//10662 4420//10662 5886//10662 
f 4416//10663 5887//10663 5888//10663 
f 4416//10664 4418//10664 5887//10664 
f 4414//10665 5888//10665 5889//10665 
f 4414//10666 4416//10666 5888//10666 
f 4412//10667 5889//10667 5890//10667 
f 4412//10668 4414//10668 5889//10668 
f 4410//10669 4412//10669 5890//10669 
f 4410//10670 5890//10670 5891//10670 
f 4408//10671 4410//10671 5891//10671 
f 4408//10672 5891//10672 5892//10672 
f 4406//10673 4408//10673 5892//10673 
f 4406//10674 5892//10674 5893//10674 
f 4404//10675 4406//10675 5893//10675 
f 4404//10676 5894//10676 5895//10676 
f 4404//10677 5893//10677 5894//10677 
f 4402//10678 4404//10678 5895//10678 
f 4400//10679 5896//10679 5897//10679 
f 4400//10680 5895//10680 5896//10680 
f 4400//10681 4402//10681 5895//10681 
f 4398//10682 4400//10682 5897//10682 
f 4396//10683 4398//10683 5897//10683 
f 4396//10684 5897//10684 5898//10684 
f 4394//10685 5898//10685 5899//10685 
f 4394//10686 4396//10686 5898//10686 
f 4392//10687 4394//10687 5899//10687 
f 4392//10688 5899//10688 5900//10688 
f 4390//10689 5900//10689 5901//10689 
f 4390//10690 4392//10690 5900//10690 
f 4388//10691 5902//10691 5903//10691 
f 4388//10692 5901//10692 5902//10692 
f 4388//10693 4390//10693 5901//10693 
f 4386//10694 4388//10694 5903//10694 
f 4384//10695 5903//10695 5904//10695 
f 4384//10696 4386//10696 5903//10696 
f 4382//10697 5904//10697 5905//10697 
f 4382//10698 4384//10698 5904//10698 
f 4380//10699 5905//10699 5906//10699 
f 4380//10700 4382//10700 5905//10700 
f 4378//10701 5906//10701 5907//10701 
f 4378//10702 4380//10702 5906//10702 
f 4376//10703 5907//10703 5908//10703 
f 4376//10704 4378//10704 5907//10704 
f 4374//10705 5908//10705 5909//10705 
f 4374//10706 4376//10706 5908//10706 
f 4372//10707 5909//10707 5910//10707 
f 4372//10708 4374//10708 5909//10708 
f 4370//10709 5910//10709 5911//10709 
f 4370//10710 4372//10710 5910//10710 
f 4368//10711 5912//10711 5913//10711 
f 4368//10712 5911//10712 5912//10712 
f 4368//10713 4370//10713 5911//10713 
f 4366//10714 4368//10714 5913//10714 
f 4364//10715 5914//10715 5915//10715 
f 4364//10716 5913//10716 5914//10716 
f 4364//10717 4366//10717 5913//10717 
f 4365//10718 4364//10718 5915//10718 
f 4367//10719 5915//10719 5916//10719 
f 4367//10720 4365//10720 5915//10720 
f 4369//10721 4367//10721 5916//10721 
f 4369//10722 5916//10722 5917//10722 
f 4371//10723 4369//10723 5917//10723 
f 4371//10724 5917//10724 5918//10724 
f 4373//10725 5918//10725 5919//10725 
f 4373//10726 4371//10726 5918//10726 
f 4375//10727 4373//10727 5919//10727 
f 4375//10728 5919//10728 5920//10728 
f 4377//10729 5921//10729 5922//10729 
f 4377//10730 5920//10730 5921//10730 
f 4377//10731 4375//10731 5920//10731 
f 4379//10732 4377//10732 5922//10732 
f 4381//10733 5922//10733 5923//10733 
f 4381//10734 4379//10734 5922//10734 
f 4383//10735 5923//10735 5924//10735 
f 4383//10736 4381//10736 5923//10736 
f 4385//10737 5924//10737 5925//10737 
f 4385//10738 4383//10738 5924//10738 
f 4387//10739 5925//10739 5926//10739 
f 4387//10740 4385//10740 5925//10740 
f 4389//10741 5926//10741 5927//10741 
f 4389//10742 4387//10742 5926//10742 
f 4391//10743 5927//10743 5928//10743 
f 4391//10744 4389//10744 5927//10744 
f 4393//10745 5928//10745 5929//10745 
f 4393//10746 4391//10746 5928//10746 
f 4395//10747 5929//10747 5804//10747 
f 4395//10748 4393//10748 5929//10748 
f 4523//10749 4521//10749 5930//10749 
f 4523//10750 5930//10750 5931//10750 
f 4525//10751 5932//10751 5933//10751 
f 4525//10752 5931//10752 5932//10752 
f 4525//10753 4523//10753 5931//10753 
f 4527//10754 4525//10754 5933//10754 
f 4529//10755 5934//10755 5935//10755 
f 4529//10756 5933//10756 5934//10756 
f 4529//10757 4527//10757 5933//10757 
f 4531//10758 4529//10758 5935//10758 
f 4533//10759 5935//10759 5936//10759 
f 4533//10760 4531//10760 5935//10760 
f 4535//10761 5936//10761 5937//10761 
f 4535//10762 4533//10762 5936//10762 
f 4537//10763 5937//10763 5938//10763 
f 4537//10764 4535//10764 5937//10764 
f 4539//10765 5938//10765 5939//10765 
f 4539//10766 4537//10766 5938//10766 
f 4541//10767 5939//10767 5940//10767 
f 4541//10768 4539//10768 5939//10768 
f 4543//10769 4541//10769 5940//10769 
f 4543//10770 5941//10770 5942//10770 
f 4543//10771 5940//10771 5941//10771 
f 4545//10772 4543//10772 5942//10772 
f 4547//10773 4545//10773 5942//10773 
f 4547//10774 5943//10774 5944//10774 
f 4547//10775 5942//10775 5943//10775 
f 4549//10776 4547//10776 5944//10776 
f 4551//10777 5945//10777 5946//10777 
f 4551//10778 5944//10778 5945//10778 
f 4551//10779 4549//10779 5944//10779 
f 4553//10780 4551//10780 5946//10780 
f 4555//10781 5947//10781 5948//10781 
f 4555//10782 5946//10782 5947//10782 
f 4555//10783 4553//10783 5946//10783 
f 4557//10784 4555//10784 5948//10784 
f 4559//10785 5949//10785 5950//10785 
f 4559//10786 5948//10786 5949//10786 
f 4559//10787 4557//10787 5948//10787 
f 4561//10788 4559//10788 5950//10788 
f 4563//10789 5951//10789 5952//10789 
f 4563//10790 5950//10790 5951//10790 
f 4563//10791 4561//10791 5950//10791 
f 4565//10792 4563//10792 5952//10792 
f 4567//10793 5953//10793 5954//10793 
f 4567//10794 5952//10794 5953//10794 
f 4567//10795 4565//10795 5952//10795 
f 4569//10796 5954//10796 5955//10796 
f 4569//10797 4567//10797 5954//10797 
f 4571//10798 4569//10798 5955//10798 
f 4573//10799 5955//10799 5956//10799 
f 4573//10800 4571//10800 5955//10800 
f 4575//10801 5956//10801 5957//10801 
f 4575//10802 4573//10802 5956//10802 
f 4577//10803 4575//10803 5957//10803 
f 4577//10804 5958//10804 5959//10804 
f 4577//10805 5957//10805 5958//10805 
f 4580//10806 4577//10806 5959//10806 
f 4581//10807 4580//10807 5959//10807 
f 4581//10808 5959//10808 5960//10808 
f 4583//10809 4581//10809 5960//10809 
f 4583//10810 5960//10810 5961//10810 
f 4586//10811 4583//10811 5961//10811 
f 4586//10812 5961//10812 5962//10812 
f 4588//10813 4586//10813 5962//10813 
f 4588//10814 5962//10814 5963//10814 
f 4589//10815 5963//10815 5964//10815 
f 4589//10816 4588//10816 5963//10816 
f 4592//10817 5965//10817 5966//10817 
f 4592//10818 5964//10818 5965//10818 
f 4592//10819 4589//10819 5964//10819 
f 4593//10820 4592//10820 5966//10820 
f 4595//10821 4593//10821 5966//10821 
f 4595//10822 5967//10822 5968//10822 
f 4595//10823 5966//10823 5967//10823 
f 4598//10824 4595//10824 5968//10824 
f 4600//10825 4598//10825 5968//10825 
f 4600//10826 5969//10826 5970//10826 
f 4600//10827 5968//10827 5969//10827 
f 4602//10828 4600//10828 5970//10828 
f 4604//10829 4602//10829 5970//10829 
f 4604//10830 5970//10830 5971//10830 
f 4606//10831 4604//10831 5971//10831 
f 4606//10832 5972//10832 5973//10832 
f 4606//10833 5971//10833 5972//10833 
f 4608//10834 4606//10834 5973//10834 
f 4610//10835 4608//10835 5973//10835 
f 4610//10836 5973//10836 5974//10836 
f 4612//10837 4610//10837 5974//10837 
f 4612//10838 5974//10838 5975//10838 
f 4614//10839 4612//10839 5975//10839 
f 4614//10840 5975//10840 5976//10840 
f 4615//10841 4614//10841 5976//10841 
f 4615//10842 5976//10842 5977//10842 
f 4613//10843 4615//10843 5977//10843 
f 4613//10844 5977//10844 5978//10844 
f 4611//10845 4613//10845 5978//10845 
f 4611//10846 5978//10846 5979//10846 
f 4609//10847 4611//10847 5979//10847 
f 4609//10848 5979//10848 5980//10848 
f 4607//10849 4609//10849 5980//10849 
f 4607//10850 5980//10850 5981//10850 
f 4605//10851 4607//10851 5981//10851 
f 4605//10852 5981//10852 5982//10852 
f 4603//10853 4605//10853 5982//10853 
f 4603//10854 5982//10854 5983//10854 
f 4601//10855 5983//10855 5984//10855 
f 4601//10856 4603//10856 5983//10856 
f 4599//10857 5985//10857 5986//10857 
f 4599//10858 5984//10858 5985//10858 
f 4599//10859 4601//10859 5984//10859 
f 4597//10860 5986//10860 5987//10860 
f 4597//10861 4599//10861 5986//10861 
f 4596//10862 4597//10862 5987//10862 
f 4594//10863 5987//10863 5988//10863 
f 4594//10864 4596//10864 5987//10864 
f 4591//10865 5989//10865 5990//10865 
f 4591//10866 5988//10866 5989//10866 
f 4591//10867 4594//10867 5988//10867 
f 4590//10868 4591//10868 5990//10868 
f 4587//10869 4590//10869 5990//10869 
f 4587//10870 5991//10870 5992//10870 
f 4587//10871 5990//10871 5991//10871 
f 4585//10872 4587//10872 5992//10872 
f 4584//10873 4585//10873 5992//10873 
f 4584//10874 5993//10874 5994//10874 
f 4584//10875 5992//10875 5993//10875 
f 4582//10876 4584//10876 5994//10876 
f 4579//10877 4582//10877 5994//10877 
f 4579//10878 5995//10878 5996//10878 
f 4579//10879 5994//10879 5995//10879 
f 4578//10880 4579//10880 5996//10880 
f 4576//10881 4578//10881 5996//10881 
f 4576//10882 5996//10882 5997//10882 
f 4574//10883 4576//10883 5997//10883 
f 4574//10884 5997//10884 5998//10884 
f 4572//10885 4574//10885 5998//10885 
f 4572//10886 5998//10886 5999//10886 
f 4570//10887 4572//10887 5999//10887 
f 4570//10888 6000//10888 6001//10888 
f 4570//10889 5999//10889 6000//10889 
f 4568//10890 4570//10890 6001//10890 
f 4566//10891 4568//10891 6001//10891 
f 4566//10892 6001//10892 6002//10892 
f 4564//10893 4566//10893 6002//10893 
f 4564//10894 6002//10894 6003//10894 
f 4562//10895 4564//10895 6003//10895 
f 4562//10896 6003//10896 6004//10896 
f 4560//10897 6004//10897 6005//10897 
f 4560//10898 4562//10898 6004//10898 
f 4558//10899 6005//10899 6006//10899 
f 4558//10900 4560//10900 6005//10900 
f 4556//10901 6006//10901 6007//10901 
f 4556//10902 4558//10902 6006//10902 
f 4554//10903 6007//10903 6008//10903 
f 4554//10904 4556//10904 6007//10904 
f 4552//10905 6008//10905 6009//10905 
f 4552//10906 4554//10906 6008//10906 
f 4550//10907 6009//10907 6010//10907 
f 4550//10908 4552//10908 6009//10908 
f 4548//10909 6010//10909 6011//10909 
f 4548//10910 4550//10910 6010//10910 
f 4546//10911 6011//10911 6012//10911 
f 4546//10912 4548//10912 6011//10912 
f 4544//10913 6012//10913 6013//10913 
f 4544//10914 4546//10914 6012//10914 
f 4542//10915 6013//10915 6014//10915 
f 4542//10916 4544//10916 6013//10916 
f 4540//10917 6014//10917 6015//10917 
f 4540//10918 4542//10918 6014//10918 
f 4538//10919 6015//10919 6016//10919 
f 4538//10920 4540//10920 6015//10920 
f 4536//10921 4538//10921 6016//10921 
f 4536//10922 6016//10922 6017//10922 
f 4534//10923 4536//10923 6017//10923 
f 4534//10924 6017//10924 6018//10924 
f 4532//10925 4534//10925 6018//10925 
f 4532//10926 6019//10926 6020//10926 
f 4532//10927 6018//10927 6019//10927 
f 4530//10928 4532//10928 6020//10928 
f 4528//10929 4530//10929 6020//10929 
f 4528//10930 6020//10930 6021//10930 
f 4526//10931 4528//10931 6021//10931 
f 4526//10932 6021//10932 6022//10932 
f 4524//10933 4526//10933 6022//10933 
f 4524//10934 6022//10934 6023//10934 
f 4522//10935 4524//10935 6023//10935 
f 4522//10936 6023//10936 6024//10936 
f 4520//10937 6024//10937 6025//10937 
f 4520//10938 4522//10938 6024//10938 
f 4518//10939 6025//10939 6026//10939 
f 4518//10940 4520//10940 6025//10940 
f 4516//10941 6026//10941 6027//10941 
f 4516//10942 4518//10942 6026//10942 
f 4514//10943 6027//10943 6028//10943 
f 4514//10944 4516//10944 6027//10944 
f 4512//10945 6029//10945 6030//10945 
f 4512//10946 6028//10946 6029//10946 
f 4512//10947 4514//10947 6028//10947 
f 4510//10948 4512//10948 6030//10948 
f 4508//10949 6030//10949 6031//10949 
f 4508//10950 4510//10950 6030//10950 
f 4506//10951 6032//10951 6033//10951 
f 4506//10952 6031//10952 6032//10952 
f 4506//10953 4508//10953 6031//10953 
f 4504//10954 4506//10954 6033//10954 
f 4502//10955 6033//10955 6034//10955 
f 4502//10956 4504//10956 6033//10956 
f 4500//10957 6034//10957 6035//10957 
f 4500//10958 4502//10958 6034//10958 
f 4498//10959 6035//10959 6036//10959 
f 4498//10960 4500//10960 6035//10960 
f 4496//10961 6037//10961 6038//10961 
f 4496//10962 6036//10962 6037//10962 
f 4496//10963 4498//10963 6036//10963 
f 4494//10964 4496//10964 6038//10964 
f 4492//10965 6038//10965 6039//10965 
f 4492//10966 4494//10966 6038//10966 
f 4490//10967 6039//10967 6040//10967 
f 4490//10968 4492//10968 6039//10968 
f 4491//10969 6041//10969 6042//10969 
f 4491//10970 6040//10970 6041//10970 
f 4491//10971 4490//10971 6040//10971 
f 4493//10972 4491//10972 6042//10972 
f 4495//10973 4493//10973 6042//10973 
f 4495//10974 6043//10974 6044//10974 
f 4495//10975 6042//10975 6043//10975 
f 4497//10976 4495//10976 6044//10976 
f 4499//10977 4497//10977 6044//10977 
f 4499//10978 6044//10978 6045//10978 
f 4501//10979 4499//10979 6045//10979 
f 4501//10980 6045//10980 6046//10980 
f 4503//10981 6046//10981 6047//10981 
f 4503//10982 4501//10982 6046//10982 
f 4505//10983 6047//10983 6048//10983 
f 4505//10984 4503//10984 6047//10984 
f 4507//10985 6048//10985 6049//10985 
f 4507//10986 4505//10986 6048//10986 
f 4509//10987 6049//10987 6050//10987 
f 4509//10988 4507//10988 6049//10988 
f 4511//10989 6050//10989 6051//10989 
f 4511//10990 4509//10990 6050//10990 
f 4513//10991 6051//10991 6052//10991 
f 4513//10992 4511//10992 6051//10992 
f 4515//10993 6053//10993 6054//10993 
f 4515//10994 6052//10994 6053//10994 
f 4515//10995 4513//10995 6052//10995 
f 4517//10996 4515//10996 6054//10996 
f 4519//10997 6054//10997 6055//10997 
f 4519//10998 4517//10998 6054//10998 
f 4521//10999 6055//10999 5930//10999 
f 4521//11000 4519//11000 6055//11000 
f 6056//11001 4727//11001 4726//11001 
f 6057//11002 4728//11002 4727//11002 
f 6057//11003 4727//11003 6056//11003 
f 6058//11004 4726//11004 4725//11004 
f 6058//11005 6056//11005 4726//11005 
f 6059//11006 4729//11006 4728//11006 
f 6059//11007 4728//11007 6057//11007 
f 6060//11008 4725//11008 4724//11008 
f 6060//11009 6058//11009 4725//11009 
f 6061//11010 4729//11010 6059//11010 
f 6062//11011 4724//11011 4723//11011 
f 6062//11012 6060//11012 4724//11012 
f 6063//11013 4730//11013 4729//11013 
f 6063//11014 4729//11014 6061//11014 
f 6064//11015 4723//11015 4722//11015 
f 6064//11016 6062//11016 4723//11016 
f 6065//11017 4730//11017 6063//11017 
f 6065//11018 4731//11018 4730//11018 
f 6066//11019 4722//11019 4721//11019 
f 6066//11020 6064//11020 4722//11020 
f 6067//11021 4732//11021 4731//11021 
f 6067//11022 4731//11022 6065//11022 
f 6068//11023 4721//11023 4720//11023 
f 6068//11024 6066//11024 4721//11024 
f 6069//11025 4733//11025 4732//11025 
f 6069//11026 4732//11026 6067//11026 
f 6070//11027 4720//11027 4719//11027 
f 6070//11028 6068//11028 4720//11028 
f 6071//11029 4734//11029 4733//11029 
f 6071//11030 4733//11030 6069//11030 
f 6072//11031 4719//11031 4718//11031 
f 6072//11032 6070//11032 4719//11032 
f 6073//11033 4735//11033 4734//11033 
f 6073//11034 4734//11034 6071//11034 
f 6074//11035 4718//11035 4717//11035 
f 6074//11036 6072//11036 4718//11036 
f 6075//11037 4736//11037 4735//11037 
f 6075//11038 4735//11038 6073//11038 
f 6076//11039 4717//11039 4716//11039 
f 6076//11040 6074//11040 4717//11040 
f 6077//11041 4737//11041 4736//11041 
f 6077//11042 4736//11042 6075//11042 
f 6078//11043 6076//11043 4716//11043 
f 6078//11044 4716//11044 4715//11044 
f 6079//11045 4738//11045 4737//11045 
f 6079//11046 4737//11046 6077//11046 
f 6080//11047 6078//11047 4715//11047 
f 6080//11048 4715//11048 4714//11048 
f 6081//11049 4739//11049 4738//11049 
f 6081//11050 4738//11050 6079//11050 
f 6082//11051 6080//11051 4714//11051 
f 6082//11052 4714//11052 4713//11052 
f 6083//11053 4740//11053 4739//11053 
f 6083//11054 4739//11054 6081//11054 
f 6084//11055 6082//11055 4713//11055 
f 6084//11056 4713//11056 4712//11056 
f 6085//11057 4741//11057 4740//11057 
f 6085//11058 4740//11058 6083//11058 
f 6086//11059 4712//11059 4711//11059 
f 6086//11060 6084//11060 4712//11060 
f 6087//11061 4616//11061 4741//11061 
f 6087//11062 4741//11062 6085//11062 
f 6088//11063 6086//11063 4711//11063 
f 6088//11064 4711//11064 4710//11064 
f 6089//11065 4617//11065 4616//11065 
f 6089//11066 4616//11066 6087//11066 
f 6090//11067 6088//11067 4710//11067 
f 6090//11068 4710//11068 4709//11068 
f 6091//11069 4618//11069 4617//11069 
f 6091//11070 4617//11070 6089//11070 
f 6092//11071 6090//11071 4709//11071 
f 6092//11072 4709//11072 4708//11072 
f 6093//11073 4619//11073 4618//11073 
f 6093//11074 4618//11074 6091//11074 
f 6094//11075 6092//11075 4708//11075 
f 6094//11076 4708//11076 4707//11076 
f 6095//11077 4620//11077 4619//11077 
f 6095//11078 4619//11078 6093//11078 
f 6096//11079 6094//11079 4707//11079 
f 6096//11080 4707//11080 4706//11080 
f 6097//11081 4621//11081 4620//11081 
f 6097//11082 4620//11082 6095//11082 
f 6098//11083 6096//11083 4706//11083 
f 6098//11084 4706//11084 4705//11084 
f 6099//11085 4622//11085 4621//11085 
f 6099//11086 4621//11086 6097//11086 
f 6100//11087 6098//11087 4705//11087 
f 6100//11088 4705//11088 4704//11088 
f 6101//11089 4623//11089 4622//11089 
f 6101//11090 4622//11090 6099//11090 
f 6102//11091 6100//11091 4704//11091 
f 6102//11092 4704//11092 4703//11092 
f 6103//11093 4624//11093 4623//11093 
f 6103//11094 4623//11094 6101//11094 
f 6104//11095 6102//11095 4703//11095 
f 6104//11096 4703//11096 4702//11096 
f 6105//11097 4625//11097 4624//11097 
f 6105//11098 4624//11098 6103//11098 
f 6106//11099 6104//11099 4702//11099 
f 6106//11100 4702//11100 4701//11100 
f 6107//11101 4626//11101 4625//11101 
f 6107//11102 4625//11102 6105//11102 
f 6108//11103 6106//11103 4701//11103 
f 6108//11104 4701//11104 4700//11104 
f 6109//11105 4627//11105 4626//11105 
f 6109//11106 4626//11106 6107//11106 
f 6110//11107 6108//11107 4700//11107 
f 6110//11108 4700//11108 4699//11108 
f 6111//11109 4627//11109 6109//11109 
f 6111//11110 4628//11110 4627//11110 
f 6112//11111 6110//11111 4699//11111 
f 6112//11112 4699//11112 4698//11112 
f 6113//11113 4629//11113 4628//11113 
f 6113//11114 4628//11114 6111//11114 
f 6114//11115 4698//11115 4697//11115 
f 6114//11116 6112//11116 4698//11116 
f 6115//11117 4630//11117 4629//11117 
f 6115//11118 4629//11118 6113//11118 
f 6116//11119 6114//11119 4697//11119 
f 6116//11120 4697//11120 4696//11120 
f 6117//11121 4631//11121 4630//11121 
f 6117//11122 4630//11122 6115//11122 
f 6118//11123 4696//11123 4695//11123 
f 6118//11124 6116//11124 4696//11124 
f 6119//11125 4631//11125 6117//11125 
f 4632//11126 4631//11126 6119//11126 
f 6120//11127 6118//11127 4695//11127 
f 6121//11128 4632//11128 6119//11128 
f 4694//11129 6120//11129 4695//11129 
f 6122//11130 6120//11130 4694//11130 
f 4633//11131 4632//11131 6121//11131 
f 6123//11132 4633//11132 6121//11132 
f 4693//11133 6122//11133 4694//11133 
f 4693//11134 6124//11134 6122//11134 
f 4634//11135 4633//11135 6123//11135 
f 4634//11136 6123//11136 6125//11136 
f 4692//11137 6124//11137 4693//11137 
f 4635//11138 4634//11138 6125//11138 
f 4635//11139 6125//11139 6126//11139 
f 4691//11140 6124//11140 4692//11140 
f 4691//11141 6127//11141 6124//11141 
f 4691//11142 6128//11142 6127//11142 
f 4636//11143 6126//11143 6129//11143 
f 4636//11144 4635//11144 6126//11144 
f 4690//11145 6128//11145 4691//11145 
f 4690//11146 6130//11146 6128//11146 
f 4637//11147 6129//11147 6131//11147 
f 4637//11148 4636//11148 6129//11148 
f 4689//11149 6130//11149 4690//11149 
f 4689//11150 6132//11150 6130//11150 
f 4638//11151 6131//11151 6133//11151 
f 4638//11152 4637//11152 6131//11152 
f 4688//11153 6132//11153 4689//11153 
f 4688//11154 6134//11154 6132//11154 
f 4639//11155 6133//11155 6135//11155 
f 4639//11156 4638//11156 6133//11156 
f 4687//11157 6134//11157 4688//11157 
f 4687//11158 6136//11158 6134//11158 
f 4640//11159 6135//11159 6137//11159 
f 4640//11160 4639//11160 6135//11160 
f 4686//11161 6136//11161 4687//11161 
f 4686//11162 6138//11162 6136//11162 
f 4641//11163 6137//11163 6139//11163 
f 4641//11164 4640//11164 6137//11164 
f 4685//11165 6140//11165 6138//11165 
f 4685//11166 6138//11166 4686//11166 
f 4642//11167 4641//11167 6139//11167 
f 4684//11168 6141//11168 6140//11168 
f 4684//11169 6140//11169 4685//11169 
f 4643//11170 4642//11170 6139//11170 
f 4643//11171 6142//11171 6143//11171 
f 4643//11172 6139//11172 6142//11172 
f 4683//11173 6141//11173 4684//11173 
f 4683//11174 6144//11174 6141//11174 
f 4644//11175 4643//11175 6143//11175 
f 4644//11176 6143//11176 6145//11176 
f 4682//11177 6144//11177 4683//11177 
f 4645//11178 6145//11178 6146//11178 
f 4645//11179 4644//11179 6145//11179 
f 4681//11180 6144//11180 4682//11180 
f 4681//11181 6147//11181 6144//11181 
f 4681//11182 6148//11182 6147//11182 
f 4646//11183 6146//11183 6149//11183 
f 4646//11184 4645//11184 6146//11184 
f 4680//11185 6148//11185 4681//11185 
f 4647//11186 6149//11186 6150//11186 
f 4647//11187 4646//11187 6149//11187 
f 4679//11188 6148//11188 4680//11188 
f 4679//11189 6151//11189 6148//11189 
f 4679//11190 6152//11190 6151//11190 
f 4648//11191 6150//11191 6153//11191 
f 4648//11192 4647//11192 6150//11192 
f 4678//11193 6152//11193 4679//11193 
f 4649//11194 6153//11194 6154//11194 
f 4649//11195 4648//11195 6153//11195 
f 4677//11196 6155//11196 6152//11196 
f 4677//11197 6152//11197 4678//11197 
f 4677//11198 6156//11198 6155//11198 
f 4650//11199 6154//11199 6157//11199 
f 4650//11200 4649//11200 6154//11200 
f 4676//11201 6156//11201 4677//11201 
f 4651//11202 6157//11202 6158//11202 
f 4651//11203 4650//11203 6157//11203 
f 4675//11204 6159//11204 6156//11204 
f 4675//11205 6160//11205 6159//11205 
f 4675//11206 6156//11206 4676//11206 
f 4652//11207 4651//11207 6158//11207 
f 4674//11208 6160//11208 4675//11208 
f 4653//11209 4652//11209 6158//11209 
f 4653//11210 6158//11210 6161//11210 
f 4673//11211 6160//11211 4674//11211 
f 4673//11212 6162//11212 6160//11212 
f 4654//11213 6163//11213 6164//11213 
f 4654//11214 6161//11214 6163//11214 
f 4654//11215 4653//11215 6161//11215 
f 4672//11216 6162//11216 4673//11216 
f 4672//11217 6165//11217 6162//11217 
f 4655//11218 6164//11218 6166//11218 
f 4655//11219 4654//11219 6164//11219 
f 4671//11220 6165//11220 4672//11220 
f 4671//11221 6167//11221 6165//11221 
f 4656//11222 4655//11222 6166//11222 
f 4670//11223 6167//11223 4671//11223 
f 4670//11224 6168//11224 6167//11224 
f 4657//11225 6169//11225 6170//11225 
f 4657//11226 6166//11226 6169//11226 
f 4657//11227 4656//11227 6166//11227 
f 4669//11228 6168//11228 4670//11228 
f 4669//11229 6171//11229 6168//11229 
f 4658//11230 6170//11230 6172//11230 
f 4658//11231 4657//11231 6170//11231 
f 4668//11232 6171//11232 4669//11232 
f 4668//11233 6173//11233 6171//11233 
f 4659//11234 4658//11234 6172//11234 
f 4667//11235 6173//11235 4668//11235 
f 4667//11236 6174//11236 6173//11236 
f 4660//11237 6175//11237 6176//11237 
f 4660//11238 6172//11238 6175//11238 
f 4660//11239 4659//11239 6172//11239 
f 4666//11240 6177//11240 6174//11240 
f 4666//11241 6174//11241 4667//11241 
f 4661//11242 6176//11242 6178//11242 
f 4661//11243 4660//11243 6176//11243 
f 4665//11244 6179//11244 6177//11244 
f 4665//11245 6177//11245 4666//11245 
f 4662//11246 6178//11246 6180//11246 
f 4662//11247 4661//11247 6178//11247 
f 4664//11248 6181//11248 6179//11248 
f 4664//11249 6179//11249 4665//11249 
f 4663//11250 6180//11250 6181//11250 
f 4663//11251 4662//11251 6180//11251 
f 4663//11252 6181//11252 4664//11252 
f 6182//11253 4852//11253 4851//11253 
f 6183//11254 4852//11254 6182//11254 
f 6183//11255 4853//11255 4852//11255 
f 6184//11256 4851//11256 4850//11256 
f 6184//11257 6182//11257 4851//11257 
f 6185//11258 4854//11258 4853//11258 
f 6185//11259 4853//11259 6183//11259 
f 6186//11260 4850//11260 4849//11260 
f 6186//11261 6184//11261 4850//11261 
f 6187//11262 4855//11262 4854//11262 
f 6187//11263 4854//11263 6185//11263 
f 6188//11264 4849//11264 4848//11264 
f 6188//11265 6186//11265 4849//11265 
f 6189//11266 4856//11266 4855//11266 
f 6189//11267 4855//11267 6187//11267 
f 6190//11268 4848//11268 4847//11268 
f 6190//11269 6188//11269 4848//11269 
f 6191//11270 4857//11270 4856//11270 
f 6191//11271 4856//11271 6189//11271 
f 6192//11272 4847//11272 4846//11272 
f 6192//11273 6190//11273 4847//11273 
f 6193//11274 4857//11274 6191//11274 
f 6193//11275 4858//11275 4857//11275 
f 6194//11276 4846//11276 4845//11276 
f 6194//11277 6192//11277 4846//11277 
f 6195//11278 4858//11278 6193//11278 
f 6195//11279 4859//11279 4858//11279 
f 6196//11280 4845//11280 4844//11280 
f 6196//11281 6194//11281 4845//11281 
f 6197//11282 4860//11282 4859//11282 
f 6197//11283 4859//11283 6195//11283 
f 6198//11284 4844//11284 4843//11284 
f 6198//11285 6196//11285 4844//11285 
f 6199//11286 4861//11286 4860//11286 
f 6199//11287 4860//11287 6197//11287 
f 6200//11288 4843//11288 4842//11288 
f 6200//11289 6198//11289 4843//11289 
f 6201//11290 4862//11290 4861//11290 
f 6201//11291 4861//11291 6199//11291 
f 6202//11292 6200//11292 4842//11292 
f 6203//11293 4863//11293 4862//11293 
f 6203//11294 4862//11294 6201//11294 
f 6204//11295 6202//11295 4842//11295 
f 6204//11296 4842//11296 4841//11296 
f 6205//11297 4864//11297 4863//11297 
f 6205//11298 4863//11298 6203//11298 
f 6206//11299 6204//11299 4841//11299 
f 6206//11300 4841//11300 4840//11300 
f 6207//11301 4865//11301 4864//11301 
f 6207//11302 4864//11302 6205//11302 
f 6208//11303 6206//11303 4840//11303 
f 6208//11304 4840//11304 4839//11304 
f 6209//11305 4866//11305 4865//11305 
f 6209//11306 4865//11306 6207//11306 
f 6210//11307 6208//11307 4839//11307 
f 6210//11308 4839//11308 4838//11308 
f 6211//11309 4867//11309 4866//11309 
f 6211//11310 4866//11310 6209//11310 
f 6212//11311 4838//11311 4837//11311 
f 6212//11312 6210//11312 4838//11312 
f 6213//11313 4742//11313 4867//11313 
f 6213//11314 4867//11314 6211//11314 
f 6214//11315 6212//11315 4837//11315 
f 6214//11316 4837//11316 4836//11316 
f 6215//11317 4743//11317 4742//11317 
f 6215//11318 4742//11318 6213//11318 
f 6216//11319 6214//11319 4836//11319 
f 6216//11320 4836//11320 4835//11320 
f 6217//11321 4744//11321 4743//11321 
f 6217//11322 4743//11322 6215//11322 
f 6218//11323 6216//11323 4835//11323 
f 6218//11324 4835//11324 4834//11324 
f 6219//11325 4744//11325 6217//11325 
f 6219//11326 4745//11326 4744//11326 
f 6220//11327 6218//11327 4834//11327 
f 6220//11328 4834//11328 4833//11328 
f 6221//11329 4746//11329 4745//11329 
f 6221//11330 4745//11330 6219//11330 
f 6222//11331 6220//11331 4833//11331 
f 6222//11332 4833//11332 4832//11332 
f 6223//11333 4747//11333 4746//11333 
f 6223//11334 4746//11334 6221//11334 
f 6224//11335 6222//11335 4832//11335 
f 6224//11336 4832//11336 4831//11336 
f 6225//11337 4748//11337 4747//11337 
f 6225//11338 4747//11338 6223//11338 
f 6226//11339 6224//11339 4831//11339 
f 6226//11340 4831//11340 4830//11340 
f 6227//11341 4749//11341 4748//11341 
f 6227//11342 4748//11342 6225//11342 
f 6228//11343 6226//11343 4830//11343 
f 6228//11344 4830//11344 4829//11344 
f 6229//11345 4750//11345 4749//11345 
f 6229//11346 4749//11346 6227//11346 
f 6230//11347 6228//11347 4829//11347 
f 6230//11348 4829//11348 4828//11348 
f 6231//11349 4751//11349 4750//11349 
f 6231//11350 4750//11350 6229//11350 
f 6232//11351 6230//11351 4828//11351 
f 6232//11352 4828//11352 4827//11352 
f 6233//11353 4752//11353 4751//11353 
f 6233//11354 4751//11354 6231//11354 
f 6234//11355 6232//11355 4827//11355 
f 6234//11356 4827//11356 4826//11356 
f 6235//11357 4753//11357 4752//11357 
f 6235//11358 4752//11358 6233//11358 
f 6236//11359 6234//11359 4826//11359 
f 6236//11360 4826//11360 4825//11360 
f 6237//11361 4754//11361 4753//11361 
f 6237//11362 4753//11362 6235//11362 
f 6238//11363 6236//11363 4825//11363 
f 6238//11364 4825//11364 4824//11364 
f 6239//11365 4755//11365 4754//11365 
f 6239//11366 4754//11366 6237//11366 
f 6240//11367 4824//11367 4823//11367 
f 6240//11368 6238//11368 4824//11368 
f 6241//11369 4756//11369 4755//11369 
f 6241//11370 4755//11370 6239//11370 
f 6242//11371 6240//11371 4823//11371 
f 6242//11372 4823//11372 4822//11372 
f 6243//11373 4757//11373 4756//11373 
f 6243//11374 4756//11374 6241//11374 
f 6244//11375 6242//11375 4822//11375 
f 6244//11376 4822//11376 4821//11376 
f 6245//11377 4757//11377 6243//11377 
f 4758//11378 4757//11378 6245//11378 
f 6246//11379 6244//11379 4821//11379 
f 6247//11380 4758//11380 6245//11380 
f 4820//11381 6246//11381 4821//11381 
f 4759//11382 4758//11382 6247//11382 
f 6248//11383 4759//11383 6247//11383 
f 4819//11384 6246//11384 4820//11384 
f 4819//11385 6249//11385 6246//11385 
f 4760//11386 4759//11386 6248//11386 
f 4760//11387 6248//11387 6250//11387 
f 4818//11388 6249//11388 4819//11388 
f 4818//11389 6251//11389 6249//11389 
f 4818//11390 6252//11390 6251//11390 
f 4761//11391 4760//11391 6250//11391 
f 4761//11392 6250//11392 6253//11392 
f 4817//11393 6252//11393 4818//11393 
f 4817//11394 6254//11394 6252//11394 
f 4762//11395 6253//11395 6255//11395 
f 4762//11396 4761//11396 6253//11396 
f 4816//11397 6254//11397 4817//11397 
f 4816//11398 6256//11398 6254//11398 
f 4763//11399 6255//11399 6257//11399 
f 4763//11400 4762//11400 6255//11400 
f 4815//11401 6256//11401 4816//11401 
f 4815//11402 6258//11402 6256//11402 
f 4764//11403 6257//11403 6259//11403 
f 4764//11404 4763//11404 6257//11404 
f 4814//11405 6258//11405 4815//11405 
f 4814//11406 6260//11406 6258//11406 
f 4765//11407 6259//11407 6261//11407 
f 4765//11408 4764//11408 6259//11408 
f 4813//11409 6260//11409 4814//11409 
f 4813//11410 6262//11410 6260//11410 
f 4766//11411 6261//11411 6263//11411 
f 4766//11412 4765//11412 6261//11412 
f 4812//11413 6262//11413 4813//11413 
f 4812//11414 6264//11414 6262//11414 
f 4767//11415 6263//11415 6265//11415 
f 4767//11416 4766//11416 6263//11416 
f 4811//11417 6266//11417 6264//11417 
f 4811//11418 6264//11418 4812//11418 
f 4768//11419 6265//11419 6267//11419 
f 4768//11420 4767//11420 6265//11420 
f 4810//11421 6268//11421 6266//11421 
f 4810//11422 6266//11422 4811//11422 
f 4769//11423 4768//11423 6267//11423 
f 4769//11424 6267//11424 6269//11424 
f 4809//11425 6268//11425 4810//11425 
f 4809//11426 6270//11426 6268//11426 
f 4770//11427 6269//11427 6271//11427 
f 4770//11428 4769//11428 6269//11428 
f 4808//11429 6272//11429 6270//11429 
f 4808//11430 6270//11430 4809//11430 
f 4771//11431 6271//11431 6273//11431 
f 4771//11432 4770//11432 6271//11432 
f 4807//11433 6272//11433 4808//11433 
f 4807//11434 6274//11434 6272//11434 
f 4772//11435 6273//11435 6275//11435 
f 4772//11436 4771//11436 6273//11436 
f 4806//11437 6274//11437 4807//11437 
f 4773//11438 6275//11438 6276//11438 
f 4773//11439 4772//11439 6275//11439 
f 4805//11440 6274//11440 4806//11440 
f 4805//11441 6277//11441 6274//11441 
f 4805//11442 6278//11442 6277//11442 
f 4774//11443 6276//11443 6279//11443 
f 4774//11444 4773//11444 6276//11444 
f 4804//11445 6278//11445 4805//11445 
f 4804//11446 6280//11446 6278//11446 
f 4775//11447 6279//11447 6281//11447 
f 4775//11448 4774//11448 6279//11448 
f 4803//11449 6280//11449 4804//11449 
f 4776//11450 6281//11450 6282//11450 
f 4776//11451 4775//11451 6281//11451 
f 4802//11452 6283//11452 6280//11452 
f 4802//11453 6284//11453 6283//11453 
f 4802//11454 6280//11454 4803//11454 
f 4777//11455 6282//11455 6285//11455 
f 4777//11456 4776//11456 6282//11456 
f 4801//11457 6284//11457 4802//11457 
f 4778//11458 4777//11458 6285//11458 
f 4778//11459 6285//11459 6286//11459 
f 4800//11460 6284//11460 4801//11460 
f 4800//11461 6287//11461 6284//11461 
f 4800//11462 6288//11462 6287//11462 
f 4779//11463 4778//11463 6286//11463 
f 4799//11464 6288//11464 4800//11464 
f 4799//11465 6289//11465 6288//11465 
f 4780//11466 6286//11466 6290//11466 
f 4780//11467 4779//11467 6286//11467 
f 4798//11468 6289//11468 4799//11468 
f 4798//11469 6291//11469 6289//11469 
f 4781//11470 6292//11470 6293//11470 
f 4781//11471 6290//11471 6292//11471 
f 4781//11472 4780//11472 6290//11472 
f 4797//11473 6291//11473 4798//11473 
f 4797//11474 6294//11474 6291//11474 
f 4782//11475 4781//11475 6293//11475 
f 4796//11476 6294//11476 4797//11476 
f 4796//11477 6295//11477 6294//11477 
f 4783//11478 6293//11478 6296//11478 
f 4783//11479 4782//11479 6293//11479 
f 4795//11480 6295//11480 4796//11480 
f 4795//11481 6297//11481 6295//11481 
f 4784//11482 6298//11482 6299//11482 
f 4784//11483 6296//11483 6298//11483 
f 4784//11484 4783//11484 6296//11484 
f 4794//11485 6297//11485 4795//11485 
f 4794//11486 6300//11486 6297//11486 
f 4785//11487 4784//11487 6299//11487 
f 4793//11488 6301//11488 6300//11488 
f 4793//11489 6300//11489 4794//11489 
f 4786//11490 6299//11490 6302//11490 
f 4786//11491 4785//11491 6299//11491 
f 4792//11492 6301//11492 4793//11492 
f 4787//11493 6303//11493 6304//11493 
f 4787//11494 6302//11494 6303//11494 
f 4787//11495 4786//11495 6302//11495 
f 4791//11496 6305//11496 6301//11496 
f 4791//11497 6306//11497 6305//11497 
f 4791//11498 6301//11498 4792//11498 
f 4788//11499 4787//11499 6304//11499 
f 4790//11500 6306//11500 4791//11500 
f 4789//11501 6307//11501 6306//11501 
f 4789//11502 6304//11502 6307//11502 
f 4789//11503 6306//11503 4790//11503 
f 4789//11504 4788//11504 6304//11504 
f 5883//11505 4946//11505 4947//11505 
f 5882//11506 4946//11506 5883//11506 
f 5884//11507 5883//11507 4947//11507 
f 5884//11508 4947//11508 4948//11508 
f 5881//11509 4946//11509 5882//11509 
f 5881//11510 4944//11510 4945//11510 
f 5881//11511 4945//11511 4946//11511 
f 5885//11512 5884//11512 4948//11512 
f 5885//11513 4948//11513 4949//11513 
f 5880//11514 4944//11514 5881//11514 
f 5886//11515 5885//11515 4949//11515 
f 5886//11516 4949//11516 4950//11516 
f 5879//11517 4944//11517 5880//11517 
f 5879//11518 4943//11518 4944//11518 
f 5887//11519 5886//11519 4950//11519 
f 5887//11520 4950//11520 4951//11520 
f 5878//11521 4942//11521 4943//11521 
f 5878//11522 4943//11522 5879//11522 
f 5888//11523 4951//11523 4952//11523 
f 5888//11524 5887//11524 4951//11524 
f 5877//11525 4940//11525 4941//11525 
f 5877//11526 4941//11526 4942//11526 
f 5877//11527 4942//11527 5878//11527 
f 5889//11528 5888//11528 4952//11528 
f 5889//11529 4952//11529 4953//11529 
f 5876//11530 4939//11530 4940//11530 
f 5876//11531 4940//11531 5877//11531 
f 5890//11532 5889//11532 4953//11532 
f 5890//11533 4953//11533 4954//11533 
f 5875//11534 4939//11534 5876//11534 
f 5891//11535 5890//11535 4954//11535 
f 5891//11536 4954//11536 4955//11536 
f 5874//11537 4939//11537 5875//11537 
f 5874//11538 4937//11538 4938//11538 
f 5874//11539 4938//11539 4939//11539 
f 5892//11540 5891//11540 4955//11540 
f 5892//11541 4955//11541 4956//11541 
f 5873//11542 4937//11542 5874//11542 
f 5873//11543 4936//11543 4937//11543 
f 5893//11544 5892//11544 4956//11544 
f 5893//11545 4956//11545 4957//11545 
f 5872//11546 4936//11546 5873//11546 
f 5872//11547 4935//11547 4936//11547 
f 5894//11548 5893//11548 4957//11548 
f 5894//11549 4957//11549 4958//11549 
f 5871//11550 4935//11550 5872//11550 
f 5895//11551 5894//11551 4958//11551 
f 5895//11552 4958//11552 4959//11552 
f 5870//11553 4935//11553 5871//11553 
f 5870//11554 4933//11554 4934//11554 
f 5870//11555 4934//11555 4935//11555 
f 5896//11556 4959//11556 4960//11556 
f 5896//11557 5895//11557 4959//11557 
f 5869//11558 4933//11558 5870//11558 
f 5869//11559 4932//11559 4933//11559 
f 5897//11560 5896//11560 4960//11560 
f 5897//11561 4960//11561 4961//11561 
f 5868//11562 4932//11562 5869//11562 
f 5868//11563 4931//11563 4932//11563 
f 5898//11564 4961//11564 4962//11564 
f 5898//11565 5897//11565 4961//11565 
f 5867//11566 4931//11566 5868//11566 
f 5899//11567 4962//11567 4963//11567 
f 5899//11568 5898//11568 4962//11568 
f 5866//11569 4931//11569 5867//11569 
f 5866//11570 4929//11570 4930//11570 
f 5866//11571 4930//11571 4931//11571 
f 5900//11572 5899//11572 4963//11572 
f 5900//11573 4963//11573 4964//11573 
f 5865//11574 4929//11574 5866//11574 
f 5865//11575 4928//11575 4929//11575 
f 5901//11576 5900//11576 4964//11576 
f 5901//11577 4964//11577 4965//11577 
f 5864//11578 4928//11578 5865//11578 
f 5902//11579 5901//11579 4965//11579 
f 5902//11580 4965//11580 4966//11580 
f 5863//11581 4928//11581 5864//11581 
f 5863//11582 4926//11582 4927//11582 
f 5863//11583 4927//11583 4928//11583 
f 5903//11584 5902//11584 4966//11584 
f 5903//11585 4966//11585 4967//11585 
f 5862//11586 4926//11586 5863//11586 
f 5904//11587 5903//11587 4967//11587 
f 5904//11588 4967//11588 4968//11588 
f 5861//11589 4926//11589 5862//11589 
f 5861//11590 4925//11590 4926//11590 
f 5905//11591 4968//11591 4969//11591 
f 5905//11592 5904//11592 4968//11592 
f 5860//11593 4925//11593 5861//11593 
f 5860//11594 4924//11594 4925//11594 
f 5906//11595 4969//11595 4970//11595 
f 5906//11596 5905//11596 4969//11596 
f 5859//11597 4922//11597 4923//11597 
f 5859//11598 4923//11598 4924//11598 
f 5859//11599 4924//11599 5860//11599 
f 5907//11600 4970//11600 4971//11600 
f 5907//11601 5906//11601 4970//11601 
f 5858//11602 4922//11602 5859//11602 
f 5908//11603 4971//11603 4972//11603 
f 5908//11604 5907//11604 4971//11604 
f 5857//11605 4921//11605 4922//11605 
f 5857//11606 4922//11606 5858//11606 
f 5909//11607 4972//11607 4973//11607 
f 5909//11608 5908//11608 4972//11608 
f 5856//11609 4920//11609 4921//11609 
f 5856//11610 4921//11610 5857//11610 
f 5910//11611 4973//11611 4974//11611 
f 5910//11612 5909//11612 4973//11612 
f 5855//11613 4919//11613 4920//11613 
f 5855//11614 4920//11614 5856//11614 
f 5911//11615 4974//11615 4975//11615 
f 5911//11616 5910//11616 4974//11616 
f 5854//11617 4918//11617 4919//11617 
f 5854//11618 4919//11618 5855//11618 
f 5912//11619 4975//11619 4976//11619 
f 5912//11620 5911//11620 4975//11620 
f 5853//11621 4918//11621 5854//11621 
f 5853//11622 4916//11622 4917//11622 
f 5853//11623 4917//11623 4918//11623 
f 5913//11624 4976//11624 4977//11624 
f 5913//11625 5912//11625 4976//11625 
f 5852//11626 4916//11626 5853//11626 
f 5914//11627 4977//11627 4978//11627 
f 5914//11628 5913//11628 4977//11628 
f 5915//11629 5914//11629 4978//11629 
f 4915//11630 4916//11630 5852//11630 
f 4915//11631 5852//11631 5851//11631 
f 4979//11632 5915//11632 4978//11632 
f 4979//11633 5916//11633 5915//11633 
f 4914//11634 5851//11634 5850//11634 
f 4914//11635 4915//11635 5851//11635 
f 4980//11636 5916//11636 4979//11636 
f 4913//11637 5850//11637 5849//11637 
f 4913//11638 4914//11638 5850//11638 
f 4981//11639 5916//11639 4980//11639 
f 4981//11640 5917//11640 5916//11640 
f 4912//11641 5849//11641 5848//11641 
f 4912//11642 5848//11642 5847//11642 
f 4912//11643 4913//11643 5849//11643 
f 4982//11644 5918//11644 5917//11644 
f 4982//11645 5917//11645 4981//11645 
f 4911//11646 5847//11646 5846//11646 
f 4911//11647 4912//11647 5847//11647 
f 4983//11648 5918//11648 4982//11648 
f 4983//11649 5920//11649 5919//11649 
f 4983//11650 5919//11650 5918//11650 
f 4910//11651 5846//11651 5845//11651 
f 4910//11652 4911//11652 5846//11652 
f 4984//11653 5921//11653 5920//11653 
f 4984//11654 5920//11654 4983//11654 
f 4909//11655 4910//11655 5845//11655 
f 4985//11656 5921//11656 4984//11656 
f 4908//11657 5845//11657 5844//11657 
f 4908//11658 4909//11658 5845//11658 
f 4986//11659 5923//11659 5922//11659 
f 4986//11660 5922//11660 5921//11660 
f 4986//11661 5921//11661 4985//11661 
f 4907//11662 5844//11662 5843//11662 
f 4907//11663 5843//11663 5842//11663 
f 4907//11664 4908//11664 5844//11664 
f 4987//11665 5923//11665 4986//11665 
f 4906//11666 4907//11666 5842//11666 
f 4988//11667 5924//11667 5923//11667 
f 4988//11668 5923//11668 4987//11668 
f 4905//11669 5842//11669 5841//11669 
f 4905//11670 5841//11670 5840//11670 
f 4905//11671 4906//11671 5842//11671 
f 4989//11672 5926//11672 5925//11672 
f 4989//11673 5925//11673 5924//11673 
f 4989//11674 5924//11674 4988//11674 
f 4904//11675 5840//11675 5839//11675 
f 4904//11676 4905//11676 5840//11676 
f 4990//11677 5926//11677 4989//11677 
f 4903//11678 4904//11678 5839//11678 
f 4991//11679 5928//11679 5927//11679 
f 4991//11680 5927//11680 5926//11680 
f 4991//11681 5926//11681 4990//11681 
f 4902//11682 5839//11682 5838//11682 
f 4902//11683 4903//11683 5839//11683 
f 4992//11684 5928//11684 4991//11684 
f 4901//11685 5838//11685 5837//11685 
f 4901//11686 4902//11686 5838//11686 
f 4993//11687 5928//11687 4992//11687 
f 4993//11688 5929//11688 5928//11688 
f 4900//11689 4901//11689 5837//11689 
f 4900//11690 5837//11690 5836//11690 
f 4869//11691 5804//11691 5929//11691 
f 4869//11692 5929//11692 4993//11692 
f 4899//11693 5836//11693 5835//11693 
f 4899//11694 4900//11694 5836//11694 
f 4868//11695 5805//11695 5804//11695 
f 4868//11696 5804//11696 4869//11696 
f 4898//11697 5835//11697 5834//11697 
f 4898//11698 5834//11698 5833//11698 
f 4898//11699 4899//11699 5835//11699 
f 4870//11700 5806//11700 5805//11700 
f 4870//11701 5805//11701 4868//11701 
f 4897//11702 4898//11702 5833//11702 
f 4871//11703 5807//11703 5806//11703 
f 4871//11704 5806//11704 4870//11704 
f 4896//11705 5833//11705 5832//11705 
f 4896//11706 5832//11706 5831//11706 
f 4896//11707 4897//11707 5833//11707 
f 4872//11708 5809//11708 5808//11708 
f 4872//11709 5808//11709 5807//11709 
f 4872//11710 5807//11710 4871//11710 
f 4895//11711 4896//11711 5831//11711 
f 4873//11712 5810//11712 5809//11712 
f 4873//11713 5809//11713 4872//11713 
f 4894//11714 4895//11714 5831//11714 
f 4894//11715 5831//11715 5830//11715 
f 4874//11716 5810//11716 4873//11716 
f 4893//11717 5830//11717 5829//11717 
f 4893//11718 4894//11718 5830//11718 
f 4875//11719 5810//11719 4874//11719 
f 4875//11720 5811//11720 5810//11720 
f 4892//11721 5829//11721 5828//11721 
f 4892//11722 5828//11722 5827//11722 
f 4892//11723 4893//11723 5829//11723 
f 4876//11724 5811//11724 4875//11724 
f 4876//11725 5812//11725 5811//11725 
f 4891//11726 4892//11726 5827//11726 
f 4877//11727 5812//11727 4876//11727 
f 4877//11728 5814//11728 5813//11728 
f 4877//11729 5813//11729 5812//11729 
f 4890//11730 5827//11730 5826//11730 
f 4890//11731 4891//11731 5827//11731 
f 4878//11732 5814//11732 4877//11732 
f 4889//11733 5826//11733 5825//11733 
f 4889//11734 4890//11734 5826//11734 
f 4879//11735 5814//11735 4878//11735 
f 4879//11736 5815//11736 5814//11736 
f 4888//11737 4889//11737 5825//11737 
f 4888//11738 5825//11738 5824//11738 
f 4888//11739 5824//11739 5823//11739 
f 4880//11740 5815//11740 4879//11740 
f 4880//11741 5817//11741 5816//11741 
f 4880//11742 5816//11742 5815//11742 
f 4887//11743 5823//11743 5822//11743 
f 4887//11744 4888//11744 5823//11744 
f 4881//11745 5817//11745 4880//11745 
f 4886//11746 4887//11746 5822//11746 
f 4882//11747 5818//11747 5817//11747 
f 4882//11748 5817//11748 4881//11748 
f 4885//11749 5822//11749 5821//11749 
f 4885//11750 5821//11750 5820//11750 
f 4885//11751 4886//11751 5822//11751 
f 4883//11752 5818//11752 4882//11752 
f 4883//11753 5819//11753 5818//11753 
f 4884//11754 5820//11754 5819//11754 
f 4884//11755 5819//11755 4883//11755 
f 4884//11756 4885//11756 5820//11756 
f 6308//11757 5073//11757 6309//11757 
f 6308//11758 5072//11758 5073//11758 
f 6310//11759 6309//11759 5073//11759 
f 6310//11760 5073//11760 5074//11760 
f 6311//11761 5072//11761 6308//11761 
f 6311//11762 5070//11762 5071//11762 
f 6311//11763 5071//11763 5072//11763 
f 6312//11764 6310//11764 5074//11764 
f 6312//11765 5074//11765 5075//11765 
f 6313//11766 5070//11766 6311//11766 
f 6314//11767 5075//11767 5076//11767 
f 6314//11768 6312//11768 5075//11768 
f 6315//11769 5070//11769 6313//11769 
f 6315//11770 5069//11770 5070//11770 
f 6316//11771 6314//11771 5076//11771 
f 6316//11772 5076//11772 5077//11772 
f 6317//11773 5068//11773 5069//11773 
f 6317//11774 5069//11774 6315//11774 
f 6318//11775 6316//11775 5077//11775 
f 6318//11776 5077//11776 5078//11776 
f 6318//11777 5078//11777 5079//11777 
f 6319//11778 5067//11778 5068//11778 
f 6319//11779 5068//11779 6317//11779 
f 6320//11780 6318//11780 5079//11780 
f 6321//11781 5067//11781 6319//11781 
f 6321//11782 5066//11782 5067//11782 
f 6322//11783 6320//11783 5079//11783 
f 6322//11784 5079//11784 5080//11784 
f 6323//11785 5066//11785 6321//11785 
f 6323//11786 5065//11786 5066//11786 
f 6324//11787 6322//11787 5080//11787 
f 6324//11788 5080//11788 5081//11788 
f 6325//11789 5064//11789 5065//11789 
f 6325//11790 5065//11790 6323//11790 
f 6326//11791 6324//11791 5081//11791 
f 6326//11792 5081//11792 5082//11792 
f 6326//11793 5082//11793 5083//11793 
f 6327//11794 5063//11794 5064//11794 
f 6327//11795 5064//11795 6325//11795 
f 6328//11796 6326//11796 5083//11796 
f 6329//11797 5062//11797 5063//11797 
f 6329//11798 5063//11798 6327//11798 
f 6330//11799 5083//11799 5084//11799 
f 6330//11800 6328//11800 5083//11800 
f 6331//11801 5062//11801 6329//11801 
f 6331//11802 5061//11802 5062//11802 
f 6332//11803 5084//11803 5085//11803 
f 6332//11804 6330//11804 5084//11804 
f 6332//11805 5085//11805 5086//11805 
f 6333//11806 5061//11806 6331//11806 
f 6333//11807 5060//11807 5061//11807 
f 6334//11808 6332//11808 5086//11808 
f 6335//11809 5060//11809 6333//11809 
f 6335//11810 5059//11810 5060//11810 
f 6336//11811 6334//11811 5086//11811 
f 6336//11812 5086//11812 5087//11812 
f 6337//11813 5059//11813 6335//11813 
f 6337//11814 5057//11814 5058//11814 
f 6337//11815 5058//11815 5059//11815 
f 6338//11816 6336//11816 5087//11816 
f 6338//11817 5087//11817 5088//11817 
f 6339//11818 5057//11818 6337//11818 
f 6340//11819 5088//11819 5089//11819 
f 6340//11820 6338//11820 5088//11820 
f 6341//11821 5056//11821 5057//11821 
f 6341//11822 5057//11822 6339//11822 
f 6342//11823 6340//11823 5089//11823 
f 6342//11824 5089//11824 5090//11824 
f 6343//11825 5056//11825 6341//11825 
f 6343//11826 5054//11826 5055//11826 
f 6343//11827 5055//11827 5056//11827 
f 6344//11828 6342//11828 5090//11828 
f 6344//11829 5090//11829 5091//11829 
f 6345//11830 5054//11830 6343//11830 
f 6346//11831 6344//11831 5091//11831 
f 6346//11832 5091//11832 5092//11832 
f 6346//11833 5092//11833 5093//11833 
f 6347//11834 5054//11834 6345//11834 
f 6347//11835 5053//11835 5054//11835 
f 6348//11836 6346//11836 5093//11836 
f 6349//11837 5053//11837 6347//11837 
f 6349//11838 5052//11838 5053//11838 
f 6350//11839 6348//11839 5093//11839 
f 6350//11840 5093//11840 5094//11840 
f 6351//11841 5052//11841 6349//11841 
f 6351//11842 5051//11842 5052//11842 
f 6352//11843 5094//11843 5095//11843 
f 6352//11844 6350//11844 5094//11844 
f 6353//11845 5049//11845 5050//11845 
f 6353//11846 5051//11846 6351//11846 
f 6353//11847 5050//11847 5051//11847 
f 6354//11848 5095//11848 5096//11848 
f 6354//11849 6352//11849 5095//11849 
f 6355//11850 5049//11850 6353//11850 
f 6355//11851 5048//11851 5049//11851 
f 6356//11852 5096//11852 5097//11852 
f 6356//11853 6354//11853 5096//11853 
f 6357//11854 5048//11854 6355//11854 
f 6358//11855 5097//11855 5098//11855 
f 6358//11856 6356//11856 5097//11856 
f 6359//11857 5046//11857 5047//11857 
f 6359//11858 5047//11858 5048//11858 
f 6359//11859 5048//11859 6357//11859 
f 6360//11860 5098//11860 5099//11860 
f 6360//11861 6358//11861 5098//11861 
f 6361//11862 5046//11862 6359//11862 
f 6362//11863 5099//11863 5100//11863 
f 6362//11864 6360//11864 5099//11864 
f 6363//11865 5044//11865 5045//11865 
f 6363//11866 5045//11866 5046//11866 
f 6363//11867 5046//11867 6361//11867 
f 6364//11868 5100//11868 5101//11868 
f 6364//11869 6362//11869 5100//11869 
f 6365//11870 5044//11870 6363//11870 
f 6366//11871 5101//11871 5102//11871 
f 6366//11872 5102//11872 5103//11872 
f 6366//11873 6364//11873 5101//11873 
f 6367//11874 5043//11874 5044//11874 
f 6367//11875 5044//11875 6365//11875 
f 6368//11876 6366//11876 5103//11876 
f 6369//11877 5042//11877 5043//11877 
f 6369//11878 5043//11878 6367//11878 
f 6370//11879 5103//11879 5104//11879 
f 6370//11880 6368//11880 5103//11880 
f 6371//11881 6370//11881 5104//11881 
f 5041//11882 6369//11882 6372//11882 
f 5041//11883 5042//11883 6369//11883 
f 5105//11884 6373//11884 6371//11884 
f 5105//11885 6371//11885 5104//11885 
f 5040//11886 6372//11886 6374//11886 
f 5040//11887 5041//11887 6372//11887 
f 5106//11888 6373//11888 5105//11888 
f 5039//11889 6374//11889 6375//11889 
f 5039//11890 5040//11890 6374//11890 
f 5107//11891 6373//11891 5106//11891 
f 5107//11892 6376//11892 6373//11892 
f 5038//11893 6375//11893 6377//11893 
f 5038//11894 5039//11894 6375//11894 
f 5108//11895 6378//11895 6376//11895 
f 5108//11896 6376//11896 5107//11896 
f 5037//11897 6377//11897 6379//11897 
f 5037//11898 5038//11898 6377//11898 
f 5109//11899 6380//11899 6378//11899 
f 5109//11900 6378//11900 5108//11900 
f 5036//11901 6379//11901 6381//11901 
f 5036//11902 6381//11902 6382//11902 
f 5036//11903 5037//11903 6379//11903 
f 5110//11904 6383//11904 6380//11904 
f 5110//11905 6380//11905 5109//11905 
f 5035//11906 5036//11906 6382//11906 
f 5111//11907 6383//11907 5110//11907 
f 5111//11908 6384//11908 6385//11908 
f 5111//11909 6385//11909 6383//11909 
f 5034//11910 6382//11910 6386//11910 
f 5034//11911 5035//11911 6382//11911 
f 5112//11912 6387//11912 6384//11912 
f 5112//11913 6384//11913 5111//11913 
f 5033//11914 6386//11914 6388//11914 
f 5033//11915 5034//11915 6386//11915 
f 5113//11916 6387//11916 5112//11916 
f 5032//11917 6388//11917 6389//11917 
f 5032//11918 5033//11918 6388//11918 
f 5114//11919 6390//11919 6387//11919 
f 5114//11920 6387//11920 5113//11920 
f 5031//11921 6389//11921 6391//11921 
f 5031//11922 6391//11922 6392//11922 
f 5031//11923 5032//11923 6389//11923 
f 5115//11924 6393//11924 6390//11924 
f 5115//11925 6390//11925 5114//11925 
f 5030//11926 5031//11926 6392//11926 
f 5116//11927 6394//11927 6393//11927 
f 5116//11928 6393//11928 5115//11928 
f 5029//11929 6392//11929 6395//11929 
f 5029//11930 5030//11930 6392//11930 
f 5117//11931 6396//11931 6394//11931 
f 5117//11932 6394//11932 5116//11932 
f 5028//11933 6395//11933 6397//11933 
f 5028//11934 5029//11934 6395//11934 
f 5118//11935 6398//11935 6396//11935 
f 5118//11936 6396//11936 5117//11936 
f 5027//11937 6397//11937 6399//11937 
f 5027//11938 5028//11938 6397//11938 
f 5119//11939 6400//11939 6401//11939 
f 5119//11940 6401//11940 6398//11940 
f 5119//11941 6398//11941 5118//11941 
f 5026//11942 6399//11942 6402//11942 
f 5026//11943 5027//11943 6399//11943 
f 4995//11944 6403//11944 6400//11944 
f 4995//11945 6400//11945 5119//11945 
f 5025//11946 6402//11946 6404//11946 
f 5025//11947 5026//11947 6402//11947 
f 4994//11948 6405//11948 6403//11948 
f 4994//11949 6403//11949 4995//11949 
f 5024//11950 6404//11950 6406//11950 
f 5024//11951 5025//11951 6404//11951 
f 4996//11952 6405//11952 4994//11952 
f 5023//11953 6406//11953 6407//11953 
f 5023//11954 5024//11954 6406//11954 
f 4997//11955 6405//11955 4996//11955 
f 4997//11956 6408//11956 6409//11956 
f 4997//11957 6409//11957 6405//11957 
f 5022//11958 6407//11958 6410//11958 
f 5022//11959 5023//11959 6407//11959 
f 4998//11960 6408//11960 4997//11960 
f 5021//11961 5022//11961 6410//11961 
f 5021//11962 6410//11962 6411//11962 
f 4999//11963 6412//11963 6408//11963 
f 4999//11964 6408//11964 4998//11964 
f 5020//11965 6411//11965 6413//11965 
f 5020//11966 5021//11966 6411//11966 
f 5000//11967 6412//11967 4999//11967 
f 5000//11968 6414//11968 6415//11968 
f 5000//11969 6415//11969 6412//11969 
f 5019//11970 5020//11970 6413//11970 
f 5019//11971 6413//11971 6416//11971 
f 5001//11972 6414//11972 5000//11972 
f 5001//11973 6417//11973 6414//11973 
f 5018//11974 6416//11974 6418//11974 
f 5018//11975 5019//11975 6416//11975 
f 5002//11976 6417//11976 5001//11976 
f 5002//11977 6419//11977 6417//11977 
f 5017//11978 5018//11978 6418//11978 
f 5017//11979 6418//11979 6420//11979 
f 5003//11980 6419//11980 5002//11980 
f 5003//11981 6421//11981 6419//11981 
f 5016//11982 6420//11982 6422//11982 
f 5016//11983 5017//11983 6420//11983 
f 5004//11984 6421//11984 5003//11984 
f 5015//11985 5016//11985 6422//11985 
f 5015//11986 6422//11986 6423//11986 
f 5005//11987 6421//11987 5004//11987 
f 5005//11988 6424//11988 6421//11988 
f 5014//11989 6423//11989 6425//11989 
f 5014//11990 5015//11990 6423//11990 
f 5006//11991 6424//11991 5005//11991 
f 5006//11992 6426//11992 6424//11992 
f 5013//11993 6425//11993 6427//11993 
f 5013//11994 5014//11994 6425//11994 
f 5013//11995 6427//11995 6428//11995 
f 5007//11996 6429//11996 6426//11996 
f 5007//11997 6426//11997 5006//11997 
f 5012//11998 5013//11998 6428//11998 
f 5008//11999 6430//11999 6431//11999 
f 5008//12000 6431//12000 6429//12000 
f 5008//12001 6429//12001 5007//12001 
f 5011//12002 6428//12002 6432//12002 
f 5011//12003 5012//12003 6428//12003 
f 5009//12004 6430//12004 5008//12004 
f 5010//12005 5011//12005 6432//12005 
f 5010//12006 6432//12006 6433//12006 
f 5010//12007 6433//12007 6430//12007 
f 5010//12008 6430//12008 5009//12008 
f 5509//12009 5514//12009 5515//12009 
f 5537//12010 5533//12010 5534//12010 
f 5538//12011 5533//12011 5537//12011 
f 5542//12012 5538//12012 5541//12012 
f 5544//12013 5524//12013 5525//12013 
f 5544//12014 5525//12014 5529//12014 
f 5544//12015 5529//12015 5530//12015 
f 5544//12016 5530//12016 5533//12016 
f 5544//12017 5533//12017 5538//12017 
f 5544//12018 5538//12018 5542//12018 
f 5490//12019 5496//12019 5497//12019 
f 5551//12020 5515//12020 5519//12020 
f 5551//12021 5519//12021 5520//12021 
f 5551//12022 5520//12022 5524//12022 
f 5551//12023 5544//12023 5545//12023 
f 5551//12024 5545//12024 5547//12024 
f 5551//12025 5547//12025 5548//12025 
f 5551//12026 5548//12026 5550//12026 
f 5551//12027 5524//12027 5544//12027 
f 5457//12028 5481//12028 5482//12028 
f 5457//12029 5482//12029 5483//12029 
f 5457//12030 5483//12030 5489//12030 
f 5457//12031 5489//12031 5490//12031 
f 5457//12032 5497//12032 5502//12032 
f 5457//12033 5502//12033 5503//12033 
f 5457//12034 5503//12034 5508//12034 
f 5457//12035 5508//12035 5509//12035 
f 5457//12036 5551//12036 5444//12036 
f 5457//12037 5490//12037 5497//12037 
f 5457//12038 5509//12038 5515//12038 
f 5457//12039 5515//12039 5551//12039 
f 5349//12040 5457//12040 5444//12040 
f 5374//12041 5349//12041 5373//12041 
f 5375//12042 5349//12042 5374//12042 
f 5382//12043 5375//12043 5381//12043 
f 5388//12044 5349//12044 5375//12044 
f 5388//12045 5375//12045 5382//12045 
f 5389//12046 5349//12046 5388//12046 
f 5395//12047 5389//12047 5394//12047 
f 5401//12048 5389//12048 5395//12048 
f 5401//12049 5395//12049 5400//12049 
f 5407//12050 5401//12050 5406//12050 
f 5412//12051 5389//12051 5401//12051 
f 5412//12052 5401//12052 5407//12052 
f 5412//12053 5407//12053 5411//12053 
f 5416//12054 5349//12054 5389//12054 
f 5416//12055 5389//12055 5412//12055 
f 5421//12056 5416//12056 5417//12056 
f 5425//12057 5416//12057 5421//12057 
f 5425//12058 5421//12058 5422//12058 
f 5430//12059 5425//12059 5426//12059 
f 5430//12060 5426//12060 5429//12060 
f 5433//12061 5349//12061 5416//12061 
f 5433//12062 5416//12062 5425//12062 
f 5433//12063 5425//12063 5430//12063 
f 5436//12064 5433//12064 5434//12064 
f 5439//12065 5349//12065 5433//12065 
f 5439//12066 5433//12066 5436//12066 
f 5439//12067 5436//12067 5437//12067 
f 5440//12068 5349//12068 5439//12068 
f 5443//12069 5349//12069 5440//12069 
f 5443//12070 5440//12070 5442//12070 
f 5336//12071 5457//12071 5349//12071 
f 5336//12072 5349//12072 5443//12072 
f 5223//12073 5224//12073 5226//12073 
f 5223//12074 5226//12074 5227//12074 
f 5223//12075 5227//12075 5202//12075 
f 5221//12076 5223//12076 5202//12076 
f 5220//12077 5221//12077 5202//12077 
f 5217//12078 5218//12078 5220//12078 
f 5217//12079 5220//12079 5202//12079 
f 5214//12080 5217//12080 5202//12080 
f 5209//12081 5210//12081 5213//12081 
f 5209//12082 5213//12082 5214//12082 
f 5209//12083 5214//12083 5202//12083 
f 5206//12084 5209//12084 5202//12084 
f 5199//12085 5200//12085 5205//12085 
f 5199//12086 5205//12086 5206//12086 
f 5199//12087 5206//12087 5202//12087 
f 5195//12088 5199//12088 5202//12088 
f 5189//12089 5195//12089 5202//12089 
f 5189//12090 5190//12090 5194//12090 
f 5189//12091 5194//12091 5195//12091 
f 5178//12092 5189//12092 5202//12092 
f 5178//12093 5183//12093 5184//12093 
f 5178//12094 5184//12094 5189//12094 
f 5172//12095 5177//12095 5178//12095 
f 5165//12096 5171//12096 5172//12096 
f 5165//12097 5178//12097 5202//12097 
f 5165//12098 5172//12098 5178//12098 
f 5158//12099 5164//12099 5165//12099 
f 5157//12100 5158//12100 5165//12100 
f 5156//12101 5165//12101 5202//12101 
f 5156//12102 5157//12102 5165//12102 
f 5132//12103 5156//12103 5202//12103 
f 5241//12104 5202//12104 5457//12104 
f 5241//12105 5457//12105 5336//12105 
f 5228//12106 5132//12106 5202//12106 
f 5228//12107 5202//12107 5241//12107 
f 5334//12108 5335//12108 5228//12108 
f 5267//12109 5241//12109 5265//12109 
f 5267//12110 5265//12110 5266//12110 
f 5332//12111 5334//12111 5228//12111 
f 5331//12112 5228//12112 5241//12112 
f 5331//12113 5332//12113 5228//12113 
f 5280//12114 5241//12114 5267//12114 
f 5280//12115 5267//12115 5273//12115 
f 5280//12116 5273//12116 5274//12116 
f 5328//12117 5329//12117 5331//12117 
f 5325//12118 5328//12118 5331//12118 
f 5325//12119 5326//12119 5328//12119 
f 5287//12120 5281//12120 5286//12120 
f 5322//12121 5325//12121 5331//12121 
f 5292//12122 5281//12122 5287//12122 
f 5321//12123 5322//12123 5331//12123 
f 5293//12124 5281//12124 5292//12124 
f 5293//12125 5280//12125 5281//12125 
f 5318//12126 5321//12126 5331//12126 
f 5298//12127 5241//12127 5280//12127 
f 5298//12128 5280//12128 5293//12128 
f 5314//12129 5317//12129 5318//12129 
f 5303//12130 5241//12130 5298//12130 
f 5303//12131 5298//12131 5299//12131 
f 5313//12132 5314//12132 5318//12132 
f 5304//12133 5241//12133 5303//12133 
f 5309//12134 5318//12134 5331//12134 
f 5309//12135 5313//12135 5318//12135 
f 5308//12136 5331//12136 5241//12136 
f 5308//12137 5241//12137 5304//12137 
f 5308//12138 5309//12138 5331//12138 
f 5568//12139 5947//12139 5946//12139 
f 5568//12140 5946//12140 5945//12140 
f 5568//12141 5945//12141 5567//12141 
f 5568//12142 5569//12142 5947//12142 
f 6008//12143 5630//12143 5631//12143 
f 6008//12144 5631//12144 6009//12144 
f 6010//12145 5631//12145 5632//12145 
f 6010//12146 6009//12146 5631//12146 
f 6007//12147 5630//12147 6008//12147 
f 6007//12148 5628//12148 5629//12148 
f 6007//12149 5629//12149 5630//12149 
f 6011//12150 6010//12150 5632//12150 
f 6011//12151 5632//12151 5633//12151 
f 6006//12152 5628//12152 6007//12152 
f 6012//12153 5633//12153 5634//12153 
f 6012//12154 6011//12154 5633//12154 
f 6005//12155 5628//12155 6006//12155 
f 6005//12156 5626//12156 5627//12156 
f 6005//12157 5627//12157 5628//12157 
f 6013//12158 6012//12158 5634//12158 
f 6013//12159 5634//12159 5635//12159 
f 6004//12160 5626//12160 6005//12160 
f 6014//12161 5635//12161 5636//12161 
f 6014//12162 6013//12162 5635//12162 
f 6003//12163 5624//12163 5625//12163 
f 6003//12164 5625//12164 5626//12164 
f 6003//12165 5626//12165 6004//12165 
f 6015//12166 6014//12166 5636//12166 
f 6015//12167 5636//12167 5637//12167 
f 6002//12168 5624//12168 6003//12168 
f 6016//12169 6015//12169 5637//12169 
f 6016//12170 5637//12170 5638//12170 
f 6001//12171 5623//12171 5624//12171 
f 6001//12172 5624//12172 6002//12172 
f 6017//12173 6016//12173 5638//12173 
f 6017//12174 5638//12174 5639//12174 
f 6000//12175 5622//12175 5623//12175 
f 6000//12176 5623//12176 6001//12176 
f 6018//12177 5639//12177 5640//12177 
f 6018//12178 6017//12178 5639//12178 
f 5999//12179 5621//12179 5622//12179 
f 5999//12180 5622//12180 6000//12180 
f 6019//12181 5640//12181 5641//12181 
f 6019//12182 6018//12182 5640//12182 
f 5998//12183 5621//12183 5999//12183 
f 5998//12184 5620//12184 5621//12184 
f 6020//12185 6019//12185 5641//12185 
f 6020//12186 5641//12186 5642//12186 
f 5997//12187 5619//12187 5620//12187 
f 5997//12188 5620//12188 5998//12188 
f 6021//12189 6020//12189 5642//12189 
f 6021//12190 5642//12190 5643//12190 
f 5996//12191 5619//12191 5997//12191 
f 5996//12192 5618//12192 5619//12192 
f 6022//12193 6021//12193 5643//12193 
f 6022//12194 5643//12194 5644//12194 
f 5995//12195 5618//12195 5996//12195 
f 5995//12196 5617//12196 5618//12196 
f 6023//12197 6022//12197 5644//12197 
f 6023//12198 5644//12198 5645//12198 
f 5994//12199 5617//12199 5995//12199 
f 5994//12200 5616//12200 5617//12200 
f 6024//12201 6023//12201 5645//12201 
f 6024//12202 5645//12202 5646//12202 
f 5993//12203 5616//12203 5994//12203 
f 5993//12204 5615//12204 5616//12204 
f 6025//12205 6024//12205 5646//12205 
f 6025//12206 5646//12206 5647//12206 
f 5992//12207 5615//12207 5993//12207 
f 5992//12208 5614//12208 5615//12208 
f 6026//12209 6025//12209 5647//12209 
f 6026//12210 5647//12210 5648//12210 
f 5991//12211 5614//12211 5992//12211 
f 5991//12212 5613//12212 5614//12212 
f 6027//12213 6026//12213 5648//12213 
f 6027//12214 5648//12214 5649//12214 
f 5990//12215 5613//12215 5991//12215 
f 5990//12216 5612//12216 5613//12216 
f 6028//12217 6027//12217 5649//12217 
f 6028//12218 5649//12218 5650//12218 
f 5989//12219 5612//12219 5990//12219 
f 5989//12220 5611//12220 5612//12220 
f 6029//12221 6028//12221 5650//12221 
f 6029//12222 5650//12222 5651//12222 
f 5988//12223 5611//12223 5989//12223 
f 5988//12224 5610//12224 5611//12224 
f 6030//12225 6029//12225 5651//12225 
f 6030//12226 5651//12226 5652//12226 
f 5987//12227 5610//12227 5988//12227 
f 5987//12228 5609//12228 5610//12228 
f 6031//12229 5652//12229 5653//12229 
f 6031//12230 6030//12230 5652//12230 
f 5986//12231 5609//12231 5987//12231 
f 5986//12232 5608//12232 5609//12232 
f 6032//12233 5653//12233 5654//12233 
f 6032//12234 6031//12234 5653//12234 
f 5985//12235 5606//12235 5607//12235 
f 5985//12236 5607//12236 5608//12236 
f 5985//12237 5608//12237 5986//12237 
f 6033//12238 5654//12238 5655//12238 
f 6033//12239 6032//12239 5654//12239 
f 5984//12240 5606//12240 5985//12240 
f 6034//12241 5655//12241 5656//12241 
f 6034//12242 6033//12242 5655//12242 
f 5983//12243 5605//12243 5606//12243 
f 5983//12244 5606//12244 5984//12244 
f 6035//12245 5656//12245 5657//12245 
f 6035//12246 6034//12246 5656//12246 
f 5982//12247 5604//12247 5605//12247 
f 5982//12248 5605//12248 5983//12248 
f 6036//12249 5657//12249 5658//12249 
f 6036//12250 6035//12250 5657//12250 
f 5981//12251 5604//12251 5982//12251 
f 5981//12252 5603//12252 5604//12252 
f 6037//12253 5658//12253 5659//12253 
f 6037//12254 6036//12254 5658//12254 
f 5980//12255 5602//12255 5603//12255 
f 5980//12256 5603//12256 5981//12256 
f 6038//12257 5659//12257 5660//12257 
f 6038//12258 6037//12258 5659//12258 
f 5979//12259 5601//12259 5602//12259 
f 5979//12260 5602//12260 5980//12260 
f 6039//12261 5660//12261 5661//12261 
f 6039//12262 6038//12262 5660//12262 
f 5978//12263 5600//12263 5601//12263 
f 5978//12264 5601//12264 5979//12264 
f 6040//12265 5661//12265 5662//12265 
f 6040//12266 6039//12266 5661//12266 
f 6041//12267 6040//12267 5662//12267 
f 5599//12268 5978//12268 5977//12268 
f 5599//12269 5600//12269 5978//12269 
f 5663//12270 6041//12270 5662//12270 
f 5663//12271 6042//12271 6041//12271 
f 5598//12272 5977//12272 5976//12272 
f 5598//12273 5976//12273 5975//12273 
f 5598//12274 5599//12274 5977//12274 
f 5664//12275 6042//12275 5663//12275 
f 5597//12276 5598//12276 5975//12276 
f 5665//12277 6042//12277 5664//12277 
f 5665//12278 6044//12278 6043//12278 
f 5665//12279 6043//12279 6042//12279 
f 5596//12280 5975//12280 5974//12280 
f 5596//12281 5597//12281 5975//12281 
f 5666//12282 6045//12282 6044//12282 
f 5666//12283 6044//12283 5665//12283 
f 5595//12284 5974//12284 5973//12284 
f 5595//12285 5596//12285 5974//12285 
f 5667//12286 6045//12286 5666//12286 
f 5594//12287 5973//12287 5972//12287 
f 5594//12288 5595//12288 5973//12288 
f 5668//12289 6046//12289 6045//12289 
f 5668//12290 6045//12290 5667//12290 
f 5593//12291 5972//12291 5971//12291 
f 5593//12292 5594//12292 5972//12292 
f 5669//12293 6046//12293 5668//12293 
f 5669//12294 6047//12294 6046//12294 
f 5592//12295 5971//12295 5970//12295 
f 5592//12296 5593//12296 5971//12296 
f 5670//12297 6049//12297 6048//12297 
f 5670//12298 6048//12298 6047//12298 
f 5670//12299 6047//12299 5669//12299 
f 5591//12300 5970//12300 5969//12300 
f 5591//12301 5592//12301 5970//12301 
f 5671//12302 6049//12302 5670//12302 
f 5590//12303 5969//12303 5968//12303 
f 5590//12304 5968//12304 5967//12304 
f 5590//12305 5591//12305 5969//12305 
f 5672//12306 6050//12306 6049//12306 
f 5672//12307 6049//12307 5671//12307 
f 5589//12308 5967//12308 5966//12308 
f 5589//12309 5590//12309 5967//12309 
f 5673//12310 6051//12310 6050//12310 
f 5673//12311 6050//12311 5672//12311 
f 5588//12312 5589//12312 5966//12312 
f 5674//12313 6053//12313 6052//12313 
f 5674//12314 6052//12314 6051//12314 
f 5674//12315 6051//12315 5673//12315 
f 5587//12316 5966//12316 5965//12316 
f 5587//12317 5588//12317 5966//12317 
f 5675//12318 6054//12318 6053//12318 
f 5675//12319 6053//12319 5674//12319 
f 5586//12320 5965//12320 5964//12320 
f 5586//12321 5587//12321 5965//12321 
f 5676//12322 6054//12322 5675//12322 
f 5676//12323 6055//12323 6054//12323 
f 5585//12324 5964//12324 5963//12324 
f 5585//12325 5586//12325 5964//12325 
f 5677//12326 6055//12326 5676//12326 
f 5584//12327 5963//12327 5962//12327 
f 5584//12328 5962//12328 5961//12328 
f 5584//12329 5585//12329 5963//12329 
f 5553//12330 5930//12330 6055//12330 
f 5553//12331 6055//12331 5677//12331 
f 5583//12332 5584//12332 5961//12332 
f 5552//12333 5932//12333 5931//12333 
f 5552//12334 5931//12334 5930//12334 
f 5552//12335 5930//12335 5553//12335 
f 5582//12336 5961//12336 5960//12336 
f 5582//12337 5960//12337 5959//12337 
f 5582//12338 5583//12338 5961//12338 
f 5554//12339 5932//12339 5552//12339 
f 5581//12340 5582//12340 5959//12340 
f 5555//12341 5934//12341 5933//12341 
f 5555//12342 5933//12342 5932//12342 
f 5555//12343 5932//12343 5554//12343 
f 5580//12344 5959//12344 5958//12344 
f 5580//12345 5581//12345 5959//12345 
f 5556//12346 5935//12346 5934//12346 
f 5556//12347 5934//12347 5555//12347 
f 5579//12348 5958//12348 5957//12348 
f 5579//12349 5580//12349 5958//12349 
f 5557//12350 5935//12350 5556//12350 
f 5557//12351 5936//12351 5935//12351 
f 5578//12352 5957//12352 5956//12352 
f 5578//12353 5579//12353 5957//12353 
f 5558//12354 5936//12354 5557//12354 
f 5558//12355 5937//12355 5936//12355 
f 5577//12356 5578//12356 5956//12356 
f 5577//12357 5956//12357 5955//12357 
f 5559//12358 5937//12358 5558//12358 
f 5559//12359 5938//12359 5937//12359 
f 5576//12360 5955//12360 5954//12360 
f 5576//12361 5577//12361 5955//12361 
f 5560//12362 5938//12362 5559//12362 
f 5575//12363 5954//12363 5953//12363 
f 5575//12364 5953//12364 5952//12364 
f 5575//12365 5576//12365 5954//12365 
f 5561//12366 5939//12366 5938//12366 
f 5561//12367 5938//12367 5560//12367 
f 5574//12368 5575//12368 5952//12368 
f 5562//12369 5939//12369 5561//12369 
f 5562//12370 5940//12370 5939//12370 
f 5573//12371 5574//12371 5952//12371 
f 5573//12372 5952//12372 5951//12372 
f 5563//12373 5940//12373 5562//12373 
f 5563//12374 5942//12374 5941//12374 
f 5563//12375 5941//12375 5940//12375 
f 5572//12376 5951//12376 5950//12376 
f 5572//12377 5573//12377 5951//12377 
f 5564//12378 5942//12378 5563//12378 
f 5571//12379 5950//12379 5949//12379 
f 5571//12380 5572//12380 5950//12380 
f 5571//12381 5949//12381 5948//12381 
f 5565//12382 5942//12382 5564//12382 
f 5565//12383 5944//12383 5943//12383 
f 5565//12384 5943//12384 5942//12384 
f 5570//12385 5571//12385 5948//12385 
f 5566//12386 5944//12386 5565//12386 
f 5569//12387 5948//12387 5947//12387 
f 5569//12388 5570//12388 5948//12388 
f 5567//12389 5945//12389 5944//12389 
f 5567//12390 5944//12390 5566//12390 
f 5694//12391 5695//12391 6434//12391 
f 5694//12392 6434//12392 6435//12392 
f 5694//12393 6435//12393 6436//12393 
f 5694//12394 6436//12394 5693//12394 
f 6437//12395 5757//12395 6438//12395 
f 6437//12396 5756//12396 5757//12396 
f 6439//12397 6438//12397 5757//12397 
f 6439//12398 5757//12398 5758//12398 
f 6439//12399 5758//12399 5759//12399 
f 6440//12400 5756//12400 6437//12400 
f 6440//12401 5755//12401 5756//12401 
f 6441//12402 6439//12402 5759//12402 
f 6442//12403 5755//12403 6440//12403 
f 6442//12404 5754//12404 5755//12404 
f 6443//12405 6441//12405 5759//12405 
f 6443//12406 5759//12406 5760//12406 
f 6444//12407 5754//12407 6442//12407 
f 6444//12408 5753//12408 5754//12408 
f 6445//12409 6443//12409 5760//12409 
f 6445//12410 5760//12410 5761//12410 
f 6446//12411 5752//12411 5753//12411 
f 6446//12412 5753//12412 6444//12412 
f 6447//12413 6445//12413 5761//12413 
f 6447//12414 5761//12414 5762//12414 
f 6448//12415 5751//12415 5752//12415 
f 6448//12416 5752//12416 6446//12416 
f 6449//12417 5762//12417 5763//12417 
f 6449//12418 5763//12418 5764//12418 
f 6449//12419 6447//12419 5762//12419 
f 6450//12420 5750//12420 5751//12420 
f 6450//12421 5751//12421 6448//12421 
f 6451//12422 6449//12422 5764//12422 
f 6452//12423 5750//12423 6450//12423 
f 6452//12424 5749//12424 5750//12424 
f 6453//12425 6451//12425 5764//12425 
f 6453//12426 5764//12426 5765//12426 
f 6454//12427 5748//12427 5749//12427 
f 6454//12428 5749//12428 6452//12428 
f 6455//12429 6453//12429 5765//12429 
f 6455//12430 5765//12430 5766//12430 
f 6456//12431 5747//12431 5748//12431 
f 6456//12432 5748//12432 6454//12432 
f 6457//12433 5766//12433 5767//12433 
f 6457//12434 6455//12434 5766//12434 
f 6458//12435 5747//12435 6456//12435 
f 6458//12436 5746//12436 5747//12436 
f 6459//12437 6457//12437 5767//12437 
f 6459//12438 5767//12438 5768//12438 
f 6460//12439 5746//12439 6458//12439 
f 6460//12440 5745//12440 5746//12440 
f 6461//12441 6459//12441 5768//12441 
f 6461//12442 5768//12442 5769//12442 
f 6461//12443 5769//12443 5770//12443 
f 6462//12444 5745//12444 6460//12444 
f 6462//12445 5744//12445 5745//12445 
f 6463//12446 6461//12446 5770//12446 
f 6464//12447 5744//12447 6462//12447 
f 6464//12448 5743//12448 5744//12448 
f 6465//12449 6463//12449 5770//12449 
f 6465//12450 5770//12450 5771//12450 
f 6466//12451 5743//12451 6464//12451 
f 6466//12452 5742//12452 5743//12452 
f 6467//12453 5771//12453 5772//12453 
f 6467//12454 6465//12454 5771//12454 
f 6468//12455 5742//12455 6466//12455 
f 6468//12456 5741//12456 5742//12456 
f 6469//12457 6467//12457 5772//12457 
f 6469//12458 5772//12458 5773//12458 
f 6470//12459 5741//12459 6468//12459 
f 6470//12460 5740//12460 5741//12460 
f 6471//12461 6469//12461 5773//12461 
f 6471//12462 5773//12462 5774//12462 
f 6472//12463 5740//12463 6470//12463 
f 6472//12464 5739//12464 5740//12464 
f 6473//12465 6471//12465 5774//12465 
f 6473//12466 5774//12466 5775//12466 
f 6474//12467 5739//12467 6472//12467 
f 6474//12468 5738//12468 5739//12468 
f 6475//12469 6473//12469 5775//12469 
f 6475//12470 5775//12470 5776//12470 
f 6476//12471 5738//12471 6474//12471 
f 6476//12472 5737//12472 5738//12472 
f 6477//12473 6475//12473 5776//12473 
f 6477//12474 5776//12474 5777//12474 
f 6478//12475 5737//12475 6476//12475 
f 6478//12476 5736//12476 5737//12476 
f 6479//12477 6477//12477 5777//12477 
f 6479//12478 5777//12478 5778//12478 
f 6480//12479 5736//12479 6478//12479 
f 6480//12480 5735//12480 5736//12480 
f 6481//12481 5778//12481 5779//12481 
f 6481//12482 6479//12482 5778//12482 
f 6482//12483 5735//12483 6480//12483 
f 6482//12484 5734//12484 5735//12484 
f 6483//12485 5779//12485 5780//12485 
f 6483//12486 6481//12486 5779//12486 
f 6484//12487 5733//12487 5734//12487 
f 6484//12488 5734//12488 6482//12488 
f 6485//12489 5780//12489 5781//12489 
f 6485//12490 6483//12490 5780//12490 
f 6486//12491 5733//12491 6484//12491 
f 6486//12492 5732//12492 5733//12492 
f 6487//12493 5781//12493 5782//12493 
f 6487//12494 6485//12494 5781//12494 
f 6488//12495 5731//12495 5732//12495 
f 6488//12496 5732//12496 6486//12496 
f 6489//12497 5782//12497 5783//12497 
f 6489//12498 6487//12498 5782//12498 
f 6490//12499 5731//12499 6488//12499 
f 6490//12500 5730//12500 5731//12500 
f 6491//12501 5783//12501 5784//12501 
f 6491//12502 6489//12502 5783//12502 
f 6492//12503 5728//12503 5729//12503 
f 6492//12504 5729//12504 5730//12504 
f 6492//12505 5730//12505 6490//12505 
f 6493//12506 5784//12506 5785//12506 
f 6493//12507 6491//12507 5784//12507 
f 6494//12508 5728//12508 6492//12508 
f 6495//12509 5785//12509 5786//12509 
f 6495//12510 6493//12510 5785//12510 
f 6496//12511 5727//12511 5728//12511 
f 6496//12512 5728//12512 6494//12512 
f 6497//12513 5786//12513 5787//12513 
f 6497//12514 6495//12514 5786//12514 
f 6498//12515 5726//12515 5727//12515 
f 6498//12516 5727//12516 6496//12516 
f 6499//12517 5787//12517 5788//12517 
f 6499//12518 6497//12518 5787//12518 
f 6500//12519 6499//12519 5788//12519 
f 5725//12520 6498//12520 6501//12520 
f 5725//12521 5726//12521 6498//12521 
f 5789//12522 6500//12522 5788//12522 
f 5789//12523 6502//12523 6500//12523 
f 5724//12524 6501//12524 6503//12524 
f 5724//12525 5725//12525 6501//12525 
f 5790//12526 6502//12526 5789//12526 
f 5723//12527 6503//12527 6504//12527 
f 5723//12528 5724//12528 6503//12528 
f 5791//12529 6502//12529 5790//12529 
f 5791//12530 6505//12530 6502//12530 
f 5722//12531 6504//12531 6506//12531 
f 5722//12532 5723//12532 6504//12532 
f 5792//12533 6507//12533 6508//12533 
f 5792//12534 6508//12534 6505//12534 
f 5792//12535 6505//12535 5791//12535 
f 5721//12536 6506//12536 6509//12536 
f 5721//12537 5722//12537 6506//12537 
f 5793//12538 6507//12538 5792//12538 
f 5793//12539 6510//12539 6507//12539 
f 5720//12540 6509//12540 6511//12540 
f 5720//12541 6511//12541 6512//12541 
f 5720//12542 5721//12542 6509//12542 
f 5794//12543 6510//12543 5793//12543 
f 5719//12544 5720//12544 6512//12544 
f 5795//12545 6510//12545 5794//12545 
f 5795//12546 6513//12546 6514//12546 
f 5795//12547 6514//12547 6510//12547 
f 5718//12548 6512//12548 6515//12548 
f 5718//12549 5719//12549 6512//12549 
f 5796//12550 6513//12550 5795//12550 
f 5717//12551 6515//12551 6516//12551 
f 5717//12552 5718//12552 6515//12552 
f 5797//12553 6517//12553 6513//12553 
f 5797//12554 6513//12554 5796//12554 
f 5716//12555 6516//12555 6518//12555 
f 5716//12556 6518//12556 6519//12556 
f 5716//12557 5717//12557 6516//12557 
f 5798//12558 6517//12558 5797//12558 
f 5798//12559 6520//12559 6517//12559 
f 5715//12560 5716//12560 6519//12560 
f 5799//12561 6521//12561 6522//12561 
f 5799//12562 6522//12562 6520//12562 
f 5799//12563 6520//12563 5798//12563 
f 5714//12564 6519//12564 6523//12564 
f 5714//12565 6523//12565 6524//12565 
f 5714//12566 5715//12566 6519//12566 
f 5800//12567 6525//12567 6521//12567 
f 5800//12568 6521//12568 5799//12568 
f 5713//12569 5714//12569 6524//12569 
f 5801//12570 6525//12570 5800//12570 
f 5712//12571 6524//12571 6526//12571 
f 5712//12572 5713//12572 6524//12572 
f 5802//12573 6527//12573 6528//12573 
f 5802//12574 6525//12574 5801//12574 
f 5802//12575 6528//12575 6525//12575 
f 5711//12576 5712//12576 6526//12576 
f 5711//12577 6526//12577 6529//12577 
f 5803//12578 6530//12578 6527//12578 
f 5803//12579 6527//12579 5802//12579 
f 5710//12580 6529//12580 6531//12580 
f 5710//12581 5711//12581 6529//12581 
f 5679//12582 6530//12582 5803//12582 
f 5709//12583 6531//12583 6532//12583 
f 5709//12584 5710//12584 6531//12584 
f 5678//12585 6530//12585 5679//12585 
f 5678//12586 6533//12586 6534//12586 
f 5678//12587 6534//12587 6530//12587 
f 5708//12588 6532//12588 6535//12588 
f 5708//12589 5709//12589 6532//12589 
f 5680//12590 6536//12590 6533//12590 
f 5680//12591 6533//12591 5678//12591 
f 5707//12592 6535//12592 6537//12592 
f 5707//12593 5708//12593 6535//12593 
f 5681//12594 6536//12594 5680//12594 
f 5681//12595 6538//12595 6536//12595 
f 5706//12596 6537//12596 6539//12596 
f 5706//12597 5707//12597 6537//12597 
f 5682//12598 6538//12598 5681//12598 
f 5682//12599 6540//12599 6538//12599 
f 5705//12600 5706//12600 6539//12600 
f 5705//12601 6539//12601 6541//12601 
f 5683//12602 6540//12602 5682//12602 
f 5704//12603 6541//12603 6542//12603 
f 5704//12604 5705//12604 6541//12604 
f 5684//12605 6543//12605 6540//12605 
f 5684//12606 6540//12606 5683//12606 
f 5703//12607 5704//12607 6542//12607 
f 5703//12608 6542//12608 6544//12608 
f 5703//12609 6544//12609 6545//12609 
f 5685//12610 6543//12610 5684//12610 
f 5685//12611 6546//12611 6543//12611 
f 5702//12612 5703//12612 6545//12612 
f 5686//12613 6546//12613 5685//12613 
f 5686//12614 6547//12614 6546//12614 
f 5701//12615 5702//12615 6545//12615 
f 5701//12616 6545//12616 6548//12616 
f 5701//12617 6548//12617 6549//12617 
f 5687//12618 6547//12618 5686//12618 
f 5687//12619 6550//12619 6547//12619 
f 5700//12620 5701//12620 6549//12620 
f 5688//12621 6550//12621 5687//12621 
f 5688//12622 6551//12622 6552//12622 
f 5688//12623 6552//12623 6550//12623 
f 5699//12624 5700//12624 6549//12624 
f 5699//12625 6549//12625 6553//12625 
f 5689//12626 6551//12626 5688//12626 
f 5698//12627 5699//12627 6553//12627 
f 5698//12628 6553//12628 6554//12628 
f 5690//12629 6555//12629 6556//12629 
f 5690//12630 6556//12630 6551//12630 
f 5690//12631 6551//12631 5689//12631 
f 5697//12632 5698//12632 6554//12632 
f 5697//12633 6554//12633 6557//12633 
f 5691//12634 6555//12634 5690//12634 
f 5696//12635 6557//12635 6558//12635 
f 5696//12636 5697//12636 6557//12636 
f 5692//12637 6555//12637 5691//12637 
f 5692//12638 6559//12638 6555//12638 
f 5695//12639 6558//12639 6434//12639 
f 5695//12640 5696//12640 6558//12640 
f 5693//12641 6436//12641 6559//12641 
f 5693//12642 6559//12642 5692//12642 
f 6089//12643 6087//12643 6400//12643 
f 6089//12644 6400//12644 6403//12644 
f 6091//12645 6405//12645 6409//12645 
f 6091//12646 6403//12646 6405//12646 
f 6091//12647 6089//12647 6403//12647 
f 6093//12648 6091//12648 6409//12648 
f 6095//12649 6409//12649 6408//12649 
f 6095//12650 6093//12650 6409//12650 
f 6097//12651 6408//12651 6412//12651 
f 6097//12652 6095//12652 6408//12652 
f 6099//12653 6415//12653 6414//12653 
f 6099//12654 6412//12654 6415//12654 
f 6099//12655 6097//12655 6412//12655 
f 6101//12656 6099//12656 6414//12656 
f 6103//12657 6414//12657 6417//12657 
f 6103//12658 6101//12658 6414//12658 
f 6105//12659 6419//12659 6421//12659 
f 6105//12660 6417//12660 6419//12660 
f 6105//12661 6103//12661 6417//12661 
f 6107//12662 6105//12662 6421//12662 
f 6109//12663 6107//12663 6421//12663 
f 6109//12664 6421//12664 6424//12664 
f 6111//12665 6109//12665 6424//12665 
f 6111//12666 6424//12666 6426//12666 
f 6113//12667 6111//12667 6426//12667 
f 6113//12668 6426//12668 6429//12668 
f 6115//12669 6429//12669 6431//12669 
f 6115//12670 6113//12670 6429//12670 
f 6117//12671 6431//12671 6430//12671 
f 6117//12672 6115//12672 6431//12672 
f 6119//12673 6430//12673 6433//12673 
f 6119//12674 6117//12674 6430//12674 
f 6121//12675 6433//12675 6432//12675 
f 6121//12676 6119//12676 6433//12676 
f 6123//12677 6432//12677 6428//12677 
f 6123//12678 6121//12678 6432//12678 
f 6125//12679 6427//12679 6425//12679 
f 6125//12680 6428//12680 6427//12680 
f 6125//12681 6123//12681 6428//12681 
f 6126//12682 6425//12682 6423//12682 
f 6126//12683 6125//12683 6425//12683 
f 6129//12684 6126//12684 6423//12684 
f 6131//12685 6423//12685 6422//12685 
f 6131//12686 6129//12686 6423//12686 
f 6133//12687 6422//12687 6420//12687 
f 6133//12688 6131//12688 6422//12688 
f 6135//12689 6420//12689 6418//12689 
f 6135//12690 6133//12690 6420//12690 
f 6137//12691 6418//12691 6416//12691 
f 6137//12692 6135//12692 6418//12692 
f 6139//12693 6413//12693 6411//12693 
f 6139//12694 6416//12694 6413//12694 
f 6139//12695 6137//12695 6416//12695 
f 6142//12696 6139//12696 6411//12696 
f 6143//12697 6142//12697 6411//12697 
f 6143//12698 6411//12698 6410//12698 
f 6145//12699 6143//12699 6410//12699 
f 6145//12700 6410//12700 6407//12700 
f 6146//12701 6145//12701 6407//12701 
f 6146//12702 6407//12702 6406//12702 
f 6149//12703 6146//12703 6406//12703 
f 6149//12704 6406//12704 6404//12704 
f 6150//12705 6149//12705 6404//12705 
f 6150//12706 6402//12706 6399//12706 
f 6150//12707 6404//12707 6402//12707 
f 6153//12708 6150//12708 6399//12708 
f 6154//12709 6153//12709 6399//12709 
f 6154//12710 6399//12710 6397//12710 
f 6157//12711 6397//12711 6395//12711 
f 6157//12712 6154//12712 6397//12712 
f 6158//12713 6395//12713 6392//12713 
f 6158//12714 6157//12714 6395//12714 
f 6161//12715 6158//12715 6392//12715 
f 6161//12716 6391//12716 6389//12716 
f 6161//12717 6392//12717 6391//12717 
f 6163//12718 6161//12718 6389//12718 
f 6164//12719 6163//12719 6389//12719 
f 6164//12720 6389//12720 6388//12720 
f 6166//12721 6164//12721 6388//12721 
f 6166//12722 6388//12722 6386//12722 
f 6169//12723 6166//12723 6386//12723 
f 6169//12724 6382//12724 6381//12724 
f 6169//12725 6386//12725 6382//12725 
f 6170//12726 6169//12726 6381//12726 
f 6172//12727 6170//12727 6381//12727 
f 6172//12728 6381//12728 6379//12728 
f 6175//12729 6172//12729 6379//12729 
f 6175//12730 6379//12730 6377//12730 
f 6176//12731 6175//12731 6377//12731 
f 6176//12732 6377//12732 6375//12732 
f 6178//12733 6176//12733 6375//12733 
f 6178//12734 6374//12734 6372//12734 
f 6178//12735 6375//12735 6374//12735 
f 6180//12736 6178//12736 6372//12736 
f 6181//12737 6180//12737 6372//12737 
f 6181//12738 6372//12738 6369//12738 
f 6179//12739 6181//12739 6369//12739 
f 6179//12740 6369//12740 6367//12740 
f 6177//12741 6179//12741 6367//12741 
f 6177//12742 6367//12742 6365//12742 
f 6174//12743 6177//12743 6365//12743 
f 6174//12744 6363//12744 6361//12744 
f 6174//12745 6365//12745 6363//12745 
f 6173//12746 6174//12746 6361//12746 
f 6171//12747 6173//12747 6361//12747 
f 6171//12748 6359//12748 6357//12748 
f 6171//12749 6361//12749 6359//12749 
f 6168//12750 6171//12750 6357//12750 
f 6167//12751 6357//12751 6355//12751 
f 6167//12752 6168//12752 6357//12752 
f 6165//12753 6167//12753 6355//12753 
f 6165//12754 6355//12754 6353//12754 
f 6162//12755 6353//12755 6351//12755 
f 6162//12756 6165//12756 6353//12756 
f 6160//12757 6351//12757 6349//12757 
f 6160//12758 6162//12758 6351//12758 
f 6159//12759 6349//12759 6347//12759 
f 6159//12760 6160//12760 6349//12760 
f 6156//12761 6345//12761 6343//12761 
f 6156//12762 6347//12762 6345//12762 
f 6156//12763 6159//12763 6347//12763 
f 6155//12764 6156//12764 6343//12764 
f 6152//12765 6155//12765 6343//12765 
f 6152//12766 6343//12766 6341//12766 
f 6151//12767 6152//12767 6341//12767 
f 6151//12768 6341//12768 6339//12768 
f 6148//12769 6151//12769 6339//12769 
f 6148//12770 6337//12770 6335//12770 
f 6148//12771 6339//12771 6337//12771 
f 6147//12772 6148//12772 6335//12772 
f 6144//12773 6147//12773 6335//12773 
f 6144//12774 6335//12774 6333//12774 
f 6141//12775 6144//12775 6333//12775 
f 6141//12776 6333//12776 6331//12776 
f 6140//12777 6141//12777 6331//12777 
f 6140//12778 6331//12778 6329//12778 
f 6138//12779 6140//12779 6329//12779 
f 6138//12780 6329//12780 6327//12780 
f 6136//12781 6138//12781 6327//12781 
f 6136//12782 6327//12782 6325//12782 
f 6134//12783 6136//12783 6325//12783 
f 6134//12784 6325//12784 6323//12784 
f 6132//12785 6134//12785 6323//12785 
f 6132//12786 6321//12786 6319//12786 
f 6132//12787 6323//12787 6321//12787 
f 6130//12788 6132//12788 6319//12788 
f 6128//12789 6130//12789 6319//12789 
f 6128//12790 6317//12790 6315//12790 
f 6128//12791 6319//12791 6317//12791 
f 6127//12792 6315//12792 6313//12792 
f 6127//12793 6128//12793 6315//12793 
f 6124//12794 6127//12794 6313//12794 
f 6122//12795 6313//12795 6311//12795 
f 6122//12796 6124//12796 6313//12796 
f 6120//12797 6311//12797 6308//12797 
f 6120//12798 6122//12798 6311//12798 
f 6118//12799 6308//12799 6309//12799 
f 6118//12800 6120//12800 6308//12800 
f 6116//12801 6309//12801 6310//12801 
f 6116//12802 6118//12802 6309//12802 
f 6114//12803 6310//12803 6312//12803 
f 6114//12804 6116//12804 6310//12804 
f 6112//12805 6312//12805 6314//12805 
f 6112//12806 6114//12806 6312//12806 
f 6110//12807 6314//12807 6316//12807 
f 6110//12808 6112//12808 6314//12808 
f 6108//12809 6318//12809 6320//12809 
f 6108//12810 6316//12810 6318//12810 
f 6108//12811 6110//12811 6316//12811 
f 6106//12812 6108//12812 6320//12812 
f 6104//12813 6320//12813 6322//12813 
f 6104//12814 6106//12814 6320//12814 
f 6102//12815 6104//12815 6322//12815 
f 6102//12816 6322//12816 6324//12816 
f 6100//12817 6102//12817 6324//12817 
f 6100//12818 6324//12818 6326//12818 
f 6098//12819 6100//12819 6326//12819 
f 6098//12820 6326//12820 6328//12820 
f 6096//12821 6098//12821 6328//12821 
f 6096//12822 6328//12822 6330//12822 
f 6094//12823 6096//12823 6330//12823 
f 6094//12824 6330//12824 6332//12824 
f 6092//12825 6094//12825 6332//12825 
f 6092//12826 6332//12826 6334//12826 
f 6090//12827 6092//12827 6334//12827 
f 6090//12828 6334//12828 6336//12828 
f 6088//12829 6090//12829 6336//12829 
f 6088//12830 6336//12830 6338//12830 
f 6086//12831 6338//12831 6340//12831 
f 6086//12832 6088//12832 6338//12832 
f 6084//12833 6342//12833 6344//12833 
f 6084//12834 6340//12834 6342//12834 
f 6084//12835 6086//12835 6340//12835 
f 6082//12836 6084//12836 6344//12836 
f 6080//12837 6346//12837 6348//12837 
f 6080//12838 6344//12838 6346//12838 
f 6080//12839 6082//12839 6344//12839 
f 6078//12840 6080//12840 6348//12840 
f 6076//12841 6348//12841 6350//12841 
f 6076//12842 6078//12842 6348//12842 
f 6074//12843 6350//12843 6352//12843 
f 6074//12844 6076//12844 6350//12844 
f 6072//12845 6352//12845 6354//12845 
f 6072//12846 6074//12846 6352//12846 
f 6070//12847 6354//12847 6356//12847 
f 6070//12848 6072//12848 6354//12848 
f 6068//12849 6356//12849 6358//12849 
f 6068//12850 6070//12850 6356//12850 
f 6066//12851 6358//12851 6360//12851 
f 6066//12852 6068//12852 6358//12852 
f 6064//12853 6360//12853 6362//12853 
f 6064//12854 6066//12854 6360//12854 
f 6062//12855 6362//12855 6364//12855 
f 6062//12856 6064//12856 6362//12856 
f 6060//12857 6364//12857 6366//12857 
f 6060//12858 6062//12858 6364//12858 
f 6058//12859 6366//12859 6368//12859 
f 6058//12860 6060//12860 6366//12860 
f 6056//12861 6368//12861 6370//12861 
f 6056//12862 6058//12862 6368//12862 
f 6057//12863 6370//12863 6371//12863 
f 6057//12864 6056//12864 6370//12864 
f 6059//12865 6371//12865 6373//12865 
f 6059//12866 6057//12866 6371//12866 
f 6061//12867 6059//12867 6373//12867 
f 6061//12868 6373//12868 6376//12868 
f 6063//12869 6061//12869 6376//12869 
f 6063//12870 6376//12870 6378//12870 
f 6065//12871 6378//12871 6380//12871 
f 6065//12872 6063//12872 6378//12872 
f 6067//12873 6065//12873 6380//12873 
f 6067//12874 6380//12874 6383//12874 
f 6069//12875 6383//12875 6385//12875 
f 6069//12876 6067//12876 6383//12876 
f 6071//12877 6385//12877 6384//12877 
f 6071//12878 6069//12878 6385//12878 
f 6073//12879 6384//12879 6387//12879 
f 6073//12880 6071//12880 6384//12880 
f 6075//12881 6387//12881 6390//12881 
f 6075//12882 6073//12882 6387//12882 
f 6077//12883 6390//12883 6393//12883 
f 6077//12884 6075//12884 6390//12884 
f 6079//12885 6393//12885 6394//12885 
f 6079//12886 6077//12886 6393//12886 
f 6081//12887 6394//12887 6396//12887 
f 6081//12888 6079//12888 6394//12888 
f 6083//12889 6396//12889 6398//12889 
f 6083//12890 6081//12890 6396//12890 
f 6085//12891 6398//12891 6401//12891 
f 6085//12892 6083//12892 6398//12892 
f 6087//12893 6401//12893 6400//12893 
f 6087//12894 6085//12894 6401//12894 
f 6215//12895 6213//12895 6530//12895 
f 6215//12896 6534//12896 6533//12896 
f 6215//12897 6530//12897 6534//12897 
f 6217//12898 6215//12898 6533//12898 
f 6219//12899 6533//12899 6536//12899 
f 6219//12900 6217//12900 6533//12900 
f 6221//12901 6536//12901 6538//12901 
f 6221//12902 6219//12902 6536//12902 
f 6223//12903 6538//12903 6540//12903 
f 6223//12904 6221//12904 6538//12904 
f 6225//12905 6543//12905 6546//12905 
f 6225//12906 6540//12906 6543//12906 
f 6225//12907 6223//12907 6540//12907 
f 6227//12908 6225//12908 6546//12908 
f 6229//12909 6546//12909 6547//12909 
f 6229//12910 6227//12910 6546//12910 
f 6231//12911 6547//12911 6550//12911 
f 6231//12912 6229//12912 6547//12912 
f 6233//12913 6550//12913 6552//12913 
f 6233//12914 6231//12914 6550//12914 
f 6235//12915 6233//12915 6552//12915 
f 6235//12916 6551//12916 6556//12916 
f 6235//12917 6552//12917 6551//12917 
f 6237//12918 6235//12918 6556//12918 
f 6239//12919 6237//12919 6556//12919 
f 6239//12920 6555//12920 6559//12920 
f 6239//12921 6556//12921 6555//12921 
f 6241//12922 6239//12922 6559//12922 
f 6243//12923 6559//12923 6436//12923 
f 6243//12924 6241//12924 6559//12924 
f 6245//12925 6436//12925 6435//12925 
f 6245//12926 6243//12926 6436//12926 
f 6247//12927 6435//12927 6434//12927 
f 6247//12928 6245//12928 6435//12928 
f 6248//12929 6434//12929 6558//12929 
f 6248//12930 6247//12930 6434//12930 
f 6250//12931 6557//12931 6554//12931 
f 6250//12932 6558//12932 6557//12932 
f 6250//12933 6248//12933 6558//12933 
f 6253//12934 6250//12934 6554//12934 
f 6255//12935 6554//12935 6553//12935 
f 6255//12936 6253//12936 6554//12936 
f 6257//12937 6553//12937 6549//12937 
f 6257//12938 6255//12938 6553//12938 
f 6259//12939 6549//12939 6548//12939 
f 6259//12940 6257//12940 6549//12940 
f 6261//12941 6548//12941 6545//12941 
f 6261//12942 6259//12942 6548//12942 
f 6263//12943 6545//12943 6544//12943 
f 6263//12944 6261//12944 6545//12944 
f 6265//12945 6544//12945 6542//12945 
f 6265//12946 6263//12946 6544//12946 
f 6267//12947 6542//12947 6541//12947 
f 6267//12948 6265//12948 6542//12948 
f 6267//12949 6541//12949 6539//12949 
f 6269//12950 6267//12950 6539//12950 
f 6271//12951 6269//12951 6539//12951 
f 6271//12952 6537//12952 6535//12952 
f 6271//12953 6539//12953 6537//12953 
f 6273//12954 6271//12954 6535//12954 
f 6273//12955 6535//12955 6532//12955 
f 6275//12956 6273//12956 6532//12956 
f 6276//12957 6275//12957 6532//12957 
f 6276//12958 6532//12958 6531//12958 
f 6279//12959 6276//12959 6531//12959 
f 6279//12960 6531//12960 6529//12960 
f 6281//12961 6526//12961 6524//12961 
f 6281//12962 6529//12962 6526//12962 
f 6281//12963 6279//12963 6529//12963 
f 6282//12964 6281//12964 6524//12964 
f 6285//12965 6282//12965 6524//12965 
f 6285//12966 6524//12966 6523//12966 
f 6286//12967 6285//12967 6523//12967 
f 6286//12968 6523//12968 6519//12968 
f 6290//12969 6286//12969 6519//12969 
f 6290//12970 6519//12970 6518//12970 
f 6292//12971 6290//12971 6518//12971 
f 6292//12972 6518//12972 6516//12972 
f 6293//12973 6292//12973 6516//12973 
f 6293//12974 6516//12974 6515//12974 
f 6296//12975 6293//12975 6515//12975 
f 6296//12976 6515//12976 6512//12976 
f 6298//12977 6296//12977 6512//12977 
f 6298//12978 6512//12978 6511//12978 
f 6299//12979 6298//12979 6511//12979 
f 6299//12980 6509//12980 6506//12980 
f 6299//12981 6511//12981 6509//12981 
f 6302//12982 6299//12982 6506//12982 
f 6303//12983 6302//12983 6506//12983 
f 6303//12984 6506//12984 6504//12984 
f 6304//12985 6303//12985 6504//12985 
f 6304//12986 6503//12986 6501//12986 
f 6304//12987 6504//12987 6503//12987 
f 6307//12988 6304//12988 6501//12988 
f 6306//12989 6307//12989 6501//12989 
f 6306//12990 6501//12990 6498//12990 
f 6305//12991 6306//12991 6498//12991 
f 6305//12992 6496//12992 6494//12992 
f 6305//12993 6498//12993 6496//12993 
f 6301//12994 6305//12994 6494//12994 
f 6301//12995 6494//12995 6492//12995 
f 6300//12996 6301//12996 6492//12996 
f 6300//12997 6492//12997 6490//12997 
f 6297//12998 6300//12998 6490//12998 
f 6295//12999 6297//12999 6490//12999 
f 6295//13000 6488//13000 6486//13000 
f 6295//13001 6490//13001 6488//13001 
f 6294//13002 6295//13002 6486//13002 
f 6291//13003 6486//13003 6484//13003 
f 6291//13004 6294//13004 6486//13004 
f 6289//13005 6291//13005 6484//13005 
f 6289//13006 6484//13006 6482//13006 
f 6288//13007 6482//13007 6480//13007 
f 6288//13008 6289//13008 6482//13008 
f 6287//13009 6478//13009 6476//13009 
f 6287//13010 6480//13010 6478//13010 
f 6287//13011 6288//13011 6480//13011 
f 6284//13012 6287//13012 6476//13012 
f 6283//13013 6474//13013 6472//13013 
f 6283//13014 6476//13014 6474//13014 
f 6283//13015 6284//13015 6476//13015 
f 6280//13016 6472//13016 6470//13016 
f 6280//13017 6283//13017 6472//13017 
f 6278//13018 6280//13018 6470//13018 
f 6277//13019 6278//13019 6470//13019 
f 6277//13020 6468//13020 6466//13020 
f 6277//13021 6470//13021 6468//13021 
f 6274//13022 6277//13022 6466//13022 
f 6272//13023 6274//13023 6466//13023 
f 6272//13024 6466//13024 6464//13024 
f 6270//13025 6272//13025 6464//13025 
f 6270//13026 6464//13026 6462//13026 
f 6268//13027 6270//13027 6462//13027 
f 6268//13028 6462//13028 6460//13028 
f 6266//13029 6268//13029 6460//13029 
f 6266//13030 6460//13030 6458//13030 
f 6264//13031 6266//13031 6458//13031 
f 6264//13032 6458//13032 6456//13032 
f 6262//13033 6264//13033 6456//13033 
f 6262//13034 6456//13034 6454//13034 
f 6260//13035 6262//13035 6454//13035 
f 6260//13036 6454//13036 6452//13036 
f 6258//13037 6260//13037 6452//13037 
f 6258//13038 6452//13038 6450//13038 
f 6256//13039 6258//13039 6450//13039 
f 6256//13040 6450//13040 6448//13040 
f 6254//13041 6256//13041 6448//13041 
f 6254//13042 6446//13042 6444//13042 
f 6254//13043 6448//13043 6446//13043 
f 6252//13044 6254//13044 6444//13044 
f 6251//13045 6444//13045 6442//13045 
f 6251//13046 6252//13046 6444//13046 
f 6249//13047 6442//13047 6440//13047 
f 6249//13048 6251//13048 6442//13048 
f 6246//13049 6440//13049 6437//13049 
f 6246//13050 6249//13050 6440//13050 
f 6244//13051 6437//13051 6438//13051 
f 6244//13052 6246//13052 6437//13052 
f 6242//13053 6438//13053 6439//13053 
f 6242//13054 6244//13054 6438//13054 
f 6240//13055 6439//13055 6441//13055 
f 6240//13056 6242//13056 6439//13056 
f 6238//13057 6441//13057 6443//13057 
f 6238//13058 6240//13058 6441//13058 
f 6236//13059 6443//13059 6445//13059 
f 6236//13060 6238//13060 6443//13060 
f 6234//13061 6445//13061 6447//13061 
f 6234//13062 6236//13062 6445//13062 
f 6232//13063 6447//13063 6449//13063 
f 6232//13064 6234//13064 6447//13064 
f 6230//13065 6449//13065 6451//13065 
f 6230//13066 6232//13066 6449//13066 
f 6228//13067 6230//13067 6451//13067 
f 6228//13068 6451//13068 6453//13068 
f 6226//13069 6228//13069 6453//13069 
f 6226//13070 6453//13070 6455//13070 
f 6224//13071 6226//13071 6455//13071 
f 6224//13072 6455//13072 6457//13072 
f 6222//13073 6224//13073 6457//13073 
f 6222//13074 6457//13074 6459//13074 
f 6220//13075 6222//13075 6459//13075 
f 6220//13076 6459//13076 6461//13076 
f 6218//13077 6220//13077 6461//13077 
f 6218//13078 6461//13078 6463//13078 
f 6216//13079 6218//13079 6463//13079 
f 6216//13080 6463//13080 6465//13080 
f 6214//13081 6216//13081 6465//13081 
f 6214//13082 6465//13082 6467//13082 
f 6212//13083 6467//13083 6469//13083 
f 6212//13084 6214//13084 6467//13084 
f 6210//13085 6469//13085 6471//13085 
f 6210//13086 6212//13086 6469//13086 
f 6208//13087 6471//13087 6473//13087 
f 6208//13088 6210//13088 6471//13088 
f 6206//13089 6473//13089 6475//13089 
f 6206//13090 6208//13090 6473//13090 
f 6204//13091 6475//13091 6477//13091 
f 6204//13092 6206//13092 6475//13092 
f 6202//13093 6477//13093 6479//13093 
f 6202//13094 6204//13094 6477//13094 
f 6200//13095 6481//13095 6483//13095 
f 6200//13096 6479//13096 6481//13096 
f 6200//13097 6202//13097 6479//13097 
f 6198//13098 6200//13098 6483//13098 
f 6196//13099 6483//13099 6485//13099 
f 6196//13100 6198//13100 6483//13100 
f 6194//13101 6485//13101 6487//13101 
f 6194//13102 6196//13102 6485//13102 
f 6192//13103 6487//13103 6489//13103 
f 6192//13104 6194//13104 6487//13104 
f 6190//13105 6489//13105 6491//13105 
f 6190//13106 6192//13106 6489//13106 
f 6188//13107 6493//13107 6495//13107 
f 6188//13108 6491//13108 6493//13108 
f 6188//13109 6190//13109 6491//13109 
f 6186//13110 6188//13110 6495//13110 
f 6184//13111 6495//13111 6497//13111 
f 6184//13112 6186//13112 6495//13112 
f 6182//13113 6497//13113 6499//13113 
f 6182//13114 6184//13114 6497//13114 
f 6183//13115 6499//13115 6500//13115 
f 6183//13116 6182//13116 6499//13116 
f 6185//13117 6500//13117 6502//13117 
f 6185//13118 6183//13118 6500//13118 
f 6187//13119 6185//13119 6502//13119 
f 6187//13120 6505//13120 6508//13120 
f 6187//13121 6502//13121 6505//13121 
f 6189//13122 6187//13122 6508//13122 
f 6191//13123 6189//13123 6508//13123 
f 6191//13124 6508//13124 6507//13124 
f 6193//13125 6191//13125 6507//13125 
f 6193//13126 6507//13126 6510//13126 
f 6195//13127 6510//13127 6514//13127 
f 6195//13128 6193//13128 6510//13128 
f 6197//13129 6514//13129 6513//13129 
f 6197//13130 6195//13130 6514//13130 
f 6199//13131 6513//13131 6517//13131 
f 6199//13132 6197//13132 6513//13132 
f 6201//13133 6517//13133 6520//13133 
f 6201//13134 6199//13134 6517//13134 
f 6203//13135 6520//13135 6522//13135 
f 6203//13136 6201//13136 6520//13136 
f 6205//13137 6522//13137 6521//13137 
f 6205//13138 6203//13138 6522//13138 
f 6207//13139 6521//13139 6525//13139 
f 6207//13140 6205//13140 6521//13140 
f 6209//13141 6525//13141 6528//13141 
f 6209//13142 6207//13142 6525//13142 
f 6211//13143 6528//13143 6527//13143 
f 6211//13144 6209//13144 6528//13144 
f 6213//13145 6527//13145 6530//13145 
f 6213//13146 6211//13146 6527//13146 
