ISO-10303-21;
HEADER;
FILE_DESCRIPTION (( 'STEP AP203' ),
    '1' );
FILE_NAME ('YG-J26A-0000-000.step',
    '2020-10-16T07:24:06',
    ( 'Admin' ),
    ( '' ),
    'SwSTEP 2.0',
    'SolidWorks 2019',
    '' );
FILE_SCHEMA (( 'CONFIG_CONTROL_DESIGN' ));
ENDSEC;

DATA;
#1 = CARTESIAN_POINT ( 'NONE',  ( -37.00000000000174794, 14.43999999997367922, 130.0000000000000000 ) ) ;
#2 = ORIENTED_EDGE ( 'NONE', *, *, #3783, .T. ) ;
#3 = PERSON_AND_ORGANIZATION ( #7757, #5787 ) ;
#4 = EDGE_CURVE ( 'NONE', #5969, #4830, #3203, .T. ) ;
#5 = CARTESIAN_POINT ( 'NONE',  ( 34.99999999999834444, 5.831893559007534478, 130.0000000000000000 ) ) ;
#6 = DIRECTION ( 'NONE',  ( -0.000000000000000000, 0.000000000000000000, 1.000000000000000000 ) ) ;
#7 = LINE ( 'NONE', #2469, #5025 ) ;
#8 = CARTESIAN_POINT ( 'NONE',  ( 43.50000000000024158, -0.6000000000020017099, 113.0000000000000142 ) ) ;
#9 = AXIS2_PLACEMENT_3D ( 'NONE', #7151, #1112, #4107 ) ;
#10 = EDGE_CURVE ( 'NONE', #2200, #7088, #1380, .T. ) ;
#11 = DIRECTION ( 'NONE',  ( -0.000000000000000000, -0.000000000000000000, -1.000000000000000000 ) ) ;
#12 = DIRECTION ( 'NONE',  ( -0.5000000000000009992, 0.000000000000000000, 0.8660254037844380415 ) ) ;
#13 = DIRECTION ( 'NONE',  ( 4.625929269276766746E-15, -1.000000000000000000, 0.000000000000000000 ) ) ;
#14 = ORIENTED_EDGE ( 'NONE', *, *, #7104, .T. ) ;
#15 = EDGE_LOOP ( 'NONE', ( #6743, #6876, #225, #7548 ) ) ;
#16 = VECTOR ( 'NONE', #5239, 1000.000000000000000 ) ;
#17 = EDGE_CURVE ( 'NONE', #3841, #3299, #6100, .T. ) ;
#18 = CARTESIAN_POINT ( 'NONE',  ( -33.12500000000197531, 37.33602648021682313, 0.000000000000000000 ) ) ;
#19 = CARTESIAN_POINT ( 'NONE',  ( -38.50000000000006395, 23.43999999998467132, 0.000000000000000000 ) ) ;
#20 = DIRECTION ( 'NONE',  ( 1.000000000000000000, 0.000000000000000000, 0.000000000000000000 ) ) ;
#21 = AXIS2_PLACEMENT_3D ( 'NONE', #3865, #2052, #83 ) ;
#22 = ORIENTED_EDGE ( 'NONE', *, *, #568, .F. ) ;
#23 = ADVANCED_FACE ( 'NONE', ( #7230 ), #4192, .F. ) ;
#24 = EDGE_CURVE ( 'NONE', #935, #4098, #5299, .T. ) ;
#25 = CARTESIAN_POINT ( 'NONE',  ( 41.50000000000024158, -0.6000000000020094815, 130.0000000000000000 ) ) ;
#26 = CARTESIAN_POINT ( 'NONE',  ( 38.49999999999813127, 20.43999999998127493, 130.0000000000000000 ) ) ;
#27 = DIRECTION ( 'NONE',  ( 1.000000000000000000, 0.000000000000000000, 0.000000000000000000 ) ) ;
#28 = DIRECTION ( 'NONE',  ( 0.000000000000000000, 0.000000000000000000, 1.000000000000000000 ) ) ;
#29 = APPROVAL_ROLE ( '' ) ;
#30 = ORIENTED_EDGE ( 'NONE', *, *, #2543, .F. ) ;
#31 = AXIS2_PLACEMENT_3D ( 'NONE', #4810, #4236, #1688 ) ;
#32 = CARTESIAN_POINT ( 'NONE',  ( -36.50000000000034106, 37.99999999999835154, 0.000000000000000000 ) ) ;
#33 = ORIENTED_EDGE ( 'NONE', *, *, #2374, .T. ) ;
#34 = CARTESIAN_POINT ( 'NONE',  ( -41.49999999999974420, -8.600000000003408474, 17.00000000000000000 ) ) ;
#35 = VECTOR ( 'NONE', #7020, 999.9999999999998863 ) ;
#36 = ORIENTED_EDGE ( 'NONE', *, *, #781, .F. ) ;
#37 = ORIENTED_EDGE ( 'NONE', *, *, #6921, .T. ) ;
#38 = LINE ( 'NONE', #7678, #2638 ) ;
#39 = EDGE_CURVE ( 'NONE', #8079, #2419, #2156, .T. ) ;
#40 = APPROVAL_ROLE ( '' ) ;
#41 = PLANE ( 'NONE',  #7006 ) ;
#42 = CARTESIAN_POINT ( 'NONE',  ( 35.00000000000191847, 36.99999999999725731, 0.7499999999999952260 ) ) ;
#43 = ORIENTED_EDGE ( 'NONE', *, *, #3835, .F. ) ;
#44 = ORIENTED_EDGE ( 'NONE', *, *, #8088, .F. ) ;
#45 = ORIENTED_EDGE ( 'NONE', *, *, #3418, .F. ) ;
#46 = ORIENTED_EDGE ( 'NONE', *, *, #4204, .F. ) ;
#47 = CARTESIAN_POINT ( 'NONE',  ( 31.99999999999835509, 2.999999999997227107, 2.000000000000000000 ) ) ;
#48 = EDGE_CURVE ( 'NONE', #2257, #6204, #4739, .T. ) ;
#49 = ORIENTED_EDGE ( 'NONE', *, *, #3745, .F. ) ;
#50 = SHAPE_DEFINITION_REPRESENTATION ( #6449, #180 ) ;
#51 = CARTESIAN_POINT ( 'NONE',  ( 2.094678597250303244E-15, -0.6000000000021543656, 130.0000000000000000 ) ) ;
#52 = DIRECTION ( 'NONE',  ( -1.000000000000000000, -4.625929269276767535E-15, 0.000000000000000000 ) ) ;
#53 = CARTESIAN_POINT ( 'NONE',  ( 18.94999999999980389, 18.94999999999986784, 0.000000000000000000 ) ) ;
#54 = CARTESIAN_POINT ( 'NONE',  ( -34.77748670276670850, 34.50992212319180652, 130.0000000000000000 ) ) ;
#55 = DIRECTION ( 'NONE',  ( 4.448008912757228678E-15, -1.000000000000000000, 0.000000000000000000 ) ) ;
#56 = DIRECTION ( 'NONE',  ( 1.000000000000000000, 0.000000000000000000, 0.000000000000000000 ) ) ;
#57 = EDGE_LOOP ( 'NONE', ( #2650, #46, #4255, #3710 ) ) ;
#58 = ORIENTED_EDGE ( 'NONE', *, *, #4496, .F. ) ;
#59 = VECTOR ( 'NONE', #1249, 1000.000000000000000 ) ;
#60 = LINE ( 'NONE', #7614, #487 ) ;
#61 = DIRECTION ( 'NONE',  ( -0.000000000000000000, -0.000000000000000000, -1.000000000000000000 ) ) ;
#62 = CARTESIAN_POINT ( 'NONE',  ( 38.49999999999815969, 12.99999999997161204, 130.0000000000000000 ) ) ;
#63 = VERTEX_POINT ( 'NONE', #5351 ) ;
#64 = CARTESIAN_POINT ( 'NONE',  ( 36.99999999999982236, 27.99999999998993871, 130.0000000000000000 ) ) ;
#65 = CARTESIAN_POINT ( 'NONE',  ( -38.49999999999786837, -8.881784197001252323E-13, 2.000000000000000000 ) ) ;
#66 = EDGE_CURVE ( 'NONE', #945, #1461, #7891, .T. ) ;
#67 = CARTESIAN_POINT ( 'NONE',  ( -34.50614573291555587, 34.08995298375382532, 0.000000000000000000 ) ) ;
#68 = VECTOR ( 'NONE', #4806, 1000.000000000000000 ) ;
#69 = CARTESIAN_POINT ( 'NONE',  ( -2.428612866357885950E-14, 6.999999999964145125, 0.000000000000000000 ) ) ;
#70 = COORDINATED_UNIVERSAL_TIME_OFFSET ( 8, 0, .AHEAD. ) ;
#71 = EDGE_CURVE ( 'NONE', #3300, #7358, #6387, .T. ) ;
#72 = ORIENTED_EDGE ( 'NONE', *, *, #276, .T. ) ;
#73 = EDGE_CURVE ( 'NONE', #2336, #5837, #5944, .T. ) ;
#74 = PLANE ( 'NONE',  #7396 ) ;
#75 = ORIENTED_EDGE ( 'NONE', *, *, #6256, .T. ) ;
#76 = VECTOR ( 'NONE', #284, 1000.000000000000000 ) ;
#77 = ADVANCED_FACE ( 'NONE', ( #5314 ), #299, .F. ) ;
#78 = LINE ( 'NONE', #1926, #993 ) ;
#79 = EDGE_LOOP ( 'NONE', ( #4613, #7281, #3320, #3315 ) ) ;
#80 = EDGE_LOOP ( 'NONE', ( #5228, #3683, #5052, #6503 ) ) ;
#81 = DIRECTION ( 'NONE',  ( 3.483287830750206171E-15, -1.000000000000000000, 0.000000000000000000 ) ) ;
#82 = AXIS2_PLACEMENT_3D ( 'NONE', #493, #1673, #4182 ) ;
#83 = DIRECTION ( 'NONE',  ( 1.000000000000000000, 0.000000000000000000, 0.000000000000000000 ) ) ;
#84 = CARTESIAN_POINT ( 'NONE',  ( 36.99999999999982236, 27.99999999998993871, 0.000000000000000000 ) ) ;
#85 = ORIENTED_EDGE ( 'NONE', *, *, #7044, .F. ) ;
#86 = AXIS2_PLACEMENT_3D ( 'NONE', #4170, #3552, #2413 ) ;
#87 = AXIS2_PLACEMENT_3D ( 'NONE', #2086, #6497, #850 ) ;
#88 = ORIENTED_EDGE ( 'NONE', *, *, #6062, .T. ) ;
#89 = VERTEX_POINT ( 'NONE', #3450 ) ;
#90 = DIRECTION ( 'NONE',  ( 0.000000000000000000, 1.694065894508599939E-16, -1.000000000000000000 ) ) ;
#91 = PERSON_AND_ORGANIZATION_ROLE ( 'classification_officer' ) ;
#92 = DIRECTION ( 'NONE',  ( 0.000000000000000000, 0.000000000000000000, 1.000000000000000000 ) ) ;
#93 = CARTESIAN_POINT ( 'NONE',  ( 0.000000000000000000, -0.6199999999999999956, -0.6199999999999999956 ) ) ;
#94 = CARTESIAN_POINT ( 'NONE',  ( 33.24999999999836575, 2.999999999997227107, 0.7499999999999947820 ) ) ;
#95 = AXIS2_PLACEMENT_3D ( 'NONE', #224, #3271, #6529 ) ;
#96 = EDGE_CURVE ( 'NONE', #5618, #3367, #2915, .T. ) ;
#97 = DIRECTION ( 'NONE',  ( -4.448008912757228678E-15, 1.000000000000000000, 0.000000000000000000 ) ) ;
#98 = CYLINDRICAL_SURFACE ( 'NONE', #3296, 1.500000000000000000 ) ;
#99 = CARTESIAN_POINT ( 'NONE',  ( 38.49999999999823785, 1.855190384027667663E-13, 130.0000000000000000 ) ) ;
#100 = VERTEX_POINT ( 'NONE', #994 ) ;
#101 = ORIENTED_EDGE ( 'NONE', *, *, #1712, .T. ) ;
#102 = CARTESIAN_POINT ( 'NONE',  ( -38.49999999999887734, 33.99999999999523226, 0.000000000000000000 ) ) ;
#103 = CARTESIAN_POINT ( 'NONE',  ( 32.99999999999721467, 6.899999999998694733, 0.000000000000000000 ) ) ;
#104 = DIRECTION ( 'NONE',  ( -1.000000000000000000, -3.469446951957591626E-15, 0.000000000000000000 ) ) ;
#105 = ORIENTED_EDGE ( 'NONE', *, *, #7526, .T. ) ;
#106 = LINE ( 'NONE', #7737, #2339 ) ;
#107 = AXIS2_PLACEMENT_3D ( 'NONE', #3566, #4359, #3074 ) ;
#108 = CC_DESIGN_APPROVAL ( #3153, ( #4175 ) ) ;
#109 = LINE ( 'NONE', #6819, #3007 ) ;
#110 = CARTESIAN_POINT ( 'NONE',  ( 38.49999999999821654, 1.855190384027667663E-13, 130.0000000000000000 ) ) ;
#111 = LINE ( 'NONE', #3806, #2568 ) ;
#112 = CALENDAR_DATE ( 2020, 16, 10 ) ;
#113 = ORIENTED_EDGE ( 'NONE', *, *, #2175, .F. ) ;
#114 = CC_DESIGN_SECURITY_CLASSIFICATION ( #4566, ( #8169 ) ) ;
#115 = EDGE_CURVE ( 'NONE', #7047, #7719, #2877, .T. ) ;
#116 = VECTOR ( 'NONE', #2654, 1000.000000000000000 ) ;
#117 = CARTESIAN_POINT ( 'NONE',  ( -1.434038073475494232E-13, 30.99999999999343459, 0.000000000000000000 ) ) ;
#118 = AXIS2_PLACEMENT_3D ( 'NONE', #4783, #4747, #3388 ) ;
#119 = EDGE_CURVE ( 'NONE', #1128, #6944, #2271, .T. ) ;
#120 = CARTESIAN_POINT ( 'NONE',  ( 38.50000000000175504, -0.6000000000020224711, 0.000000000000000000 ) ) ;
#121 = ORIENTED_EDGE ( 'NONE', *, *, #3125, .T. ) ;
#122 = AXIS2_PLACEMENT_3D ( 'NONE', #374, #2871, #5385 ) ;
#123 = AXIS2_PLACEMENT_3D ( 'NONE', #2149, #2798, #4649 ) ;
#124 = VERTEX_POINT ( 'NONE', #2191 ) ;
#125 = FACE_OUTER_BOUND ( 'NONE', #4971, .T. ) ;
#126 = EDGE_CURVE ( 'NONE', #2866, #7993, #1075, .T. ) ;
#127 = DIRECTION ( 'NONE',  ( -3.469446951957591626E-15, 1.000000000000000000, 0.000000000000000000 ) ) ;
#128 = SECURITY_CLASSIFICATION ( '', '', #7908 ) ;
#129 = ORIENTED_EDGE ( 'NONE', *, *, #871, .T. ) ;
#130 = AXIS2_PLACEMENT_3D ( 'NONE', #3851, #733, #3224 ) ;
#131 = CC_DESIGN_APPROVAL ( #7189, ( #5967 ) ) ;
#132 = EDGE_CURVE ( 'NONE', #6697, #6822, #3617, .T. ) ;
#133 = VERTEX_POINT ( 'NONE', #551 ) ;
#134 = ORIENTED_EDGE ( 'NONE', *, *, #4453, .F. ) ;
#135 = LINE ( 'NONE', #2642, #5316 ) ;
#136 = COORDINATED_UNIVERSAL_TIME_OFFSET ( 8, 0, .AHEAD. ) ;
#137 = CARTESIAN_POINT ( 'NONE',  ( -33.89073051573095086, 34.75957119923914007, 130.0000000000000000 ) ) ;
#138 = CARTESIAN_POINT ( 'NONE',  ( 38.49999999999817391, 8.439999999966607547, 130.0000000000000000 ) ) ;
#139 = LINE ( 'NONE', #7606, #4699 ) ;
#140 = CARTESIAN_POINT ( 'NONE',  ( 0.8249999999999999556, 0.3200000000000000067, 0.3200000000000000067 ) ) ;
#141 = CIRCLE ( 'NONE', #7896, 0.2500000000002500222 ) ;
#142 = CARTESIAN_POINT ( 'NONE',  ( 0.8249999999999992895, -1.123686027918558761, 0.3199999999999993405 ) ) ;
#143 = ORIENTED_EDGE ( 'NONE', *, *, #3332, .T. ) ;
#144 = EDGE_LOOP ( 'NONE', ( #1837, #6744, #7046, #6933 ) ) ;
#145 = ADVANCED_FACE ( 'NONE', ( #4235 ), #6898, .F. ) ;
#146 = VECTOR ( 'NONE', #1399, 1000.000000000000000 ) ;
#147 = DIRECTION ( 'NONE',  ( 1.000000000000000000, 0.000000000000000000, 0.000000000000000000 ) ) ;
#148 = FACE_OUTER_BOUND ( 'NONE', #3648, .T. ) ;
#149 = LINE ( 'NONE', #3958, #3773 ) ;
#150 = ORIENTED_EDGE ( 'NONE', *, *, #5106, .T. ) ;
#151 = DIRECTION ( 'NONE',  ( -1.000000000000000000, -3.469446951957575454E-15, 0.000000000000000000 ) ) ;
#152 = DIRECTION ( 'NONE',  ( -0.000000000000000000, -0.000000000000000000, -1.000000000000000000 ) ) ;
#153 = AXIS2_PLACEMENT_3D ( 'NONE', #7655, #248, #834 ) ;
#154 = DIRECTION ( 'NONE',  ( -1.000000000000000000, -3.469446951953611033E-15, 0.000000000000000000 ) ) ;
#155 = APPROVAL_DATE_TIME ( #5798, #2350 ) ;
#156 = ORIENTED_EDGE ( 'NONE', *, *, #7895, .F. ) ;
#157 = VECTOR ( 'NONE', #3687, 1000.000000000000000 ) ;
#158 = CARTESIAN_POINT ( 'NONE',  ( 34.99999999999875655, 9.149999999997218580, 130.0000000000000000 ) ) ;
#159 = EDGE_LOOP ( 'NONE', ( #4341, #6243, #621, #7539 ) ) ;
#160 = VERTEX_POINT ( 'NONE', #3135 ) ;
#161 = DIRECTION ( 'NONE',  ( 1.000000000000000000, 4.625929269276788045E-15, 0.000000000000000000 ) ) ;
#162 = DIRECTION ( 'NONE',  ( 4.448008912757228678E-15, -1.000000000000000000, 0.000000000000000000 ) ) ;
#163 = ORIENTED_EDGE ( 'NONE', *, *, #4748, .T. ) ;
#164 = VECTOR ( 'NONE', #3149, 1000.000000000000000 ) ;
#165 = EDGE_CURVE ( 'NONE', #5414, #5752, #4278, .T. ) ;
#166 = VERTEX_POINT ( 'NONE', #3664 ) ;
#167 = EDGE_LOOP ( 'NONE', ( #6750, #1562, #7326, #198 ) ) ;
#168 = PLANE ( 'NONE',  #4007 ) ;
#169 = CONTEXT_DEPENDENT_SHAPE_REPRESENTATION ( #2090, #5048 ) ;
#170 = EDGE_CURVE ( 'NONE', #6032, #4398, #4989, .T. ) ;
#171 = PLANE ( 'NONE',  #293 ) ;
#172 = ADVANCED_FACE ( 'NONE', ( #5037 ), #2435, .T. ) ;
#173 = DIRECTION ( 'NONE',  ( 1.000000000000000000, -0.000000000000000000, -0.000000000000000000 ) ) ;
#174 = LINE ( 'NONE', #3255, #1431 ) ;
#175 = AXIS2_PLACEMENT_3D ( 'NONE', #2288, #3554, #4056 ) ;
#176 = CARTESIAN_POINT ( 'NONE',  ( 35.00000000000002132, 34.16810644100655736, 130.0000000000000000 ) ) ;
#177 = CARTESIAN_POINT ( 'NONE',  ( -45.49999999999975842, 1.399999999996578204, 17.00000000000000000 ) ) ;
#178 = ORIENTED_EDGE ( 'NONE', *, *, #4431, .F. ) ;
#179 = ORIENTED_EDGE ( 'NONE', *, *, #1854, .T. ) ;
#180 = SHAPE_REPRESENTATION ( 'YG-J26A-0000-001', ( #8005 ), #5353 ) ;
#181 = LINE ( 'NONE', #7107, #7200 ) ;
#182 = DIRECTION ( 'NONE',  ( 1.000000000000000000, 4.818676322150017037E-15, -0.000000000000000000 ) ) ;
#183 = LINE ( 'NONE', #7109, #1154 ) ;
#184 = ORIENTED_EDGE ( 'NONE', *, *, #7550, .T. ) ;
#185 = APPROVAL ( #7831, 'UNKNOWN' ) ;
#186 = CARTESIAN_POINT ( 'NONE',  ( -37.00000000000169109, -1.645763297720249876E-13, 130.0000000000000000 ) ) ;
#187 = CARTESIAN_POINT ( 'NONE',  ( 34.74999999999980105, 10.39999999999720259, 130.0000000000000000 ) ) ;
#188 = EDGE_CURVE ( 'NONE', #4887, #2546, #5658, .T. ) ;
#189 = DIRECTION ( 'NONE',  ( -3.483287830750206171E-15, 1.000000000000000000, 0.000000000000000000 ) ) ;
#190 = AXIS2_PLACEMENT_3D ( 'NONE', #2804, #7853, #2235 ) ;
#191 = PRODUCT_DEFINITION_SHAPE ( 'NONE', 'NONE',  #8161 ) ;
#192 = VERTEX_POINT ( 'NONE', #8137 ) ;
#193 = DIRECTION ( 'NONE',  ( -1.000000000000000000, -3.516973622528387724E-15, 0.000000000000000000 ) ) ;
#194 = EDGE_LOOP ( 'NONE', ( #7839, #2337, #6296, #2701 ) ) ;
#195 = ORIENTED_EDGE ( 'NONE', *, *, #1537, .T. ) ;
#196 = FACE_OUTER_BOUND ( 'NONE', #4917, .T. ) ;
#197 = AXIS2_PLACEMENT_3D ( 'NONE', #3658, #1070, #2910 ) ;
#198 = ORIENTED_EDGE ( 'NONE', *, *, #1680, .T. ) ;
#199 = AXIS2_PLACEMENT_3D ( 'NONE', #2218, #5226, #321 ) ;
#200 = ORIENTED_EDGE ( 'NONE', *, *, #6373, .F. ) ;
#201 = ORIENTED_EDGE ( 'NONE', *, *, #2735, .T. ) ;
#202 = CARTESIAN_POINT ( 'NONE',  ( 1.084202172485499997E-16, 2.600000000000000533, 0.000000000000000000 ) ) ;
#203 = APPROVAL_DATE_TIME ( #7169, #3244 ) ;
#204 = DIRECTION ( 'NONE',  ( -0.000000000000000000, -0.000000000000000000, -1.000000000000000000 ) ) ;
#205 = FACE_BOUND ( 'NONE', #5592, .T. ) ;
#206 = LINE ( 'NONE', #3295, #1815 ) ;
#207 = AXIS2_PLACEMENT_3D ( 'NONE', #5259, #3359, #7907 ) ;
#208 = CARTESIAN_POINT ( 'NONE',  ( 0.000000000000000000, 10.14999999999665192, 130.0000000000000000 ) ) ;
#209 = AXIS2_PLACEMENT_3D ( 'NONE', #5483, #7275, #518 ) ;
#210 = FACE_OUTER_BOUND ( 'NONE', #2315, .T. ) ;
#211 = EDGE_CURVE ( 'NONE', #7462, #6826, #3044, .T. ) ;
#212 = EDGE_CURVE ( 'NONE', #6912, #3646, #6188, .T. ) ;
#213 = ORIENTED_EDGE ( 'NONE', *, *, #4230, .F. ) ;
#214 = ORIENTED_EDGE ( 'NONE', *, *, #6563, .F. ) ;
#215 = CARTESIAN_POINT ( 'NONE',  ( -37.00000000000166978, -1.645763297720248866E-13, 130.0000000000000000 ) ) ;
#216 = DIRECTION ( 'NONE',  ( -0.000000000000000000, -0.000000000000000000, 1.000000000000000000 ) ) ;
#217 = VECTOR ( 'NONE', #2154, 1000.000000000000000 ) ;
#218 = LINE ( 'NONE', #5164, #6816 ) ;
#219 = EDGE_CURVE ( 'NONE', #124, #3506, #640, .T. ) ;
#220 = ORIENTED_EDGE ( 'NONE', *, *, #7262, .T. ) ;
#221 = DIRECTION ( 'NONE',  ( 0.000000000000000000, -1.000000000000000000, 0.000000000000000000 ) ) ;
#222 = DIRECTION ( 'NONE',  ( 1.000000000000000000, 0.000000000000000000, 0.000000000000000000 ) ) ;
#223 = ADVANCED_FACE ( 'NONE', ( #1208 ), #3748, .T. ) ;
#224 = CARTESIAN_POINT ( 'NONE',  ( 48.49999999999799627, 2.403831102421357073E-13, 130.0000000000000000 ) ) ;
#225 = ORIENTED_EDGE ( 'NONE', *, *, #957, .T. ) ;
#226 = DIRECTION ( 'NONE',  ( 1.000000000000000000, 0.000000000000000000, 0.000000000000000000 ) ) ;
#227 = DIRECTION ( 'NONE',  ( 4.818676322150006782E-15, -1.000000000000000000, 0.000000000000000000 ) ) ;
#228 = FACE_OUTER_BOUND ( 'NONE', #3970, .T. ) ;
#229 = ORIENTED_EDGE ( 'NONE', *, *, #403, .T. ) ;
#230 = EDGE_CURVE ( 'NONE', #3471, #1377, #5963, .T. ) ;
#231 = VECTOR ( 'NONE', #5935, 1000.000000000000000 ) ;
#232 = ORIENTED_EDGE ( 'NONE', *, *, #5993, .T. ) ;
#233 = FACE_OUTER_BOUND ( 'NONE', #4118, .T. ) ;
#234 = EDGE_CURVE ( 'NONE', #3183, #4784, #5522, .T. ) ;
#235 = ORIENTED_EDGE ( 'NONE', *, *, #7504, .T. ) ;
#236 = AXIS2_PLACEMENT_3D ( 'NONE', #1286, #3700, #2389 ) ;
#237 = VECTOR ( 'NONE', #3264, 1000.000000000000000 ) ;
#238 = VERTEX_POINT ( 'NONE', #3797 ) ;
#239 = VERTEX_POINT ( 'NONE', #2950 ) ;
#240 = CARTESIAN_POINT ( 'NONE',  ( -38.49999999999998579, 1.399999999996602851, 0.000000000000000000 ) ) ;
#241 = APPROVAL_PERSON_ORGANIZATION ( #4603, #929, #2711 ) ;
#242 = AXIS2_PLACEMENT_3D ( 'NONE', #384, #4152, #2158 ) ;
#243 = DIRECTION ( 'NONE',  ( 1.000000000000000000, 3.483287830750206960E-15, 0.000000000000000000 ) ) ;
#244 = LOCAL_TIME ( 15, 24, 6.000000000000000000, #1353 ) ;
#245 = DIRECTION ( 'NONE',  ( -0.000000000000000000, -0.000000000000000000, -1.000000000000000000 ) ) ;
#246 = DIRECTION ( 'NONE',  ( -1.000000000000000000, -4.625929269276788834E-15, 0.000000000000000000 ) ) ;
#247 = LINE ( 'NONE', #7725, #7299 ) ;
#248 = DIRECTION ( 'NONE',  ( 0.000000000000000000, -1.000000000000000000, -2.541098841762900031E-16 ) ) ;
#249 = AXIS2_PLACEMENT_3D ( 'NONE', #3308, #3488, #956 ) ;
#250 = ORIENTED_EDGE ( 'NONE', *, *, #6255, .F. ) ;
#251 = ORIENTED_EDGE ( 'NONE', *, *, #917, .T. ) ;
#252 = CARTESIAN_POINT ( 'NONE',  ( 36.99999999999987210, 14.43999999997393502, 130.0000000000000000 ) ) ;
#253 = FACE_OUTER_BOUND ( 'NONE', #7083, .T. ) ;
#254 = DIRECTION ( 'NONE',  ( 0.000000000000000000, 1.000000000000000000, 2.541098841762900031E-16 ) ) ;
#255 = LINE ( 'NONE', #8001, #5621 ) ;
#256 = VECTOR ( 'NONE', #2275, 1000.000000000000000 ) ;
#257 = CARTESIAN_POINT ( 'NONE',  ( 36.99999999999987210, 12.99999999997160671, 0.000000000000000000 ) ) ;
#258 = DIRECTION ( 'NONE',  ( -1.000000000000000000, 0.000000000000000000, 0.000000000000000000 ) ) ;
#259 = DIRECTION ( 'NONE',  ( -0.000000000000000000, -0.000000000000000000, -1.000000000000000000 ) ) ;
#260 = ADVANCED_FACE ( 'NONE', ( #2479 ), #7392, .F. ) ;
#261 = VECTOR ( 'NONE', #7010, 1000.000000000000000 ) ;
#262 = ORIENTED_EDGE ( 'NONE', *, *, #4445, .F. ) ;
#263 = CARTESIAN_POINT ( 'NONE',  ( -47.90000000000294023, 1.399999999996569988, 130.0000000000000000 ) ) ;
#264 = EDGE_CURVE ( 'NONE', #2861, #6350, #4862, .T. ) ;
#265 = EDGE_CURVE ( 'NONE', #3426, #6589, #3000, .T. ) ;
#266 = LINE ( 'NONE', #2773, #2213 ) ;
#267 = AXIS2_PLACEMENT_3D ( 'NONE', #187, #2076, #222 ) ;
#268 = CARTESIAN_POINT ( 'NONE',  ( 41.50000000000023448, -0.6000000000020094815, 23.00000000000000711 ) ) ;
#269 = ORIENTED_EDGE ( 'NONE', *, *, #1769, .T. ) ;
#270 = ORIENTED_EDGE ( 'NONE', *, *, #627, .T. ) ;
#271 = DIRECTION ( 'NONE',  ( 0.000000000000000000, -1.000000000000000000, 0.000000000000000000 ) ) ;
#272 = DIRECTION ( 'NONE',  ( -3.483287830750206171E-15, 1.000000000000000000, 0.000000000000000000 ) ) ;
#273 = VERTEX_POINT ( 'NONE', #1775 ) ;
#274 = AXIS2_PLACEMENT_3D ( 'NONE', #358, #2859, #5371 ) ;
#275 = ADVANCED_BREP_SHAPE_REPRESENTATION ( '', ( #6054, #8005 ), #2860 ) ;
#276 = EDGE_CURVE ( 'NONE', #2709, #7735, #6811, .T. ) ;
#277 = EDGE_LOOP ( 'NONE', ( #1232, #1778, #2926, #7400 ) ) ;
#278 = ORIENTED_EDGE ( 'NONE', *, *, #3783, .F. ) ;
#279 = DIRECTION ( 'NONE',  ( -3.469446951952909342E-15, 1.000000000000000000, 0.000000000000000000 ) ) ;
#280 = DATE_AND_TIME ( #7135, #652 ) ;
#281 = CARTESIAN_POINT ( 'NONE',  ( 36.99999999999985079, 18.99999999997893951, 130.0000000000000000 ) ) ;
#282 = DIRECTION ( 'NONE',  ( 1.000000000000000000, 3.469446951953622866E-15, 0.000000000000000000 ) ) ;
#283 = AXIS2_PLACEMENT_3D ( 'NONE', #5050, #7581, #6386 ) ;
#284 = DIRECTION ( 'NONE',  ( -0.000000000000000000, -1.000000000000000000, -0.000000000000000000 ) ) ;
#285 = FACE_OUTER_BOUND ( 'NONE', #3954, .T. ) ;
#286 = ORIENTED_EDGE ( 'NONE', *, *, #1937, .T. ) ;
#287 = AXIS2_PLACEMENT_3D ( 'NONE', #4565, #3436, #2789 ) ;
#288 = ORIENTED_EDGE ( 'NONE', *, *, #5538, .F. ) ;
#289 = DIRECTION ( 'NONE',  ( -0.000000000000000000, 0.000000000000000000, 1.000000000000000000 ) ) ;
#290 = CALENDAR_DATE ( 2020, 16, 10 ) ;
#291 = CARTESIAN_POINT ( 'NONE',  ( -38.50000000000005684, 21.99999999998234301, 130.0000000000000000 ) ) ;
#292 = CARTESIAN_POINT ( 'NONE',  ( -1.361873576874721227E-13, 29.43999999999209649, 130.0000000000000000 ) ) ;
#293 = AXIS2_PLACEMENT_3D ( 'NONE', #6509, #1448, #7759 ) ;
#294 = LINE ( 'NONE', #2908, #888 ) ;
#295 = EDGE_CURVE ( 'NONE', #4521, #930, #3579, .T. ) ;
#296 = LINE ( 'NONE', #2116, #1623 ) ;
#297 = CARTESIAN_POINT ( 'NONE',  ( 38.49999999999818101, 6.999999999964280128, 130.0000000000000000 ) ) ;
#298 = DIRECTION ( 'NONE',  ( 1.000000000000000000, 0.000000000000000000, -0.000000000000000000 ) ) ;
#299 = PLANE ( 'NONE',  #190 ) ;
#300 = CYLINDRICAL_SURFACE ( 'NONE', #7208, 1.750000000000001554 ) ;
#301 = DIRECTION ( 'NONE',  ( 0.000000000000000000, -1.000000000000000000, 0.000000000000000000 ) ) ;
#302 = CARTESIAN_POINT ( 'NONE',  ( 0.8249999999999999556, 0.6199999999999999956, 0.6199999999999999956 ) ) ;
#303 = EDGE_LOOP ( 'NONE', ( #7093, #2321, #5733, #3018, #6299 ) ) ;
#304 = EDGE_CURVE ( 'NONE', #4355, #1506, #1344, .T. ) ;
#305 = ADVANCED_FACE ( 'NONE', ( #5790 ), #2611, .F. ) ;
#306 = VERTEX_POINT ( 'NONE', #7068 ) ;
#307 = DIRECTION ( 'NONE',  ( 0.000000000000000000, -0.000000000000000000, 1.000000000000000000 ) ) ;
#308 = EDGE_CURVE ( 'NONE', #5462, #6499, #837, .T. ) ;
#309 = VECTOR ( 'NONE', #6643, 1000.000000000000000 ) ;
#310 = DIRECTION ( 'NONE',  ( -1.000000000000000000, 0.000000000000000000, 0.000000000000000000 ) ) ;
#311 = EDGE_CURVE ( 'NONE', #3196, #2962, #728, .T. ) ;
#312 = ORIENTED_EDGE ( 'NONE', *, *, #6946, .T. ) ;
#313 = ORIENTED_EDGE ( 'NONE', *, *, #3975, .F. ) ;
#314 = VERTEX_POINT ( 'NONE', #6331 ) ;
#315 = LINE ( 'NONE', #2819, #2580 ) ;
#316 = AXIS2_PLACEMENT_3D ( 'NONE', #208, #2716, #2177 ) ;
#317 = CC_DESIGN_DATE_AND_TIME_ASSIGNMENT ( #828, #1481, ( #5235 ) ) ;
#318 = DATE_TIME_ROLE ( 'classification_date' ) ;
#319 = DIRECTION ( 'NONE',  ( 1.000000000000000000, 0.000000000000000000, 0.000000000000000000 ) ) ;
#320 = CARTESIAN_POINT ( 'NONE',  ( -34.77748670276670850, 34.50992212319180652, 130.0000000000000000 ) ) ;
#321 = DIRECTION ( 'NONE',  ( -1.000000000000000000, 0.000000000000000000, 0.000000000000000000 ) ) ;
#322 = AXIS2_PLACEMENT_3D ( 'NONE', #1876, #738, #1832 ) ;
#323 = CARTESIAN_POINT ( 'NONE',  ( 36.50000000000019895, 37.99999999999891998, 2.000000000000000000 ) ) ;
#324 = VERTEX_POINT ( 'NONE', #7731 ) ;
#325 = ORIENTED_EDGE ( 'NONE', *, *, #2815, .F. ) ;
#326 = DIRECTION ( 'NONE',  ( -0.000000000000000000, -0.000000000000000000, -1.000000000000000000 ) ) ;
#327 = EDGE_CURVE ( 'NONE', #1800, #2651, #691, .T. ) ;
#328 = PERSON_AND_ORGANIZATION ( #7757, #5787 ) ;
#329 = VECTOR ( 'NONE', #5509, 1000.000000000000000 ) ;
#330 = LINE ( 'NONE', #3524, #4950 ) ;
#331 = CYLINDRICAL_SURFACE ( 'NONE', #783, 0.7096046754429055081 ) ;
#332 = DIRECTION ( 'NONE',  ( 1.000000000000000000, 3.965082230808324988E-15, 0.000000000000000000 ) ) ;
#333 = LINE ( 'NONE', #3995, #2563 ) ;
#334 = CC_DESIGN_DATE_AND_TIME_ASSIGNMENT ( #6669, #2830, ( #5967 ) ) ;
#335 = LINE ( 'NONE', #2231, #1578 ) ;
#336 = DIRECTION ( 'NONE',  ( 1.000000000000000000, 3.469446951957591626E-15, 0.000000000000000000 ) ) ;
#337 = AXIS2_PLACEMENT_3D ( 'NONE', #7235, #4043, #1470 ) ;
#338 = ORIENTED_EDGE ( 'NONE', *, *, #6810, .T. ) ;
#339 = DIRECTION ( 'NONE',  ( 4.818676322150006782E-15, -1.000000000000000000, 0.000000000000000000 ) ) ;
#340 = ADVANCED_FACE ( 'NONE', ( #4575 ), #2688, .F. ) ;
#341 = CARTESIAN_POINT ( 'NONE',  ( -33.24999999999658939, 2.999999999997227107, 0.000000000000000000 ) ) ;
#342 = DIRECTION ( 'NONE',  ( -0.000000000000000000, -0.000000000000000000, -1.000000000000000000 ) ) ;
#343 = PLANE ( 'NONE',  #5082 ) ;
#344 = ORIENTED_EDGE ( 'NONE', *, *, #7582, .F. ) ;
#345 = VERTEX_POINT ( 'NONE', #4539 ) ;
#346 = CARTESIAN_POINT ( 'NONE',  ( -36.49999999999842260, 37.99999999999981526, 2.000000000000000000 ) ) ;
#347 = DIRECTION ( 'NONE',  ( 1.000000000000000000, 0.000000000000000000, 0.000000000000000000 ) ) ;
#348 = EDGE_LOOP ( 'NONE', ( #1561, #6711, #5337, #6029 ) ) ;
#349 = EDGE_CURVE ( 'NONE', #7985, #6697, #7032, .T. ) ;
#350 = VECTOR ( 'NONE', #5973, 1000.000000000000000 ) ;
#351 = ORGANIZATION ( 'NAUO-ORG10', 'UNSPECIFIED', 'UNSPECIFIED' ) ;
#352 = VECTOR ( 'NONE', #2398, 1000.000000000000000 ) ;
#353 = EDGE_LOOP ( 'NONE', ( #5215, #6357, #1581, #5122 ) ) ;
#354 = ORIENTED_EDGE ( 'NONE', *, *, #5653, .F. ) ;
#355 = EDGE_CURVE ( 'NONE', #7993, #6452, #3883, .T. ) ;
#356 = DIRECTION ( 'NONE',  ( -1.000000000000000000, -3.469446951952909342E-15, 0.000000000000000000 ) ) ;
#357 = DATE_AND_TIME ( #2172, #3274 ) ;
#358 = CARTESIAN_POINT ( 'NONE',  ( 34.99999999999836575, 2.999999999997227107, 2.000000000000000000 ) ) ;
#359 = ORIENTED_EDGE ( 'NONE', *, *, #4051, .F. ) ;
#360 = EDGE_CURVE ( 'NONE', #945, #1935, #60, .T. ) ;
#361 = ADVANCED_FACE ( 'NONE', ( #3220 ), #2569, .F. ) ;
#362 = VECTOR ( 'NONE', #7099, 1000.000000000000000 ) ;
#363 = VECTOR ( 'NONE', #606, 1000.000000000000000 ) ;
#364 = DIRECTION ( 'NONE',  ( -0.000000000000000000, -0.000000000000000000, -1.000000000000000000 ) ) ;
#365 = DIRECTION ( 'NONE',  ( 1.000000000000000000, 0.000000000000000000, 0.000000000000000000 ) ) ;
#366 = ORIENTED_EDGE ( 'NONE', *, *, #3151, .F. ) ;
#367 = EDGE_LOOP ( 'NONE', ( #2013, #924, #5439, #4962 ) ) ;
#368 = LINE ( 'NONE', #7878, #3219 ) ;
#369 = AXIS2_PLACEMENT_3D ( 'NONE', #3913, #1335, #5817 ) ;
#370 = AXIS2_PLACEMENT_3D ( 'NONE', #4576, #4030, #6489 ) ;
#371 = PERSON_AND_ORGANIZATION_ROLE ( 'classification_officer' ) ;
#372 = CARTESIAN_POINT ( 'NONE',  ( 33.24999999999619149, 10.14999999999689706, 0.000000000000000000 ) ) ;
#373 = PLANE ( 'NONE',  #6442 ) ;
#374 = CARTESIAN_POINT ( 'NONE',  ( 33.12499999999651124, 2.663973519775216126, 0.000000000000000000 ) ) ;
#375 = VECTOR ( 'NONE', #1691, 1000.000000000000000 ) ;
#376 = CC_DESIGN_APPROVAL ( #7053, ( #4706 ) ) ;
#377 = LINE ( 'NONE', #5275, #6767 ) ;
#378 = CARTESIAN_POINT ( 'NONE',  ( 0.000000000000000000, 1.999999999998304245, 130.0000000000000000 ) ) ;
#379 = CARTESIAN_POINT ( 'NONE',  ( -37.00000000000179057, 24.99999999998601652, 0.000000000000000000 ) ) ;
#380 = EDGE_CURVE ( 'NONE', #5326, #4789, #5125, .T. ) ;
#381 = CARTESIAN_POINT ( 'NONE',  ( 35.00000000000191847, 36.99999999999725731, 0.7499999999999952260 ) ) ;
#382 = CARTESIAN_POINT ( 'NONE',  ( -35.00000000000014211, 36.99999999999725731, 2.000000000000000000 ) ) ;
#383 = CARTESIAN_POINT ( 'NONE',  ( 38.49999999999811706, 23.43999999998494133, 130.0000000000000000 ) ) ;
#384 = CARTESIAN_POINT ( 'NONE',  ( -43.49999999999972999, -8.600000000003415579, 23.00000000000000000 ) ) ;
#385 = CARTESIAN_POINT ( 'NONE',  ( 34.99999999999836575, 2.999999999997227107, 2.000000000000000000 ) ) ;
#386 = CARTESIAN_POINT ( 'NONE',  ( 38.50000000000086686, 37.99999999999891998, 2.000000000000000000 ) ) ;
#387 = ORIENTED_EDGE ( 'NONE', *, *, #6973, .T. ) ;
#388 = ADVANCED_FACE ( 'NONE', ( #7769 ), #4615, .T. ) ;
#389 = ORIENTED_EDGE ( 'NONE', *, *, #736, .F. ) ;
#390 = SHAPE_REPRESENTATION_RELATIONSHIP ( 'NONE' , 'NONE' ,  #2699, #8053 ) ;
#391 = DIRECTION ( 'NONE',  ( -0.000000000000000000, -0.000000000000000000, -1.000000000000000000 ) ) ;
#392 = VECTOR ( 'NONE', #771, 1000.000000000000000 ) ;
#393 = ORIENTED_EDGE ( 'NONE', *, *, #2395, .F. ) ;
#394 = EDGE_CURVE ( 'NONE', #2080, #2496, #1956, .T. ) ;
#395 = VECTOR ( 'NONE', #1032, 1000.000000000000000 ) ;
#396 = ORIENTED_EDGE ( 'NONE', *, *, #5765, .T. ) ;
#397 = ORIENTED_EDGE ( 'NONE', *, *, #7822, .F. ) ;
#398 = PLANE ( 'NONE',  #1633 ) ;
#399 = CALENDAR_DATE ( 2020, 16, 10 ) ;
#400 = FACE_OUTER_BOUND ( 'NONE', #6712, .T. ) ;
#401 = CIRCLE ( 'NONE', #21, 0.2499999999998614442 ) ;
#402 = VERTEX_POINT ( 'NONE', #2112 ) ;
#403 = EDGE_CURVE ( 'NONE', #2998, #7828, #6374, .T. ) ;
#404 = CARTESIAN_POINT ( 'NONE',  ( 0.000000000000000000, 1.600000000000000089, 0.3200000000000002287 ) ) ;
#405 = VERTEX_POINT ( 'NONE', #102 ) ;
#406 = VERTEX_POINT ( 'NONE', #3920 ) ;
#407 = ORIENTED_EDGE ( 'NONE', *, *, #380, .T. ) ;
#408 = EDGE_CURVE ( 'NONE', #5165, #3355, #6453, .T. ) ;
#409 = EDGE_CURVE ( 'NONE', #3163, #7009, #181, .T. ) ;
#410 = DIRECTION ( 'NONE',  ( -3.483287830750206171E-15, 1.000000000000000000, -0.000000000000000000 ) ) ;
#411 = APPROVAL_STATUS ( 'not_yet_approved' ) ;
#412 = AXIS2_PLACEMENT_3D ( 'NONE', #2103, #4605, #3361 ) ;
#413 = DIRECTION ( 'NONE',  ( -1.000000000000000000, -4.625929269276788834E-15, 0.000000000000000000 ) ) ;
#414 = PLANE ( 'NONE',  #7218 ) ;
#415 = DIRECTION ( 'NONE',  ( 1.000000000000000000, 0.000000000000000000, 0.000000000000000000 ) ) ;
#416 = EDGE_CURVE ( 'NONE', #2097, #1620, #5222, .T. ) ;
#417 = FACE_OUTER_BOUND ( 'NONE', #2109, .T. ) ;
#418 = CARTESIAN_POINT ( 'NONE',  ( -35.00000000000204636, 36.99999999999535305, 0.000000000000000000 ) ) ;
#419 = AXIS2_PLACEMENT_3D ( 'NONE', #4451, #588, #7515 ) ;
#420 = PLANE ( 'NONE',  #6689 ) ;
#421 = ORIENTED_EDGE ( 'NONE', *, *, #3640, .T. ) ;
#422 = CC_DESIGN_DATE_AND_TIME_ASSIGNMENT ( #5960, #5014, ( #4566 ) ) ;
#423 = DIRECTION ( 'NONE',  ( -1.156482317317870344E-15, -4.037431263625797130E-30, 1.000000000000000000 ) ) ;
#424 = DIRECTION ( 'NONE',  ( -0.8660254037844380415, -0.5000000000000009992, 0.000000000000000000 ) ) ;
#425 = EDGE_CURVE ( 'NONE', #3164, #3161, #5271, .T. ) ;
#426 = FACE_OUTER_BOUND ( 'NONE', #4410, .T. ) ;
#427 = DIRECTION ( 'NONE',  ( -0.000000000000000000, 0.000000000000000000, 1.000000000000000000 ) ) ;
#428 = CARTESIAN_POINT ( 'NONE',  ( -37.00000000000181899, 33.99999999999523936, 0.000000000000000000 ) ) ;
#429 = ORIENTED_EDGE ( 'NONE', *, *, #4074, .F. ) ;
#430 = VERTEX_POINT ( 'NONE', #372 ) ;
#431 = DIRECTION ( 'NONE',  ( -3.552713678800500929E-15, 1.000000000000000222, 6.096515600988952974E-17 ) ) ;
#432 = LINE ( 'NONE', #2923, #2971 ) ;
#433 = ORIENTED_EDGE ( 'NONE', *, *, #7736, .T. ) ;
#434 = APPROVAL ( #448, '未指定' ) ;
#435 = ORIENTED_EDGE ( 'NONE', *, *, #2552, .T. ) ;
#436 = ORIENTED_EDGE ( 'NONE', *, *, #1863, .F. ) ;
#437 = EDGE_LOOP ( 'NONE', ( #5062, #3101, #908, #5021 ) ) ;
#438 = VECTOR ( 'NONE', #3416, 1000.000000000000000 ) ;
#439 = LINE ( 'NONE', #1794, #7179 ) ;
#440 = APPROVAL_ROLE ( '' ) ;
#441 = CARTESIAN_POINT ( 'NONE',  ( -33.89073051572503203, 5.240428800756469663, 130.0000000000000000 ) ) ;
#442 = EDGE_LOOP ( 'NONE', ( #6660, #5841, #2823, #1252 ) ) ;
#443 = DIRECTION ( 'NONE',  ( 1.000000000000000000, 0.000000000000000000, 0.000000000000000000 ) ) ;
#444 = ORIENTED_EDGE ( 'NONE', *, *, #6893, .F. ) ;
#445 = ORIENTED_EDGE ( 'NONE', *, *, #3998, .T. ) ;
#446 = ORIENTED_EDGE ( 'NONE', *, *, #1971, .F. ) ;
#447 = DIRECTION ( 'NONE',  ( -0.000000000000000000, -0.000000000000000000, -1.000000000000000000 ) ) ;
#448 = APPROVAL_STATUS ( 'not_yet_approved' ) ;
#449 = CARTESIAN_POINT ( 'NONE',  ( 38.49999999999823075, 1.855190384027667410E-13, 130.0000000000000000 ) ) ;
#450 = FACE_OUTER_BOUND ( 'NONE', #6555, .T. ) ;
#451 = FACE_OUTER_BOUND ( 'NONE', #3178, .T. ) ;
#452 = CIRCLE ( 'NONE', #3213, 0.4999999999992857380 ) ;
#453 = EDGE_CURVE ( 'NONE', #7008, #4614, #7918, .T. ) ;
#454 = DIRECTION ( 'NONE',  ( -1.000000000000000000, -4.625929269276788834E-15, 0.000000000000000000 ) ) ;
#455 = LINE ( 'NONE', #6095, #2111 ) ;
#456 = DIRECTION ( 'NONE',  ( -1.000000000000000000, -4.625929269276788834E-15, 0.000000000000000000 ) ) ;
#457 = ORIENTED_EDGE ( 'NONE', *, *, #2858, .T. ) ;
#458 = VECTOR ( 'NONE', #6048, 1000.000000000000000 ) ;
#459 = EDGE_CURVE ( 'NONE', #6742, #4679, #2869, .T. ) ;
#460 = DIRECTION ( 'NONE',  ( 3.469446951949374456E-15, -1.000000000000000000, 0.000000000000000000 ) ) ;
#461 = DIRECTION ( 'NONE',  ( -4.448008912762273443E-15, 1.000000000000000000, 0.000000000000000000 ) ) ;
#462 = LINE ( 'NONE', #7854, #1425 ) ;
#463 = ORIENTED_EDGE ( 'NONE', *, *, #6650, .F. ) ;
#464 = EDGE_CURVE ( 'NONE', #1281, #89, #6635, .T. ) ;
#465 = AXIS2_PLACEMENT_3D ( 'NONE', #1853, #2340, #3602 ) ;
#466 = DIRECTION ( 'NONE',  ( 4.448008912757228678E-15, -1.000000000000000000, 0.000000000000000000 ) ) ;
#467 = DESIGN_CONTEXT ( 'detailed design', #5288, 'design' ) ;
#468 = CARTESIAN_POINT ( 'NONE',  ( 33.12500000000051159, 37.33602648021910397, 0.000000000000000000 ) ) ;
#469 = EDGE_CURVE ( 'NONE', #931, #5610, #5383, .T. ) ;
#470 = FACE_OUTER_BOUND ( 'NONE', #4486, .T. ) ;
#471 = AXIS2_PLACEMENT_3D ( 'NONE', #67, #3672, #27 ) ;
#472 = EDGE_LOOP ( 'NONE', ( #179, #6965, #3763, #582 ) ) ;
#473 = VERTEX_POINT ( 'NONE', #2906 ) ;
#474 = CARTESIAN_POINT ( 'NONE',  ( -9.455399426393012592E-14, 20.43999999998109729, 130.0000000000000000 ) ) ;
#475 = LINE ( 'NONE', #2365, #2664 ) ;
#476 = VECTOR ( 'NONE', #4374, 1000.000000000000000 ) ;
#477 = VERTEX_POINT ( 'NONE', #7296 ) ;
#478 = MANIFOLD_SOLID_BREP ( '切除-拉伸1', #2153 ) ;
#479 = EDGE_LOOP ( 'NONE', ( #5994, #2890, #5776, #3310 ) ) ;
#480 = ORIENTED_EDGE ( 'NONE', *, *, #4350, .F. ) ;
#481 = ORIENTED_EDGE ( 'NONE', *, *, #586, .F. ) ;
#482 = DIRECTION ( 'NONE',  ( 4.448008912757228678E-15, -1.000000000000000000, 0.000000000000000000 ) ) ;
#483 = EDGE_CURVE ( 'NONE', #593, #2866, #2074, .T. ) ;
#484 = APPROVAL_STATUS ( 'not_yet_approved' ) ;
#485 = CARTESIAN_POINT ( 'NONE',  ( 6.808697833747993359E-17, -1.600000000000000089, 0.3199999999999996736 ) ) ;
#486 = ORIENTED_EDGE ( 'NONE', *, *, #5085, .T. ) ;
#487 = VECTOR ( 'NONE', #729, 1000.000000000000000 ) ;
#488 = SECURITY_CLASSIFICATION ( '', '', #7756 ) ;
#489 = DIRECTION ( 'NONE',  ( 1.000000000000000000, 0.000000000000000000, 0.000000000000000000 ) ) ;
#490 = VERTEX_POINT ( 'NONE', #4140 ) ;
#491 = ORIENTED_EDGE ( 'NONE', *, *, #2147, .F. ) ;
#492 = ORIENTED_EDGE ( 'NONE', *, *, #4556, .F. ) ;
#493 = CARTESIAN_POINT ( 'NONE',  ( 36.50000000000019895, 37.99999999999891998, 0.000000000000000000 ) ) ;
#494 = PERSON_AND_ORGANIZATION_ROLE ( 'design_supplier' ) ;
#495 = CC_DESIGN_SECURITY_CLASSIFICATION ( #1422, ( #8171 ) ) ;
#496 = DIRECTION ( 'NONE',  ( -1.000000000000000000, 0.000000000000000000, 0.000000000000000000 ) ) ;
#497 = VECTOR ( 'NONE', #3182, 1000.000000000000000 ) ;
#498 = VECTOR ( 'NONE', #5620, 1000.000000000000000 ) ;
#499 = DIRECTION ( 'NONE',  ( 4.818676322150006782E-15, -1.000000000000000000, 0.000000000000000000 ) ) ;
#500 = FACE_OUTER_BOUND ( 'NONE', #1384, .T. ) ;
#501 = CARTESIAN_POINT ( 'NONE',  ( 34.50614573290964415, 5.910047016236437578, 130.0000000000000000 ) ) ;
#502 = DIRECTION ( 'NONE',  ( 4.448008912757228678E-15, -1.000000000000000000, 0.000000000000000000 ) ) ;
#503 = CARTESIAN_POINT ( 'NONE',  ( -38.50000000000007105, 26.43999999998833772, 0.000000000000000000 ) ) ;
#504 = VECTOR ( 'NONE', #3076, 1000.000000000000000 ) ;
#505 = DIRECTION ( 'NONE',  ( -0.000000000000000000, -0.000000000000000000, -1.000000000000000000 ) ) ;
#506 = VERTEX_POINT ( 'NONE', #291 ) ;
#507 = DIRECTION ( 'NONE',  ( 1.000000000000000000, 0.000000000000000000, 0.000000000000000000 ) ) ;
#508 = CARTESIAN_POINT ( 'NONE',  ( 36.99999999999981526, 29.43999999999226702, 130.0000000000000000 ) ) ;
#509 = DIRECTION ( 'NONE',  ( -1.000000000000000000, -4.625929269276788834E-15, 0.000000000000000000 ) ) ;
#510 = LOCAL_TIME ( 15, 24, 6.000000000000000000, #2023 ) ;
#511 = VECTOR ( 'NONE', #5086, 1000.000000000000000 ) ;
#512 = AXIS2_PLACEMENT_3D ( 'NONE', #7403, #6908, #3758 ) ;
#513 =( REPRESENTATION_RELATIONSHIP ('NONE','NONE', #3517, #961 ) REPRESENTATION_RELATIONSHIP_WITH_TRANSFORMATION ( #7650 )SHAPE_REPRESENTATION_RELATIONSHIP( ) );
#514 = ORIENTED_EDGE ( 'NONE', *, *, #170, .F. ) ;
#515 = CARTESIAN_POINT ( 'NONE',  ( -34.44536525786156744, 35.87978559961918990, 130.0000000000000000 ) ) ;
#516 = DIRECTION ( 'NONE',  ( -0.000000000000000000, -0.000000000000000000, -1.000000000000000000 ) ) ;
#517 = EDGE_CURVE ( 'NONE', #3440, #3506, #330, .T. ) ;
#518 = DIRECTION ( 'NONE',  ( -4.818676322149994949E-15, 1.000000000000000000, 0.000000000000000000 ) ) ;
#519 = VECTOR ( 'NONE', #7520, 1000.000000000000000 ) ;
#520 = VERTEX_POINT ( 'NONE', #2299 ) ;
#521 = APPLICATION_PROTOCOL_DEFINITION ( 'international standard', 'config_control_design', 1994, #1645 ) ;
#522 = EDGE_CURVE ( 'NONE', #6688, #7735, #6051, .T. ) ;
#523 = VERTEX_POINT ( 'NONE', #4803 ) ;
#524 = DIRECTION ( 'NONE',  ( 1.000000000000000000, 3.469446951957607797E-15, 0.000000000000000000 ) ) ;
#525 = DIRECTION ( 'NONE',  ( 0.000000000000000000, 0.000000000000000000, 1.000000000000000000 ) ) ;
#526 = VERTEX_POINT ( 'NONE', #4066 ) ;
#527 = AXIS2_PLACEMENT_3D ( 'NONE', #6044, #7912, #365 ) ;
#528 = VERTEX_POINT ( 'NONE', #2797 ) ;
#529 = VERTEX_POINT ( 'NONE', #4686 ) ;
#530 = ORIENTED_EDGE ( 'NONE', *, *, #4230, .T. ) ;
#531 = FACE_OUTER_BOUND ( 'NONE', #5461, .T. ) ;
#532 = VECTOR ( 'NONE', #5709, 1000.000000000000000 ) ;
#533 = COORDINATED_UNIVERSAL_TIME_OFFSET ( 8, 0, .AHEAD. ) ;
#534 = DIRECTION ( 'NONE',  ( -0.000000000000000000, -0.000000000000000000, -1.000000000000000000 ) ) ;
#535 = ORIENTED_EDGE ( 'NONE', *, *, #3848, .F. ) ;
#536 = ADVANCED_FACE ( 'NONE', ( #253 ), #2226, .T. ) ;
#537 = AXIS2_PLACEMENT_3D ( 'NONE', #4769, #7301, #4858 ) ;
#538 = ORIENTED_EDGE ( 'NONE', *, *, #3804, .F. ) ;
#539 = VERTEX_POINT ( 'NONE', #6521 ) ;
#540 = VERTEX_POINT ( 'NONE', #872 ) ;
#541 = DIRECTION ( 'NONE',  ( -1.000000000000000000, -4.625929269276788834E-15, 0.000000000000000000 ) ) ;
#542 = APPROVAL_STATUS ( 'not_yet_approved' ) ;
#543 = DIRECTION ( 'NONE',  ( 3.491130995404636153E-15, -1.000000000000000000, 0.000000000000000000 ) ) ;
#544 = DIRECTION ( 'NONE',  ( 3.469446951957575454E-15, -1.000000000000000000, 0.000000000000000000 ) ) ;
#545 = DIRECTION ( 'NONE',  ( -0.000000000000000000, -0.000000000000000000, -1.000000000000000000 ) ) ;
#546 = DIRECTION ( 'NONE',  ( 3.491130995404636153E-15, -1.000000000000000000, 0.000000000000000000 ) ) ;
#547 = CARTESIAN_POINT ( 'NONE',  ( 0.8249999999999996225, 1.123686027918559427, 0.3200000000000001732 ) ) ;
#548 = CARTESIAN_POINT ( 'NONE',  ( -4.876602963038922416E-15, 1.399999999996736744, 0.000000000000000000 ) ) ;
#549 = LINE ( 'NONE', #4460, #2745 ) ;
#550 = ORIENTED_EDGE ( 'NONE', *, *, #5537, .F. ) ;
#551 = CARTESIAN_POINT ( 'NONE',  ( -38.50000000000002842, 14.43999999997367389, 0.000000000000000000 ) ) ;
#552 = DIRECTION ( 'NONE',  ( -0.000000000000000000, -0.000000000000000000, -1.000000000000000000 ) ) ;
#553 = CARTESIAN_POINT ( 'NONE',  ( 34.99999999999875655, 0.000000000000000000, 0.000000000000000000 ) ) ;
#554 = ORIENTED_EDGE ( 'NONE', *, *, #4055, .T. ) ;
#555 = CIRCLE ( 'NONE', #3311, 1.249999999999112932 ) ;
#556 = CARTESIAN_POINT ( 'NONE',  ( -32.56418350557294161, 37.56284811935716306, 130.0000000000000000 ) ) ;
#557 = LINE ( 'NONE', #6862, #6702 ) ;
#558 = FACE_OUTER_BOUND ( 'NONE', #1670, .T. ) ;
#559 = CARTESIAN_POINT ( 'NONE',  ( -45.49999999999975842, 1.399999999996578204, 106.9999999999999574 ) ) ;
#560 = ORIENTED_EDGE ( 'NONE', *, *, #7022, .F. ) ;
#561 = DIRECTION ( 'NONE',  ( -1.110223024625156540E-16, 8.326672684688672821E-17, 1.000000000000000000 ) ) ;
#562 = EDGE_LOOP ( 'NONE', ( #22, #7612, #4888, #3693 ) ) ;
#563 = EDGE_CURVE ( 'NONE', #1414, #6822, #4103, .T. ) ;
#564 = DIRECTION ( 'NONE',  ( -0.000000000000000000, -0.000000000000000000, -1.000000000000000000 ) ) ;
#565 = DIRECTION ( 'NONE',  ( 1.000000000000000000, 0.000000000000000000, 0.000000000000000000 ) ) ;
#566 = VECTOR ( 'NONE', #3398, 1000.000000000000000 ) ;
#567 = VERTEX_POINT ( 'NONE', #3368 ) ;
#568 = EDGE_CURVE ( 'NONE', #4887, #4992, #2184, .T. ) ;
#569 = EDGE_CURVE ( 'NONE', #6944, #166, #4648, .T. ) ;
#570 = ORIENTED_EDGE ( 'NONE', *, *, #6554, .T. ) ;
#571 = EDGE_CURVE ( 'NONE', #7202, #7675, #4029, .T. ) ;
#572 = EDGE_LOOP ( 'NONE', ( #6467, #3431, #3247, #1194 ) ) ;
#573 = ORIENTED_EDGE ( 'NONE', *, *, #1828, .T. ) ;
#574 = FACE_OUTER_BOUND ( 'NONE', #3366, .T. ) ;
#575 = EDGE_CURVE ( 'NONE', #5477, #5969, #913, .T. ) ;
#576 = DIRECTION ( 'NONE',  ( -0.000000000000000000, -0.000000000000000000, -1.000000000000000000 ) ) ;
#577 = ORIENTED_EDGE ( 'NONE', *, *, #5537, .T. ) ;
#578 = AXIS2_PLACEMENT_3D ( 'NONE', #8009, #596, #2352 ) ;
#579 = EDGE_CURVE ( 'NONE', #567, #5338, #2599, .T. ) ;
#580 = ORIENTED_EDGE ( 'NONE', *, *, #3023, .T. ) ;
#581 = ORIENTED_EDGE ( 'NONE', *, *, #8020, .T. ) ;
#582 = ORIENTED_EDGE ( 'NONE', *, *, #1761, .T. ) ;
#583 = CARTESIAN_POINT ( 'NONE',  ( 34.99999999999836575, -8.881784197001252323E-13, 2.000000000000000000 ) ) ;
#584 = PERSON_AND_ORGANIZATION_ROLE ( 'design_supplier' ) ;
#585 = PLANE ( 'NONE',  #832 ) ;
#586 = EDGE_CURVE ( 'NONE', #1508, #5662, #6289, .T. ) ;
#587 = LINE ( 'NONE', #6758, #5883 ) ;
#588 = DIRECTION ( 'NONE',  ( -3.491130995403401191E-15, 1.000000000000000000, 0.000000000000000000 ) ) ;
#589 = CARTESIAN_POINT ( 'NONE',  ( -36.74999999999658939, 2.999999999997227107, 0.7499999999999947820 ) ) ;
#590 = CARTESIAN_POINT ( 'NONE',  ( -34.99999999999658939, 2.999999999997227107, 2.000000000000000000 ) ) ;
#591 = DIRECTION ( 'NONE',  ( -1.000000000000000000, -4.625929269276788045E-15, 0.000000000000000000 ) ) ;
#592 = DIRECTION ( 'NONE',  ( -0.000000000000000000, -0.000000000000000000, -1.000000000000000000 ) ) ;
#593 = VERTEX_POINT ( 'NONE', #4227 ) ;
#594 = ADVANCED_FACE ( 'NONE', ( #2940 ), #5466, .T. ) ;
#595 = VECTOR ( 'NONE', #4676, 1000.000000000000000 ) ;
#596 = DIRECTION ( 'NONE',  ( -0.000000000000000000, -0.000000000000000000, -1.000000000000000000 ) ) ;
#597 = DIRECTION ( 'NONE',  ( -1.000000000000000000, -3.469446951957591626E-15, 0.000000000000000000 ) ) ;
#598 = CYLINDRICAL_SURFACE ( 'NONE', #6434, 0.2500000000006386003 ) ;
#599 = ORIENTED_EDGE ( 'NONE', *, *, #4590, .T. ) ;
#600 = CARTESIAN_POINT ( 'NONE',  ( 0.2499999990845935827, 0.000000000000000000, 0.000000000000000000 ) ) ;
#601 = CARTESIAN_POINT ( 'NONE',  ( -1.572815951555176637E-13, 33.99999999999541700, 0.000000000000000000 ) ) ;
#602 = VECTOR ( 'NONE', #5300, 1000.000000000000000 ) ;
#603 = DIRECTION ( 'NONE',  ( -4.818676322150009148E-15, 1.000000000000000000, 0.000000000000000000 ) ) ;
#604 = CARTESIAN_POINT ( 'NONE',  ( -2.201942332160688457E-14, 5.439999999962786603, 130.0000000000000000 ) ) ;
#605 = ORIENTED_EDGE ( 'NONE', *, *, #4161, .T. ) ;
#606 = DIRECTION ( 'NONE',  ( -0.000000000000000000, -0.000000000000000000, -1.000000000000000000 ) ) ;
#607 = DIRECTION ( 'NONE',  ( -1.000000000000000000, 0.000000000000000000, -0.000000000000000000 ) ) ;
#608 = AXIS2_PLACEMENT_3D ( 'NONE', #1237, #4928, #6263 ) ;
#609 = ORIENTED_EDGE ( 'NONE', *, *, #6583, .T. ) ;
#610 = AXIS2_PLACEMENT_3D ( 'NONE', #4592, #883, #2700 ) ;
#611 = LINE ( 'NONE', #1839, #2011 ) ;
#612 = ORIENTED_EDGE ( 'NONE', *, *, #3616, .T. ) ;
#613 = ORIENTED_EDGE ( 'NONE', *, *, #782, .F. ) ;
#614 = ORIENTED_EDGE ( 'NONE', *, *, #4092, .F. ) ;
#615 = CARTESIAN_POINT ( 'NONE',  ( -1.156482317318549017E-13, 24.99999999998610178, 130.0000000000000000 ) ) ;
#616 = VECTOR ( 'NONE', #5088, 1000.000000000000000 ) ;
#617 = FACE_OUTER_BOUND ( 'NONE', #7380, .T. ) ;
#618 = EDGE_CURVE ( 'NONE', #7636, #6536, #587, .T. ) ;
#619 = ORIENTED_EDGE ( 'NONE', *, *, #394, .T. ) ;
#620 = EDGE_CURVE ( 'NONE', #7791, #6361, #6089, .T. ) ;
#621 = ORIENTED_EDGE ( 'NONE', *, *, #2130, .F. ) ;
#622 = ORIENTED_EDGE ( 'NONE', *, *, #6999, .T. ) ;
#623 = VERTEX_POINT ( 'NONE', #4931 ) ;
#624 = LINE ( 'NONE', #5416, #5982 ) ;
#625 = VERTEX_POINT ( 'NONE', #3655 ) ;
#626 = PERSON_AND_ORGANIZATION ( #7757, #5787 ) ;
#627 = EDGE_CURVE ( 'NONE', #1716, #3440, #4184, .T. ) ;
#628 = CARTESIAN_POINT ( 'NONE',  ( 35.00000000000000711, 36.99999999999560885, 0.000000000000000000 ) ) ;
#629 = ADVANCED_FACE ( 'NONE', ( #4268 ), #6179, .F. ) ;
#630 = PLANE ( 'NONE',  #5340 ) ;
#631 = CARTESIAN_POINT ( 'NONE',  ( 1.084202172485499997E-16, 2.600000000000000533, -0.3200000000000000067 ) ) ;
#632 = DIRECTION ( 'NONE',  ( -0.000000000000000000, -0.000000000000000000, -1.000000000000000000 ) ) ;
#633 = CARTESIAN_POINT ( 'NONE',  ( 38.49999999999818101, 6.999999999964280128, 0.000000000000000000 ) ) ;
#634 = CARTESIAN_POINT ( 'NONE',  ( 36.99999999999995026, 1.645763297720172378E-13, 0.000000000000000000 ) ) ;
#635 = VECTOR ( 'NONE', #1523, 1000.000000000000000 ) ;
#636 = CARTESIAN_POINT ( 'NONE',  ( -37.00000000000169820, -1.645763297720250129E-13, 130.0000000000000000 ) ) ;
#637 = ORIENTED_EDGE ( 'NONE', *, *, #5922, .F. ) ;
#638 = EDGE_LOOP ( 'NONE', ( #8069, #824, #6599, #966 ) ) ;
#639 = VECTOR ( 'NONE', #6644, 1000.000000000000000 ) ;
#640 = LINE ( 'NONE', #6899, #7941 ) ;
#641 = CARTESIAN_POINT ( 'NONE',  ( 34.99999999999834444, 0.000000000000000000, 130.0000000000000000 ) ) ;
#642 = DIRECTION ( 'NONE',  ( 0.000000000000000000, 0.000000000000000000, 1.000000000000000000 ) ) ;
#643 = ORIENTED_EDGE ( 'NONE', *, *, #2641, .F. ) ;
#644 = AXIS2_PLACEMENT_3D ( 'NONE', #1001, #3543, #307 ) ;
#645 = CIRCLE ( 'NONE', #4441, 1.750000000000001554 ) ;
#646 = DIRECTION ( 'NONE',  ( -0.000000000000000000, 1.000000000000000000, 0.000000000000000000 ) ) ;
#647 = DIRECTION ( 'NONE',  ( 1.000000000000000000, 4.625929269276788834E-15, 0.000000000000000000 ) ) ;
#648 = EDGE_CURVE ( 'NONE', #3422, #5593, #7084, .T. ) ;
#649 = DIRECTION ( 'NONE',  ( -0.000000000000000000, -0.000000000000000000, 1.000000000000000000 ) ) ;
#650 = DIRECTION ( 'NONE',  ( -4.448008912757228678E-15, 1.000000000000000000, 0.000000000000000000 ) ) ;
#651 = APPLICATION_PROTOCOL_DEFINITION ( 'international standard', 'config_control_design', 1994, #5288 ) ;
#652 = LOCAL_TIME ( 15, 24, 6.000000000000000000, #6546 ) ;
#653 = AXIS2_PLACEMENT_3D ( 'NONE', #4003, #6533, #6646 ) ;
#654 = AXIS2_PLACEMENT_3D ( 'NONE', #4203, #1786, #7359 ) ;
#655 = PRODUCT ( 'YG-J26A-0000-000', 'YG-J26A-0000-000', '', ( #5532 ) ) ;
#656 = ORIENTED_EDGE ( 'NONE', *, *, #7903, .F. ) ;
#657 = LINE ( 'NONE', #3148, #4574 ) ;
#658 = CARTESIAN_POINT ( 'NONE',  ( -37.00000000000166978, -1.645763297720248866E-13, 0.000000000000000000 ) ) ;
#659 = ORIENTED_EDGE ( 'NONE', *, *, #408, .T. ) ;
#660 = VECTOR ( 'NONE', #4409, 1000.000000000000000 ) ;
#661 = ADVANCED_FACE ( 'NONE', ( #2991 ), #3607, .T. ) ;
#662 = DIRECTION ( 'NONE',  ( 1.000000000000000000, 4.625929269276788045E-15, 0.000000000000000000 ) ) ;
#663 = ORIENTED_EDGE ( 'NONE', *, *, #5246, .F. ) ;
#664 = ORIENTED_EDGE ( 'NONE', *, *, #1937, .F. ) ;
#665 = LINE ( 'NONE', #6966, #3671 ) ;
#666 = ITEM_DEFINED_TRANSFORMATION ( 'NONE', 'NONE', #8148,  #8005 ) ;
#667 = DIRECTION ( 'NONE',  ( -0.000000000000000000, -0.000000000000000000, -1.000000000000000000 ) ) ;
#668 = CARTESIAN_POINT ( 'NONE',  ( 36.99999999999993605, 1.645763297720171874E-13, 130.0000000000000000 ) ) ;
#669 = CIRCLE ( 'NONE', #2749, 1.249999999999744427 ) ;
#670 = ADVANCED_FACE ( 'NONE', ( #5512 ), #5599, .T. ) ;
#671 = EDGE_LOOP ( 'NONE', ( #3600, #5674, #44, #1316 ) ) ;
#672 = CIRCLE ( 'NONE', #3812, 0.7636293187994260823 ) ;
#673 = PRODUCT_DEFINITION_SHAPE ( 'NONE', 'NONE',  #8166 ) ;
#674 = ORIENTED_EDGE ( 'NONE', *, *, #3287, .F. ) ;
#675 = VERTEX_POINT ( 'NONE', #8044 ) ;
#676 = VERTEX_POINT ( 'NONE', #2387 ) ;
#677 = LINE ( 'NONE', #1, #3352 ) ;
#678 = ORIENTED_EDGE ( 'NONE', *, *, #5922, .T. ) ;
#679 = COORDINATED_UNIVERSAL_TIME_OFFSET ( 8, 0, .AHEAD. ) ;
#680 = CARTESIAN_POINT ( 'NONE',  ( 38.49999999999815969, 12.99999999997161204, 130.0000000000000000 ) ) ;
#681 = LINE ( 'NONE', #631, #3966 ) ;
#682 = LINE ( 'NONE', #6181, #2978 ) ;
#683 = ADVANCED_FACE ( 'NONE', ( #2468 ), #630, .F. ) ;
#684 = AXIS2_PLACEMENT_3D ( 'NONE', #4984, #2564, #7432 ) ;
#685 = DIRECTION ( 'NONE',  ( -0.000000000000000000, -0.000000000000000000, -1.000000000000000000 ) ) ;
#686 = CARTESIAN_POINT ( 'NONE',  ( -37.00000000000171951, 5.439999999962678245, 0.000000000000000000 ) ) ;
#687 = EDGE_CURVE ( 'NONE', #3012, #6389, #8085, .T. ) ;
#688 = CARTESIAN_POINT ( 'NONE',  ( 38.49999999999808153, 33.99999999999550226, 130.0000000000000000 ) ) ;
#689 = ORIENTED_EDGE ( 'NONE', *, *, #2018, .T. ) ;
#690 = EDGE_LOOP ( 'NONE', ( #5623, #7367, #5109, #3150 ) ) ;
#691 = LINE ( 'NONE', #7146, #2155 ) ;
#692 = CARTESIAN_POINT ( 'NONE',  ( 0.8249999999999999556, 0.3200000000000000067, -0.3200000000000000067 ) ) ;
#693 = CARTESIAN_POINT ( 'NONE',  ( 48.49999999999799627, 2.403831102421357073E-13, 130.0000000000000000 ) ) ;
#694 = EDGE_CURVE ( 'NONE', #4925, #1185, #4316, .T. ) ;
#695 = VECTOR ( 'NONE', #5119, 1000.000000000000000 ) ;
#696 = ORIENTED_EDGE ( 'NONE', *, *, #3125, .F. ) ;
#697 = CARTESIAN_POINT ( 'NONE',  ( -38.50000000000004263, 18.99999999997867661, 0.000000000000000000 ) ) ;
#698 = CARTESIAN_POINT ( 'NONE',  ( -41.49999999999975131, -0.6000000000022992497, 130.0000000000000000 ) ) ;
#699 = CARTESIAN_POINT ( 'NONE',  ( -32.50000000000164846, 36.99999999999535305, 130.0000000000000000 ) ) ;
#700 = LINE ( 'NONE', #1917, #1110 ) ;
#701 = CC_DESIGN_PERSON_AND_ORGANIZATION_ASSIGNMENT ( #5631, #1887, ( #4296 ) ) ;
#702 = APPROVAL_ROLE ( '' ) ;
#703 = ORIENTED_EDGE ( 'NONE', *, *, #6650, .T. ) ;
#704 = LINE ( 'NONE', #5136, #1212 ) ;
#705 = ORIENTED_EDGE ( 'NONE', *, *, #6836, .T. ) ;
#706 = CARTESIAN_POINT ( 'NONE',  ( -33.89073051573095086, 34.75957119923914007, 0.000000000000000000 ) ) ;
#707 = CIRCLE ( 'NONE', #5691, 2.500000000000446310 ) ;
#708 = ORIENTED_EDGE ( 'NONE', *, *, #327, .T. ) ;
#709 = ORIENTED_EDGE ( 'NONE', *, *, #5719, .T. ) ;
#710 = LINE ( 'NONE', #4346, #1535 ) ;
#711 = AXIS2_PLACEMENT_3D ( 'NONE', #1899, #496, #4930 ) ;
#712 = DIRECTION ( 'NONE',  ( -1.000000000000000000, -3.469446951957591626E-15, 0.000000000000000000 ) ) ;
#713 = DIRECTION ( 'NONE',  ( 1.000000000000000000, 0.000000000000000000, 0.000000000000000000 ) ) ;
#714 = ORIENTED_EDGE ( 'NONE', *, *, #5705, .F. ) ;
#715 = ORIENTED_EDGE ( 'NONE', *, *, #1025, .T. ) ;
#716 = ORIENTED_EDGE ( 'NONE', *, *, #7216, .F. ) ;
#717 = CARTESIAN_POINT ( 'NONE',  ( -34.99999999999536726, 2.999999999997816857, 130.0000000000000000 ) ) ;
#718 = DIRECTION ( 'NONE',  ( -1.000000000000000000, 0.000000000000000000, 0.000000000000000000 ) ) ;
#719 = EDGE_CURVE ( 'NONE', #5811, #3422, #8132, .T. ) ;
#720 = DIRECTION ( 'NONE',  ( -0.000000000000000000, -0.000000000000000000, -1.000000000000000000 ) ) ;
#721 = PLANE ( 'NONE',  #2466 ) ;
#722 = CARTESIAN_POINT ( 'NONE',  ( -37.00000000000166978, -1.645763297720248866E-13, 130.0000000000000000 ) ) ;
#723 = DIRECTION ( 'NONE',  ( -0.000000000000000000, -0.000000000000000000, -1.000000000000000000 ) ) ;
#724 = LINE ( 'NONE', #2432, #660 ) ;
#725 = ORIENTED_EDGE ( 'NONE', *, *, #7842, .T. ) ;
#726 = ORIENTED_EDGE ( 'NONE', *, *, #7526, .F. ) ;
#727 = EDGE_CURVE ( 'NONE', #2818, #6034, #3910, .T. ) ;
#728 = CIRCLE ( 'NONE', #1093, 2.499999999999780176 ) ;
#729 = DIRECTION ( 'NONE',  ( -0.000000000000000000, -0.000000000000000000, -1.000000000000000000 ) ) ;
#730 = CARTESIAN_POINT ( 'NONE',  ( -48.49999999999976552, 0.7999999999997425837, 0.000000000000000000 ) ) ;
#731 = DIRECTION ( 'NONE',  ( 4.818676322150006782E-15, -1.000000000000000000, 0.000000000000000000 ) ) ;
#732 = ORIENTED_EDGE ( 'NONE', *, *, #3114, .F. ) ;
#733 = DIRECTION ( 'NONE',  ( -0.000000000000000000, -0.000000000000000000, -1.000000000000000000 ) ) ;
#734 = DIRECTION ( 'NONE',  ( -1.000000000000000000, 0.000000000000000000, 0.000000000000000000 ) ) ;
#735 = DIRECTION ( 'NONE',  ( 1.000000000000000000, 0.000000000000000000, 0.000000000000000000 ) ) ;
#736 = EDGE_CURVE ( 'NONE', #2934, #4305, #1240, .T. ) ;
#737 = AXIS2_PLACEMENT_3D ( 'NONE', #5346, #3372, #7813 ) ;
#738 = DIRECTION ( 'NONE',  ( -0.000000000000000000, 0.000000000000000000, 1.000000000000000000 ) ) ;
#739 = PERSON_AND_ORGANIZATION ( #7757, #5787 ) ;
#740 = ORIENTED_EDGE ( 'NONE', *, *, #2956, .F. ) ;
#741 = EDGE_CURVE ( 'NONE', #6204, #3646, #5617, .T. ) ;
#742 = CARTESIAN_POINT ( 'NONE',  ( 41.50000000000022737, -0.6000000000020087043, 17.00000000000000000 ) ) ;
#743 = VECTOR ( 'NONE', #8103, 1000.000000000000000 ) ;
#744 = CARTESIAN_POINT ( 'NONE',  ( 0.8249999999999989564, 0.3200000000000000067, -1.123686027918558095 ) ) ;
#745 = ORIENTED_EDGE ( 'NONE', *, *, #5831, .T. ) ;
#746 = ORIENTED_EDGE ( 'NONE', *, *, #3016, .F. ) ;
#747 = DIRECTION ( 'NONE',  ( 0.7071067811865479058, 0.000000000000000000, 0.7071067811865472397 ) ) ;
#748 = DIRECTION ( 'NONE',  ( 1.000000000000000000, 4.818676322150006782E-15, -0.000000000000000000 ) ) ;
#749 = ORIENTED_EDGE ( 'NONE', *, *, #4271, .F. ) ;
#750 = AXIS2_PLACEMENT_3D ( 'NONE', #7414, #1139, #1753 ) ;
#751 = ADVANCED_FACE ( 'NONE', ( #1067 ), #7559, .T. ) ;
#752 = VECTOR ( 'NONE', #3008, 1000.000000000000000 ) ;
#753 = ORIENTED_EDGE ( 'NONE', *, *, #4982, .T. ) ;
#754 = ORIENTED_EDGE ( 'NONE', *, *, #3998, .F. ) ;
#755 = CARTESIAN_POINT ( 'NONE',  ( 33.74999999999916156, 36.99999999999560174, 130.0000000000000000 ) ) ;
#756 = DATE_AND_TIME ( #7796, #2622 ) ;
#757 = CYLINDRICAL_SURFACE ( 'NONE', #1363, 0.2499999999998614442 ) ;
#758 = DIRECTION ( 'NONE',  ( 1.000000000000000000, -0.000000000000000000, -0.000000000000000000 ) ) ;
#759 = FACE_OUTER_BOUND ( 'NONE', #4527, .T. ) ;
#760 = DIRECTION ( 'NONE',  ( -0.000000000000000000, 0.000000000000000000, -1.000000000000000000 ) ) ;
#761 = CARTESIAN_POINT ( 'NONE',  ( -38.50000000000002132, 11.43999999997000749, 130.0000000000000000 ) ) ;
#762 = ORIENTED_EDGE ( 'NONE', *, *, #1827, .F. ) ;
#763 = ORIENTED_EDGE ( 'NONE', *, *, #3563, .T. ) ;
#764 = DIRECTION ( 'NONE',  ( 4.818676322150009148E-15, -1.000000000000000000, 0.000000000000000000 ) ) ;
#765 = DIRECTION ( 'NONE',  ( 1.000000000000000000, 4.625929269276810133E-15, 0.000000000000000000 ) ) ;
#766 = CARTESIAN_POINT ( 'NONE',  ( 36.99999999999985079, 20.43999999998126782, 0.000000000000000000 ) ) ;
#767 = VERTEX_POINT ( 'NONE', #3786 ) ;
#768 = CARTESIAN_POINT ( 'NONE',  ( 36.99999999999992895, 1.645763297720171621E-13, 0.000000000000000000 ) ) ;
#769 = AXIS2_PLACEMENT_3D ( 'NONE', #1809, #4979, #6890 ) ;
#770 = LOCAL_TIME ( 15, 24, 6.000000000000000000, #5814 ) ;
#771 = DIRECTION ( 'NONE',  ( -0.000000000000000000, -0.000000000000000000, -1.000000000000000000 ) ) ;
#772 = FACE_OUTER_BOUND ( 'NONE', #3965, .T. ) ;
#773 = DIRECTION ( 'NONE',  ( -3.483287830750206171E-15, 1.000000000000000000, 0.000000000000000000 ) ) ;
#774 = PERSON_AND_ORGANIZATION ( #7757, #5787 ) ;
#775 = ORIENTED_EDGE ( 'NONE', *, *, #7659, .T. ) ;
#776 = AXIS2_PLACEMENT_3D ( 'NONE', #3751, #7572, #2437 ) ;
#777 = AXIS2_PLACEMENT_3D ( 'NONE', #2319, #1698, #3056 ) ;
#778 = ADVANCED_FACE ( 'NONE', ( #1284 ), #6800, .F. ) ;
#779 = DIRECTION ( 'NONE',  ( -3.483287830750206171E-15, 1.000000000000000000, -0.000000000000000000 ) ) ;
#780 = ORIENTED_EDGE ( 'NONE', *, *, #6469, .F. ) ;
#781 = EDGE_CURVE ( 'NONE', #2578, #5403, #6889, .T. ) ;
#782 = EDGE_CURVE ( 'NONE', #3942, #6084, #1944, .T. ) ;
#783 = AXIS2_PLACEMENT_3D ( 'NONE', #7181, #7732, #6454 ) ;
#784 = ORIENTED_EDGE ( 'NONE', *, *, #6203, .T. ) ;
#785 = DIRECTION ( 'NONE',  ( -0.000000000000000000, 0.000000000000000000, 1.000000000000000000 ) ) ;
#786 = CARTESIAN_POINT ( 'NONE',  ( -48.49999999999975842, -0.6000000000023236746, 130.0000000000000000 ) ) ;
#787 = SECURITY_CLASSIFICATION ( '', '', #3292 ) ;
#788 = ORIENTED_EDGE ( 'NONE', *, *, #3062, .T. ) ;
#789 = AXIS2_PLACEMENT_3D ( 'NONE', #1536, #6023, #6576 ) ;
#790 = CC_DESIGN_APPROVAL ( #5137, ( #4166 ) ) ;
#791 = PRODUCT ( 'YG-J26A-0000-001', 'YG-J26A-0000-001', '', ( #5595 ) ) ;
#792 = ORIENTED_EDGE ( 'NONE', *, *, #4748, .F. ) ;
#793 = ORIENTED_EDGE ( 'NONE', *, *, #8025, .F. ) ;
#794 = CARTESIAN_POINT ( 'NONE',  ( 36.99999999999994316, 1.645763297720172126E-13, 130.0000000000000000 ) ) ;
#795 = PERSON_AND_ORGANIZATION_ROLE ( 'classification_officer' ) ;
#796 = CARTESIAN_POINT ( 'NONE',  ( 0.8249999999999999556, 0.3200000000000000067, -0.6200000000000001066 ) ) ;
#797 = DIRECTION ( 'NONE',  ( -3.491130995403401191E-15, 1.000000000000000000, 0.000000000000000000 ) ) ;
#798 = LINE ( 'NONE', #6403, #6824 ) ;
#799 = EDGE_CURVE ( 'NONE', #7214, #540, #3316, .T. ) ;
#800 = DIRECTION ( 'NONE',  ( -3.483287830750206171E-15, 1.000000000000000000, -0.000000000000000000 ) ) ;
#801 = VECTOR ( 'NONE', #959, 1000.000000000000000 ) ;
#802 = DIRECTION ( 'NONE',  ( 1.000000000000000000, 0.000000000000000000, 0.000000000000000000 ) ) ;
#803 = ORIENTED_EDGE ( 'NONE', *, *, #2687, .T. ) ;
#804 = ORIENTED_EDGE ( 'NONE', *, *, #694, .F. ) ;
#805 = VECTOR ( 'NONE', #747, 999.9999999999998863 ) ;
#806 = CARTESIAN_POINT ( 'NONE',  ( -37.00000000000181899, 33.99999999999523936, 130.0000000000000000 ) ) ;
#807 = CYLINDRICAL_SURFACE ( 'NONE', #6559, 1.750000000000001554 ) ;
#808 = CARTESIAN_POINT ( 'NONE',  ( 0.2499999991414370015, 3.184081676496556559E-16, -2.599999998949442670 ) ) ;
#809 = EDGE_CURVE ( 'NONE', #5837, #5618, #4266, .T. ) ;
#810 = VERTEX_POINT ( 'NONE', #4449 ) ;
#811 = CYLINDRICAL_SURFACE ( 'NONE', #6831, 2.499999999999939604 ) ;
#812 = CARTESIAN_POINT ( 'NONE',  ( 36.50000000000019895, 37.99999999999891998, 2.000000000000000000 ) ) ;
#813 = AXIS2_PLACEMENT_3D ( 'NONE', #1518, #5191, #7727 ) ;
#814 = CARTESIAN_POINT ( 'NONE',  ( -34.75000000000164846, 10.14999999999665192, 0.000000000000000000 ) ) ;
#815 = ORIENTED_EDGE ( 'NONE', *, *, #1583, .T. ) ;
#816 = PLANE ( 'NONE',  #4551 ) ;
#817 = ORIENTED_EDGE ( 'NONE', *, *, #5013, .T. ) ;
#818 = ORIENTED_EDGE ( 'NONE', *, *, #7730, .T. ) ;
#819 = CARTESIAN_POINT ( 'NONE',  ( 41.50000000000024869, -8.600000000003118927, 17.00000000000000000 ) ) ;
#820 = ORIENTED_EDGE ( 'NONE', *, *, #4885, .F. ) ;
#821 = EDGE_CURVE ( 'NONE', #1128, #2128, #1105, .T. ) ;
#822 = EDGE_CURVE ( 'NONE', #6829, #4784, #8124, .T. ) ;
#823 = CIRCLE ( 'NONE', #5940, 1.999999999998718136 ) ;
#824 = ORIENTED_EDGE ( 'NONE', *, *, #7451, .F. ) ;
#825 = ORIENTED_EDGE ( 'NONE', *, *, #5053, .F. ) ;
#826 = EDGE_CURVE ( 'NONE', #523, #8112, #5644, .T. ) ;
#827 = CARTESIAN_POINT ( 'NONE',  ( 35.00000000000010658, 10.39999999999719904, 130.0000000000000000 ) ) ;
#828 = DATE_AND_TIME ( #860, #7349 ) ;
#829 = CARTESIAN_POINT ( 'NONE',  ( -37.00000000000167688, -1.645763297720249119E-13, 0.000000000000000000 ) ) ;
#830 = DIRECTION ( 'NONE',  ( -0.000000000000000000, 0.000000000000000000, 1.000000000000000000 ) ) ;
#831 = CARTESIAN_POINT ( 'NONE',  ( 2.094678597249562109E-15, -0.6000000000021543656, 0.000000000000000000 ) ) ;
#832 = AXIS2_PLACEMENT_3D ( 'NONE', #5597, #7096, #2102 ) ;
#833 = CARTESIAN_POINT ( 'NONE',  ( 45.50000000000023448, -0.6000000000019947155, 23.00000000000000711 ) ) ;
#834 = DIRECTION ( 'NONE',  ( 0.000000000000000000, 2.541098841762900031E-16, -1.000000000000000000 ) ) ;
#835 = EDGE_LOOP ( 'NONE', ( #435, #2706, #7910, #7633 ) ) ;
#836 = ORIENTED_EDGE ( 'NONE', *, *, #3278, .F. ) ;
#837 = LINE ( 'NONE', #7661, #5051 ) ;
#838 = DIRECTION ( 'NONE',  ( 4.448008912757228678E-15, -1.000000000000000000, 0.000000000000000000 ) ) ;
#839 = DIRECTION ( 'NONE',  ( -0.000000000000000000, -0.000000000000000000, -1.000000000000000000 ) ) ;
#840 = ORIENTED_EDGE ( 'NONE', *, *, #4885, .T. ) ;
#841 = EDGE_CURVE ( 'NONE', #5699, #273, #2559, .T. ) ;
#842 = CARTESIAN_POINT ( 'NONE',  ( -7.401486830831383893E-14, 15.99999999997518607, 0.000000000000000000 ) ) ;
#843 = CARTESIAN_POINT ( 'NONE',  ( 32.06620911920974493, 37.51788690797764048, 0.000000000000000000 ) ) ;
#844 = DIRECTION ( 'NONE',  ( -0.000000000000000000, -0.000000000000000000, -1.000000000000000000 ) ) ;
#845 = VECTOR ( 'NONE', #1296, 999.9999999999998863 ) ;
#846 = EDGE_CURVE ( 'NONE', #6666, #4837, #5511, .T. ) ;
#847 = CC_DESIGN_PERSON_AND_ORGANIZATION_ASSIGNMENT ( #1763, #584, ( #2095 ) ) ;
#848 = ORIENTED_EDGE ( 'NONE', *, *, #2137, .T. ) ;
#849 = CARTESIAN_POINT ( 'NONE',  ( 32.56418350556986496, 37.56284811935532275, 0.000000000000000000 ) ) ;
#850 = DIRECTION ( 'NONE',  ( -1.000000000000000000, 0.000000000000000000, 0.000000000000000000 ) ) ;
#851 = VERTEX_POINT ( 'NONE', #3738 ) ;
#852 = ORIENTED_EDGE ( 'NONE', *, *, #3301, .T. ) ;
#853 = DIRECTION ( 'NONE',  ( -0.000000000000000000, -0.000000000000000000, -1.000000000000000000 ) ) ;
#854 = VECTOR ( 'NONE', #3079, 1000.000000000000000 ) ;
#855 = ORIENTED_EDGE ( 'NONE', *, *, #6417, .F. ) ;
#856 = AXIS2_PLACEMENT_3D ( 'NONE', #1103, #8122, #4264 ) ;
#857 = ORIENTED_EDGE ( 'NONE', *, *, #7587, .F. ) ;
#858 = ORIENTED_EDGE ( 'NONE', *, *, #7959, .F. ) ;
#859 = LINE ( 'NONE', #2171, #4547 ) ;
#860 = CALENDAR_DATE ( 2020, 16, 10 ) ;
#861 = DIRECTION ( 'NONE',  ( 1.000000000000000000, 0.000000000000000000, 0.000000000000000000 ) ) ;
#862 = CARTESIAN_POINT ( 'NONE',  ( 0.2499999990845935827, 3.184081677209451145E-16, 2.599999999063129508 ) ) ;
#863 = FACE_OUTER_BOUND ( 'NONE', #5907, .T. ) ;
#864 = VECTOR ( 'NONE', #7245, 1000.000000000000000 ) ;
#865 = EDGE_CURVE ( 'NONE', #6310, #1717, #2515, .T. ) ;
#866 = CARTESIAN_POINT ( 'NONE',  ( -37.00000000000169109, -1.645763297720249876E-13, 0.000000000000000000 ) ) ;
#867 = AXIS2_PLACEMENT_3D ( 'NONE', #2584, #5139, #4519 ) ;
#868 = LINE ( 'NONE', #4570, #3407 ) ;
#869 = ORIENTED_EDGE ( 'NONE', *, *, #4472, .T. ) ;
#870 = VERTEX_POINT ( 'NONE', #7558 ) ;
#871 = EDGE_CURVE ( 'NONE', #4098, #2208, #6133, .T. ) ;
#872 = CARTESIAN_POINT ( 'NONE',  ( 32.49999999999906208, 37.00000000000081712, 0.000000000000000000 ) ) ;
#873 = FACE_OUTER_BOUND ( 'NONE', #5721, .T. ) ;
#874 = VECTOR ( 'NONE', #844, 1000.000000000000000 ) ;
#875 = CARTESIAN_POINT ( 'NONE',  ( 0.000000000000000000, 10.14999999999665192, 130.0000000000000000 ) ) ;
#876 = DIRECTION ( 'NONE',  ( -1.000000000000000000, 0.000000000000000000, 0.000000000000000000 ) ) ;
#877 = DIRECTION ( 'NONE',  ( 1.000000000000000000, 0.000000000000000000, 0.000000000000000000 ) ) ;
#878 = PLANE ( 'NONE',  #1270 ) ;
#879 = ORIENTED_EDGE ( 'NONE', *, *, #2620, .F. ) ;
#880 = CARTESIAN_POINT ( 'NONE',  ( 36.99999999999987921, 11.43999999997026862, 0.000000000000000000 ) ) ;
#881 = EDGE_CURVE ( 'NONE', #6310, #3117, #5692, .T. ) ;
#882 = LINE ( 'NONE', #5909, #2740 ) ;
#883 = DIRECTION ( 'NONE',  ( -0.000000000000000000, 0.000000000000000000, 1.000000000000000000 ) ) ;
#884 = ORIENTED_EDGE ( 'NONE', *, *, #5471, .T. ) ;
#885 = LOCAL_TIME ( 15, 24, 6.000000000000000000, #4882 ) ;
#886 = ORIENTED_EDGE ( 'NONE', *, *, #4634, .F. ) ;
#887 = CARTESIAN_POINT ( 'NONE',  ( -35.00000000000191847, -1.234887898153138944E-13, 130.0000000000000000 ) ) ;
#888 = VECTOR ( 'NONE', #3410, 1000.000000000000000 ) ;
#889 = VECTOR ( 'NONE', #1653, 1000.000000000000000 ) ;
#890 = LINE ( 'NONE', #2129, #7483 ) ;
#891 = ORIENTED_EDGE ( 'NONE', *, *, #7031, .T. ) ;
#892 = EDGE_CURVE ( 'NONE', #5610, #1800, #8084, .T. ) ;
#893 = CIRCLE ( 'NONE', #4159, 0.2500000000006386003 ) ;
#894 = AXIS2_PLACEMENT_3D ( 'NONE', #5624, #7632, #3723 ) ;
#895 = EDGE_LOOP ( 'NONE', ( #6154, #4353, #4261, #5210 ) ) ;
#896 = ORIENTED_EDGE ( 'NONE', *, *, #3557, .F. ) ;
#897 = PLANE ( 'NONE',  #3084 ) ;
#898 = PERSON_AND_ORGANIZATION_ROLE ( 'classification_officer' ) ;
#899 = EDGE_CURVE ( 'NONE', #7421, #1629, #6318, .T. ) ;
#900 = ORGANIZATION ( 'NAUO-ORG6', 'UNSPECIFIED', 'UNSPECIFIED' ) ;
#901 = VECTOR ( 'NONE', #7484, 1000.000000000000000 ) ;
#902 = DIRECTION ( 'NONE',  ( 1.000000000000000000, 0.000000000000000000, 0.000000000000000000 ) ) ;
#903 = APPROVAL_PERSON_ORGANIZATION ( #5669, #1742, #5046 ) ;
#904 = CARTESIAN_POINT ( 'NONE',  ( -32.99999999999517541, 6.900000000003137401, 130.0000000000000000 ) ) ;
#905 = LINE ( 'NONE', #2791, #7960 ) ;
#906 = DIRECTION ( 'NONE',  ( -0.000000000000000000, 0.000000000000000000, 1.000000000000000000 ) ) ;
#907 = CIRCLE ( 'NONE', #2994, 0.2500000000000904277 ) ;
#908 = ORIENTED_EDGE ( 'NONE', *, *, #1819, .T. ) ;
#909 = ORIENTED_EDGE ( 'NONE', *, *, #6045, .F. ) ;
#910 = CARTESIAN_POINT ( 'NONE',  ( 35.00000000000000711, 36.99999999999560885, 130.0000000000000000 ) ) ;
#911 = PERSON_AND_ORGANIZATION ( #7757, #5787 ) ;
#912 = ADVANCED_FACE ( 'NONE', ( #7426, #3170, #1764 ), #3654, .T. ) ;
#913 = LINE ( 'NONE', #3408, #231 ) ;
#914 = LINE ( 'NONE', #2833, #4969 ) ;
#915 = DIRECTION ( 'NONE',  ( 0.000000000000000000, 0.000000000000000000, 1.000000000000000000 ) ) ;
#916 = AXIS2_PLACEMENT_3D ( 'NONE', #3598, #2958, #4198 ) ;
#917 = EDGE_CURVE ( 'NONE', #5588, #6349, #1806, .T. ) ;
#918 = ADVANCED_FACE ( 'NONE', ( #1199, #3073, #6221 ), #585, .F. ) ;
#919 = CARTESIAN_POINT ( 'NONE',  ( 0.8249999999999992895, -1.123686027918558095, -0.3200000000000000067 ) ) ;
#920 = FACE_BOUND ( 'NONE', #5457, .T. ) ;
#921 = PLANE ( 'NONE',  #5458 ) ;
#922 = AXIS2_PLACEMENT_3D ( 'NONE', #3187, #7575, #1304 ) ;
#923 = ADVANCED_FACE ( 'NONE', ( #2644 ), #171, .F. ) ;
#924 = ORIENTED_EDGE ( 'NONE', *, *, #2083, .T. ) ;
#925 = CARTESIAN_POINT ( 'NONE',  ( -1.500651454953194213E-13, 32.43999999999576289, 130.0000000000000000 ) ) ;
#926 = LINE ( 'NONE', #2195, #6683 ) ;
#927 = VECTOR ( 'NONE', #6014, 1000.000000000000000 ) ;
#928 = DIRECTION ( 'NONE',  ( -1.000000000000000000, -3.469446951949374456E-15, 0.000000000000000000 ) ) ;
#929 = APPROVAL ( #1369, 'UNKNOWN' ) ;
#930 = VERTEX_POINT ( 'NONE', #5778 ) ;
#931 = VERTEX_POINT ( 'NONE', #3832 ) ;
#932 = DIRECTION ( 'NONE',  ( 3.528251137580203374E-15, -1.000000000000000000, 0.000000000000000000 ) ) ;
#933 = ADVANCED_FACE ( 'NONE', ( #3981 ), #2139, .F. ) ;
#934 = CARTESIAN_POINT ( 'NONE',  ( -34.50614573291555587, 34.08995298375382532, 130.0000000000000000 ) ) ;
#935 = VERTEX_POINT ( 'NONE', #3325 ) ;
#936 = AXIS2_PLACEMENT_3D ( 'NONE', #2505, #1796, #6302 ) ;
#937 = EDGE_CURVE ( 'NONE', #306, #3117, #5186, .T. ) ;
#938 = ORIENTED_EDGE ( 'NONE', *, *, #3904, .T. ) ;
#939 = EDGE_LOOP ( 'NONE', ( #7056, #3017, #2758, #5333 ) ) ;
#940 = LINE ( 'NONE', #3432, #6784 ) ;
#941 = CARTESIAN_POINT ( 'NONE',  ( 32.19874955268085159, 37.99999999999504041, 130.0000000000000000 ) ) ;
#942 = CYLINDRICAL_SURFACE ( 'NONE', #3850, 0.7636293187993428155 ) ;
#943 = LINE ( 'NONE', #4642, #1915 ) ;
#944 = FACE_OUTER_BOUND ( 'NONE', #8077, .T. ) ;
#945 = VERTEX_POINT ( 'NONE', #1482 ) ;
#946 = ORIENTED_EDGE ( 'NONE', *, *, #1433, .F. ) ;
#947 = CARTESIAN_POINT ( 'NONE',  ( 36.99999999999980815, 32.43999999999594053, 130.0000000000000000 ) ) ;
#948 = EDGE_CURVE ( 'NONE', #4707, #3027, #3043, .T. ) ;
#949 = SECURITY_CLASSIFICATION_LEVEL ( 'unclassified' ) ;
#950 = CARTESIAN_POINT ( 'NONE',  ( -38.49999999999786837, 3.999999999965364594, 0.000000000000000000 ) ) ;
#951 = PLANE ( 'NONE',  #370 ) ;
#952 = VECTOR ( 'NONE', #4892, 1000.000000000000000 ) ;
#953 = DIRECTION ( 'NONE',  ( -0.000000000000000000, 0.000000000000000000, -1.000000000000000000 ) ) ;
#954 = DIRECTION ( 'NONE',  ( -0.7071067811865463515, -0.7071067811865487940, 0.000000000000000000 ) ) ;
#955 = PLANE ( 'NONE',  #7522 ) ;
#956 = DIRECTION ( 'NONE',  ( -1.000000000000000000, 0.000000000000000000, 0.000000000000000000 ) ) ;
#957 = EDGE_CURVE ( 'NONE', #7508, #2166, #3251, .T. ) ;
#958 = DIRECTION ( 'NONE',  ( 1.000000000000000000, 0.000000000000000000, 0.000000000000000000 ) ) ;
#959 = DIRECTION ( 'NONE',  ( -1.000000000000000000, -3.469446951957591626E-15, 0.000000000000000000 ) ) ;
#960 = CARTESIAN_POINT ( 'NONE',  ( -34.99999999999739231, 0.000000000000000000, 130.0000000000000000 ) ) ;
#961 = SHAPE_REPRESENTATION ( 'GB-T-819.1-2000-C-NI-M3X6', ( #8005 ), #2860 ) ;
#962 = DIRECTION ( 'NONE',  ( -0.000000000000000000, -0.000000000000000000, -1.000000000000000000 ) ) ;
#963 = EDGE_CURVE ( 'NONE', #6358, #406, #6364, .T. ) ;
#964 = CARTESIAN_POINT ( 'NONE',  ( -32.56418350556644015, 2.437151880638006585, 0.000000000000000000 ) ) ;
#965 = ORIENTED_EDGE ( 'NONE', *, *, #212, .T. ) ;
#966 = ORIENTED_EDGE ( 'NONE', *, *, #1477, .T. ) ;
#967 =( NAMED_UNIT ( * ) SI_UNIT ( $, .STERADIAN. ) SOLID_ANGLE_UNIT ( ) );
#968 = EDGE_CURVE ( 'NONE', #1187, #7092, #1333, .T. ) ;
#969 = LINE ( 'NONE', #2780, #2733 ) ;
#970 = EDGE_CURVE ( 'NONE', #7126, #5414, #3872, .T. ) ;
#971 = ORIENTED_EDGE ( 'NONE', *, *, #6345, .F. ) ;
#972 = ORIENTED_EDGE ( 'NONE', *, *, #3839, .T. ) ;
#973 = ORIENTED_EDGE ( 'NONE', *, *, #5393, .F. ) ;
#974 = FACE_OUTER_BOUND ( 'NONE', #977, .T. ) ;
#975 = AXIS2_PLACEMENT_3D ( 'NONE', #5603, #7956, #8002 ) ;
#976 = DIRECTION ( 'NONE',  ( -0.000000000000000000, -0.000000000000000000, 1.000000000000000000 ) ) ;
#977 = EDGE_LOOP ( 'NONE', ( #3849, #2593 ) ) ;
#978 = EDGE_CURVE ( 'NONE', #3775, #5822, #6441, .T. ) ;
#979 = LINE ( 'NONE', #2682, #3077 ) ;
#980 = AXIS2_PLACEMENT_3D ( 'NONE', #4646, #3272, #7916 ) ;
#981 = CARTESIAN_POINT ( 'NONE',  ( -34.99999999999536726, 2.999999999997816857, 0.000000000000000000 ) ) ;
#982 = ORIENTED_EDGE ( 'NONE', *, *, #7365, .F. ) ;
#983 = ORIENTED_EDGE ( 'NONE', *, *, #7504, .F. ) ;
#984 = DIRECTION ( 'NONE',  ( -0.000000000000000000, 0.000000000000000000, 1.000000000000000000 ) ) ;
#985 = APPLICATION_PROTOCOL_DEFINITION ( 'international standard', 'config_control_design', 1994, #2765 ) ;
#986 = CIRCLE ( 'NONE', #207, 1.249999999999112932 ) ;
#987 = DIRECTION ( 'NONE',  ( -1.000000000000000000, -3.469446951953611033E-15, 0.000000000000000000 ) ) ;
#988 = LINE ( 'NONE', #1027, #1161 ) ;
#989 = CARTESIAN_POINT ( 'NONE',  ( 33.89073051572944451, 34.75957119923662475, 0.000000000000000000 ) ) ;
#990 = CARTESIAN_POINT ( 'NONE',  ( 0.000000000000000000, 7.149999999999887557, 130.0000000000000000 ) ) ;
#991 = LINE ( 'NONE', #3487, #927 ) ;
#992 = PLANE ( 'NONE',  #3138 ) ;
#993 = VECTOR ( 'NONE', #6962, 1000.000000000000000 ) ;
#994 = CARTESIAN_POINT ( 'NONE',  ( 36.99999999999982947, 24.99999999998627231, 0.000000000000000000 ) ) ;
#995 = CYLINDRICAL_SURFACE ( 'NONE', #6670, 2.500000000000397904 ) ;
#996 = CARTESIAN_POINT ( 'NONE',  ( -34.99999999999536726, 2.999999999997816857, 130.0000000000000000 ) ) ;
#997 = CARTESIAN_POINT ( 'NONE',  ( 33.89073051572432149, 5.240428800752574112, 130.0000000000000000 ) ) ;
#998 = PLANE ( 'NONE',  #209 ) ;
#999 = ORIENTED_EDGE ( 'NONE', *, *, #4926, .F. ) ;
#1000 = ORIENTED_EDGE ( 'NONE', *, *, #1002, .F. ) ;
#1001 = CARTESIAN_POINT ( 'NONE',  ( 0.000000000000000000, 10.14999999999689706, 130.0000000000000000 ) ) ;
#1002 = EDGE_CURVE ( 'NONE', #1354, #3027, #3209, .T. ) ;
#1003 = PLANE ( 'NONE',  #5479 ) ;
#1004 = ORIENTED_EDGE ( 'NONE', *, *, #1925, .F. ) ;
#1005 = EDGE_CURVE ( 'NONE', #2496, #2578, #6740, .T. ) ;
#1006 = VECTOR ( 'NONE', #6267, 1000.000000000000000 ) ;
#1007 = LOCAL_TIME ( 15, 24, 6.000000000000000000, #6038 ) ;
#1008 = VECTOR ( 'NONE', #7771, 1000.000000000000000 ) ;
#1009 = ORIENTED_EDGE ( 'NONE', *, *, #2525, .T. ) ;
#1010 = ORIENTED_EDGE ( 'NONE', *, *, #7229, .T. ) ;
#1011 = CARTESIAN_POINT ( 'NONE',  ( -38.49999999999995026, -1.855190384027750209E-13, 130.0000000000000000 ) ) ;
#1012 = COORDINATED_UNIVERSAL_TIME_OFFSET ( 8, 0, .AHEAD. ) ;
#1013 = EDGE_CURVE ( 'NONE', #5629, #3426, #7687, .T. ) ;
#1014 = DIRECTION ( 'NONE',  ( -0.000000000000000000, -0.000000000000000000, -1.000000000000000000 ) ) ;
#1015 = VERTEX_POINT ( 'NONE', #796 ) ;
#1016 = VECTOR ( 'NONE', #6012, 1000.000000000000000 ) ;
#1017 = AXIS2_PLACEMENT_3D ( 'NONE', #4369, #5749, #2480 ) ;
#1018 = DIRECTION ( 'NONE',  ( -1.000000000000000000, 0.000000000000000000, 0.000000000000000000 ) ) ;
#1019 = VERTEX_POINT ( 'NONE', #5220 ) ;
#1020 = ORIENTED_EDGE ( 'NONE', *, *, #5941, .F. ) ;
#1021 = AXIS2_PLACEMENT_3D ( 'NONE', #1829, #8143, #2357 ) ;
#1022 = DIRECTION ( 'NONE',  ( 0.000000000000000000, 0.000000000000000000, 1.000000000000000000 ) ) ;
#1023 = AXIS2_PLACEMENT_3D ( 'NONE', #4336, #2491, #4872 ) ;
#1024 = PERSON_AND_ORGANIZATION ( #7757, #5787 ) ;
#1025 = EDGE_CURVE ( 'NONE', #4710, #7646, #5113, .T. ) ;
#1026 = CARTESIAN_POINT ( 'NONE',  ( 36.99999999999995026, 1.645763297720172378E-13, 130.0000000000000000 ) ) ;
#1027 = CARTESIAN_POINT ( 'NONE',  ( 0.8249999999999999556, 0.6199999999999999956, 0.3200000000000000067 ) ) ;
#1028 = DIRECTION ( 'NONE',  ( 1.000000000000000000, 4.625929269276788834E-15, 0.000000000000000000 ) ) ;
#1029 = VECTOR ( 'NONE', #4736, 1000.000000000000000 ) ;
#1030 = LOCAL_TIME ( 15, 24, 6.000000000000000000, #5417 ) ;
#1031 = CARTESIAN_POINT ( 'NONE',  ( 34.99999999999836575, 2.999999999997227107, 0.000000000000000000 ) ) ;
#1032 = DIRECTION ( 'NONE',  ( -0.000000000000000000, -0.000000000000000000, -1.000000000000000000 ) ) ;
#1033 = LINE ( 'NONE', #5519, #4050 ) ;
#1034 = CONICAL_SURFACE ( 'NONE', #2497, 1.750000000000001554, 0.7853981633974487231 ) ;
#1035 = DIRECTION ( 'NONE',  ( 1.000000000000000000, 0.000000000000000000, 0.000000000000000000 ) ) ;
#1036 = CARTESIAN_POINT ( 'NONE',  ( -33.24999999999803890, 9.149999999996879296, 130.0000000000000000 ) ) ;
#1037 = DIRECTION ( 'NONE',  ( -0.5000000000000009992, 0.8660254037844380415, 0.000000000000000000 ) ) ;
#1038 = CC_DESIGN_PERSON_AND_ORGANIZATION_ASSIGNMENT ( #328, #371, ( #6448 ) ) ;
#1039 = DIRECTION ( 'NONE',  ( 0.7071067811865463515, 0.7071067811865487940, 0.000000000000000000 ) ) ;
#1040 = LINE ( 'NONE', #997, #6577 ) ;
#1041 = LINE ( 'NONE', #1694, #4272 ) ;
#1042 = ORIENTED_EDGE ( 'NONE', *, *, #4886, .F. ) ;
#1043 = ORIENTED_EDGE ( 'NONE', *, *, #7837, .F. ) ;
#1044 = DIRECTION ( 'NONE',  ( 1.000000000000000000, 4.818676322150006782E-15, -0.000000000000000000 ) ) ;
#1045 = VECTOR ( 'NONE', #4072, 1000.000000000000000 ) ;
#1046 = EDGE_LOOP ( 'NONE', ( #5987, #7381, #6305, #6423 ) ) ;
#1047 = ORIENTED_EDGE ( 'NONE', *, *, #4204, .T. ) ;
#1048 = AXIS2_PLACEMENT_3D ( 'NONE', #3558, #6709, #4677 ) ;
#1049 = ORIENTED_EDGE ( 'NONE', *, *, #4926, .T. ) ;
#1050 = EDGE_LOOP ( 'NONE', ( #389, #105, #2072, #855 ) ) ;
#1051 = CARTESIAN_POINT ( 'NONE',  ( -34.56124638288583384, 35.12499999999884182, 130.0000000000000000 ) ) ;
#1052 = CONTEXT_DEPENDENT_SHAPE_REPRESENTATION ( #5555, #6768 ) ;
#1053 = EDGE_CURVE ( 'NONE', #7195, #7092, #4493, .T. ) ;
#1054 = DIRECTION ( 'NONE',  ( -1.000000000000000000, 0.000000000000000000, 0.000000000000000000 ) ) ;
#1055 = VECTOR ( 'NONE', #1933, 1000.000000000000000 ) ;
#1056 = EDGE_CURVE ( 'NONE', #3012, #4222, #1370, .T. ) ;
#1057 = ORIENTED_EDGE ( 'NONE', *, *, #7077, .T. ) ;
#1058 = LINE ( 'NONE', #404, #5505 ) ;
#1059 = ADVANCED_FACE ( 'NONE', ( #6401 ), #757, .T. ) ;
#1060 = ORIENTED_EDGE ( 'NONE', *, *, #3563, .F. ) ;
#1061 = ORIENTED_EDGE ( 'NONE', *, *, #2909, .F. ) ;
#1062 = VERTEX_POINT ( 'NONE', #2061 ) ;
#1063 = FACE_BOUND ( 'NONE', #5689, .T. ) ;
#1064 = APPLICATION_PROTOCOL_DEFINITION ( 'international standard', 'config_control_design', 1994, #5728 ) ;
#1065 = VECTOR ( 'NONE', #2916, 999.9999999999998863 ) ;
#1066 = EDGE_CURVE ( 'NONE', #3223, #1716, #4563, .T. ) ;
#1067 = FACE_OUTER_BOUND ( 'NONE', #1228, .T. ) ;
#1068 = CARTESIAN_POINT ( 'NONE',  ( 41.50000000000035527, -0.6000000000020094815, 129.9999999999999432 ) ) ;
#1069 = LINE ( 'NONE', #2264, #4440 ) ;
#1070 = DIRECTION ( 'NONE',  ( -3.483287830750206171E-15, 1.000000000000000000, 0.000000000000000000 ) ) ;
#1071 = CARTESIAN_POINT ( 'NONE',  ( -45.49999999999975842, 1.399999999996578204, 23.00000000000000000 ) ) ;
#1072 = AXIS2_PLACEMENT_3D ( 'NONE', #2140, #7688, #4640 ) ;
#1073 = CARTESIAN_POINT ( 'NONE',  ( 34.99999999999657518, 2.999999999994909405, 0.000000000000000000 ) ) ;
#1074 = AXIS2_PLACEMENT_3D ( 'NONE', #2024, #7797, #861 ) ;
#1075 = LINE ( 'NONE', #4697, #5838 ) ;
#1076 = CARTESIAN_POINT ( 'NONE',  ( 0.8249999999999999556, -0.3200000000000000067, 0.3200000000000000067 ) ) ;
#1077 = FACE_OUTER_BOUND ( 'NONE', #57, .T. ) ;
#1078 = ORIENTED_EDGE ( 'NONE', *, *, #4934, .F. ) ;
#1079 = CARTESIAN_POINT ( 'NONE',  ( 38.50000000000086686, 37.99999999999891998, 0.000000000000000000 ) ) ;
#1080 = CARTESIAN_POINT ( 'NONE',  ( 38.49999999999822364, 1.855190384027667158E-13, 130.0000000000000000 ) ) ;
#1081 = ADVANCED_FACE ( 'NONE', ( #400 ), #6663, .F. ) ;
#1082 = CARTESIAN_POINT ( 'NONE',  ( -38.49999999999786837, 3.999999999965364594, 2.000000000000000000 ) ) ;
#1083 = ORIENTED_EDGE ( 'NONE', *, *, #1205, .T. ) ;
#1084 = ORIENTED_EDGE ( 'NONE', *, *, #7044, .T. ) ;
#1085 = DIRECTION ( 'NONE',  ( 2.775557561562891351E-17, 8.326672684688674053E-17, 1.000000000000000000 ) ) ;
#1086 = LINE ( 'NONE', #7405, #1808 ) ;
#1087 = LINE ( 'NONE', #2965, #2384 ) ;
#1088 = ORIENTED_EDGE ( 'NONE', *, *, #7550, .F. ) ;
#1089 = ADVANCED_FACE ( 'NONE', ( #2896 ), #7325, .F. ) ;
#1090 = ORIENTED_EDGE ( 'NONE', *, *, #7921, .F. ) ;
#1091 = VERTEX_POINT ( 'NONE', #441 ) ;
#1092 = ORIENTED_EDGE ( 'NONE', *, *, #5321, .T. ) ;
#1093 = AXIS2_PLACEMENT_3D ( 'NONE', #5702, #1490, #4505 ) ;
#1094 = CYLINDRICAL_SURFACE ( 'NONE', #750, 1.750000000000001554 ) ;
#1095 = APPROVAL_STATUS ( 'not_yet_approved' ) ;
#1096 = LINE ( 'NONE', #5680, #6719 ) ;
#1097 = ORIENTED_EDGE ( 'NONE', *, *, #5761, .T. ) ;
#1098 = CARTESIAN_POINT ( 'NONE',  ( 36.99999999999982236, 27.99999999998993871, 130.0000000000000000 ) ) ;
#1099 = AXIS2_PLACEMENT_3D ( 'NONE', #1031, #5517, #5469 ) ;
#1100 = VERTEX_POINT ( 'NONE', #6704 ) ;
#1101 = VERTEX_POINT ( 'NONE', #1663 ) ;
#1102 = ORIENTED_EDGE ( 'NONE', *, *, #4785, .F. ) ;
#1103 = CARTESIAN_POINT ( 'NONE',  ( 6.000000000000000000, 0.000000000000000000, 0.000000000000000000 ) ) ;
#1104 = PERSON_AND_ORGANIZATION_ROLE ( 'creator' ) ;
#1105 = LINE ( 'NONE', #4358, #5548 ) ;
#1106 = DIRECTION ( 'NONE',  ( 1.000000000000000000, 4.625929269276788045E-15, 0.000000000000000000 ) ) ;
#1107 = DIRECTION ( 'NONE',  ( -1.000000000000000000, 0.000000000000000000, 0.000000000000000000 ) ) ;
#1108 = DIRECTION ( 'NONE',  ( 1.000000000000000000, 0.000000000000000000, 0.000000000000000000 ) ) ;
#1109 = EDGE_CURVE ( 'NONE', #5009, #6691, #5410, .T. ) ;
#1110 = VECTOR ( 'NONE', #2576, 1000.000000000000000 ) ;
#1111 = DIRECTION ( 'NONE',  ( 1.000000000000000000, 4.625929269276788045E-15, 0.000000000000000000 ) ) ;
#1112 = DIRECTION ( 'NONE',  ( -0.000000000000000000, 0.000000000000000000, 1.000000000000000000 ) ) ;
#1113 = ADVANCED_FACE ( 'NONE', ( #4794 ), #4174, .T. ) ;
#1114 = EDGE_CURVE ( 'NONE', #1015, #6408, #6215, .T. ) ;
#1115 = CARTESIAN_POINT ( 'NONE',  ( -1.017704439240081080E-13, 21.99999999998243538, 130.0000000000000000 ) ) ;
#1116 = ORIENTED_EDGE ( 'NONE', *, *, #7696, .F. ) ;
#1117 = VECTOR ( 'NONE', #3206, 1000.000000000000000 ) ;
#1118 = DIRECTION ( 'NONE',  ( 4.818676322150006782E-15, -1.000000000000000000, 0.000000000000000000 ) ) ;
#1119 = CARTESIAN_POINT ( 'NONE',  ( -38.50000000000008527, 30.99999999999334221, 130.0000000000000000 ) ) ;
#1120 = LINE ( 'NONE', #2308, #801 ) ;
#1121 = ORIENTED_EDGE ( 'NONE', *, *, #7442, .F. ) ;
#1122 = VECTOR ( 'NONE', #6168, 1000.000000000000000 ) ;
#1123 = LINE ( 'NONE', #3711, #7496 ) ;
#1124 = DIRECTION ( 'NONE',  ( 1.000000000000000000, 0.000000000000000000, 0.000000000000000000 ) ) ;
#1125 = DIRECTION ( 'NONE',  ( 1.000000000000000000, 0.000000000000000000, 0.000000000000000000 ) ) ;
#1126 = CIRCLE ( 'NONE', #2583, 1.999999999999988010 ) ;
#1127 = ORIENTED_EDGE ( 'NONE', *, *, #119, .T. ) ;
#1128 = VERTEX_POINT ( 'NONE', #281 ) ;
#1129 = DIRECTION ( 'NONE',  ( 0.000000000000000000, 0.000000000000000000, 1.000000000000000000 ) ) ;
#1130 = ORIENTED_EDGE ( 'NONE', *, *, #2637, .F. ) ;
#1131 = LINE ( 'NONE', #3631, #7343 ) ;
#1132 = EDGE_CURVE ( 'NONE', #2093, #7358, #7943, .T. ) ;
#1133 = CARTESIAN_POINT ( 'NONE',  ( 34.99999999999836575, 2.999999999997227107, 0.000000000000000000 ) ) ;
#1134 = VECTOR ( 'NONE', #4732, 1000.000000000000000 ) ;
#1135 = VERTEX_POINT ( 'NONE', #5998 ) ;
#1136 = ORIENTED_EDGE ( 'NONE', *, *, #3047, .F. ) ;
#1137 = VERTEX_POINT ( 'NONE', #2214 ) ;
#1138 = ORIENTED_EDGE ( 'NONE', *, *, #7788, .T. ) ;
#1139 = DIRECTION ( 'NONE',  ( -0.000000000000000000, -0.000000000000000000, 1.000000000000000000 ) ) ;
#1140 = PERSON_AND_ORGANIZATION ( #2236, #2075 ) ;
#1141 = LINE ( 'NONE', #6170, #5530 ) ;
#1142 = ADVANCED_FACE ( 'NONE', ( #3512 ), #6040, .T. ) ;
#1143 = EDGE_LOOP ( 'NONE', ( #1088, #5547, #7418, #7914 ) ) ;
#1144 = VECTOR ( 'NONE', #1765, 1000.000000000000000 ) ;
#1145 = CC_DESIGN_SECURITY_CLASSIFICATION ( #4685, ( #8162 ) ) ;
#1146 = VERTEX_POINT ( 'NONE', #941 ) ;
#1147 = ORIENTED_EDGE ( 'NONE', *, *, #4504, .T. ) ;
#1148 = ORIENTED_EDGE ( 'NONE', *, *, #917, .F. ) ;
#1149 = EDGE_CURVE ( 'NONE', #3281, #4176, #2770, .T. ) ;
#1150 = CARTESIAN_POINT ( 'NONE',  ( 43.50000000000023448, 1.399999999996888400, 107.0000000000000142 ) ) ;
#1151 = PERSON_AND_ORGANIZATION ( #7757, #5787 ) ;
#1152 = APPROVAL_PERSON_ORGANIZATION ( #5631, #7981, #40 ) ;
#1153 = CARTESIAN_POINT ( 'NONE',  ( -1.406789449011262635E-13, 39.99999999999737099, 130.0000000000000000 ) ) ;
#1154 = VECTOR ( 'NONE', #839, 1000.000000000000000 ) ;
#1155 = VECTOR ( 'NONE', #765, 1000.000000000000000 ) ;
#1156 = CARTESIAN_POINT ( 'NONE',  ( 38.49999999999822364, 1.855190384027667158E-13, 0.000000000000000000 ) ) ;
#1157 = LINE ( 'NONE', #4852, #5354 ) ;
#1158 = LINE ( 'NONE', #3788, #504 ) ;
#1159 = CARTESIAN_POINT ( 'NONE',  ( 45.50000000000023448, 1.399999999996895284, 107.0000000000000142 ) ) ;
#1160 = CARTESIAN_POINT ( 'NONE',  ( -2.428612866357863862E-14, 6.999999999964146902, 130.0000000000000000 ) ) ;
#1161 = VECTOR ( 'NONE', #7385, 1000.000000000000000 ) ;
#1162 = LINE ( 'NONE', #3660, #1681 ) ;
#1163 = ORIENTED_EDGE ( 'NONE', *, *, #2631, .T. ) ;
#1164 = CARTESIAN_POINT ( 'NONE',  ( -32.99999999999517541, 0.000000000000000000, 0.000000000000000000 ) ) ;
#1165 = LINE ( 'NONE', #2353, #3548 ) ;
#1166 = DIRECTION ( 'NONE',  ( -1.000000000000000000, 0.000000000000000000, 0.000000000000000000 ) ) ;
#1167 = VERTEX_POINT ( 'NONE', #2848 ) ;
#1168 = VECTOR ( 'NONE', #7619, 1000.000000000000000 ) ;
#1169 = EDGE_CURVE ( 'NONE', #7768, #4222, #2788, .T. ) ;
#1170 = VERTEX_POINT ( 'NONE', #2173 ) ;
#1171 = EDGE_CURVE ( 'NONE', #4252, #2058, #4674, .T. ) ;
#1172 = PLANE ( 'NONE',  #4164 ) ;
#1173 = DIRECTION ( 'NONE',  ( -0.000000000000000000, -0.000000000000000000, -1.000000000000000000 ) ) ;
#1174 = DIRECTION ( 'NONE',  ( 1.000000000000000000, 0.000000000000000000, 0.000000000000000000 ) ) ;
#1175 = EDGE_CURVE ( 'NONE', #3540, #2093, #1710, .T. ) ;
#1176 = CARTESIAN_POINT ( 'NONE',  ( -41.49999999999975842, 1.399999999996592193, 106.9999999999999574 ) ) ;
#1177 = EDGE_LOOP ( 'NONE', ( #2922, #2531, #5655, #4553 ) ) ;
#1178 = APPLICATION_PROTOCOL_DEFINITION ( 'international standard', 'config_control_design', 1994, #2904 ) ;
#1179 = ORIENTED_EDGE ( 'NONE', *, *, #846, .F. ) ;
#1180 = DIRECTION ( 'NONE',  ( -0.000000000000000000, -0.000000000000000000, -1.000000000000000000 ) ) ;
#1181 = LINE ( 'NONE', #7538, #4620 ) ;
#1182 = ORIENTED_EDGE ( 'NONE', *, *, #4437, .F. ) ;
#1183 = CONICAL_SURFACE ( 'NONE', #4988, 1.750000000000001554, 0.7853981633974487231 ) ;
#1184 = APPROVAL ( #4171, 'UNKNOWN' ) ;
#1185 = VERTEX_POINT ( 'NONE', #2821 ) ;
#1186 = ORIENTED_EDGE ( 'NONE', *, *, #3479, .T. ) ;
#1187 = VERTEX_POINT ( 'NONE', #5332 ) ;
#1188 = DIRECTION ( 'NONE',  ( 1.000000000000000000, 4.818676322150006782E-15, -0.000000000000000000 ) ) ;
#1189 = AXIS2_PLACEMENT_3D ( 'NONE', #2015, #3818, #5178 ) ;
#1190 = CARTESIAN_POINT ( 'NONE',  ( -3.969047313029125460E-14, 11.43999999997014072, 130.0000000000000000 ) ) ;
#1191 = ORIENTED_EDGE ( 'NONE', *, *, #1149, .F. ) ;
#1192 = AXIS2_PLACEMENT_3D ( 'NONE', #6274, #12, #2520 ) ;
#1193 = EDGE_CURVE ( 'NONE', #7985, #1414, #1590, .T. ) ;
#1194 = ORIENTED_EDGE ( 'NONE', *, *, #3004, .T. ) ;
#1195 = VERTEX_POINT ( 'NONE', #6627 ) ;
#1196 = ORIENTED_EDGE ( 'NONE', *, *, #5152, .T. ) ;
#1197 = FACE_OUTER_BOUND ( 'NONE', #2595, .T. ) ;
#1198 = DATE_AND_TIME ( #3780, #3513 ) ;
#1199 = FACE_BOUND ( 'NONE', #6598, .T. ) ;
#1200 = DIRECTION ( 'NONE',  ( -0.000000000000000000, -0.000000000000000000, -1.000000000000000000 ) ) ;
#1201 = DIRECTION ( 'NONE',  ( 1.000000000000000000, 4.818676322150003626E-15, -0.000000000000000000 ) ) ;
#1202 = DIRECTION ( 'NONE',  ( 0.000000000000000000, 0.000000000000000000, 1.000000000000000000 ) ) ;
#1203 = DIRECTION ( 'NONE',  ( 1.000000000000000000, 0.000000000000000000, 0.000000000000000000 ) ) ;
#1204 = DIRECTION ( 'NONE',  ( -1.000000000000000000, 0.000000000000000000, 0.000000000000000000 ) ) ;
#1205 = EDGE_CURVE ( 'NONE', #5569, #4909, #2376, .T. ) ;
#1206 = LINE ( 'NONE', #1949, #5906 ) ;
#1207 = ORIENTED_EDGE ( 'NONE', *, *, #115, .F. ) ;
#1208 = FACE_OUTER_BOUND ( 'NONE', #1711, .T. ) ;
#1209 = CARTESIAN_POINT ( 'NONE',  ( 0.8249999999999999556, -0.6199999999999999956, 0.3199999999999999512 ) ) ;
#1210 = LINE ( 'NONE', #8097, #6008 ) ;
#1211 = ORIENTED_EDGE ( 'NONE', *, *, #4608, .T. ) ;
#1212 = VECTOR ( 'NONE', #3193, 1000.000000000000000 ) ;
#1213 = LINE ( 'NONE', #7353, #901 ) ;
#1214 = CARTESIAN_POINT ( 'NONE',  ( -36.75000000000014211, 36.99999999999725731, 0.000000000000000000 ) ) ;
#1215 = CARTESIAN_POINT ( 'NONE',  ( -34.56124638287678152, 4.874999999992833288, 130.0000000000000000 ) ) ;
#1216 = EDGE_CURVE ( 'NONE', #7859, #5406, #7909, .T. ) ;
#1217 = CARTESIAN_POINT ( 'NONE',  ( -4.510281037534952658E-14, 12.99999999997147881, 130.0000000000000000 ) ) ;
#1218 = DIRECTION ( 'NONE',  ( -5.551115123125782702E-17, 1.387778780781445676E-16, 1.000000000000000000 ) ) ;
#1219 = VERTEX_POINT ( 'NONE', #1625 ) ;
#1220 = LINE ( 'NONE', #3097, #1432 ) ;
#1221 = DIRECTION ( 'NONE',  ( -0.000000000000000000, -0.000000000000000000, -1.000000000000000000 ) ) ;
#1222 = VECTOR ( 'NONE', #7513, 1000.000000000000000 ) ;
#1223 = EDGE_CURVE ( 'NONE', #133, #7153, #4347, .T. ) ;
#1224 = ORIENTED_EDGE ( 'NONE', *, *, #10, .F. ) ;
#1225 = CARTESIAN_POINT ( 'NONE',  ( -43.49999999999975842, -0.6000000000023070212, 23.00000000000000000 ) ) ;
#1226 = ORIENTED_EDGE ( 'NONE', *, *, #8047, .T. ) ;
#1227 = EDGE_CURVE ( 'NONE', #6309, #6247, #6252, .T. ) ;
#1228 = EDGE_LOOP ( 'NONE', ( #5634, #1415, #2514, #5285 ) ) ;
#1229 = EDGE_LOOP ( 'NONE', ( #5293, #3168, #7289, #6902 ) ) ;
#1230 = CARTESIAN_POINT ( 'NONE',  ( 0.000000000000000000, 0.000000000000000000, -2.600000000000000533 ) ) ;
#1231 = CARTESIAN_POINT ( 'NONE',  ( -45.49999999999972289, -8.600000000003422684, 106.9999999999999574 ) ) ;
#1232 = ORIENTED_EDGE ( 'NONE', *, *, #4055, .F. ) ;
#1233 = AXIS2_PLACEMENT_3D ( 'NONE', #6610, #1607, #1531 ) ;
#1234 = ORIENTED_EDGE ( 'NONE', *, *, #7868, .T. ) ;
#1235 = ORIENTED_EDGE ( 'NONE', *, *, #7696, .T. ) ;
#1236 = EDGE_LOOP ( 'NONE', ( #1078, #5639, #5788, #8072 ) ) ;
#1237 = CARTESIAN_POINT ( 'NONE',  ( 38.49999999999820233, 1.322511956943858479E-13, 130.0000000000000000 ) ) ;
#1238 = COORDINATED_UNIVERSAL_TIME_OFFSET ( 8, 0, .AHEAD. ) ;
#1239 = DIRECTION ( 'NONE',  ( 1.156482317317870344E-15, 0.000000000000000000, 1.000000000000000000 ) ) ;
#1240 = LINE ( 'NONE', #3739, #1006 ) ;
#1241 = LINE ( 'NONE', #2517, #1726 ) ;
#1242 = CARTESIAN_POINT ( 'NONE',  ( 36.99999999999982947, 24.99999999998627231, 130.0000000000000000 ) ) ;
#1243 = EDGE_CURVE ( 'NONE', #7277, #2814, #1096, .T. ) ;
#1244 = CARTESIAN_POINT ( 'NONE',  ( 45.50000000000027001, -8.600000000003104716, 107.0000000000000142 ) ) ;
#1245 = LINE ( 'NONE', #3127, #1849 ) ;
#1246 = FACE_OUTER_BOUND ( 'NONE', #6294, .T. ) ;
#1247 = ORIENTED_EDGE ( 'NONE', *, *, #7210, .T. ) ;
#1248 = VECTOR ( 'NONE', #3411, 1000.000000000000000 ) ;
#1249 = DIRECTION ( 'NONE',  ( -3.483287830750206171E-15, 1.000000000000000000, -0.000000000000000000 ) ) ;
#1250 = CARTESIAN_POINT ( 'NONE',  ( 38.49999999999819522, 1.399999999996871525, 130.0000000000000000 ) ) ;
#1251 = CARTESIAN_POINT ( 'NONE',  ( 33.25000000000191847, 36.99999999999725731, 0.7499999999999952260 ) ) ;
#1252 = ORIENTED_EDGE ( 'NONE', *, *, #4481, .T. ) ;
#1253 = DIRECTION ( 'NONE',  ( -0.000000000000000000, 0.000000000000000000, 1.000000000000000000 ) ) ;
#1254 = LINE ( 'NONE', #6284, #2233 ) ;
#1255 = AXIS2_PLACEMENT_3D ( 'NONE', #5971, #5933, #4138 ) ;
#1256 = LINE ( 'NONE', #3755, #1930 ) ;
#1257 = DIRECTION ( 'NONE',  ( -0.000000000000000000, -0.000000000000000000, -1.000000000000000000 ) ) ;
#1258 = ADVANCED_FACE ( 'NONE', ( #617 ), #4391, .F. ) ;
#1259 = DIRECTION ( 'NONE',  ( 0.000000000000000000, 0.000000000000000000, -0.9999999999999997780 ) ) ;
#1260 = ORIENTED_EDGE ( 'NONE', *, *, #2913, .F. ) ;
#1261 = CARTESIAN_POINT ( 'NONE',  ( 32.99999999999633360, 0.000000000000000000, 0.000000000000000000 ) ) ;
#1262 = DIRECTION ( 'NONE',  ( -0.000000000000000000, 0.000000000000000000, 1.000000000000000000 ) ) ;
#1263 = CIRCLE ( 'NONE', #6528, 0.7636293187994260823 ) ;
#1264 = EDGE_LOOP ( 'NONE', ( #1473, #1342, #3305, #2057 ) ) ;
#1265 = LINE ( 'NONE', #34, #5990 ) ;
#1266 = ORIENTED_EDGE ( 'NONE', *, *, #2979, .F. ) ;
#1267 = ORIENTED_EDGE ( 'NONE', *, *, #3283, .F. ) ;
#1268 = EDGE_CURVE ( 'NONE', #1893, #6950, #6838, .T. ) ;
#1269 = LINE ( 'NONE', #3767, #261 ) ;
#1270 = AXIS2_PLACEMENT_3D ( 'NONE', #3376, #298, #5865 ) ;
#1271 = DIRECTION ( 'NONE',  ( -3.483287830750206171E-15, 1.000000000000000000, -0.000000000000000000 ) ) ;
#1272 = FACE_OUTER_BOUND ( 'NONE', #6789, .T. ) ;
#1273 = VERTEX_POINT ( 'NONE', #7458 ) ;
#1274 = EDGE_CURVE ( 'NONE', #2928, #567, #6922, .T. ) ;
#1275 = EDGE_CURVE ( 'NONE', #4157, #6787, #5586, .T. ) ;
#1276 = ORIENTED_EDGE ( 'NONE', *, *, #355, .T. ) ;
#1277 = ORIENTED_EDGE ( 'NONE', *, *, #6517, .T. ) ;
#1278 = EDGE_LOOP ( 'NONE', ( #6897, #5020, #4061, #6072 ) ) ;
#1279 = EDGE_CURVE ( 'NONE', #6034, #7750, #6746, .T. ) ;
#1280 = DIRECTION ( 'NONE',  ( -3.483287830750206171E-15, 1.000000000000000000, -0.000000000000000000 ) ) ;
#1281 = VERTEX_POINT ( 'NONE', #4920 ) ;
#1282 = PERSON_AND_ORGANIZATION ( #7757, #5787 ) ;
#1283 = CARTESIAN_POINT ( 'NONE',  ( -1.361873576874721227E-13, 29.43999999999209649, 130.0000000000000000 ) ) ;
#1284 = FACE_OUTER_BOUND ( 'NONE', #8031, .T. ) ;
#1285 = CARTESIAN_POINT ( 'NONE',  ( 32.06620911920911965, 2.482113092012558475, 130.0000000000000000 ) ) ;
#1286 = CARTESIAN_POINT ( 'NONE',  ( -33.24999999999580780, 6.900000000003136513, 130.0000000000000000 ) ) ;
#1287 = DIRECTION ( 'NONE',  ( 1.000000000000000000, 0.000000000000000000, -0.000000000000000000 ) ) ;
#1288 = CC_DESIGN_PERSON_AND_ORGANIZATION_ASSIGNMENT ( #4433, #3641, ( #4566 ) ) ;
#1289 = CARTESIAN_POINT ( 'NONE',  ( -1.223095698796247736E-13, 26.43999999998843009, 130.0000000000000000 ) ) ;
#1290 = VECTOR ( 'NONE', #7698, 1000.000000000000000 ) ;
#1291 = DIRECTION ( 'NONE',  ( 1.000000000000000000, 4.625929269276766746E-15, 0.000000000000000000 ) ) ;
#1292 = ORIENTED_EDGE ( 'NONE', *, *, #4608, .F. ) ;
#1293 = ORIENTED_EDGE ( 'NONE', *, *, #970, .F. ) ;
#1294 = AXIS2_PLACEMENT_3D ( 'NONE', #1644, #7929, #2273 ) ;
#1295 = VECTOR ( 'NONE', #6111, 1000.000000000000000 ) ;
#1296 = DIRECTION ( 'NONE',  ( -0.7071067818260033944, 0.000000000000000000, 0.7071067805470917511 ) ) ;
#1297 = LINE ( 'NONE', #1957, #3785 ) ;
#1298 = LINE ( 'NONE', #693, #7477 ) ;
#1299 = ORIENTED_EDGE ( 'NONE', *, *, #2720, .T. ) ;
#1300 = AXIS2_PLACEMENT_3D ( 'NONE', #2026, #4532, #1411 ) ;
#1301 = EDGE_CURVE ( 'NONE', #7236, #5406, #5267, .T. ) ;
#1302 = CIRCLE ( 'NONE', #4160, 0.2499999999998614442 ) ;
#1303 = DIRECTION ( 'NONE',  ( -1.000000000000000000, 0.000000000000000000, 0.000000000000000000 ) ) ;
#1304 = DIRECTION ( 'NONE',  ( -1.000000000000000000, 0.000000000000000000, 0.000000000000000000 ) ) ;
#1305 = DIRECTION ( 'NONE',  ( 0.000000000000000000, -1.000000000000000000, 0.000000000000000000 ) ) ;
#1306 = DIRECTION ( 'NONE',  ( 4.818676322150006782E-15, -1.000000000000000000, 0.000000000000000000 ) ) ;
#1307 = PERSON_AND_ORGANIZATION ( #7757, #5787 ) ;
#1308 = ORIENTED_EDGE ( 'NONE', *, *, #5221, .T. ) ;
#1309 = CIRCLE ( 'NONE', #3931, 0.2499999999997504219 ) ;
#1310 = PRODUCT_RELATED_PRODUCT_CATEGORY ( 'detail', '', ( #7565 ) ) ;
#1311 = ORIENTED_EDGE ( 'NONE', *, *, #6225, .F. ) ;
#1312 = CARTESIAN_POINT ( 'NONE',  ( -35.00000000000204636, 36.99999999999535305, 0.000000000000000000 ) ) ;
#1313 = ORIENTED_EDGE ( 'NONE', *, *, #6062, .F. ) ;
#1314 = CIRCLE ( 'NONE', #6312, 2.500000000000411671 ) ;
#1315 = CARTESIAN_POINT ( 'NONE',  ( 34.56124638288203244, 35.12499999999907629, 130.0000000000000000 ) ) ;
#1316 = ORIENTED_EDGE ( 'NONE', *, *, #4839, .T. ) ;
#1317 = EDGE_CURVE ( 'NONE', #623, #5588, #1141, .T. ) ;
#1318 = ORIENTED_EDGE ( 'NONE', *, *, #5103, .F. ) ;
#1319 = DIRECTION ( 'NONE',  ( 4.625929269276788045E-15, -1.000000000000000000, 0.000000000000000000 ) ) ;
#1320 = COORDINATED_UNIVERSAL_TIME_OFFSET ( 8, 0, .AHEAD. ) ;
#1321 = DIRECTION ( 'NONE',  ( -3.483287830750206171E-15, 1.000000000000000000, -0.000000000000000000 ) ) ;
#1322 = FACE_OUTER_BOUND ( 'NONE', #367, .T. ) ;
#1323 = CIRCLE ( 'NONE', #5911, 1.750000000000001554 ) ;
#1324 = ORIENTED_EDGE ( 'NONE', *, *, #6313, .F. ) ;
#1325 = AXIS2_PLACEMENT_3D ( 'NONE', #3157, #5630, #1979 ) ;
#1326 = EDGE_LOOP ( 'NONE', ( #325, #2160, #7786, #1942 ) ) ;
#1327 = ORIENTED_EDGE ( 'NONE', *, *, #6045, .T. ) ;
#1328 = VERTEX_POINT ( 'NONE', #3729 ) ;
#1329 = ADVANCED_FACE ( 'NONE', ( #2329 ), #4842, .F. ) ;
#1330 = DIRECTION ( 'NONE',  ( -1.000000000000000000, -4.625929269280554067E-15, 0.000000000000000000 ) ) ;
#1331 = ORIENTED_EDGE ( 'NONE', *, *, #1538, .T. ) ;
#1332 = APPROVAL_ROLE ( '' ) ;
#1333 = LINE ( 'NONE', #4530, #5695 ) ;
#1334 = CARTESIAN_POINT ( 'NONE',  ( -36.50000000000034106, 39.99999999999723599, 130.0000000000000000 ) ) ;
#1335 = DIRECTION ( 'NONE',  ( 1.000000000000000000, 4.448008912757228678E-15, -0.000000000000000000 ) ) ;
#1336 = AXIS2_PLACEMENT_3D ( 'NONE', #2348, #7957, #5978 ) ;
#1337 = ADVANCED_FACE ( 'NONE', ( #5632 ), #6213, .T. ) ;
#1338 = PLANE ( 'NONE',  #3877 ) ;
#1339 = FACE_OUTER_BOUND ( 'NONE', #7132, .T. ) ;
#1340 = PLANE ( 'NONE',  #5640 ) ;
#1341 = VERTEX_POINT ( 'NONE', #485 ) ;
#1342 = ORIENTED_EDGE ( 'NONE', *, *, #6723, .F. ) ;
#1343 = EDGE_CURVE ( 'NONE', #7009, #2810, #2976, .T. ) ;
#1344 = LINE ( 'NONE', #3302, #2551 ) ;
#1345 = LINE ( 'NONE', #6411, #2610 ) ;
#1346 = DIRECTION ( 'NONE',  ( 0.8660254037844392627, 0.000000000000000000, 0.4999999999999990008 ) ) ;
#1347 = AXIS2_PLACEMENT_3D ( 'NONE', #6353, #7639, #3821 ) ;
#1348 = VERTEX_POINT ( 'NONE', #4304 ) ;
#1349 = CARTESIAN_POINT ( 'NONE',  ( 36.99999999999980105, 33.99999999999549516, 130.0000000000000000 ) ) ;
#1350 = DIRECTION ( 'NONE',  ( -0.000000000000000000, 0.000000000000000000, 1.000000000000000000 ) ) ;
#1351 = CARTESIAN_POINT ( 'NONE',  ( 38.49999999999823075, 1.855190384027667410E-13, 130.0000000000000000 ) ) ;
#1352 = LINE ( 'NONE', #3673, #2932 ) ;
#1353 = COORDINATED_UNIVERSAL_TIME_OFFSET ( 8, 0, .AHEAD. ) ;
#1354 = VERTEX_POINT ( 'NONE', #5502 ) ;
#1355 = VECTOR ( 'NONE', #7448, 1000.000000000000000 ) ;
#1356 = PLANE ( 'NONE',  #6874 ) ;
#1357 = EDGE_CURVE ( 'NONE', #3866, #8112, #8035, .T. ) ;
#1358 = DIRECTION ( 'NONE',  ( -3.483287830750206171E-15, 1.000000000000000000, -0.000000000000000000 ) ) ;
#1359 = AXIS2_PLACEMENT_3D ( 'NONE', #6402, #5646, #7467 ) ;
#1360 = ORIENTED_EDGE ( 'NONE', *, *, #3904, .F. ) ;
#1361 = ORIENTED_EDGE ( 'NONE', *, *, #3937, .T. ) ;
#1362 = LINE ( 'NONE', #3901, #805 ) ;
#1363 = AXIS2_PLACEMENT_3D ( 'NONE', #2678, #3909, #3293 ) ;
#1364 = CARTESIAN_POINT ( 'NONE',  ( -1.361873576874721227E-13, 29.43999999999209649, 0.000000000000000000 ) ) ;
#1365 = ORIENTED_EDGE ( 'NONE', *, *, #1828, .F. ) ;
#1366 = EDGE_LOOP ( 'NONE', ( #2776, #6125, #6316, #3285 ) ) ;
#1367 = ORIENTED_EDGE ( 'NONE', *, *, #5941, .T. ) ;
#1368 = CARTESIAN_POINT ( 'NONE',  ( 32.19874955269535377, 1.999999999998304245, 130.0000000000000000 ) ) ;
#1369 = APPROVAL_STATUS ( 'not_yet_approved' ) ;
#1370 = LINE ( 'NONE', #1409, #7407 ) ;
#1371 = FACE_OUTER_BOUND ( 'NONE', #1654, .T. ) ;
#1372 = PERSON ( 'NAUO-PER10', 'UNSPECIFIED', 'UNSPECIFIED', ('UNSPECIFIED'), ('UNSPECIFIED'), ('UNSPECIFIED') ) ;
#1373 = LINE ( 'NONE', #1946, #7634 ) ;
#1374 = DIRECTION ( 'NONE',  ( 1.000000000000000000, 4.625929269276766746E-15, 0.000000000000000000 ) ) ;
#1375 = LINE ( 'NONE', #2143, #8037 ) ;
#1376 = PRODUCT_DEFINITION_SHAPE ( 'NONE', 'NONE',  #4659 ) ;
#1377 = VERTEX_POINT ( 'NONE', #4258 ) ;
#1378 = ORIENTED_EDGE ( 'NONE', *, *, #3462, .F. ) ;
#1379 = EDGE_CURVE ( 'NONE', #4309, #7683, #3642, .T. ) ;
#1380 = CIRCLE ( 'NONE', #1233, 0.5000000000000420775 ) ;
#1381 = DIRECTION ( 'NONE',  ( -0.000000000000000000, 0.000000000000000000, 1.000000000000000000 ) ) ;
#1382 = CARTESIAN_POINT ( 'NONE',  ( -33.74999999999625544, 2.999999999997816857, 130.0000000000000000 ) ) ;
#1383 = CARTESIAN_POINT ( 'NONE',  ( 36.50000000000019895, 39.99999999999892708, 2.000000000000000000 ) ) ;
#1384 = EDGE_LOOP ( 'NONE', ( #749, #1759, #7511, #7821 ) ) ;
#1385 = EDGE_CURVE ( 'NONE', #4262, #3705, #7503, .T. ) ;
#1386 = ADVANCED_FACE ( 'NONE', ( #5546 ), #2414, .F. ) ;
#1387 = LINE ( 'NONE', #768, #1134 ) ;
#1388 = LINE ( 'NONE', #2693, #392 ) ;
#1389 = CYLINDRICAL_SURFACE ( 'NONE', #4796, 0.4999999999992510435 ) ;
#1390 = CIRCLE ( 'NONE', #3454, 0.2500000000000834888 ) ;
#1391 = PLANE ( 'NONE',  #1255 ) ;
#1392 = APPROVAL_DATE_TIME ( #5134, #4307 ) ;
#1393 = ORIENTED_EDGE ( 'NONE', *, *, #7104, .F. ) ;
#1394 = VECTOR ( 'NONE', #5615, 1000.000000000000000 ) ;
#1395 = EDGE_CURVE ( 'NONE', #676, #7580, #4870, .T. ) ;
#1396 = FACE_OUTER_BOUND ( 'NONE', #8070, .T. ) ;
#1397 = ORIENTED_EDGE ( 'NONE', *, *, #7304, .T. ) ;
#1398 = VERTEX_POINT ( 'NONE', #4596 ) ;
#1399 = DIRECTION ( 'NONE',  ( -0.000000000000000000, -0.000000000000000000, -1.000000000000000000 ) ) ;
#1400 = EDGE_CURVE ( 'NONE', #2757, #6829, #5806, .T. ) ;
#1401 = VECTOR ( 'NONE', #6932, 1000.000000000000000 ) ;
#1402 = DIRECTION ( 'NONE',  ( -4.448008912757228678E-15, 1.000000000000000000, 0.000000000000000000 ) ) ;
#1403 = ORIENTED_EDGE ( 'NONE', *, *, #7410, .T. ) ;
#1404 = VECTOR ( 'NONE', #3312, 1000.000000000000000 ) ;
#1405 = ORIENTED_EDGE ( 'NONE', *, *, #1477, .F. ) ;
#1406 = ORIENTED_EDGE ( 'NONE', *, *, #4543, .T. ) ;
#1407 = CYLINDRICAL_SURFACE ( 'NONE', #3890, 1.249999999999744427 ) ;
#1408 = APPROVAL_DATE_TIME ( #7058, #929 ) ;
#1409 = CARTESIAN_POINT ( 'NONE',  ( 38.49999999999818101, 5.439999999962942034, 130.0000000000000000 ) ) ;
#1410 = DIRECTION ( 'NONE',  ( -0.000000000000000000, 0.000000000000000000, 1.000000000000000000 ) ) ;
#1411 = DIRECTION ( 'NONE',  ( -1.000000000000000000, -4.625929269276788045E-15, 0.000000000000000000 ) ) ;
#1412 = DIRECTION ( 'NONE',  ( 1.000000000000000000, 4.818676322150006782E-15, -0.000000000000000000 ) ) ;
#1413 = FACE_OUTER_BOUND ( 'NONE', #562, .T. ) ;
#1414 = VERTEX_POINT ( 'NONE', #6502 ) ;
#1415 = ORIENTED_EDGE ( 'NONE', *, *, #5274, .F. ) ;
#1416 = CARTESIAN_POINT ( 'NONE',  ( 41.50000000000027001, -8.600000000003118927, 107.0000000000000142 ) ) ;
#1417 = DIRECTION ( 'NONE',  ( -4.625929269276788045E-15, 1.000000000000000000, 0.000000000000000000 ) ) ;
#1418 = LINE ( 'NONE', #2070, #1807 ) ;
#1419 = ORIENTED_EDGE ( 'NONE', *, *, #483, .T. ) ;
#1420 = FACE_OUTER_BOUND ( 'NONE', #4756, .T. ) ;
#1421 = AXIS2_PLACEMENT_3D ( 'NONE', #3443, #2832, #987 ) ;
#1422 = SECURITY_CLASSIFICATION ( '', '', #3105 ) ;
#1423 = CARTESIAN_POINT ( 'NONE',  ( -34.99999999999658939, 2.999999999997227107, 0.000000000000000000 ) ) ;
#1424 = EDGE_CURVE ( 'NONE', #7047, #1912, #7011, .T. ) ;
#1425 = VECTOR ( 'NONE', #2805, 1000.000000000000000 ) ;
#1426 = CARTESIAN_POINT ( 'NONE',  ( -38.50000000000006395, 23.43999999998467132, 130.0000000000000000 ) ) ;
#1427 = PERSON_AND_ORGANIZATION_ROLE ( 'creator' ) ;
#1428 = ADVANCED_FACE ( 'NONE', ( #4434 ), #41, .T. ) ;
#1429 = ADVANCED_FACE ( 'NONE', ( #6430 ), #3353, .F. ) ;
#1430 = EDGE_LOOP ( 'NONE', ( #6390, #5183, #6191, #2461 ) ) ;
#1431 = VECTOR ( 'NONE', #4606, 1000.000000000000000 ) ;
#1432 = VECTOR ( 'NONE', #6827, 1000.000000000000000 ) ;
#1433 = EDGE_CURVE ( 'NONE', #2702, #5969, #3317, .T. ) ;
#1434 = CARTESIAN_POINT ( 'NONE',  ( -37.00000000000167688, -1.645763297720249119E-13, 130.0000000000000000 ) ) ;
#1435 = ORIENTED_EDGE ( 'NONE', *, *, #2045, .F. ) ;
#1436 = CIRCLE ( 'NONE', #4973, 0.2500000000011867729 ) ;
#1437 = APPROVAL_PERSON_ORGANIZATION ( #1024, #6450, #2905 ) ;
#1438 = ORIENTED_EDGE ( 'NONE', *, *, #7022, .T. ) ;
#1439 = CARTESIAN_POINT ( 'NONE',  ( 34.50614573290964415, 5.910047016236437578, 130.0000000000000000 ) ) ;
#1440 = PLANE ( 'NONE',  #3166 ) ;
#1441 = EDGE_LOOP ( 'NONE', ( #5707, #2852, #5551, #491 ) ) ;
#1442 = VECTOR ( 'NONE', #6685, 1000.000000000000000 ) ;
#1443 = LOCAL_TIME ( 15, 24, 6.000000000000000000, #6007 ) ;
#1444 = ORIENTED_EDGE ( 'NONE', *, *, #6165, .F. ) ;
#1445 = ORIENTED_EDGE ( 'NONE', *, *, #1175, .T. ) ;
#1446 = DIRECTION ( 'NONE',  ( -4.448008912757228678E-15, 1.000000000000000000, 0.000000000000000000 ) ) ;
#1447 = COORDINATED_UNIVERSAL_TIME_OFFSET ( 8, 0, .AHEAD. ) ;
#1448 = DIRECTION ( 'NONE',  ( -1.000000000000000000, -3.483287830750206171E-15, 1.156482317317870344E-15 ) ) ;
#1449 = CARTESIAN_POINT ( 'NONE',  ( 33.12500000000051159, 37.33602648021910397, 130.0000000000000000 ) ) ;
#1450 = CARTESIAN_POINT ( 'NONE',  ( 45.50000000000027001, -8.600000000003104716, 107.0000000000000142 ) ) ;
#1451 = ADVANCED_FACE ( 'NONE', ( #2548 ), #2671, .T. ) ;
#1452 = DIRECTION ( 'NONE',  ( 4.448008912757228678E-15, -1.000000000000000000, 0.000000000000000000 ) ) ;
#1453 = APPROVAL_PERSON_ORGANIZATION ( #3, #3153, #1332 ) ;
#1454 = CARTESIAN_POINT ( 'NONE',  ( 38.49999999999820233, 1.335737076501633058E-13, 0.000000000000000000 ) ) ;
#1455 = EDGE_LOOP ( 'NONE', ( #4759, #726, #2982, #3692 ) ) ;
#1456 = ORIENTED_EDGE ( 'NONE', *, *, #5955, .T. ) ;
#1457 = VECTOR ( 'NONE', #3727, 1000.000000000000000 ) ;
#1458 = CARTESIAN_POINT ( 'NONE',  ( -34.75000000000164846, 10.39999999999695746, 130.0000000000000000 ) ) ;
#1459 = FACE_OUTER_BOUND ( 'NONE', #144, .T. ) ;
#1460 = CARTESIAN_POINT ( 'NONE',  ( -5.009881398617674750E-14, 14.43999999997380712, 130.0000000000000000 ) ) ;
#1461 = VERTEX_POINT ( 'NONE', #786 ) ;
#1462 = FACE_OUTER_BOUND ( 'NONE', #2048, .T. ) ;
#1463 = CARTESIAN_POINT ( 'NONE',  ( -45.49999999999975131, -0.6000000000023140156, 106.9999999999999574 ) ) ;
#1464 = VECTOR ( 'NONE', #5031, 1000.000000000000000 ) ;
#1465 = LINE ( 'NONE', #2119, #1641 ) ;
#1466 = AXIS2_PLACEMENT_3D ( 'NONE', #1709, #576, #4215 ) ;
#1467 = ORIENTED_EDGE ( 'NONE', *, *, #3468, .F. ) ;
#1468 = LINE ( 'NONE', #3967, #7506 ) ;
#1469 = ADVANCED_FACE ( 'NONE', ( #5839 ), #7749, .T. ) ;
#1470 = DIRECTION ( 'NONE',  ( 1.000000000000000000, 0.000000000000000000, 0.000000000000000000 ) ) ;
#1471 = VERTEX_POINT ( 'NONE', #5144 ) ;
#1472 = CIRCLE ( 'NONE', #6063, 0.7096046754417745239 ) ;
#1473 = ORIENTED_EDGE ( 'NONE', *, *, #2586, .F. ) ;
#1474 = DIRECTION ( 'NONE',  ( 0.000000000000000000, 0.000000000000000000, 1.000000000000000000 ) ) ;
#1475 = EDGE_LOOP ( 'NONE', ( #7613, #5793 ) ) ;
#1476 = ADVANCED_FACE ( 'NONE', ( #196 ), #5058, .F. ) ;
#1477 = EDGE_CURVE ( 'NONE', #6841, #4635, #2092, .T. ) ;
#1478 = ORIENTED_EDGE ( 'NONE', *, *, #230, .F. ) ;
#1479 = EDGE_LOOP ( 'NONE', ( #5890, #4632, #8109, #3068 ) ) ;
#1480 = FACE_BOUND ( 'NONE', #1615, .T. ) ;
#1481 = DATE_TIME_ROLE ( 'classification_date' ) ;
#1482 = CARTESIAN_POINT ( 'NONE',  ( -48.49999999999976552, 0.7999999999997425837, 130.0000000000000000 ) ) ;
#1483 = CARTESIAN_POINT ( 'NONE',  ( -33.24999999999803890, 10.14999999999665192, 130.0000000000000000 ) ) ;
#1484 = CARTESIAN_POINT ( 'NONE',  ( 34.44536525785833447, 35.87978559961880620, 130.0000000000000000 ) ) ;
#1485 = CARTESIAN_POINT ( 'NONE',  ( -33.24999999999803890, 10.14999999999665192, 0.000000000000000000 ) ) ;
#1486 = DIRECTION ( 'NONE',  ( -3.483287830750206171E-15, 1.000000000000000000, 0.000000000000000000 ) ) ;
#1487 = VERTEX_POINT ( 'NONE', #7128 ) ;
#1488 = ORIENTED_EDGE ( 'NONE', *, *, #5729, .T. ) ;
#1489 = EDGE_CURVE ( 'NONE', #5699, #7636, #3242, .T. ) ;
#1490 = DIRECTION ( 'NONE',  ( -0.000000000000000000, 0.000000000000000000, 1.000000000000000000 ) ) ;
#1491 = CARTESIAN_POINT ( 'NONE',  ( -34.99999999999658939, 2.999999999997227107, 0.000000000000000000 ) ) ;
#1492 = LINE ( 'NONE', #875, #4816 ) ;
#1493 = LINE ( 'NONE', #6639, #4395 ) ;
#1494 = CARTESIAN_POINT ( 'NONE',  ( -1.084317820717774498E-13, 23.43999999998476369, 130.0000000000000000 ) ) ;
#1495 = DIRECTION ( 'NONE',  ( 1.000000000000000000, 3.469446951957591626E-15, 0.000000000000000000 ) ) ;
#1496 = EDGE_CURVE ( 'NONE', #8036, #1137, #401, .T. ) ;
#1497 = ORIENTED_EDGE ( 'NONE', *, *, #5955, .F. ) ;
#1498 = DIRECTION ( 'NONE',  ( 1.000000000000000000, 4.625929269276788834E-15, 0.000000000000000000 ) ) ;
#1499 = LINE ( 'NONE', #7309, #1672 ) ;
#1500 = CIRCLE ( 'NONE', #7955, 1.249999999999112932 ) ;
#1501 = DIRECTION ( 'NONE',  ( 1.000000000000000000, 0.000000000000000000, 0.000000000000000000 ) ) ;
#1502 = ORIENTED_EDGE ( 'NONE', *, *, #425, .T. ) ;
#1503 = ORIENTED_EDGE ( 'NONE', *, *, #5764, .T. ) ;
#1504 = CARTESIAN_POINT ( 'NONE',  ( -1.295260195397027557E-13, 27.99999999998976818, 130.0000000000000000 ) ) ;
#1505 = AXIS2_PLACEMENT_3D ( 'NONE', #7773, #4618, #6605 ) ;
#1506 = VERTEX_POINT ( 'NONE', #7593 ) ;
#1507 = EDGE_CURVE ( 'NONE', #1952, #2651, #1980, .T. ) ;
#1508 = VERTEX_POINT ( 'NONE', #7087 ) ;
#1509 = ORIENTED_EDGE ( 'NONE', *, *, #1268, .T. ) ;
#1510 = PLANE ( 'NONE',  #1515 ) ;
#1511 = CONTEXT_DEPENDENT_SHAPE_REPRESENTATION ( #7579, #6099 ) ;
#1512 = DIRECTION ( 'NONE',  ( -0.7071067811865489050, 0.7071067811865462405, 0.000000000000000000 ) ) ;
#1513 = ADVANCED_FACE ( 'NONE', ( #6393 ), #1440, .T. ) ;
#1514 = DIRECTION ( 'NONE',  ( -3.483287830750206171E-15, 1.000000000000000000, -0.000000000000000000 ) ) ;
#1515 = AXIS2_PLACEMENT_3D ( 'NONE', #5368, #279, #356 ) ;
#1516 = CARTESIAN_POINT ( 'NONE',  ( 6.000000000000000000, 1.836970198721029934E-16, 1.500000000000000000 ) ) ;
#1517 = CIRCLE ( 'NONE', #7726, 0.7636293187994260823 ) ;
#1518 = CARTESIAN_POINT ( 'NONE',  ( 34.74999999999890576, 5.900000000000578559, 130.0000000000000000 ) ) ;
#1519 = EDGE_CURVE ( 'NONE', #5206, #314, #2085, .T. ) ;
#1520 = ORIENTED_EDGE ( 'NONE', *, *, #7801, .T. ) ;
#1521 = EDGE_LOOP ( 'NONE', ( #732, #2278, #7291, #7672 ) ) ;
#1522 = CARTESIAN_POINT ( 'NONE',  ( 0.000000000000000000, -0.3200000000000003397, 1.600000000000000089 ) ) ;
#1523 = DIRECTION ( 'NONE',  ( -0.000000000000000000, -0.000000000000000000, -1.000000000000000000 ) ) ;
#1524 = DIRECTION ( 'NONE',  ( -4.818676322150017037E-15, 1.000000000000000000, 0.000000000000000000 ) ) ;
#1525 = CIRCLE ( 'NONE', #7193, 2.000000000000001776 ) ;
#1526 = DIRECTION ( 'NONE',  ( -4.818676322150006782E-15, 1.000000000000000000, 0.000000000000000000 ) ) ;
#1527 = DIRECTION ( 'NONE',  ( 1.000000000000000000, 4.625929269276788834E-15, 0.000000000000000000 ) ) ;
#1528 = CARTESIAN_POINT ( 'NONE',  ( -34.44536525785446202, 4.120214400373062524, 0.000000000000000000 ) ) ;
#1529 = ADVANCED_FACE ( 'NONE', ( #7318 ), #7279, .T. ) ;
#1530 = CARTESIAN_POINT ( 'NONE',  ( -32.19874955267688676, 1.999999999998304245, 130.0000000000000000 ) ) ;
#1531 = DIRECTION ( 'NONE',  ( 1.000000000000000000, 0.000000000000000000, 0.000000000000000000 ) ) ;
#1532 = PLANE ( 'NONE',  #3519 ) ;
#1533 = EDGE_CURVE ( 'NONE', #1982, #1629, #2245, .T. ) ;
#1534 = VECTOR ( 'NONE', #5343, 1000.000000000000000 ) ;
#1535 = VECTOR ( 'NONE', #3104, 1000.000000000000000 ) ;
#1536 = CARTESIAN_POINT ( 'NONE',  ( -38.49999999999875655, -1.335737076501059019E-13, 130.0000000000000000 ) ) ;
#1537 = EDGE_CURVE ( 'NONE', #7241, #7599, #890, .T. ) ;
#1538 = EDGE_CURVE ( 'NONE', #3117, #3028, #7860, .T. ) ;
#1539 = CARTESIAN_POINT ( 'NONE',  ( 38.49999999999813838, 17.43999999997760852, 130.0000000000000000 ) ) ;
#1540 = ORIENTED_EDGE ( 'NONE', *, *, #126, .F. ) ;
#1541 = ORIENTED_EDGE ( 'NONE', *, *, #416, .F. ) ;
#1542 = VECTOR ( 'NONE', #6673, 1000.000000000000000 ) ;
#1543 = VECTOR ( 'NONE', #6782, 1000.000000000000000 ) ;
#1544 = DIRECTION ( 'NONE',  ( 4.625929269276788045E-15, -1.000000000000000000, 0.000000000000000000 ) ) ;
#1545 = EDGE_LOOP ( 'NONE', ( #4848, #4956, #397, #5320 ) ) ;
#1546 = AXIS2_PLACEMENT_3D ( 'NONE', #5116, #2602, #5188 ) ;
#1547 = AXIS2_PLACEMENT_3D ( 'NONE', #5559, #4228, #6759 ) ;
#1548 = ORIENTED_EDGE ( 'NONE', *, *, #4993, .F. ) ;
#1549 = VERTEX_POINT ( 'NONE', #4709 ) ;
#1550 = CARTESIAN_POINT ( 'NONE',  ( 38.49999999999814548, 15.99999999997528022, 130.0000000000000000 ) ) ;
#1551 = SECURITY_CLASSIFICATION_LEVEL ( 'unclassified' ) ;
#1552 = ORGANIZATION ( 'NAUO-ORG7', 'UNSPECIFIED', 'UNSPECIFIED' ) ;
#1553 = VECTOR ( 'NONE', #4511, 1000.000000000000000 ) ;
#1554 = DIRECTION ( 'NONE',  ( -0.000000000000000000, -0.000000000000000000, -1.000000000000000000 ) ) ;
#1555 = AXIS2_PLACEMENT_3D ( 'NONE', #3715, #5616, #1085 ) ;
#1556 = PLANE ( 'NONE',  #287 ) ;
#1557 = ADVANCED_FACE ( 'NONE', ( #233 ), #6693, .F. ) ;
#1558 = LINE ( 'NONE', #6514, #4914 ) ;
#1559 = CARTESIAN_POINT ( 'NONE',  ( -41.49999999999972289, -8.600000000003408474, 106.9999999999999574 ) ) ;
#1560 = EDGE_CURVE ( 'NONE', #3060, #7123, #2851, .T. ) ;
#1561 = ORIENTED_EDGE ( 'NONE', *, *, #6609, .F. ) ;
#1562 = ORIENTED_EDGE ( 'NONE', *, *, #1812, .F. ) ;
#1563 = DIRECTION ( 'NONE',  ( 4.818676322150006782E-15, -1.000000000000000000, 0.000000000000000000 ) ) ;
#1564 = COORDINATED_UNIVERSAL_TIME_OFFSET ( 8, 0, .AHEAD. ) ;
#1565 = DIRECTION ( 'NONE',  ( 0.000000000000000000, -1.000000000000000000, 0.000000000000000000 ) ) ;
#1566 = CARTESIAN_POINT ( 'NONE',  ( 43.50000000000026290, -8.600000000003111822, 17.00000000000000000 ) ) ;
#1567 = CARTESIAN_POINT ( 'NONE',  ( 32.99999999999721467, 0.000000000000000000, 130.0000000000000000 ) ) ;
#1568 = EDGE_CURVE ( 'NONE', #7602, #1414, #6678, .T. ) ;
#1569 = AXIS2_PLACEMENT_3D ( 'NONE', #1934, #6968, #5725 ) ;
#1570 = CARTESIAN_POINT ( 'NONE',  ( -38.49999999999786837, -8.881784197001252323E-13, 2.000000000000000000 ) ) ;
#1571 = LINE ( 'NONE', #6606, #7242 ) ;
#1572 = ADVANCED_FACE ( 'NONE', ( #7239 ), #1003, .F. ) ;
#1573 = DIRECTION ( 'NONE',  ( -0.000000000000000000, 0.000000000000000000, 1.000000000000000000 ) ) ;
#1574 = AXIS2_PLACEMENT_3D ( 'NONE', #1423, #3342, #877 ) ;
#1575 = CARTESIAN_POINT ( 'NONE',  ( -34.74999999999764100, 5.900000000003905676, 130.0000000000000000 ) ) ;
#1576 = CARTESIAN_POINT ( 'NONE',  ( -32.19874955267688676, 1.999999999998304245, 0.000000000000000000 ) ) ;
#1577 = DIRECTION ( 'NONE',  ( -0.000000000000000000, -0.000000000000000000, -1.000000000000000000 ) ) ;
#1578 = VECTOR ( 'NONE', #2836, 1000.000000000000000 ) ;
#1579 = LINE ( 'NONE', #5318, #8114 ) ;
#1580 = ORIENTED_EDGE ( 'NONE', *, *, #1395, .T. ) ;
#1581 = ORIENTED_EDGE ( 'NONE', *, *, #1706, .F. ) ;
#1582 = DIRECTION ( 'NONE',  ( 1.000000000000000000, 0.000000000000000000, 0.000000000000000000 ) ) ;
#1583 = EDGE_CURVE ( 'NONE', #2221, #477, #1302, .T. ) ;
#1584 = EDGE_LOOP ( 'NONE', ( #5078, #7111, #6466, #101 ) ) ;
#1585 = VECTOR ( 'NONE', #853, 1000.000000000000000 ) ;
#1586 = VERTEX_POINT ( 'NONE', #4086 ) ;
#1587 = EDGE_LOOP ( 'NONE', ( #4322, #7861, #1127, #6103 ) ) ;
#1588 = LINE ( 'NONE', #5923, #5448 ) ;
#1589 = CALENDAR_DATE ( 2020, 16, 10 ) ;
#1590 = LINE ( 'NONE', #7869, #4201 ) ;
#1591 = EDGE_CURVE ( 'NONE', #5449, #405, #969, .T. ) ;
#1592 = CIRCLE ( 'NONE', #1865, 0.5000000000000420775 ) ;
#1593 = ORIENTED_EDGE ( 'NONE', *, *, #6527, .T. ) ;
#1594 = DIRECTION ( 'NONE',  ( 1.000000000000000000, 0.000000000000000000, 0.000000000000000000 ) ) ;
#1595 = PLANE ( 'NONE',  #5264 ) ;
#1596 = ORIENTED_EDGE ( 'NONE', *, *, #5329, .F. ) ;
#1597 = ORIENTED_EDGE ( 'NONE', *, *, #821, .T. ) ;
#1598 = CARTESIAN_POINT ( 'NONE',  ( -34.99999999999739231, 5.900000000003904788, 130.0000000000000000 ) ) ;
#1599 = CALENDAR_DATE ( 2020, 16, 10 ) ;
#1600 = DIRECTION ( 'NONE',  ( 4.818676322150006782E-15, -1.000000000000000000, 0.000000000000000000 ) ) ;
#1601 = FACE_OUTER_BOUND ( 'NONE', #6518, .T. ) ;
#1602 = VECTOR ( 'NONE', #204, 1000.000000000000000 ) ;
#1603 = LINE ( 'NONE', #6718, #7997 ) ;
#1604 = LINE ( 'NONE', #2724, #4534 ) ;
#1605 = DIRECTION ( 'NONE',  ( -0.000000000000000000, -0.000000000000000000, -1.000000000000000000 ) ) ;
#1606 = DIRECTION ( 'NONE',  ( 3.469446951957591626E-15, -1.000000000000000000, 0.000000000000000000 ) ) ;
#1607 = DIRECTION ( 'NONE',  ( -0.000000000000000000, 0.000000000000000000, 1.000000000000000000 ) ) ;
#1608 = LINE ( 'NONE', #1689, #7482 ) ;
#1609 = EDGE_CURVE ( 'NONE', #6632, #625, #3919, .T. ) ;
#1610 = EDGE_CURVE ( 'NONE', #4024, #7859, #645, .T. ) ;
#1611 = FACE_OUTER_BOUND ( 'NONE', #5536, .T. ) ;
#1612 = DIRECTION ( 'NONE',  ( 1.000000000000000000, 4.818676322150006782E-15, -0.000000000000000000 ) ) ;
#1613 = AXIS2_PLACEMENT_3D ( 'NONE', #7478, #460, #7523 ) ;
#1614 = CARTESIAN_POINT ( 'NONE',  ( -1.887379141852025935E-14, 5.439999999962807031, 130.0000000000000000 ) ) ;
#1615 = EDGE_LOOP ( 'NONE', ( #8118, #2747, #7162, #3943, #817, #312, #7718, #4878, #3599, #1397, #619, #2902, #848, #1196, #5161, #5140 ) ) ;
#1616 = ORIENTED_EDGE ( 'NONE', *, *, #7788, .F. ) ;
#1617 = CARTESIAN_POINT ( 'NONE',  ( 36.99999999999987921, 11.43999999997026862, 130.0000000000000000 ) ) ;
#1618 = ORIENTED_EDGE ( 'NONE', *, *, #719, .F. ) ;
#1619 = EDGE_CURVE ( 'NONE', #6216, #851, #6655, .T. ) ;
#1620 = VERTEX_POINT ( 'NONE', #5402 ) ;
#1621 = ORIENTED_EDGE ( 'NONE', *, *, #2176, .T. ) ;
#1622 = CARTESIAN_POINT ( 'NONE',  ( -38.50000000000006395, 23.43999999998467132, 130.0000000000000000 ) ) ;
#1623 = VECTOR ( 'NONE', #3485, 1000.000000000000000 ) ;
#1624 = APPROVAL_DATE_TIME ( #2287, #7378 ) ;
#1625 = CARTESIAN_POINT ( 'NONE',  ( 34.44536525785412096, 4.120214400370596941, 130.0000000000000000 ) ) ;
#1626 = ORIENTED_EDGE ( 'NONE', *, *, #6893, .T. ) ;
#1627 = AXIS2_PLACEMENT_3D ( 'NONE', #910, #289, #4515 ) ;
#1628 = CARTESIAN_POINT ( 'NONE',  ( 34.99999999999836575, 2.999999999997227107, 0.7499999999999947820 ) ) ;
#1629 = VERTEX_POINT ( 'NONE', #5290 ) ;
#1630 = ORIENTED_EDGE ( 'NONE', *, *, #1955, .T. ) ;
#1631 = CARTESIAN_POINT ( 'NONE',  ( 33.24999999999839417, 7.149999999999887557, 130.0000000000000000 ) ) ;
#1632 = DATE_TIME_ROLE ( 'classification_date' ) ;
#1633 = AXIS2_PLACEMENT_3D ( 'NONE', #1011, #1188, #4302 ) ;
#1634 = DIRECTION ( 'NONE',  ( -3.491130995403401191E-15, 1.000000000000000000, 0.000000000000000000 ) ) ;
#1635 = LINE ( 'NONE', #4141, #5489 ) ;
#1636 = DIRECTION ( 'NONE',  ( 1.000000000000000000, 0.000000000000000000, 0.000000000000000000 ) ) ;
#1637 = AXIS2_PLACEMENT_3D ( 'NONE', #3580, #1737, #4779 ) ;
#1638 = DIRECTION ( 'NONE',  ( -4.448008912757228678E-15, 1.000000000000000000, 0.000000000000000000 ) ) ;
#1639 = LINE ( 'NONE', #7848, #1045 ) ;
#1640 = FACE_OUTER_BOUND ( 'NONE', #167, .T. ) ;
#1641 = VECTOR ( 'NONE', #5240, 1000.000000000000000 ) ;
#1642 = ORIENTED_EDGE ( 'NONE', *, *, #5047, .F. ) ;
#1643 = DIRECTION ( 'NONE',  ( -4.818676322150006782E-15, 1.000000000000000000, 0.000000000000000000 ) ) ;
#1644 = CARTESIAN_POINT ( 'NONE',  ( -35.00000000000014211, 36.99999999999725731, 2.000000000000000000 ) ) ;
#1645 = APPLICATION_CONTEXT ( 'configuration controlled 3d designs of mechanical parts and assemblies' ) ;
#1646 = DIRECTION ( 'NONE',  ( -0.000000000000000000, -0.000000000000000000, -1.000000000000000000 ) ) ;
#1647 = DIRECTION ( 'NONE',  ( -1.000000000000000000, -3.469446951957607403E-15, 0.000000000000000000 ) ) ;
#1648 = CARTESIAN_POINT ( 'NONE',  ( -35.00000000000014211, 36.99999999999725731, 0.000000000000000000 ) ) ;
#1649 = EDGE_LOOP ( 'NONE', ( #2246, #714, #1084, #1597 ) ) ;
#1650 = EDGE_CURVE ( 'NONE', #870, #6829, #1954, .T. ) ;
#1651 = EDGE_CURVE ( 'NONE', #4925, #5049, #6582, .T. ) ;
#1652 = ORIENTED_EDGE ( 'NONE', *, *, #3343, .F. ) ;
#1653 = DIRECTION ( 'NONE',  ( -0.000000000000000000, 1.000000000000000000, -0.000000000000000000 ) ) ;
#1654 = EDGE_LOOP ( 'NONE', ( #1138, #2362, #5526, #396 ) ) ;
#1655 = AXIS2_PLACEMENT_3D ( 'NONE', #6010, #5306, #3481 ) ;
#1656 = ORIENTED_EDGE ( 'NONE', *, *, #4101, .T. ) ;
#1657 = ADVANCED_FACE ( 'NONE', ( #5954 ), #4162, .F. ) ;
#1658 = AXIS2_PLACEMENT_3D ( 'NONE', #6190, #3619, #20 ) ;
#1659 = ORIENTED_EDGE ( 'NONE', *, *, #7199, .F. ) ;
#1660 = ORIENTED_EDGE ( 'NONE', *, *, #2891, .F. ) ;
#1661 = CARTESIAN_POINT ( 'NONE',  ( 34.50614573290964415, 5.910047016236437578, 0.000000000000000000 ) ) ;
#1662 = PERSON_AND_ORGANIZATION ( #6575, #900 ) ;
#1663 = CARTESIAN_POINT ( 'NONE',  ( -34.44536525786156744, 35.87978559961918990, 0.000000000000000000 ) ) ;
#1664 = ORIENTED_EDGE ( 'NONE', *, *, #8125, .F. ) ;
#1665 = CIRCLE ( 'NONE', #5114, 1.999999999999994893 ) ;
#1666 = VECTOR ( 'NONE', #1180, 1000.000000000000000 ) ;
#1667 = CARTESIAN_POINT ( 'NONE',  ( 1.084202172485499997E-16, -0.3199999999999999512, 0.000000000000000000 ) ) ;
#1668 = ORIENTED_EDGE ( 'NONE', *, *, #24, .F. ) ;
#1669 = ORIENTED_EDGE ( 'NONE', *, *, #1357, .F. ) ;
#1670 = EDGE_LOOP ( 'NONE', ( #775, #3099, #5637, #1360, #4476, #7567 ) ) ;
#1671 = CC_DESIGN_SECURITY_CLASSIFICATION ( #5235, ( #8165 ) ) ;
#1672 = VECTOR ( 'NONE', #1646, 1000.000000000000000 ) ;
#1673 = DIRECTION ( 'NONE',  ( 0.000000000000000000, 0.000000000000000000, 1.000000000000000000 ) ) ;
#1674 = LOCAL_TIME ( 15, 24, 6.000000000000000000, #70 ) ;
#1675 = EDGE_CURVE ( 'NONE', #625, #7282, #6551, .T. ) ;
#1676 = PERSON_AND_ORGANIZATION ( #7757, #5787 ) ;
#1677 = CARTESIAN_POINT ( 'NONE',  ( -8.067620645608280206E-14, 17.43999999997743089, 130.0000000000000000 ) ) ;
#1678 = LINE ( 'NONE', #1068, #3926 ) ;
#1679 = FACE_OUTER_BOUND ( 'NONE', #2335, .T. ) ;
#1680 = EDGE_CURVE ( 'NONE', #4211, #306, #5442, .T. ) ;
#1681 = VECTOR ( 'NONE', #6185, 1000.000000000000000 ) ;
#1682 = CARTESIAN_POINT ( 'NONE',  ( -1.572815951553891488E-13, 33.99999999999531752, 130.0000000000000000 ) ) ;
#1683 = PRODUCT_DEFINITION ( '未知', '', #2095, #6065 ) ;
#1684 = CARTESIAN_POINT ( 'NONE',  ( 34.99999999999657518, 2.999999999994909405, 130.0000000000000000 ) ) ;
#1685 = DIRECTION ( 'NONE',  ( 1.000000000000000000, 0.000000000000000000, 0.000000000000000000 ) ) ;
#1686 = VECTOR ( 'NONE', #2157, 1000.000000000000000 ) ;
#1687 = CARTESIAN_POINT ( 'NONE',  ( 36.99999999999993605, 1.645763297720171874E-13, 130.0000000000000000 ) ) ;
#1688 = DIRECTION ( 'NONE',  ( -1.000000000000000000, 0.000000000000000000, 0.000000000000000000 ) ) ;
#1689 = CARTESIAN_POINT ( 'NONE',  ( -37.00000000000166978, -1.645763297720248866E-13, 130.0000000000000000 ) ) ;
#1690 = ORIENTED_EDGE ( 'NONE', *, *, #7268, .F. ) ;
#1691 = DIRECTION ( 'NONE',  ( 1.156482317317870344E-15, -0.000000000000000000, -1.000000000000000000 ) ) ;
#1692 = LINE ( 'NONE', #2358, #256 ) ;
#1693 = AXIS2_PLACEMENT_3D ( 'NONE', #5612, #6236, #2617 ) ;
#1694 = CARTESIAN_POINT ( 'NONE',  ( 38.49999999999821654, 1.855190384027666653E-13, 130.0000000000000000 ) ) ;
#1695 = ORIENTED_EDGE ( 'NONE', *, *, #2790, .T. ) ;
#1696 = ORIENTED_EDGE ( 'NONE', *, *, #6748, .T. ) ;
#1697 = DIRECTION ( 'NONE',  ( -3.552713678800500929E-15, 1.000000000000000000, -2.526820087036053439E-31 ) ) ;
#1698 = DIRECTION ( 'NONE',  ( -0.000000000000000000, 0.000000000000000000, 1.000000000000000000 ) ) ;
#1699 = DIRECTION ( 'NONE',  ( -1.000000000000000000, -4.625929269276767535E-15, 0.000000000000000000 ) ) ;
#1700 = VECTOR ( 'NONE', #4936, 1000.000000000000000 ) ;
#1701 = ORIENTED_EDGE ( 'NONE', *, *, #620, .T. ) ;
#1702 = ORIENTED_EDGE ( 'NONE', *, *, #6407, .T. ) ;
#1703 = CIRCLE ( 'NONE', #527, 0.7636293187993428155 ) ;
#1704 = VERTEX_POINT ( 'NONE', #2447 ) ;
#1705 = ORIENTED_EDGE ( 'NONE', *, *, #968, .F. ) ;
#1706 = EDGE_CURVE ( 'NONE', #5009, #7961, #432, .T. ) ;
#1707 = DIRECTION ( 'NONE',  ( 0.000000000000000000, 0.000000000000000000, 1.000000000000000000 ) ) ;
#1708 = APPROVAL_ROLE ( '' ) ;
#1709 = CARTESIAN_POINT ( 'NONE',  ( 33.24999999999619149, 9.399999999997749711, 130.0000000000000000 ) ) ;
#1710 = CIRCLE ( 'NONE', #6346, 1.750000000000001554 ) ;
#1711 = EDGE_LOOP ( 'NONE', ( #3378, #3973, #2900, #7329, #938, #784, #1834, #457, #1818, #7779, #2784, #7366, #7946, #6115, #5496, #286, #622, #1083, #4899, #3752, #6881, #387 ) ) ;
#1712 = EDGE_CURVE ( 'NONE', #526, #1170, #1086, .T. ) ;
#1713 = ADVANCED_FACE ( 'NONE', ( #5003 ), #6158, .F. ) ;
#1714 = CARTESIAN_POINT ( 'NONE',  ( 38.49999999999823785, 1.855190384027667663E-13, 0.000000000000000000 ) ) ;
#1715 = ORIENTED_EDGE ( 'NONE', *, *, #6999, .F. ) ;
#1716 = VERTEX_POINT ( 'NONE', #7976 ) ;
#1717 = VERTEX_POINT ( 'NONE', #4953 ) ;
#1718 = FACE_OUTER_BOUND ( 'NONE', #3637, .T. ) ;
#1719 = DATE_TIME_ROLE ( 'classification_date' ) ;
#1720 = AXIS2_PLACEMENT_3D ( 'NONE', #382, #4902, #4325 ) ;
#1721 = CARTESIAN_POINT ( 'NONE',  ( -35.00000000000204636, 36.99999999999535305, 130.0000000000000000 ) ) ;
#1722 = LINE ( 'NONE', #4729, #6156 ) ;
#1723 = DIRECTION ( 'NONE',  ( 0.000000000000000000, -0.000000000000000000, 1.000000000000000000 ) ) ;
#1724 = LINE ( 'NONE', #6226, #68 ) ;
#1725 = FACE_OUTER_BOUND ( 'NONE', #2955, .T. ) ;
#1726 = VECTOR ( 'NONE', #3874, 1000.000000000000000 ) ;
#1727 = LINE ( 'NONE', #2269, #4841 ) ;
#1728 = ORIENTED_EDGE ( 'NONE', *, *, #6002, .F. ) ;
#1729 = EDGE_CURVE ( 'NONE', #6082, #6075, #1835, .T. ) ;
#1730 = VECTOR ( 'NONE', #4401, 1000.000000000000000 ) ;
#1731 = CARTESIAN_POINT ( 'NONE',  ( -33.24999999999803890, 9.149999999996879296, 130.0000000000000000 ) ) ;
#1732 = FACE_OUTER_BOUND ( 'NONE', #7198, .T. ) ;
#1733 = DIRECTION ( 'NONE',  ( -0.000000000000000000, -0.000000000000000000, -1.000000000000000000 ) ) ;
#1734 = ORIENTED_EDGE ( 'NONE', *, *, #4595, .F. ) ;
#1735 = DIRECTION ( 'NONE',  ( -0.000000000000000000, -0.000000000000000000, -1.000000000000000000 ) ) ;
#1736 = CARTESIAN_POINT ( 'NONE',  ( -35.00000000000014211, 36.99999999999725731, 0.000000000000000000 ) ) ;
#1737 = DIRECTION ( 'NONE',  ( -0.000000000000000000, 0.000000000000000000, 1.000000000000000000 ) ) ;
#1738 = ORIENTED_EDGE ( 'NONE', *, *, #7783, .F. ) ;
#1739 = EDGE_CURVE ( 'NONE', #7719, #7768, #4205, .T. ) ;
#1740 = ORIENTED_EDGE ( 'NONE', *, *, #6810, .F. ) ;
#1741 = DIRECTION ( 'NONE',  ( 3.552713678800500929E-15, -1.000000000000000000, -2.113779959294638083E-31 ) ) ;
#1742 = APPROVAL ( #2539, '未指定' ) ;
#1743 = ORIENTED_EDGE ( 'NONE', *, *, #3531, .T. ) ;
#1744 = PERSON ( 'NAUO-PER5', 'UNSPECIFIED', 'UNSPECIFIED', ('UNSPECIFIED'), ('UNSPECIFIED'), ('UNSPECIFIED') ) ;
#1745 = CARTESIAN_POINT ( 'NONE',  ( 33.79761706408260835, 35.12499999999907629, 0.000000000000000000 ) ) ;
#1746 = DIRECTION ( 'NONE',  ( -0.000000000000000000, -0.000000000000000000, -1.000000000000000000 ) ) ;
#1747 = ORIENTED_EDGE ( 'NONE', *, *, #694, .T. ) ;
#1748 = EDGE_CURVE ( 'NONE', #3507, #5593, #4035, .T. ) ;
#1749 = ORIENTED_EDGE ( 'NONE', *, *, #3332, .F. ) ;
#1750 = VERTEX_POINT ( 'NONE', #1878 ) ;
#1751 = ORIENTED_EDGE ( 'NONE', *, *, #7266, .T. ) ;
#1752 = AXIS2_PLACEMENT_3D ( 'NONE', #18, #3707, #6231 ) ;
#1753 = DIRECTION ( 'NONE',  ( 1.000000000000000000, 0.000000000000000000, 0.000000000000000000 ) ) ;
#1754 = DIRECTION ( 'NONE',  ( 0.000000000000000000, -1.000000000000000000, 0.000000000000000000 ) ) ;
#1755 = VERTEX_POINT ( 'NONE', #3678 ) ;
#1756 = AXIS2_PLACEMENT_3D ( 'NONE', #140, #2604, #760 ) ;
#1757 = ORIENTED_EDGE ( 'NONE', *, *, #6695, .T. ) ;
#1758 = EDGE_LOOP ( 'NONE', ( #4037, #5802, #3194, #715 ) ) ;
#1759 = ORIENTED_EDGE ( 'NONE', *, *, #899, .F. ) ;
#1760 = ADVANCED_FACE ( 'NONE', ( #4338 ), #6738, .T. ) ;
#1761 = EDGE_CURVE ( 'NONE', #4132, #2412, #2964, .T. ) ;
#1762 = DIRECTION ( 'NONE',  ( 1.000000000000000000, 3.516973622528387724E-15, 0.000000000000000000 ) ) ;
#1763 = PERSON_AND_ORGANIZATION ( #7757, #5787 ) ;
#1764 = FACE_OUTER_BOUND ( 'NONE', #6003, .T. ) ;
#1765 = DIRECTION ( 'NONE',  ( 4.818676322150006782E-15, -1.000000000000000000, 0.000000000000000000 ) ) ;
#1766 = CARTESIAN_POINT ( 'NONE',  ( 0.8249999999999999556, -0.6199999999999999956, -0.6199999999999999956 ) ) ;
#1767 = LINE ( 'NONE', #4404, #4039 ) ;
#1768 = AXIS2_PLACEMENT_3D ( 'NONE', #6633, #984, #3522 ) ;
#1769 = EDGE_CURVE ( 'NONE', #5629, #6157, #1220, .T. ) ;
#1770 = DIRECTION ( 'NONE',  ( 1.000000000000000000, 3.469446951957591626E-15, 0.000000000000000000 ) ) ;
#1771 = DIRECTION ( 'NONE',  ( 4.448008912757228678E-15, -1.000000000000000000, 0.000000000000000000 ) ) ;
#1772 = CARTESIAN_POINT ( 'NONE',  ( 33.79761706408260835, 35.12499999999907629, 130.0000000000000000 ) ) ;
#1773 = ORIENTED_EDGE ( 'NONE', *, *, #569, .F. ) ;
#1774 = AXIS2_PLACEMENT_3D ( 'NONE', #1661, #3591, #2454 ) ;
#1775 = CARTESIAN_POINT ( 'NONE',  ( 36.99999999999988631, 9.999999999967940312, 0.000000000000000000 ) ) ;
#1776 = CARTESIAN_POINT ( 'NONE',  ( 41.50000000000024158, -0.6000000000020094815, 113.0000000000000142 ) ) ;
#1777 = FACE_OUTER_BOUND ( 'NONE', #3560, .T. ) ;
#1778 = ORIENTED_EDGE ( 'NONE', *, *, #5321, .F. ) ;
#1779 = VECTOR ( 'NONE', #5408, 1000.000000000000000 ) ;
#1780 = FACE_OUTER_BOUND ( 'NONE', #277, .T. ) ;
#1781 = FACE_OUTER_BOUND ( 'NONE', #5840, .T. ) ;
#1782 = CARTESIAN_POINT ( 'NONE',  ( 24.64999999999895053, 24.64999999999903579, 130.0000000000000000 ) ) ;
#1783 = CIRCLE ( 'NONE', #6939, 0.4999999999992510435 ) ;
#1784 = DIRECTION ( 'NONE',  ( 4.956352788497848358E-15, -1.000000000000000000, 0.000000000000000000 ) ) ;
#1785 = ORIENTED_EDGE ( 'NONE', *, *, #6785, .T. ) ;
#1786 = DIRECTION ( 'NONE',  ( -3.497202527569243102E-15, 1.000000000000000222, -2.801394455804541376E-17 ) ) ;
#1787 = ORIENTED_EDGE ( 'NONE', *, *, #4968, .T. ) ;
#1788 = DIRECTION ( 'NONE',  ( -4.625929269276810133E-15, 1.000000000000000000, 0.000000000000000000 ) ) ;
#1789 = CARTESIAN_POINT ( 'NONE',  ( -1.434038073475494232E-13, 30.99999999999343459, 130.0000000000000000 ) ) ;
#1790 = ORIENTED_EDGE ( 'NONE', *, *, #7966, .F. ) ;
#1791 = VERTEX_POINT ( 'NONE', #1745 ) ;
#1792 = ORIENTED_EDGE ( 'NONE', *, *, #1205, .F. ) ;
#1793 = VERTEX_POINT ( 'NONE', #8150 ) ;
#1794 = CARTESIAN_POINT ( 'NONE',  ( 33.24999999999707256, 6.149999999999999467, 130.0000000000000000 ) ) ;
#1795 = ITEM_DEFINED_TRANSFORMATION ( 'NONE', 'NONE', #3129,  #8005 ) ;
#1796 = DIRECTION ( 'NONE',  ( 1.000000000000000000, 4.818676322150006782E-15, -0.000000000000000000 ) ) ;
#1797 = EDGE_LOOP ( 'NONE', ( #6537, #5292, #1130, #1897 ) ) ;
#1798 = EDGE_CURVE ( 'NONE', #6341, #4909, #2364, .T. ) ;
#1799 = VECTOR ( 'NONE', #7466, 1000.000000000000000 ) ;
#1800 = VERTEX_POINT ( 'NONE', #3717 ) ;
#1801 = ORIENTED_EDGE ( 'NONE', *, *, #3301, .F. ) ;
#1802 = ORIENTED_EDGE ( 'NONE', *, *, #265, .F. ) ;
#1803 = DIRECTION ( 'NONE',  ( -4.625929269280554067E-15, 1.000000000000000000, 0.000000000000000000 ) ) ;
#1804 = COORDINATED_UNIVERSAL_TIME_OFFSET ( 8, 0, .AHEAD. ) ;
#1805 = LOCAL_TIME ( 15, 24, 6.000000000000000000, #5370 ) ;
#1806 = LINE ( 'NONE', #4315, #6615 ) ;
#1807 = VECTOR ( 'NONE', #2690, 1000.000000000000000 ) ;
#1808 = VECTOR ( 'NONE', #564, 1000.000000000000000 ) ;
#1809 = CARTESIAN_POINT ( 'NONE',  ( 36.99999999999993605, 1.645763297720171874E-13, 130.0000000000000000 ) ) ;
#1810 = DIRECTION ( 'NONE',  ( -1.000000000000000000, 0.000000000000000000, 0.000000000000000000 ) ) ;
#1811 = CARTESIAN_POINT ( 'NONE',  ( 0.8249999999999999556, -0.3200000000000000067, -0.3200000000000000067 ) ) ;
#1812 = EDGE_CURVE ( 'NONE', #3003, #8065, #6910, .T. ) ;
#1813 = PLANE ( 'NONE',  #5061 ) ;
#1814 = PLANE ( 'NONE',  #4727 ) ;
#1815 = VECTOR ( 'NONE', #2715, 1000.000000000000000 ) ;
#1816 = AXIS2_PLACEMENT_3D ( 'NONE', #2388, #6717, #3036 ) ;
#1817 = PLANE ( 'NONE',  #7648 ) ;
#1818 = ORIENTED_EDGE ( 'NONE', *, *, #7588, .T. ) ;
#1819 = EDGE_CURVE ( 'NONE', #4176, #1101, #2493, .T. ) ;
#1820 = CARTESIAN_POINT ( 'NONE',  ( -34.75000000000164846, 10.14999999999665192, 130.0000000000000000 ) ) ;
#1821 = CARTESIAN_POINT ( 'NONE',  ( 32.19874955269535377, 1.999999999998304245, 0.000000000000000000 ) ) ;
#1822 = CYLINDRICAL_SURFACE ( 'NONE', #7747, 1.250000000000195399 ) ;
#1823 = CC_DESIGN_SECURITY_CLASSIFICATION ( #787, ( #8163 ) ) ;
#1824 = AXIS2_PLACEMENT_3D ( 'NONE', #1872, #2957, #2486 ) ;
#1825 =( GEOMETRIC_REPRESENTATION_CONTEXT ( 3 ) GLOBAL_UNCERTAINTY_ASSIGNED_CONTEXT ( ( #5395 ) ) GLOBAL_UNIT_ASSIGNED_CONTEXT ( ( #4708, #7238, #3387 ) ) REPRESENTATION_CONTEXT ( 'NONE', 'WORKASPACE' ) );
#1826 = EDGE_LOOP ( 'NONE', ( #220, #5413, #857, #8092 ) ) ;
#1827 = EDGE_CURVE ( 'NONE', #2019, #3817, #4248, .T. ) ;
#1828 = EDGE_CURVE ( 'NONE', #1273, #4710, #1131, .T. ) ;
#1829 = CARTESIAN_POINT ( 'NONE',  ( 0.8249999999999999556, -0.6199999999999999956, -0.6199999999999999956 ) ) ;
#1830 = LINE ( 'NONE', #4945, #5515 ) ;
#1831 = CARTESIAN_POINT ( 'NONE',  ( 36.99999999999986500, 15.99999999997527311, 0.000000000000000000 ) ) ;
#1832 = DIRECTION ( 'NONE',  ( 1.000000000000000000, 0.000000000000000000, 0.000000000000000000 ) ) ;
#1833 = CARTESIAN_POINT ( 'NONE',  ( -73.95014431231398078, 22.73639505402150363, 36.48359107182102434 ) ) ;
#1834 = ORIENTED_EDGE ( 'NONE', *, *, #7311, .T. ) ;
#1835 = LINE ( 'NONE', #474, #5231 ) ;
#1836 = DIRECTION ( 'NONE',  ( 4.448008912762313675E-15, -1.000000000000000000, 0.000000000000000000 ) ) ;
#1837 = ORIENTED_EDGE ( 'NONE', *, *, #6153, .T. ) ;
#1838 = AXIS2_PLACEMENT_3D ( 'NONE', #5984, #342, #7970 ) ;
#1839 = CARTESIAN_POINT ( 'NONE',  ( -38.50000000000002132, 11.43999999997000749, 130.0000000000000000 ) ) ;
#1840 = EDGE_LOOP ( 'NONE', ( #1659, #1773, #3346, #6751 ) ) ;
#1841 = VERTEX_POINT ( 'NONE', #3013 ) ;
#1842 = ORIENTED_EDGE ( 'NONE', *, *, #1519, .T. ) ;
#1843 = DIRECTION ( 'NONE',  ( -0.000000000000000000, -0.000000000000000000, -1.000000000000000000 ) ) ;
#1844 = ADVANCED_FACE ( 'NONE', ( #5534 ), #8067, .F. ) ;
#1845 = AXIS2_PLACEMENT_3D ( 'NONE', #7711, #5057, #5102 ) ;
#1846 = DIRECTION ( 'NONE',  ( -1.000000000000000000, -4.625929269276788834E-15, 0.000000000000000000 ) ) ;
#1847 = ADVANCED_BREP_SHAPE_REPRESENTATION ( '', ( #478, #8005 ), #5353 ) ;
#1848 = ORIENTED_EDGE ( 'NONE', *, *, #1175, .F. ) ;
#1849 = VECTOR ( 'NONE', #7610, 1000.000000000000114 ) ;
#1850 = ORIENTED_EDGE ( 'NONE', *, *, #3179, .T. ) ;
#1851 = ORIENTED_EDGE ( 'NONE', *, *, #119, .F. ) ;
#1852 = ORIENTED_EDGE ( 'NONE', *, *, #6925, .F. ) ;
#1853 = CARTESIAN_POINT ( 'NONE',  ( -43.49999999999972289, -8.600000000003415579, 112.9999999999999574 ) ) ;
#1854 = EDGE_CURVE ( 'NONE', #2412, #5752, #657, .T. ) ;
#1855 = ORIENTED_EDGE ( 'NONE', *, *, #3414, .F. ) ;
#1856 = APPROVAL_ROLE ( '' ) ;
#1857 = CARTESIAN_POINT ( 'NONE',  ( 0.8249999999999999556, 0.3199999999999999512, 0.6199999999999999956 ) ) ;
#1858 = DIRECTION ( 'NONE',  ( 0.000000000000000000, 0.000000000000000000, -1.000000000000000000 ) ) ;
#1859 = CARTESIAN_POINT ( 'NONE',  ( -37.00000000000181188, 32.43999999999567052, 0.000000000000000000 ) ) ;
#1860 = LINE ( 'NONE', #6269, #3120 ) ;
#1861 = LINE ( 'NONE', #54, #3999 ) ;
#1862 = PLANE ( 'NONE',  #1192 ) ;
#1863 = EDGE_CURVE ( 'NONE', #4635, #3351, #5671, .T. ) ;
#1864 = CARTESIAN_POINT ( 'NONE',  ( -35.00000000000191847, -1.234887898153138944E-13, 130.0000000000000000 ) ) ;
#1865 = AXIS2_PLACEMENT_3D ( 'NONE', #5443, #4339, #5491 ) ;
#1866 = ORIENTED_EDGE ( 'NONE', *, *, #4775, .T. ) ;
#1867 = DIRECTION ( 'NONE',  ( -0.000000000000000000, -0.000000000000000000, -1.000000000000000000 ) ) ;
#1868 = PLANE ( 'NONE',  #4826 ) ;
#1869 = LINE ( 'NONE', #4370, #2727 ) ;
#1870 = VERTEX_POINT ( 'NONE', #4540 ) ;
#1871 = CIRCLE ( 'NONE', #419, 1.999999999999994893 ) ;
#1872 = CARTESIAN_POINT ( 'NONE',  ( -34.56124638287678152, 4.874999999992833288, 0.000000000000000000 ) ) ;
#1873 = DIRECTION ( 'NONE',  ( -0.000000000000000000, 0.000000000000000000, 1.000000000000000000 ) ) ;
#1874 = EDGE_CURVE ( 'NONE', #6082, #7626, #1297, .T. ) ;
#1875 = CARTESIAN_POINT ( 'NONE',  ( 38.49999999999813127, 20.43999999998127493, 0.000000000000000000 ) ) ;
#1876 = CARTESIAN_POINT ( 'NONE',  ( 33.24999999999619149, 9.399999999997749711, 0.000000000000000000 ) ) ;
#1877 = ORIENTED_EDGE ( 'NONE', *, *, #3365, .T. ) ;
#1878 = CARTESIAN_POINT ( 'NONE',  ( -38.49999999999997868, -0.6000000000022897018, 0.000000000000000000 ) ) ;
#1879 = FACE_OUTER_BOUND ( 'NONE', #1475, .T. ) ;
#1880 = AXIS2_PLACEMENT_3D ( 'NONE', #628, #7604, #3119 ) ;
#1881 = ORIENTED_EDGE ( 'NONE', *, *, #5023, .F. ) ;
#1882 = EDGE_CURVE ( 'NONE', #7165, #4127, #5659, .T. ) ;
#1883 = DIRECTION ( 'NONE',  ( -0.000000000000000000, -1.000000000000000000, -1.694065894508599939E-16 ) ) ;
#1884 = ORIENTED_EDGE ( 'NONE', *, *, #3479, .F. ) ;
#1885 = ORIENTED_EDGE ( 'NONE', *, *, #7472, .T. ) ;
#1886 = DIRECTION ( 'NONE',  ( -0.000000000000000000, -0.000000000000000000, -1.000000000000000000 ) ) ;
#1887 = PERSON_AND_ORGANIZATION_ROLE ( 'classification_officer' ) ;
#1888 = DIRECTION ( 'NONE',  ( -0.000000000000000000, -0.000000000000000000, -1.000000000000000000 ) ) ;
#1889 = DIRECTION ( 'NONE',  ( 1.000000000000000000, 0.000000000000000000, 0.000000000000000000 ) ) ;
#1890 = APPROVAL ( #1095, 'UNKNOWN' ) ;
#1891 = ORIENTED_EDGE ( 'NONE', *, *, #6041, .T. ) ;
#1892 = VECTOR ( 'NONE', #8095, 1000.000000000000000 ) ;
#1893 = VERTEX_POINT ( 'NONE', #3884 ) ;
#1894 = ORIENTED_EDGE ( 'NONE', *, *, #937, .F. ) ;
#1895 = VERTEX_POINT ( 'NONE', #5163 ) ;
#1896 = DIRECTION ( 'NONE',  ( 1.000000000000000000, 3.469446951952909736E-15, 0.000000000000000000 ) ) ;
#1897 = ORIENTED_EDGE ( 'NONE', *, *, #1812, .T. ) ;
#1898 = PERSON_AND_ORGANIZATION_ROLE ( 'creator' ) ;
#1899 = CARTESIAN_POINT ( 'NONE',  ( -32.99999999999817391, 0.000000000000000000, 130.0000000000000000 ) ) ;
#1900 = DIRECTION ( 'NONE',  ( 4.625929269276766746E-15, -1.000000000000000000, 0.000000000000000000 ) ) ;
#1901 = DIRECTION ( 'NONE',  ( -4.818676322150006782E-15, 1.000000000000000000, 0.000000000000000000 ) ) ;
#1902 = DIRECTION ( 'NONE',  ( 1.000000000000000000, 4.625929269276788834E-15, 0.000000000000000000 ) ) ;
#1903 = CARTESIAN_POINT ( 'NONE',  ( -8.789265611616038023E-14, 18.99999999997876898, 130.0000000000000000 ) ) ;
#1904 = LINE ( 'NONE', #6369, #6337 ) ;
#1905 = PLANE ( 'NONE',  #2094 ) ;
#1906 = VERTEX_POINT ( 'NONE', #19 ) ;
#1907 = VERTEX_POINT ( 'NONE', #6232 ) ;
#1908 = AXIS2_PLACEMENT_3D ( 'NONE', #1903, #6894, #1374 ) ;
#1909 = DIRECTION ( 'NONE',  ( 1.000000000000000000, 0.000000000000000000, -0.000000000000000000 ) ) ;
#1910 = DIRECTION ( 'NONE',  ( 0.000000000000000000, 0.000000000000000000, -1.000000000000000000 ) ) ;
#1911 = CARTESIAN_POINT ( 'NONE',  ( -37.00000000000181188, 30.99999999999334932, 130.0000000000000000 ) ) ;
#1912 = VERTEX_POINT ( 'NONE', #4506 ) ;
#1913 = DIRECTION ( 'NONE',  ( 1.000000000000000000, 0.000000000000000000, 0.000000000000000000 ) ) ;
#1914 = CARTESIAN_POINT ( 'NONE',  ( 9.938519914450422388E-17, -0.3200000000000001177, 1.600000000000000089 ) ) ;
#1915 = VECTOR ( 'NONE', #7173, 1000.000000000000000 ) ;
#1916 = DIRECTION ( 'NONE',  ( 0.000000000000000000, 0.000000000000000000, 1.000000000000000000 ) ) ;
#1917 = CARTESIAN_POINT ( 'NONE',  ( 1.084202172485499997E-16, 2.600000000000000533, 1.600000000000000089 ) ) ;
#1918 = COORDINATED_UNIVERSAL_TIME_OFFSET ( 8, 0, .AHEAD. ) ;
#1919 = ORIENTED_EDGE ( 'NONE', *, *, #7875, .F. ) ;
#1920 = ADVANCED_FACE ( 'NONE', ( #6280, #5081 ), #4990, .T. ) ;
#1921 = DIRECTION ( 'NONE',  ( -1.000000000000000000, -3.965082230808324988E-15, 0.000000000000000000 ) ) ;
#1922 = AXIS2_PLACEMENT_3D ( 'NONE', #5022, #7685, #5813 ) ;
#1923 = VERTEX_POINT ( 'NONE', #6900 ) ;
#1924 = VECTOR ( 'NONE', #2442, 1000.000000000000000 ) ;
#1925 = EDGE_CURVE ( 'NONE', #7358, #1508, #7615, .T. ) ;
#1926 = CARTESIAN_POINT ( 'NONE',  ( 4.515812910881320086, 3.184081677783118684E-16, 2.600000000000000533 ) ) ;
#1927 = ORIENTED_EDGE ( 'NONE', *, *, #1863, .T. ) ;
#1928 = EDGE_LOOP ( 'NONE', ( #4550, #3239, #1885, #6253 ) ) ;
#1929 = LINE ( 'NONE', #2669, #2503 ) ;
#1930 = VECTOR ( 'NONE', #649, 1000.000000000000000 ) ;
#1931 = APPROVAL_DATE_TIME ( #6352, #7981 ) ;
#1932 = EDGE_CURVE ( 'NONE', #7682, #523, #4464, .T. ) ;
#1933 = DIRECTION ( 'NONE',  ( 1.000000000000000000, 4.625929269276788834E-15, 0.000000000000000000 ) ) ;
#1934 = CARTESIAN_POINT ( 'NONE',  ( 0.2499999991414370015, 0.000000000000000000, 0.000000000000000000 ) ) ;
#1935 = VERTEX_POINT ( 'NONE', #730 ) ;
#1936 = EDGE_CURVE ( 'NONE', #2500, #2626, #1345, .T. ) ;
#1937 = EDGE_CURVE ( 'NONE', #7236, #5372, #4414, .T. ) ;
#1938 = ORIENTED_EDGE ( 'NONE', *, *, #6733, .T. ) ;
#1939 = ORIENTED_EDGE ( 'NONE', *, *, #1132, .T. ) ;
#1940 = EDGE_LOOP ( 'NONE', ( #7374, #6855, #5991, #5094 ) ) ;
#1941 = CARTESIAN_POINT ( 'NONE',  ( 38.49999999999808864, 32.43999999999594763, 130.0000000000000000 ) ) ;
#1942 = ORIENTED_EDGE ( 'NONE', *, *, #3804, .T. ) ;
#1943 = APPROVAL_DATE_TIME ( #5556, #2289 ) ;
#1944 = LINE ( 'NONE', #2465, #952 ) ;
#1945 = DIRECTION ( 'NONE',  ( -0.000000000000000000, 0.000000000000000000, 1.000000000000000000 ) ) ;
#1946 = CARTESIAN_POINT ( 'NONE',  ( -33.24999999999658939, 2.999999999997227107, 0.7499999999999947820 ) ) ;
#1947 = CARTESIAN_POINT ( 'NONE',  ( 36.99999999999987210, 12.99999999997160671, 130.0000000000000000 ) ) ;
#1948 = DIRECTION ( 'NONE',  ( 4.448008912762273443E-15, -1.000000000000000000, 0.000000000000000000 ) ) ;
#1949 = CARTESIAN_POINT ( 'NONE',  ( 1.084202172485499997E-16, 2.600000000000000533, 0.3200000000000000067 ) ) ;
#1950 = VERTEX_POINT ( 'NONE', #3221 ) ;
#1951 = APPROVAL_PERSON_ORGANIZATION ( #3553, #185, #1708 ) ;
#1952 = VERTEX_POINT ( 'NONE', #7699 ) ;
#1953 = VECTOR ( 'NONE', #6490, 1000.000000000000000 ) ;
#1954 = CIRCLE ( 'NONE', #2324, 2.000000000000008882 ) ;
#1955 = EDGE_CURVE ( 'NONE', #6034, #2818, #3636, .T. ) ;
#1956 = LINE ( 'NONE', #5162, #1290 ) ;
#1957 = CARTESIAN_POINT ( 'NONE',  ( 36.99999999999985079, 20.43999999998126782, 130.0000000000000000 ) ) ;
#1958 = LINE ( 'NONE', #3088, #2849 ) ;
#1959 = ORIENTED_EDGE ( 'NONE', *, *, #2948, .T. ) ;
#1960 = CC_DESIGN_DATE_AND_TIME_ASSIGNMENT ( #756, #2060, ( #4685 ) ) ;
#1961 = CIRCLE ( 'NONE', #5893, 1.750000000000001554 ) ;
#1962 = AXIS2_PLACEMENT_3D ( 'NONE', #8086, #4804, #7259 ) ;
#1963 = DIRECTION ( 'NONE',  ( 0.8660254037844380415, -0.5000000000000009992, 0.000000000000000000 ) ) ;
#1964 = DIRECTION ( 'NONE',  ( 1.000000000000000000, 3.491481338843133750E-15, 0.000000000000000000 ) ) ;
#1965 = DIRECTION ( 'NONE',  ( 0.000000000000000000, -0.000000000000000000, -1.000000000000000000 ) ) ;
#1966 = CARTESIAN_POINT ( 'NONE',  ( -37.00000000000181899, 33.99999999999523936, 130.0000000000000000 ) ) ;
#1967 = DATE_AND_TIME ( #5091, #1674 ) ;
#1968 = VERTEX_POINT ( 'NONE', #6030 ) ;
#1969 = AXIS2_PLACEMENT_3D ( 'NONE', #6283, #2573, #1963 ) ;
#1970 = AXIS2_PLACEMENT_3D ( 'NONE', #3675, #3095, #7975 ) ;
#1971 = EDGE_CURVE ( 'NONE', #7422, #593, #7571, .T. ) ;
#1972 = VERTEX_POINT ( 'NONE', #103 ) ;
#1973 = DIRECTION ( 'NONE',  ( -0.000000000000000000, 0.000000000000000000, 1.000000000000000000 ) ) ;
#1974 = EDGE_LOOP ( 'NONE', ( #5574, #1378, #8152, #2209 ) ) ;
#1975 = VECTOR ( 'NONE', #8007, 1000.000000000000000 ) ;
#1976 = CARTESIAN_POINT ( 'NONE',  ( -32.49999999999558753, 2.999999999997816857, 0.000000000000000000 ) ) ;
#1977 = ORIENTED_EDGE ( 'NONE', *, *, #2953, .F. ) ;
#1978 = ORIENTED_EDGE ( 'NONE', *, *, #5711, .T. ) ;
#1979 = DIRECTION ( 'NONE',  ( -3.483287830750206171E-15, 1.000000000000000000, 0.000000000000000000 ) ) ;
#1980 = LINE ( 'NONE', #1364, #1055 ) ;
#1981 = VECTOR ( 'NONE', #7894, 1000.000000000000000 ) ;
#1982 = VERTEX_POINT ( 'NONE', #2612 ) ;
#1983 = EDGE_CURVE ( 'NONE', #6389, #2696, #2035, .T. ) ;
#1984 = AXIS2_PLACEMENT_3D ( 'NONE', #5167, #7667, #3996 ) ;
#1985 = ORIENTED_EDGE ( 'NONE', *, *, #881, .T. ) ;
#1986 = ORIENTED_EDGE ( 'NONE', *, *, #4785, .T. ) ;
#1987 = CARTESIAN_POINT ( 'NONE',  ( -32.56418350557294161, 37.56284811935716306, 130.0000000000000000 ) ) ;
#1988 = APPROVAL_STATUS ( 'not_yet_approved' ) ;
#1989 = DIRECTION ( 'NONE',  ( -0.000000000000000000, -0.000000000000000000, -1.000000000000000000 ) ) ;
#1990 = EDGE_CURVE ( 'NONE', #7631, #1328, #3798, .T. ) ;
#1991 = CARTESIAN_POINT ( 'NONE',  ( -38.49999999999996447, -1.855190384027749704E-13, 130.0000000000000000 ) ) ;
#1992 = DIRECTION ( 'NONE',  ( 1.000000000000000000, 3.491130995403401191E-15, 0.000000000000000000 ) ) ;
#1993 = CIRCLE ( 'NONE', #4607, 1.250000000000195399 ) ;
#1994 = FACE_OUTER_BOUND ( 'NONE', #1826, .T. ) ;
#1995 = DIRECTION ( 'NONE',  ( 0.000000000000000000, 0.000000000000000000, -1.000000000000000000 ) ) ;
#1996 = DIRECTION ( 'NONE',  ( 1.000000000000000000, 4.448008912757228678E-15, -0.000000000000000000 ) ) ;
#1997 = ORIENTED_EDGE ( 'NONE', *, *, #3319, .T. ) ;
#1998 = ORIENTED_EDGE ( 'NONE', *, *, #3774, .F. ) ;
#1999 = DIRECTION ( 'NONE',  ( -1.000000000000000000, 0.000000000000000000, 0.000000000000000000 ) ) ;
#2000 = CARTESIAN_POINT ( 'NONE',  ( 0.000000000000000000, 0.000000000000000000, 130.0000000000000000 ) ) ;
#2001 = CARTESIAN_POINT ( 'NONE',  ( -34.77748670276048415, 5.490077876803257872, 0.000000000000000000 ) ) ;
#2002 = VECTOR ( 'NONE', #4755, 999.9999999999998863 ) ;
#2003 = ORIENTED_EDGE ( 'NONE', *, *, #7924, .T. ) ;
#2004 = CARTESIAN_POINT ( 'NONE',  ( 32.99999999999721467, 0.000000000000000000, 130.0000000000000000 ) ) ;
#2005 = PLANE ( 'NONE',  #4998 ) ;
#2006 = EDGE_CURVE ( 'NONE', #5582, #3775, #3708, .T. ) ;
#2007 = DIRECTION ( 'NONE',  ( 1.000000000000000000, 0.000000000000000000, 0.000000000000000000 ) ) ;
#2008 = CARTESIAN_POINT ( 'NONE',  ( 38.49999999999817391, 8.439999999966607547, 0.000000000000000000 ) ) ;
#2009 = CALENDAR_DATE ( 2020, 16, 10 ) ;
#2010 = VERTEX_POINT ( 'NONE', #1382 ) ;
#2011 = VECTOR ( 'NONE', #4342, 1000.000000000000000 ) ;
#2012 = CARTESIAN_POINT ( 'NONE',  ( 36.99999999999987921, 11.43999999997026862, 130.0000000000000000 ) ) ;
#2013 = ORIENTED_EDGE ( 'NONE', *, *, #6313, .T. ) ;
#2014 = ORIENTED_EDGE ( 'NONE', *, *, #73, .T. ) ;
#2015 = CARTESIAN_POINT ( 'NONE',  ( -2.928213227440575540E-14, 8.439999999966474320, 130.0000000000000000 ) ) ;
#2016 = VECTOR ( 'NONE', #2990, 1000.000000000000000 ) ;
#2017 = DIRECTION ( 'NONE',  ( -1.000000000000000000, -3.469446951953622866E-15, 0.000000000000000000 ) ) ;
#2018 = EDGE_CURVE ( 'NONE', #6589, #2412, #5791, .T. ) ;
#2019 = VERTEX_POINT ( 'NONE', #6948 ) ;
#2020 = ORIENTED_EDGE ( 'NONE', *, *, #4242, .T. ) ;
#2021 = EDGE_LOOP ( 'NONE', ( #4636, #3684, #4800, #163 ) ) ;
#2022 = DIRECTION ( 'NONE',  ( -0.000000000000000000, -0.000000000000000000, -1.000000000000000000 ) ) ;
#2023 = COORDINATED_UNIVERSAL_TIME_OFFSET ( 8, 0, .AHEAD. ) ;
#2024 = CARTESIAN_POINT ( 'NONE',  ( 34.99999999999836575, 2.999999999997227107, 0.000000000000000000 ) ) ;
#2025 = CARTESIAN_POINT ( 'NONE',  ( 43.50000000000024158, -0.6000000000020017099, 107.0000000000000142 ) ) ;
#2026 = CARTESIAN_POINT ( 'NONE',  ( -7.401486830831383893E-14, 15.99999999997518607, 130.0000000000000000 ) ) ;
#2027 = ADVANCED_FACE ( 'NONE', ( #148 ), #6332, .T. ) ;
#2028 = DIRECTION ( 'NONE',  ( -1.000000000000000000, 0.000000000000000000, 0.000000000000000000 ) ) ;
#2029 = CARTESIAN_POINT ( 'NONE',  ( 34.99999999999836575, 2.999999999997227107, 2.000000000000000000 ) ) ;
#2030 = ADVANCED_FACE ( 'NONE', ( #5608 ), #1868, .T. ) ;
#2031 = EDGE_LOOP ( 'NONE', ( #3933, #1852, #3586, #7754 ) ) ;
#2032 = ORIENTED_EDGE ( 'NONE', *, *, #4172, .T. ) ;
#2033 = ADVANCED_FACE ( 'NONE', ( #1459 ), #5344, .F. ) ;
#2034 = CARTESIAN_POINT ( 'NONE',  ( -38.50000000000004263, 17.43999999997733852, 130.0000000000000000 ) ) ;
#2035 = LINE ( 'NONE', #1250, #4695 ) ;
#2036 = CARTESIAN_POINT ( 'NONE',  ( 38.49999999999811706, 24.99999999998627942, 130.0000000000000000 ) ) ;
#2037 = ADVANCED_FACE ( 'NONE', ( #7845 ), #3921, .F. ) ;
#2038 = ORIENTED_EDGE ( 'NONE', *, *, #1932, .T. ) ;
#2039 = CARTESIAN_POINT ( 'NONE',  ( -33.24999999999580780, 6.900000000003136513, 0.000000000000000000 ) ) ;
#2040 = CARTESIAN_POINT ( 'NONE',  ( 41.50000000000024158, -0.6000000000020087043, 107.0000000000000142 ) ) ;
#2041 = FACE_OUTER_BOUND ( 'NONE', #6261, .T. ) ;
#2042 = AXIS2_PLACEMENT_3D ( 'NONE', #3876, #5117, #3915 ) ;
#2043 = APPROVAL_STATUS ( 'not_yet_approved' ) ;
#2044 = ORIENTED_EDGE ( 'NONE', *, *, #7027, .F. ) ;
#2045 = EDGE_CURVE ( 'NONE', #2507, #6688, #7069, .T. ) ;
#2046 = VECTOR ( 'NONE', #1784, 1000.000000000000000 ) ;
#2047 = DIRECTION ( 'NONE',  ( -0.000000000000000000, 0.000000000000000000, -1.000000000000000000 ) ) ;
#2048 = EDGE_LOOP ( 'NONE', ( #7944, #2977, #5177, #288 ) ) ;
#2049 = ORIENTED_EDGE ( 'NONE', *, *, #1056, .T. ) ;
#2050 = LINE ( 'NONE', #3939, #3532 ) ;
#2051 = AXIS2_PLACEMENT_3D ( 'NONE', #6036, #6661, #1707 ) ;
#2052 = DIRECTION ( 'NONE',  ( -0.000000000000000000, 0.000000000000000000, 1.000000000000000000 ) ) ;
#2053 = ADVANCED_FACE ( 'NONE', ( #5272 ), #3957, .T. ) ;
#2054 = VECTOR ( 'NONE', #7819, 1000.000000000000000 ) ;
#2055 = EDGE_LOOP ( 'NONE', ( #5497, #6833, #433, #7906 ) ) ;
#2056 = CIRCLE ( 'NONE', #610, 2.499999999998600675 ) ;
#2057 = ORIENTED_EDGE ( 'NONE', *, *, #5274, .T. ) ;
#2058 = VERTEX_POINT ( 'NONE', #3444 ) ;
#2059 = DIRECTION ( 'NONE',  ( -1.000000000000000000, 0.000000000000000000, 0.000000000000000000 ) ) ;
#2060 = DATE_TIME_ROLE ( 'classification_date' ) ;
#2061 = CARTESIAN_POINT ( 'NONE',  ( -32.00000000000013500, 36.99999999999725731, 2.000000000000000000 ) ) ;
#2062 = CARTESIAN_POINT ( 'NONE',  ( -38.50000000000009237, 32.43999999999566342, 130.0000000000000000 ) ) ;
#2063 = CARTESIAN_POINT ( 'NONE',  ( -33.89073051572503203, 5.240428800756469663, 0.000000000000000000 ) ) ;
#2064 = CARTESIAN_POINT ( 'NONE',  ( -35.00000000000203926, 34.16810644100630157, 130.0000000000000000 ) ) ;
#2065 = DIRECTION ( 'NONE',  ( 1.000000000000000000, 0.000000000000000000, 0.000000000000000000 ) ) ;
#2066 = ORIENTED_EDGE ( 'NONE', *, *, #5032, .F. ) ;
#2067 = ORIENTED_EDGE ( 'NONE', *, *, #4328, .T. ) ;
#2068 = DIRECTION ( 'NONE',  ( 1.000000000000000000, 4.625929269276810133E-15, 0.000000000000000000 ) ) ;
#2069 = CARTESIAN_POINT ( 'NONE',  ( 34.74999999999980105, 10.14999999999689706, 0.000000000000000000 ) ) ;
#2070 = CARTESIAN_POINT ( 'NONE',  ( -37.00000000000168399, -1.645763297720249371E-13, 130.0000000000000000 ) ) ;
#2071 = ADVANCED_FACE ( 'NONE', ( #6561 ), #951, .F. ) ;
#2072 = ORIENTED_EDGE ( 'NONE', *, *, #2667, .T. ) ;
#2073 = DIRECTION ( 'NONE',  ( 0.000000000000000000, 0.000000000000000000, -1.000000000000000000 ) ) ;
#2074 = CIRCLE ( 'NONE', #2841, 1.999999999999988010 ) ;
#2075 = ORGANIZATION ( 'NAUO-ORG11', 'UNSPECIFIED', 'UNSPECIFIED' ) ;
#2076 = DIRECTION ( 'NONE',  ( -0.000000000000000000, 0.000000000000000000, 1.000000000000000000 ) ) ;
#2077 = CIRCLE ( 'NONE', #1294, 3.000000000000009770 ) ;
#2078 = CARTESIAN_POINT ( 'NONE',  ( -3.469446951946424195E-14, 9.999999999967812414, 130.0000000000000000 ) ) ;
#2079 = ADVANCED_FACE ( 'NONE', ( #5197 ), #4616, .T. ) ;
#2080 = VERTEX_POINT ( 'NONE', #5974 ) ;
#2081 = CYLINDRICAL_SURFACE ( 'NONE', #3254, 2.600000000000000533 ) ;
#2082 = ADVANCED_FACE ( 'NONE', ( #7147 ), #331, .T. ) ;
#2083 = EDGE_CURVE ( 'NONE', #3281, #1135, #914, .T. ) ;
#2084 = AXIS2_PLACEMENT_3D ( 'NONE', #5885, #7653, #7021 ) ;
#2085 = CIRCLE ( 'NONE', #4961, 1.250000000000847766 ) ;
#2086 = CARTESIAN_POINT ( 'NONE',  ( 33.24999999999619149, 9.899999999996584421, 130.0000000000000000 ) ) ;
#2087 = EDGE_LOOP ( 'NONE', ( #2457, #6505, #4670, #1456 ) ) ;
#2088 = AXIS2_PLACEMENT_3D ( 'NONE', #3536, #3419, #1039 ) ;
#2089 = APPROVAL_PERSON_ORGANIZATION ( #2661, #7453, #702 ) ;
#2090 =( REPRESENTATION_RELATIONSHIP ('NONE','NONE', #3517, #2699 ) REPRESENTATION_RELATIONSHIP_WITH_TRANSFORMATION ( #3118 )SHAPE_REPRESENTATION_RELATIONSHIP( ) );
#2091 = ORIENTED_EDGE ( 'NONE', *, *, #2735, .F. ) ;
#2092 = LINE ( 'NONE', #4485, #7527 ) ;
#2093 = VERTEX_POINT ( 'NONE', #5936 ) ;
#2094 = AXIS2_PLACEMENT_3D ( 'NONE', #1864, #3840, #6370 ) ;
#2095 = PRODUCT_DEFINITION_FORMATION_WITH_SPECIFIED_SOURCE ( '任何', '', #791, .NOT_KNOWN. ) ;
#2096 = ADVANCED_FACE ( 'NONE', ( #2689 ), #7883, .T. ) ;
#2097 = VERTEX_POINT ( 'NONE', #2069 ) ;
#2098 = ORIENTED_EDGE ( 'NONE', *, *, #2285, .F. ) ;
#2099 = DIRECTION ( 'NONE',  ( -0.000000000000000000, -0.000000000000000000, -1.000000000000000000 ) ) ;
#2100 = VECTOR ( 'NONE', #4742, 1000.000000000000000 ) ;
#2101 = DATE_AND_TIME ( #6440, #2963 ) ;
#2102 = DIRECTION ( 'NONE',  ( 1.000000000000000000, 3.483287830750201044E-15, 0.000000000000000000 ) ) ;
#2103 = CARTESIAN_POINT ( 'NONE',  ( 35.00000000000000711, 36.99999999999560885, 0.000000000000000000 ) ) ;
#2104 = DIRECTION ( 'NONE',  ( -3.483287830750206171E-15, 1.000000000000000000, -0.000000000000000000 ) ) ;
#2105 = LINE ( 'NONE', #6482, #6776 ) ;
#2106 = CIRCLE ( 'NONE', #4187, 0.4999999999985502153 ) ;
#2107 = CARTESIAN_POINT ( 'NONE',  ( -32.99999999999517541, 6.400000000004301803, 130.0000000000000000 ) ) ;
#2108 = ORIENTED_EDGE ( 'NONE', *, *, #1223, .T. ) ;
#2109 = EDGE_LOOP ( 'NONE', ( #891, #278, #1444, #6173 ) ) ;
#2110 = CC_DESIGN_PERSON_AND_ORGANIZATION_ASSIGNMENT ( #774, #1427, ( #3544 ) ) ;
#2111 = VECTOR ( 'NONE', #5387, 1000.000000000000000 ) ;
#2112 = CARTESIAN_POINT ( 'NONE',  ( -38.50000000000002132, 11.43999999997000749, 0.000000000000000000 ) ) ;
#2113 = PLANE ( 'NONE',  #123 ) ;
#2114 = PLANE ( 'NONE',  #3635 ) ;
#2115 = ADVANCED_FACE ( 'NONE', ( #873 ), #2113, .F. ) ;
#2116 = CARTESIAN_POINT ( 'NONE',  ( -34.77748670276048415, 5.490077876803257872, 130.0000000000000000 ) ) ;
#2117 = CARTESIAN_POINT ( 'NONE',  ( 38.49999999999819522, 1.399999999996871525, 130.0000000000000000 ) ) ;
#2118 = CIRCLE ( 'NONE', #6715, 1.249999999999112932 ) ;
#2119 = CARTESIAN_POINT ( 'NONE',  ( -1.572815951555176637E-13, 33.99999999999541700, 130.0000000000000000 ) ) ;
#2120 = VECTOR ( 'NONE', #1888, 1000.000000000000000 ) ;
#2121 = ORIENTED_EDGE ( 'NONE', *, *, #5596, .F. ) ;
#2122 = DIRECTION ( 'NONE',  ( -1.000000000000000000, 0.000000000000000000, 0.000000000000000000 ) ) ;
#2123 = ADVANCED_FACE ( 'NONE', ( #3992 ), #807, .F. ) ;
#2124 = CARTESIAN_POINT ( 'NONE',  ( 38.49999999999822364, 1.855190384027667158E-13, 130.0000000000000000 ) ) ;
#2125 = DIRECTION ( 'NONE',  ( -0.000000000000000000, 0.000000000000000000, 1.000000000000000000 ) ) ;
#2126 = ORIENTED_EDGE ( 'NONE', *, *, #5286, .F. ) ;
#2127 = VECTOR ( 'NONE', #7962, 1000.000000000000000 ) ;
#2128 = VERTEX_POINT ( 'NONE', #2227 ) ;
#2129 = CARTESIAN_POINT ( 'NONE',  ( -32.99999999999817391, 0.000000000000000000, 0.000000000000000000 ) ) ;
#2130 = EDGE_CURVE ( 'NONE', #1019, #6970, #2185, .T. ) ;
#2131 = ORIENTED_EDGE ( 'NONE', *, *, #1171, .T. ) ;
#2132 = VECTOR ( 'NONE', #6365, 1000.000000000000000 ) ;
#2133 = VECTOR ( 'NONE', #6982, 1000.000000000000000 ) ;
#2134 = ORIENTED_EDGE ( 'NONE', *, *, #2333, .T. ) ;
#2135 = ORIENTED_EDGE ( 'NONE', *, *, #308, .T. ) ;
#2136 = CARTESIAN_POINT ( 'NONE',  ( -37.00000000000179057, 24.99999999998601652, 130.0000000000000000 ) ) ;
#2137 = EDGE_CURVE ( 'NONE', #2578, #2500, #7108, .T. ) ;
#2138 = CC_DESIGN_DATE_AND_TIME_ASSIGNMENT ( #3820, #3768, ( #4296 ) ) ;
#2139 = CYLINDRICAL_SURFACE ( 'NONE', #1074, 1.750000000000001554 ) ;
#2140 = CARTESIAN_POINT ( 'NONE',  ( 35.00000000000191847, 36.99999999999725731, 2.000000000000000000 ) ) ;
#2141 = LINE ( 'NONE', #5263, #6155 ) ;
#2142 = DIRECTION ( 'NONE',  ( 1.000000000000000000, 3.469446951957607797E-15, 0.000000000000000000 ) ) ;
#2143 = CARTESIAN_POINT ( 'NONE',  ( 38.50000000000175504, -0.6000000000020224711, 130.0000000000000000 ) ) ;
#2144 = EDGE_LOOP ( 'NONE', ( #1224, #792, #4044, #3550 ) ) ;
#2145 = ORIENTED_EDGE ( 'NONE', *, *, #5924, .T. ) ;
#2146 = DIRECTION ( 'NONE',  ( -1.000000000000000000, -4.625929269276767535E-15, 0.000000000000000000 ) ) ;
#2147 = EDGE_CURVE ( 'NONE', #2496, #4812, #988, .T. ) ;
#2148 = DIRECTION ( 'NONE',  ( -1.000000000000000000, 0.000000000000000000, 0.000000000000000000 ) ) ;
#2149 = CARTESIAN_POINT ( 'NONE',  ( 38.50000000000086686, 37.99999999999891998, 2.000000000000000000 ) ) ;
#2150 = CARTESIAN_POINT ( 'NONE',  ( 36.99999999999987210, 14.43999999997393502, 130.0000000000000000 ) ) ;
#2151 = CARTESIAN_POINT ( 'NONE',  ( -38.50000000000007105, 26.43999999998833772, 130.0000000000000000 ) ) ;
#2152 = CYLINDRICAL_SURFACE ( 'NONE', #6584, 0.2999999999999999889 ) ;
#2153 = CLOSED_SHELL ( 'NONE', ( #7159, #2686, #2417, #6112, #7081, #2831, #2760, #4771, #4880, #6983, #1386, #1469, #6254, #8129, #3243, #6622, #1337, #7665, #4761, #4518, #5256, #7777, #1059, #3078, #6773, #2441, #7852, #4423, #6815, #7469, #2368, #4285, #2270, #6463, #6654, #5487, #2170, #260, #2475, #3994, #3610, #4208, #23, #172, #1113, #3621, #7425, #5715, #6981, #2769, #5365, #778, #388, #4829, #305, #3950, #1657, #2697, #3009, #5598, #2082, #7278, #6473, #7026, #3690, #5446, #7347, #4070, #5482, #2924, #7419, #2037, #1844, #340, #3083, #2234, #6286, #4822, #629, #1557, #6651, #5812, #5910, #5836, #6707, #3215, #7549, #4781, #1089, #7937, #1713, #4226, #8078, #683, #3701, #1258, #2071, #5192, #77, #6487, #1572, #2883, #5949, #2354, #7035, #3855, #3324, #7294, #4586, #1142, #8073, #2530, #4012, #4647, #5856, #912, #3596, #3721, #918, #5423, #536, #5869, #661, #3508, #6853, #3984, #3604, #2811, #1428, #6942, #2198, #7748, #7493, #7163, #2079, #7012, #594, #670, #4737, #1513, #5214, #5565, #4815, #2471, #6314, #1451, #3934, #2405, #6612, #4630, #1529, #3974, #2096, #3924, #751, #3309, #2657, #2027, #4689, #5953, #1920, #6392, #1476, #8006, #4439, #361, #2033, #5964, #3199, #923, #2981, #5287, #4020, #6009, #1329, #3959, #5422, #1429 ) ) ;
#2154 = DIRECTION ( 'NONE',  ( 4.448008912757228678E-15, -1.000000000000000000, 0.000000000000000000 ) ) ;
#2155 = VECTOR ( 'NONE', #5080, 1000.000000000000000 ) ;
#2156 = LINE ( 'NONE', #4110, #438 ) ;
#2157 = DIRECTION ( 'NONE',  ( 4.448008912757228678E-15, -1.000000000000000000, 0.000000000000000000 ) ) ;
#2158 = DIRECTION ( 'NONE',  ( -1.000000000000000000, -3.469446951953635094E-15, 0.000000000000000000 ) ) ;
#2159 = DIRECTION ( 'NONE',  ( 0.000000000000000000, 0.000000000000000000, 1.000000000000000000 ) ) ;
#2160 = ORIENTED_EDGE ( 'NONE', *, *, #4481, .F. ) ;
#2161 = ORIENTED_EDGE ( 'NONE', *, *, #2456, .T. ) ;
#2162 = ADVANCED_FACE ( 'NONE', ( #2343 ), #373, .T. ) ;
#2163 = PLANE ( 'NONE',  #644 ) ;
#2164 = DIRECTION ( 'NONE',  ( 1.000000000000000000, 0.000000000000000000, 0.000000000000000000 ) ) ;
#2165 = VECTOR ( 'NONE', #4376, 1000.000000000000000 ) ;
#2166 = VERTEX_POINT ( 'NONE', #5513 ) ;
#2167 = VECTOR ( 'NONE', #7755, 1000.000000000000000 ) ;
#2168 = ORIENTED_EDGE ( 'NONE', *, *, #3531, .F. ) ;
#2169 = ORIENTED_EDGE ( 'NONE', *, *, #6208, .F. ) ;
#2170 = ADVANCED_FACE ( 'NONE', ( #3482 ), #2300, .T. ) ;
#2171 = CARTESIAN_POINT ( 'NONE',  ( -38.50000000000008527, 29.43999999999200412, 130.0000000000000000 ) ) ;
#2172 = CALENDAR_DATE ( 2020, 16, 10 ) ;
#2173 = CARTESIAN_POINT ( 'NONE',  ( -37.00000000000173372, 9.999999999967684516, 0.000000000000000000 ) ) ;
#2174 = CARTESIAN_POINT ( 'NONE',  ( -37.00000000000179057, 24.99999999998601652, 130.0000000000000000 ) ) ;
#2175 = EDGE_CURVE ( 'NONE', #4572, #8079, #1722, .T. ) ;
#2176 = EDGE_CURVE ( 'NONE', #935, #1586, #1157, .T. ) ;
#2177 = DIRECTION ( 'NONE',  ( 0.000000000000000000, -0.000000000000000000, -1.000000000000000000 ) ) ;
#2178 = VECTOR ( 'NONE', #5801, 1000.000000000000000 ) ;
#2179 = DIRECTION ( 'NONE',  ( 4.448008912757228678E-15, -1.000000000000000000, 0.000000000000000000 ) ) ;
#2180 = ORIENTED_EDGE ( 'NONE', *, *, #7365, .T. ) ;
#2181 = ORIENTED_EDGE ( 'NONE', *, *, #6570, .T. ) ;
#2182 = FACE_OUTER_BOUND ( 'NONE', #5656, .T. ) ;
#2183 = PERSON_AND_ORGANIZATION ( #7757, #5787 ) ;
#2184 = LINE ( 'NONE', #2762, #2458 ) ;
#2185 = LINE ( 'NONE', #3303, #7880 ) ;
#2186 = CARTESIAN_POINT ( 'NONE',  ( 0.2499999990845935827, 0.000000000000000000, -2.599999999063129508 ) ) ;
#2187 = DIRECTION ( 'NONE',  ( -0.000000000000000000, 0.000000000000000000, 1.000000000000000000 ) ) ;
#2188 = LINE ( 'NONE', #4189, #5005 ) ;
#2189 = LINE ( 'NONE', #2802, #5870 ) ;
#2190 = ADVANCED_FACE ( 'A', ( #4185 ), #7635, .T. ) ;
#2191 = CARTESIAN_POINT ( 'NONE',  ( 36.99999999999986500, 15.99999999997527311, 130.0000000000000000 ) ) ;
#2192 = CARTESIAN_POINT ( 'NONE',  ( -38.50000000000000000, 6.999999999964011899, 130.0000000000000000 ) ) ;
#2193 = VECTOR ( 'NONE', #5896, 1000.000000000000000 ) ;
#2194 = APPROVAL_PERSON_ORGANIZATION ( #4562, #3244, #4529 ) ;
#2195 = CARTESIAN_POINT ( 'NONE',  ( -1.434038073475511398E-13, 30.99999999999351985, 130.0000000000000000 ) ) ;
#2196 = CARTESIAN_POINT ( 'NONE',  ( 32.06620911920911965, 2.482113092012558475, 130.0000000000000000 ) ) ;
#2197 = ORIENTED_EDGE ( 'NONE', *, *, #1739, .T. ) ;
#2198 = ADVANCED_FACE ( 'NONE', ( #500 ), #6802, .T. ) ;
#2199 = CC_DESIGN_APPROVAL ( #5913, ( #1422 ) ) ;
#2200 = VERTEX_POINT ( 'NONE', #2870 ) ;
#2201 =( NAMED_UNIT ( * ) PLANE_ANGLE_UNIT ( ) SI_UNIT ( $, .RADIAN. ) );
#2202 = CIRCLE ( 'NONE', #2970, 1.750000000000001554 ) ;
#2203 = AXIS2_PLACEMENT_3D ( 'NONE', #3584, #6870, #4379 ) ;
#2204 = DIRECTION ( 'NONE',  ( 0.000000000000000000, 0.000000000000000000, 1.000000000000000000 ) ) ;
#2205 = ORIENTED_EDGE ( 'NONE', *, *, #1216, .F. ) ;
#2206 = AXIS2_PLACEMENT_3D ( 'NONE', #4853, #3124, #6892 ) ;
#2207 = VECTOR ( 'NONE', #2907, 1000.000000000000000 ) ;
#2208 = VERTEX_POINT ( 'NONE', #3525 ) ;
#2209 = ORIENTED_EDGE ( 'NONE', *, *, #4711, .T. ) ;
#2210 = DIRECTION ( 'NONE',  ( 0.000000000000000000, 0.000000000000000000, 1.000000000000000000 ) ) ;
#2211 = DATE_AND_TIME ( #7867, #1007 ) ;
#2212 = CC_DESIGN_SECURITY_CLASSIFICATION ( #7223, ( #8166 ) ) ;
#2213 = VECTOR ( 'NONE', #5983, 1000.000000000000000 ) ;
#2214 = CARTESIAN_POINT ( 'NONE',  ( 33.24999999999707256, 6.149999999999999467, 0.000000000000000000 ) ) ;
#2215 = AXIS2_PLACEMENT_3D ( 'NONE', #3011, #1697, #4949 ) ;
#2216 = ORIENTED_EDGE ( 'NONE', *, *, #575, .T. ) ;
#2217 = EDGE_CURVE ( 'NONE', #5625, #2314, #5384, .T. ) ;
#2218 = CARTESIAN_POINT ( 'NONE',  ( 34.56124638288203244, 35.12499999999907629, 130.0000000000000000 ) ) ;
#2219 = DIRECTION ( 'NONE',  ( -0.000000000000000000, -0.000000000000000000, -1.000000000000000000 ) ) ;
#2220 = ORIENTED_EDGE ( 'NONE', *, *, #5653, .T. ) ;
#2221 = VERTEX_POINT ( 'NONE', #2992 ) ;
#2222 = ADVANCED_FACE ( 'NONE', ( #1601 ), #4450, .F. ) ;
#2223 = EDGE_CURVE ( 'NONE', #3809, #3643, #6052, .T. ) ;
#2224 = CARTESIAN_POINT ( 'NONE',  ( -33.24999999999803890, 9.399999999997515232, 130.0000000000000000 ) ) ;
#2225 = SHAPE_DEFINITION_REPRESENTATION ( #1376, #961 ) ;
#2226 = PLANE ( 'NONE',  #6006 ) ;
#2227 = CARTESIAN_POINT ( 'NONE',  ( 36.99999999999985079, 18.99999999997893951, 0.000000000000000000 ) ) ;
#2228 = CARTESIAN_POINT ( 'NONE',  ( -3.628050241188431785E-14, 9.149999999997010747, 0.000000000000000000 ) ) ;
#2229 = VECTOR ( 'NONE', #5207, 1000.000000000000000 ) ;
#2230 = LINE ( 'NONE', #7263, #1248 ) ;
#2231 = CARTESIAN_POINT ( 'NONE',  ( 36.99999999999984368, 21.99999999998260591, 130.0000000000000000 ) ) ;
#2232 = DIRECTION ( 'NONE',  ( 1.000000000000000000, 3.965082230808324988E-15, 0.000000000000000000 ) ) ;
#2233 = VECTOR ( 'NONE', #647, 1000.000000000000000 ) ;
#2234 = ADVANCED_FACE ( 'NONE', ( #4104 ), #414, .F. ) ;
#2235 = DIRECTION ( 'NONE',  ( 1.000000000000000000, 3.469446951957591626E-15, 0.000000000000000000 ) ) ;
#2236 = PERSON ( 'NAUO-PER11', 'UNSPECIFIED', 'UNSPECIFIED', ('UNSPECIFIED'), ('UNSPECIFIED'), ('UNSPECIFIED') ) ;
#2237 = CARTESIAN_POINT ( 'NONE',  ( -33.24999999999803890, 9.399999999997515232, 0.000000000000000000 ) ) ;
#2238 = EDGE_CURVE ( 'NONE', #89, #3514, #6825, .T. ) ;
#2239 = DIRECTION ( 'NONE',  ( 1.000000000000000000, 3.469446951957591626E-15, 0.000000000000000000 ) ) ;
#2240 = FACE_OUTER_BOUND ( 'NONE', #7915, .T. ) ;
#2241 = CARTESIAN_POINT ( 'NONE',  ( 33.24999999999836575, 2.999999999997227107, 0.000000000000000000 ) ) ;
#2242 = ORIENTED_EDGE ( 'NONE', *, *, #6153, .F. ) ;
#2243 = ORIENTED_EDGE ( 'NONE', *, *, #4120, .F. ) ;
#2244 = SHAPE_REPRESENTATION_RELATIONSHIP ( 'NONE' , 'NONE' ,  #961, #275 ) ;
#2245 = LINE ( 'NONE', #4009, #6960 ) ;
#2246 = ORIENTED_EDGE ( 'NONE', *, *, #2312, .F. ) ;
#2247 = ADVANCED_FACE ( 'NONE', ( #7297 ), #2262, .T. ) ;
#2248 = ORIENTED_EDGE ( 'NONE', *, *, #4121, .F. ) ;
#2249 = ORIENTED_EDGE ( 'NONE', *, *, #1610, .F. ) ;
#2250 = DIRECTION ( 'NONE',  ( 4.818676322150006782E-15, -1.000000000000000000, 0.000000000000000000 ) ) ;
#2251 = CALENDAR_DATE ( 2020, 16, 10 ) ;
#2252 = CARTESIAN_POINT ( 'NONE',  ( -36.74999999999658939, 2.999999999997227107, 0.7499999999999947820 ) ) ;
#2253 = CIRCLE ( 'NONE', #5399, 0.7096046754423921410 ) ;
#2254 = ORIENTED_EDGE ( 'NONE', *, *, #881, .F. ) ;
#2255 = LINE ( 'NONE', #4757, #4655 ) ;
#2256 = CARTESIAN_POINT ( 'NONE',  ( 34.77748670276079679, 5.490077876800236290, 0.000000000000000000 ) ) ;
#2257 = VERTEX_POINT ( 'NONE', #4765 ) ;
#2258 = EDGE_LOOP ( 'NONE', ( #250, #3561, #7586, #1327 ) ) ;
#2259 = FACE_OUTER_BOUND ( 'NONE', #6975, .T. ) ;
#2260 = APPROVAL_DATE_TIME ( #4183, #7189 ) ;
#2261 = CARTESIAN_POINT ( 'NONE',  ( -41.49999999999977973, 1.399999999996592193, 17.00000000000000000 ) ) ;
#2262 = CYLINDRICAL_SURFACE ( 'NONE', #6964, 0.2999999999999999889 ) ;
#2263 = VECTOR ( 'NONE', #5737, 1000.000000000000000 ) ;
#2264 = CARTESIAN_POINT ( 'NONE',  ( 38.49999999999811706, 24.99999999998627942, 130.0000000000000000 ) ) ;
#2265 = EDGE_CURVE ( 'NONE', #4622, #3861, #1635, .T. ) ;
#2266 = EDGE_CURVE ( 'NONE', #3183, #2757, #1678, .T. ) ;
#2267 = FACE_OUTER_BOUND ( 'NONE', #3248, .T. ) ;
#2268 = PLANE ( 'NONE',  #537 ) ;
#2269 = CARTESIAN_POINT ( 'NONE',  ( -36.24999999999447908, 2.999999999997816857, 130.0000000000000000 ) ) ;
#2270 = ADVANCED_FACE ( 'NONE', ( #450 ), #2941, .F. ) ;
#2271 = LINE ( 'NONE', #1687, #7430 ) ;
#2272 = CARTESIAN_POINT ( 'NONE',  ( 5.421010862427511077E-17, 0.6199999999999998845, -0.3200000000000000067 ) ) ;
#2273 = DIRECTION ( 'NONE',  ( 1.000000000000000000, 0.000000000000000000, 0.000000000000000000 ) ) ;
#2274 = CARTESIAN_POINT ( 'NONE',  ( 32.56418350556946706, 2.437151880626519329, 0.000000000000000000 ) ) ;
#2275 = DIRECTION ( 'NONE',  ( 1.000000000000000000, 3.491481338843133750E-15, 0.000000000000000000 ) ) ;
#2276 = DIRECTION ( 'NONE',  ( 4.818676322150006782E-15, -1.000000000000000000, 0.000000000000000000 ) ) ;
#2277 = ORIENTED_EDGE ( 'NONE', *, *, #5152, .F. ) ;
#2278 = ORIENTED_EDGE ( 'NONE', *, *, #727, .T. ) ;
#2279 =( LENGTH_UNIT ( ) NAMED_UNIT ( * ) SI_UNIT ( .MILLI., .METRE. ) );
#2280 = DIRECTION ( 'NONE',  ( -1.000000000000000000, -3.469446951957591626E-15, 0.000000000000000000 ) ) ;
#2281 = EDGE_LOOP ( 'NONE', ( #3205, #946, #5362, #1092 ) ) ;
#2282 = ORIENTED_EDGE ( 'NONE', *, *, #8029, .T. ) ;
#2283 = ORIENTED_EDGE ( 'NONE', *, *, #841, .T. ) ;
#2284 = CARTESIAN_POINT ( 'NONE',  ( -34.56124638288583384, 35.12499999999884182, 0.000000000000000000 ) ) ;
#2285 = EDGE_CURVE ( 'NONE', #2330, #5110, #5693, .T. ) ;
#2286 = VECTOR ( 'NONE', #2835, 1000.000000000000000 ) ;
#2287 = DATE_AND_TIME ( #5409, #3384 ) ;
#2288 = CARTESIAN_POINT ( 'NONE',  ( 0.8249999999999999556, 0.6199999999999999956, -0.6199999999999999956 ) ) ;
#2289 = APPROVAL ( #2423, '未指定' ) ;
#2290 = ORIENTED_EDGE ( 'NONE', *, *, #7360, .T. ) ;
#2291 = VECTOR ( 'NONE', #7950, 1000.000000000000000 ) ;
#2292 = CARTESIAN_POINT ( 'NONE',  ( 36.99999999999984368, 21.99999999998260591, 0.000000000000000000 ) ) ;
#2293 = ORIENTED_EDGE ( 'NONE', *, *, #6039, .F. ) ;
#2294 = ORIENTED_EDGE ( 'NONE', *, *, #3233, .F. ) ;
#2295 = VERTEX_POINT ( 'NONE', #6319 ) ;
#2296 = PLANE ( 'NONE',  #608 ) ;
#2297 = EDGE_CURVE ( 'NONE', #7445, #7509, #681, .T. ) ;
#2298 = PERSON_AND_ORGANIZATION_ROLE ( 'creator' ) ;
#2299 = CARTESIAN_POINT ( 'NONE',  ( -33.25000000000014211, 36.99999999999725731, 0.7499999999999952260 ) ) ;
#2300 = CYLINDRICAL_SURFACE ( 'NONE', #2980, 0.7096046754417745239 ) ;
#2301 = DIRECTION ( 'NONE',  ( 0.000000000000000000, -1.000000000000000000, 0.000000000000000000 ) ) ;
#2302 = AXIS2_PLACEMENT_3D ( 'NONE', #4908, #6152, #7444 ) ;
#2303 = LINE ( 'NONE', #3570, #4115 ) ;
#2304 = DIRECTION ( 'NONE',  ( -0.000000000000000000, 0.000000000000000000, 1.000000000000000000 ) ) ;
#2305 = LINE ( 'NONE', #7228, #1975 ) ;
#2306 = DIRECTION ( 'NONE',  ( 4.448008912757226311E-15, -1.000000000000000000, 0.000000000000000000 ) ) ;
#2307 = LINE ( 'NONE', #1076, #6728 ) ;
#2308 = CARTESIAN_POINT ( 'NONE',  ( -2.928213227440575540E-14, 8.439999999966474320, 130.0000000000000000 ) ) ;
#2309 = ORIENTED_EDGE ( 'NONE', *, *, #1275, .T. ) ;
#2310 = LINE ( 'NONE', #1079, #6021 ) ;
#2311 = DIRECTION ( 'NONE',  ( -0.000000000000000000, -0.000000000000000000, -1.000000000000000000 ) ) ;
#2312 = EDGE_CURVE ( 'NONE', #3725, #2128, #3171, .T. ) ;
#2313 = CARTESIAN_POINT ( 'NONE',  ( 36.99999999999987210, 14.43999999997393502, 0.000000000000000000 ) ) ;
#2314 = VERTEX_POINT ( 'NONE', #7605 ) ;
#2315 = EDGE_LOOP ( 'NONE', ( #2744, #4986, #2738, #6259 ) ) ;
#2316 = DIRECTION ( 'NONE',  ( 3.608224830031758756E-15, -1.000000000000000000, 8.326672684688713496E-17 ) ) ;
#2317 = EDGE_CURVE ( 'NONE', #1273, #7153, #4403, .T. ) ;
#2318 = EDGE_CURVE ( 'NONE', #851, #7528, #5071, .T. ) ;
#2319 = CARTESIAN_POINT ( 'NONE',  ( -32.06620911921270078, 37.51788690797817338, 130.0000000000000000 ) ) ;
#2320 = LINE ( 'NONE', #5962, #3423 ) ;
#2321 = ORIENTED_EDGE ( 'NONE', *, *, #1216, .T. ) ;
#2322 = ORIENTED_EDGE ( 'NONE', *, *, #4453, .T. ) ;
#2323 = VECTOR ( 'NONE', #339, 1000.000000000000000 ) ;
#2324 = AXIS2_PLACEMENT_3D ( 'NONE', #2743, #272, #7824 ) ;
#2325 = ORIENTED_EDGE ( 'NONE', *, *, #4585, .T. ) ;
#2326 = ORIENTED_EDGE ( 'NONE', *, *, #6445, .F. ) ;
#2327 = FACE_OUTER_BOUND ( 'NONE', #4167, .T. ) ;
#2328 = APPROVAL_DATE_TIME ( #3469, #1184 ) ;
#2329 = FACE_OUTER_BOUND ( 'NONE', #939, .T. ) ;
#2330 = VERTEX_POINT ( 'NONE', #5115 ) ;
#2331 = VECTOR ( 'NONE', #6619, 1000.000000000000000 ) ;
#2332 = VECTOR ( 'NONE', #7770, 1000.000000000000000 ) ;
#2333 = EDGE_CURVE ( 'NONE', #4799, #3060, #1241, .T. ) ;
#2334 = CARTESIAN_POINT ( 'NONE',  ( 36.99999999999992895, 1.645763297720171621E-13, 130.0000000000000000 ) ) ;
#2335 = EDGE_LOOP ( 'NONE', ( #1179, #3629, #1502, #6623 ) ) ;
#2336 = VERTEX_POINT ( 'NONE', #1859 ) ;
#2337 = ORIENTED_EDGE ( 'NONE', *, *, #3937, .F. ) ;
#2338 = CC_DESIGN_APPROVAL ( #7378, ( #7223 ) ) ;
#2339 = VECTOR ( 'NONE', #6415, 1000.000000000000000 ) ;
#2340 = DIRECTION ( 'NONE',  ( -3.483287830750206171E-15, 1.000000000000000000, -0.000000000000000000 ) ) ;
#2341 = COORDINATED_UNIVERSAL_TIME_OFFSET ( 8, 0, .AHEAD. ) ;
#2342 = DIRECTION ( 'NONE',  ( -0.000000000000000000, 0.000000000000000000, 1.000000000000000000 ) ) ;
#2343 = FACE_OUTER_BOUND ( 'NONE', #2446, .T. ) ;
#2344 = CARTESIAN_POINT ( 'NONE',  ( 1.084202172485499997E-16, -1.600000000000000311, 0.000000000000000000 ) ) ;
#2345 = CIRCLE ( 'NONE', #4584, 2.500000000000411671 ) ;
#2346 = EDGE_CURVE ( 'NONE', #7509, #1968, #7143, .T. ) ;
#2347 = CARTESIAN_POINT ( 'NONE',  ( 33.24999999999619149, 10.14999999999689706, 130.0000000000000000 ) ) ;
#2348 = CARTESIAN_POINT ( 'NONE',  ( -32.06620911921270078, 37.51788690797817338, 130.0000000000000000 ) ) ;
#2349 = CARTESIAN_POINT ( 'NONE',  ( 38.49999999999813838, 18.99999999997894662, 0.000000000000000000 ) ) ;
#2350 = APPROVAL ( #2577, '未指定' ) ;
#2351 = VERTEX_POINT ( 'NONE', #7652 ) ;
#2352 = DIRECTION ( 'NONE',  ( -1.000000000000000000, 0.000000000000000000, 0.000000000000000000 ) ) ;
#2353 = CARTESIAN_POINT ( 'NONE',  ( 45.50000000000010658, -0.6000000000019954927, 130.0000000000000568 ) ) ;
#2354 = ADVANCED_FACE ( 'NONE', ( #3210 ), #2560, .F. ) ;
#2355 = LINE ( 'NONE', #3575, #3941 ) ;
#2356 = ORIENTED_EDGE ( 'NONE', *, *, #3109, .F. ) ;
#2357 = DIRECTION ( 'NONE',  ( 0.000000000000000000, 0.000000000000000000, 1.000000000000000000 ) ) ;
#2358 = CARTESIAN_POINT ( 'NONE',  ( 0.000000000000000000, 0.000000000000000000, 0.000000000000000000 ) ) ;
#2359 = AXIS2_PLACEMENT_3D ( 'NONE', #4419, #2534, #734 ) ;
#2360 = CARTESIAN_POINT ( 'NONE',  ( 35.00000000000191847, 36.99999999999725731, 0.7499999999999952260 ) ) ;
#2361 = EDGE_LOOP ( 'NONE', ( #6119, #1690, #1701, #4600 ) ) ;
#2362 = ORIENTED_EDGE ( 'NONE', *, *, #2675, .F. ) ;
#2363 = EDGE_CURVE ( 'NONE', #2208, #1755, #3184, .T. ) ;
#2364 = LINE ( 'NONE', #4873, #6298 ) ;
#2365 = CARTESIAN_POINT ( 'NONE',  ( 36.99999999999995737, 1.645763297722054285E-13, 0.000000000000000000 ) ) ;
#2366 = CIRCLE ( 'NONE', #5919, 1.999999999999994893 ) ;
#2367 = ORIENTED_EDGE ( 'NONE', *, *, #2641, .T. ) ;
#2368 = ADVANCED_FACE ( 'NONE', ( #1371 ), #3740, .T. ) ;
#2369 = EDGE_CURVE ( 'NONE', #3465, #6309, #1871, .T. ) ;
#2370 = ORIENTED_EDGE ( 'NONE', *, *, #3839, .F. ) ;
#2371 = VERTEX_POINT ( 'NONE', #3075 ) ;
#2372 = ORIENTED_EDGE ( 'NONE', *, *, #3114, .T. ) ;
#2373 = DIRECTION ( 'NONE',  ( 1.000000000000000000, 4.448008912757226311E-15, -0.000000000000000000 ) ) ;
#2374 = EDGE_CURVE ( 'NONE', #7509, #3581, #5600, .T. ) ;
#2375 = DIRECTION ( 'NONE',  ( 1.000000000000000000, 4.625929269276788834E-15, 0.000000000000000000 ) ) ;
#2376 = CIRCLE ( 'NONE', #274, 3.000000000000009770 ) ;
#2377 = ORIENTED_EDGE ( 'NONE', *, *, #7417, .T. ) ;
#2378 = CC_DESIGN_DATE_AND_TIME_ASSIGNMENT ( #4638, #2750, ( #787 ) ) ;
#2379 = ORIENTED_EDGE ( 'NONE', *, *, #3813, .F. ) ;
#2380 = ORIENTED_EDGE ( 'NONE', *, *, #3237, .T. ) ;
#2381 = EDGE_LOOP ( 'NONE', ( #689, #5229, #7066, #7237 ) ) ;
#2382 = FACE_OUTER_BOUND ( 'NONE', #1278, .T. ) ;
#2383 = APPROVAL_STATUS ( 'not_yet_approved' ) ;
#2384 = VECTOR ( 'NONE', #3585, 1000.000000000000000 ) ;
#2385 = CARTESIAN_POINT ( 'NONE',  ( 48.49999999999799627, -0.6000000000019850566, 130.0000000000000000 ) ) ;
#2386 = EDGE_CURVE ( 'NONE', #7646, #6778, #3123, .T. ) ;
#2387 = CARTESIAN_POINT ( 'NONE',  ( -34.99999999999739231, 5.831893559006809724, 0.000000000000000000 ) ) ;
#2388 = CARTESIAN_POINT ( 'NONE',  ( -4.510281037534952658E-14, 12.99999999997147881, 130.0000000000000000 ) ) ;
#2389 = DIRECTION ( 'NONE',  ( 1.000000000000000000, 0.000000000000000000, 0.000000000000000000 ) ) ;
#2390 = DIRECTION ( 'NONE',  ( 1.000000000000000000, 0.000000000000000000, 0.000000000000000000 ) ) ;
#2391 = FACE_OUTER_BOUND ( 'NONE', #7454, .T. ) ;
#2392 = CIRCLE ( 'NONE', #5280, 1.999999999999994893 ) ;
#2393 = CARTESIAN_POINT ( 'NONE',  ( -3.628050241188431785E-14, 9.149999999997010747, 130.0000000000000000 ) ) ;
#2394 = ORIENTED_EDGE ( 'NONE', *, *, #618, .T. ) ;
#2395 = EDGE_CURVE ( 'NONE', #1506, #4571, #7, .T. ) ;
#2396 = CARTESIAN_POINT ( 'NONE',  ( -37.00000000000169820, -1.645763297720250129E-13, 0.000000000000000000 ) ) ;
#2397 = CYLINDRICAL_SURFACE ( 'NONE', #31, 2.500000000000938805 ) ;
#2398 = DIRECTION ( 'NONE',  ( 1.000000000000000000, 4.625929269276788834E-15, 0.000000000000000000 ) ) ;
#2399 = ORIENTED_EDGE ( 'NONE', *, *, #6554, .F. ) ;
#2400 = DIRECTION ( 'NONE',  ( -0.000000000000000000, -0.000000000000000000, -1.000000000000000000 ) ) ;
#2401 = CARTESIAN_POINT ( 'NONE',  ( 32.06620911920974493, 37.51788690797764048, 130.0000000000000000 ) ) ;
#2402 = CARTESIAN_POINT ( 'NONE',  ( -8.067620645608318072E-14, 17.43999999997751615, 0.000000000000000000 ) ) ;
#2403 = ORIENTED_EDGE ( 'NONE', *, *, #2494, .F. ) ;
#2404 =( NAMED_UNIT ( * ) SI_UNIT ( $, .STERADIAN. ) SOLID_ANGLE_UNIT ( ) );
#2405 = ADVANCED_FACE ( 'NONE', ( #2427 ), #5028, .T. ) ;
#2406 = ORIENTED_EDGE ( 'NONE', *, *, #1489, .F. ) ;
#2407 = DIRECTION ( 'NONE',  ( 1.000000000000000000, 4.625929269276788834E-15, 0.000000000000000000 ) ) ;
#2408 = LINE ( 'NONE', #4380, #2777 ) ;
#2409 = ORIENTED_EDGE ( 'NONE', *, *, #2312, .T. ) ;
#2410 = ORIENTED_EDGE ( 'NONE', *, *, #264, .F. ) ;
#2411 = ORIENTED_EDGE ( 'NONE', *, *, #5404, .T. ) ;
#2412 = VERTEX_POINT ( 'NONE', #3833 ) ;
#2413 = DIRECTION ( 'NONE',  ( -0.7071067811865487940, 0.7071067811865463515, 0.000000000000000000 ) ) ;
#2414 = CYLINDRICAL_SURFACE ( 'NONE', #2512, 0.5000000000000420775 ) ;
#2415 = EDGE_CURVE ( 'NONE', #2208, #4287, #6937, .T. ) ;
#2416 = ORIENTED_EDGE ( 'NONE', *, *, #892, .F. ) ;
#2417 = ADVANCED_FACE ( 'NONE', ( #6593 ), #942, .T. ) ;
#2418 = AXIS2_PLACEMENT_3D ( 'NONE', #3341, #5310, #4768 ) ;
#2419 = VERTEX_POINT ( 'NONE', #2174 ) ;
#2420 = ORIENTED_EDGE ( 'NONE', *, *, #5992, .F. ) ;
#2421 = VERTEX_POINT ( 'NONE', #1483 ) ;
#2422 = PLANE ( 'NONE',  #4922 ) ;
#2423 = APPROVAL_STATUS ( 'not_yet_approved' ) ;
#2424 = EDGE_CURVE ( 'NONE', #1895, #5326, #5927, .T. ) ;
#2425 = DIRECTION ( 'NONE',  ( -0.000000000000000000, -0.000000000000000000, -1.000000000000000000 ) ) ;
#2426 = DIRECTION ( 'NONE',  ( -0.000000000000000000, -0.000000000000000000, -1.000000000000000000 ) ) ;
#2427 = FACE_OUTER_BOUND ( 'NONE', #6475, .T. ) ;
#2428 = DIRECTION ( 'NONE',  ( -1.000000000000000000, 0.000000000000000000, 0.000000000000000000 ) ) ;
#2429 = AXIS2_PLACEMENT_3D ( 'NONE', #3144, #28, #5045 ) ;
#2430 = CARTESIAN_POINT ( 'NONE',  ( 32.99999999999633360, 9.399999999997747935, 0.000000000000000000 ) ) ;
#2431 = DIRECTION ( 'NONE',  ( -1.000000000000000000, -4.625929269276810133E-15, 0.000000000000000000 ) ) ;
#2432 = CARTESIAN_POINT ( 'NONE',  ( 0.000000000000000000, 1.600000000000000089, -0.3200000000000000067 ) ) ;
#2433 = EDGE_LOOP ( 'NONE', ( #6311, #1000, #3521, #1866 ) ) ;
#2434 = VECTOR ( 'NONE', #6476, 1000.000000000000000 ) ;
#2435 = PLANE ( 'NONE',  #1613 ) ;
#2436 = DIRECTION ( 'NONE',  ( 1.000000000000000000, 0.000000000000000000, 0.000000000000000000 ) ) ;
#2437 = DIRECTION ( 'NONE',  ( 1.000000000000000000, 4.625929269276788045E-15, 0.000000000000000000 ) ) ;
#2438 = EDGE_LOOP ( 'NONE', ( #6860, #2410, #4724, #3626 ) ) ;
#2439 = CARTESIAN_POINT ( 'NONE',  ( -37.00000000000166978, -1.645763297720248866E-13, 130.0000000000000000 ) ) ;
#2440 = DIRECTION ( 'NONE',  ( 0.000000000000000000, 0.000000000000000000, 1.000000000000000000 ) ) ;
#2441 = ADVANCED_FACE ( 'NONE', ( #6511 ), #1556, .F. ) ;
#2442 = DIRECTION ( 'NONE',  ( -0.000000000000000000, -0.000000000000000000, -1.000000000000000000 ) ) ;
#2443 = VECTOR ( 'NONE', #928, 1000.000000000000000 ) ;
#2444 = LINE ( 'NONE', #1217, #7591 ) ;
#2445 = ORIENTED_EDGE ( 'NONE', *, *, #3278, .T. ) ;
#2446 = EDGE_LOOP ( 'NONE', ( #3905, #5145, #3424, #6491 ) ) ;
#2447 = CARTESIAN_POINT ( 'NONE',  ( -36.74999999999658939, 2.999999999997227107, 0.000000000000000000 ) ) ;
#2448 = PLANE ( 'NONE',  #7265 ) ;
#2449 = EDGE_LOOP ( 'NONE', ( #4136, #6260, #232, #6437, #5294 ) ) ;
#2450 = CARTESIAN_POINT ( 'NONE',  ( -38.50000000000008527, 30.99999999999334221, 130.0000000000000000 ) ) ;
#2451 = EDGE_LOOP ( 'NONE', ( #6931, #5400, #612, #5302 ) ) ;
#2452 = VERTEX_POINT ( 'NONE', #3911 ) ;
#2453 = EDGE_LOOP ( 'NONE', ( #4137, #7658, #7664, #5714 ) ) ;
#2454 = DIRECTION ( 'NONE',  ( 1.000000000000000000, 0.000000000000000000, 0.000000000000000000 ) ) ;
#2455 = DIRECTION ( 'NONE',  ( -1.000000000000000000, -3.469446951953622866E-15, 0.000000000000000000 ) ) ;
#2456 = EDGE_CURVE ( 'NONE', #7422, #7008, #6548, .T. ) ;
#2457 = ORIENTED_EDGE ( 'NONE', *, *, #4133, .T. ) ;
#2458 = VECTOR ( 'NONE', #7808, 1000.000000000000000 ) ;
#2459 = APPROVAL_PERSON_ORGANIZATION ( #1140, #5913, #3024 ) ;
#2460 = ORIENTED_EDGE ( 'NONE', *, *, #6207, .T. ) ;
#2461 = ORIENTED_EDGE ( 'NONE', *, *, #7607, .T. ) ;
#2462 = ORIENTED_EDGE ( 'NONE', *, *, #6422, .F. ) ;
#2463 = LINE ( 'NONE', #7510, #329 ) ;
#2464 = ITEM_DEFINED_TRANSFORMATION ( 'NONE', 'NONE', #1023,  #8005 ) ;
#2465 = CARTESIAN_POINT ( 'NONE',  ( 38.49999999999815969, 11.43999999997027395, 130.0000000000000000 ) ) ;
#2466 = AXIS2_PLACEMENT_3D ( 'NONE', #1450, #2680, #7762 ) ;
#2467 = VECTOR ( 'NONE', #5038, 1000.000000000000000 ) ;
#2468 = FACE_OUTER_BOUND ( 'NONE', #3944, .T. ) ;
#2469 = CARTESIAN_POINT ( 'NONE',  ( -37.00000000000168399, -1.645763297720249371E-13, 0.000000000000000000 ) ) ;
#2470 = DIRECTION ( 'NONE',  ( -1.000000000000000000, -4.625929269276788834E-15, 0.000000000000000000 ) ) ;
#2471 = ADVANCED_FACE ( 'NONE', ( #7798 ), #2752, .T. ) ;
#2472 = DIRECTION ( 'NONE',  ( 1.000000000000000000, 0.000000000000000000, 0.000000000000000000 ) ) ;
#2473 = DIRECTION ( 'NONE',  ( -0.000000000000000000, -0.000000000000000000, -1.000000000000000000 ) ) ;
#2474 = VECTOR ( 'NONE', #7702, 1000.000000000000000 ) ;
#2475 = ADVANCED_FACE ( 'NONE', ( #4019 ), #3982, .T. ) ;
#2476 = CC_DESIGN_APPROVAL ( #2350, ( #7760 ) ) ;
#2477 = DIRECTION ( 'NONE',  ( -0.000000000000000000, 0.000000000000000000, 1.000000000000000000 ) ) ;
#2478 = EDGE_LOOP ( 'NONE', ( #6166, #6573, #6474, #2685 ) ) ;
#2479 = FACE_OUTER_BOUND ( 'NONE', #2550, .T. ) ;
#2480 = DIRECTION ( 'NONE',  ( 0.000000000000000000, 0.000000000000000000, -1.000000000000000000 ) ) ;
#2481 = DIRECTION ( 'NONE',  ( -1.000000000000000000, 0.000000000000000000, 0.000000000000000000 ) ) ;
#2482 = EDGE_CURVE ( 'NONE', #5662, #3643, #4623, .T. ) ;
#2483 = AXIS2_PLACEMENT_3D ( 'NONE', #6989, #4321, #6325 ) ;
#2484 = APPROVAL_PERSON_ORGANIZATION ( #8123, #2289, #4400 ) ;
#2485 = ORIENTED_EDGE ( 'NONE', *, *, #6422, .T. ) ;
#2486 = DIRECTION ( 'NONE',  ( 1.000000000000000000, 0.000000000000000000, 0.000000000000000000 ) ) ;
#2487 = LINE ( 'NONE', #4997, #7776 ) ;
#2488 = DIRECTION ( 'NONE',  ( -0.000000000000000000, -0.000000000000000000, -1.000000000000000000 ) ) ;
#2489 = LINE ( 'NONE', #5000, #2165 ) ;
#2490 = VECTOR ( 'NONE', #4624, 1000.000000000000000 ) ;
#2491 = DIRECTION ( 'NONE',  ( 0.000000000000000000, 0.000000000000000000, 1.000000000000000000 ) ) ;
#2492 = ORIENTED_EDGE ( 'NONE', *, *, #7268, .T. ) ;
#2493 = LINE ( 'NONE', #3545, #6016 ) ;
#2494 = EDGE_CURVE ( 'NONE', #8080, #7580, #707, .T. ) ;
#2495 = DIRECTION ( 'NONE',  ( -0.000000000000000000, -0.000000000000000000, -1.000000000000000000 ) ) ;
#2496 = VERTEX_POINT ( 'NONE', #2714 ) ;
#2497 = AXIS2_PLACEMENT_3D ( 'NONE', #1628, #3475, #443 ) ;
#2498 = CARTESIAN_POINT ( 'NONE',  ( -1.361873576874724761E-13, 29.43999999999218176, 130.0000000000000000 ) ) ;
#2499 = VERTEX_POINT ( 'NONE', #6443 ) ;
#2500 = VERTEX_POINT ( 'NONE', #2679 ) ;
#2501 = ORIENTED_EDGE ( 'NONE', *, *, #4854, .F. ) ;
#2502 = DIRECTION ( 'NONE',  ( 0.000000000000000000, -1.000000000000000000, 0.000000000000000000 ) ) ;
#2503 = VECTOR ( 'NONE', #1886, 1000.000000000000000 ) ;
#2504 = CALENDAR_DATE ( 2020, 16, 10 ) ;
#2505 = CARTESIAN_POINT ( 'NONE',  ( -38.49999999999995737, -1.855190384027750714E-13, 130.0000000000000000 ) ) ;
#2506 = LINE ( 'NONE', #4001, #2490 ) ;
#2507 = VERTEX_POINT ( 'NONE', #904 ) ;
#2508 = VECTOR ( 'NONE', #1771, 1000.000000000000000 ) ;
#2509 = ORIENTED_EDGE ( 'NONE', *, *, #6329, .F. ) ;
#2510 = VERTEX_POINT ( 'NONE', #3948 ) ;
#2511 = ORIENTED_EDGE ( 'NONE', *, *, #1317, .T. ) ;
#2512 = AXIS2_PLACEMENT_3D ( 'NONE', #6879, #3940, #6470 ) ;
#2513 = CARTESIAN_POINT ( 'NONE',  ( -8.067620645608280206E-14, 17.43999999997743089, 130.0000000000000000 ) ) ;
#2514 = ORIENTED_EDGE ( 'NONE', *, *, #2620, .T. ) ;
#2515 = LINE ( 'NONE', #3697, #2670 ) ;
#2516 = CARTESIAN_POINT ( 'NONE',  ( -33.12500000000197531, 37.33602648021682313, 130.0000000000000000 ) ) ;
#2517 = CARTESIAN_POINT ( 'NONE',  ( 36.99999999999992895, 1.645763297720171621E-13, 130.0000000000000000 ) ) ;
#2518 = DIRECTION ( 'NONE',  ( 1.000000000000000000, 3.469446951953622866E-15, 0.000000000000000000 ) ) ;
#2519 = PLANE ( 'NONE',  #6394 ) ;
#2520 = DIRECTION ( 'NONE',  ( 0.8660254037844380415, 0.000000000000000000, 0.5000000000000009992 ) ) ;
#2521 = LINE ( 'NONE', #688, #3800 ) ;
#2522 = EDGE_LOOP ( 'NONE', ( #344, #6500, #3021, #2283 ) ) ;
#2523 = AXIS2_PLACEMENT_3D ( 'NONE', #8096, #5475, #4147 ) ;
#2524 = ORIENTED_EDGE ( 'NONE', *, *, #4673, .F. ) ;
#2525 = EDGE_CURVE ( 'NONE', #6327, #2855, #2392, .T. ) ;
#2526 = CARTESIAN_POINT ( 'NONE',  ( -38.49999999999998579, 1.399999999996602851, 130.0000000000000000 ) ) ;
#2527 = CARTESIAN_POINT ( 'NONE',  ( 36.75000000000191847, 36.99999999999725731, 0.7499999999999952260 ) ) ;
#2528 = FACE_OUTER_BOUND ( 'NONE', #3020, .T. ) ;
#2529 = EDGE_CURVE ( 'NONE', #7898, #5837, #3327, .T. ) ;
#2530 = ADVANCED_FACE ( 'NONE', ( #7207, #205, #7061 ), #7098, .F. ) ;
#2531 = ORIENTED_EDGE ( 'NONE', *, *, #6417, .T. ) ;
#2532 = VECTOR ( 'NONE', #1514, 1000.000000000000000 ) ;
#2533 = CARTESIAN_POINT ( 'NONE',  ( 1.350000000000000089, 0.000000000000000000, 0.000000000000000000 ) ) ;
#2534 = DIRECTION ( 'NONE',  ( -0.000000000000000000, -0.000000000000000000, -1.000000000000000000 ) ) ;
#2535 = CARTESIAN_POINT ( 'NONE',  ( 38.49999999999814548, 15.99999999997528022, 0.000000000000000000 ) ) ;
#2536 = EDGE_CURVE ( 'NONE', #4500, #2166, #3294, .T. ) ;
#2537 = DIRECTION ( 'NONE',  ( 0.000000000000000000, 0.000000000000000000, 1.000000000000000000 ) ) ;
#2538 = PERSON ( 'NAUO-PER7', 'UNSPECIFIED', 'UNSPECIFIED', ('UNSPECIFIED'), ('UNSPECIFIED'), ('UNSPECIFIED') ) ;
#2539 = APPROVAL_STATUS ( 'not_yet_approved' ) ;
#2540 = ORIENTED_EDGE ( 'NONE', *, *, #4074, .T. ) ;
#2541 = CYLINDRICAL_SURFACE ( 'NONE', #283, 0.7096046754423921410 ) ;
#2542 = ORIENTED_EDGE ( 'NONE', *, *, #3019, .F. ) ;
#2543 = EDGE_CURVE ( 'NONE', #675, #7461, #2253, .T. ) ;
#2544 = LINE ( 'NONE', #5054, #6356 ) ;
#2545 = ORIENTED_EDGE ( 'NONE', *, *, #409, .F. ) ;
#2546 = VERTEX_POINT ( 'NONE', #862 ) ;
#2547 = CARTESIAN_POINT ( 'NONE',  ( -33.12499999999643308, 2.663973519777970811, 0.000000000000000000 ) ) ;
#2548 = FACE_OUTER_BOUND ( 'NONE', #8116, .T. ) ;
#2549 = DIRECTION ( 'NONE',  ( 0.000000000000000000, 0.000000000000000000, 1.000000000000000000 ) ) ;
#2550 = EDGE_LOOP ( 'NONE', ( #4209, #3463, #2966, #444 ) ) ;
#2551 = VECTOR ( 'NONE', #2068, 1000.000000000000000 ) ;
#2552 = EDGE_CURVE ( 'NONE', #7683, #7088, #5160, .T. ) ;
#2553 = ORIENTED_EDGE ( 'NONE', *, *, #2956, .T. ) ;
#2554 = ORIENTED_EDGE ( 'NONE', *, *, #3472, .F. ) ;
#2555 = ORIENTED_EDGE ( 'NONE', *, *, #3377, .F. ) ;
#2556 = CARTESIAN_POINT ( 'NONE',  ( -1.223095698796251523E-13, 26.43999999998851536, 0.000000000000000000 ) ) ;
#2557 = ORIENTED_EDGE ( 'NONE', *, *, #2729, .T. ) ;
#2558 = COORDINATED_UNIVERSAL_TIME_OFFSET ( 8, 0, .AHEAD. ) ;
#2559 = LINE ( 'NONE', #4978, #2016 ) ;
#2560 = PLANE ( 'NONE',  #7805 ) ;
#2561 = PLANE ( 'NONE',  #369 ) ;
#2562 = DIRECTION ( 'NONE',  ( -4.818676322150006782E-15, 1.000000000000000000, 0.000000000000000000 ) ) ;
#2563 = VECTOR ( 'NONE', #876, 1000.000000000000000 ) ;
#2564 = DIRECTION ( 'NONE',  ( -1.000000000000000000, 0.000000000000000000, 0.000000000000000000 ) ) ;
#2565 = PLANE ( 'NONE',  #2483 ) ;
#2566 = ORIENTED_EDGE ( 'NONE', *, *, #4987, .F. ) ;
#2567 = VERTEX_POINT ( 'NONE', #5884 ) ;
#2568 = VECTOR ( 'NONE', #1257, 1000.000000000000000 ) ;
#2569 = PLANE ( 'NONE',  #3108 ) ;
#2570 = DIRECTION ( 'NONE',  ( -0.000000000000000000, -0.000000000000000000, -1.000000000000000000 ) ) ;
#2571 = DIRECTION ( 'NONE',  ( -1.000000000000000000, -4.625929269276788834E-15, 0.000000000000000000 ) ) ;
#2572 = ORIENTED_EDGE ( 'NONE', *, *, #3975, .T. ) ;
#2573 = DIRECTION ( 'NONE',  ( -0.5000000000000009992, -0.8660254037844380415, 0.000000000000000000 ) ) ;
#2574 = CARTESIAN_POINT ( 'NONE',  ( -38.50000000000000711, 8.439999999966341093, 0.000000000000000000 ) ) ;
#2575 = FACE_OUTER_BOUND ( 'NONE', #8022, .T. ) ;
#2576 = DIRECTION ( 'NONE',  ( -0.000000000000000000, -1.000000000000000000, 0.000000000000000000 ) ) ;
#2577 = APPROVAL_STATUS ( 'not_yet_approved' ) ;
#2578 = VERTEX_POINT ( 'NONE', #3679 ) ;
#2579 = DIRECTION ( 'NONE',  ( 1.000000000000000000, 0.000000000000000000, 0.000000000000000000 ) ) ;
#2580 = VECTOR ( 'NONE', #5330, 1000.000000000000000 ) ;
#2581 = EDGE_CURVE ( 'NONE', #1091, #8080, #1087, .T. ) ;
#2582 = ORIENTED_EDGE ( 'NONE', *, *, #355, .F. ) ;
#2583 = AXIS2_PLACEMENT_3D ( 'NONE', #1225, #6245, #4958 ) ;
#2584 = CARTESIAN_POINT ( 'NONE',  ( 0.000000000000000000, 6.149999999999999467, 130.0000000000000000 ) ) ;
#2585 = ORIENTED_EDGE ( 'NONE', *, *, #7532, .F. ) ;
#2586 = EDGE_CURVE ( 'NONE', #6426, #528, #8151, .T. ) ;
#2587 = PRODUCT_DEFINITION_SHAPE ( 'NONE', 'NONE',  #8171 ) ;
#2588 = EDGE_LOOP ( 'NONE', ( #4254, #3760, #3556, #6451 ) ) ;
#2589 = CARTESIAN_POINT ( 'NONE',  ( -38.50000000000008527, 29.43999999999200412, 0.000000000000000000 ) ) ;
#2590 = AXIS2_PLACEMENT_3D ( 'NONE', #3228, #6954, #1916 ) ;
#2591 = DIRECTION ( 'NONE',  ( -3.483287830750206171E-15, 1.000000000000000000, -0.000000000000000000 ) ) ;
#2592 = LINE ( 'NONE', #5868, #2229 ) ;
#2593 = ORIENTED_EDGE ( 'NONE', *, *, #727, .F. ) ;
#2594 = VERTEX_POINT ( 'NONE', #320 ) ;
#2595 = EDGE_LOOP ( 'NONE', ( #6248, #4089, #1060, #8008 ) ) ;
#2596 = DIRECTION ( 'NONE',  ( 1.000000000000000000, 0.000000000000000000, 0.000000000000000000 ) ) ;
#2597 = APPROVAL_STATUS ( 'not_yet_approved' ) ;
#2598 = CARTESIAN_POINT ( 'NONE',  ( -37.00000000000172662, 6.999999999964016340, 130.0000000000000000 ) ) ;
#2599 = CIRCLE ( 'NONE', #1421, 2.000000000000001776 ) ;
#2600 = DIRECTION ( 'NONE',  ( 0.000000000000000000, 0.000000000000000000, 1.000000000000000000 ) ) ;
#2601 = CC_DESIGN_SECURITY_CLASSIFICATION ( #4175, ( #2095 ) ) ;
#2602 = DIRECTION ( 'NONE',  ( -0.000000000000000000, 0.000000000000000000, 1.000000000000000000 ) ) ;
#2603 = EDGE_CURVE ( 'NONE', #2594, #3588, #1592, .T. ) ;
#2604 = DIRECTION ( 'NONE',  ( 1.000000000000000000, 0.000000000000000000, -0.000000000000000000 ) ) ;
#2605 = LINE ( 'NONE', #5118, #4340 ) ;
#2606 = PLANE ( 'NONE',  #7886 ) ;
#2607 = ORIENTED_EDGE ( 'NONE', *, *, #4900, .F. ) ;
#2608 = VERTEX_POINT ( 'NONE', #7977 ) ;
#2609 = AXIS2_PLACEMENT_3D ( 'NONE', #7260, #6604, #415 ) ;
#2610 = VECTOR ( 'NONE', #3086, 1000.000000000000000 ) ;
#2611 = CYLINDRICAL_SURFACE ( 'NONE', #3985, 0.2500000000003055334 ) ;
#2612 = CARTESIAN_POINT ( 'NONE',  ( 38.49999999999815259, 14.43999999997394035, 0.000000000000000000 ) ) ;
#2613 = FACE_OUTER_BOUND ( 'NONE', #4371, .T. ) ;
#2614 = ORIENTED_EDGE ( 'NONE', *, *, #5761, .F. ) ;
#2615 = VECTOR ( 'NONE', #3657, 1000.000000000000000 ) ;
#2616 = CARTESIAN_POINT ( 'NONE',  ( -48.49999999999975842, -0.6000000000023236746, 0.000000000000000000 ) ) ;
#2617 = DIRECTION ( 'NONE',  ( 1.000000000000000000, 0.000000000000000000, 0.000000000000000000 ) ) ;
#2618 = DIRECTION ( 'NONE',  ( 1.000000000000000000, 4.818676322150009148E-15, -0.000000000000000000 ) ) ;
#2619 = CARTESIAN_POINT ( 'NONE',  ( -37.00000000000181188, 32.43999999999567052, 130.0000000000000000 ) ) ;
#2620 = EDGE_CURVE ( 'NONE', #7657, #931, #6911, .T. ) ;
#2621 = PERSON_AND_ORGANIZATION ( #7757, #5787 ) ;
#2622 = LOCAL_TIME ( 15, 24, 6.000000000000000000, #5881 ) ;
#2623 = VECTOR ( 'NONE', #227, 1000.000000000000000 ) ;
#2624 = LOCAL_TIME ( 15, 24, 6.000000000000000000, #5758 ) ;
#2625 = PRODUCT_DEFINITION_SHAPE ( 'NONE', 'NONE',  #3544 ) ;
#2626 = VERTEX_POINT ( 'NONE', #4294 ) ;
#2627 = LINE ( 'NONE', #658, #5392 ) ;
#2628 = LINE ( 'NONE', #7045, #6412 ) ;
#2629 = ORIENTED_EDGE ( 'NONE', *, *, #4242, .F. ) ;
#2630 = EDGE_LOOP ( 'NONE', ( #6649, #7420, #5581, #6664 ) ) ;
#2631 = EDGE_CURVE ( 'NONE', #1793, #3196, #2320, .T. ) ;
#2632 = PLANE ( 'NONE',  #1325 ) ;
#2633 = CARTESIAN_POINT ( 'NONE',  ( 38.49999999999823075, 1.855190384027667410E-13, 130.0000000000000000 ) ) ;
#2634 = AXIS2_PLACEMENT_3D ( 'NONE', #2334, #6001, #5929 ) ;
#2635 = VERTEX_POINT ( 'NONE', #4874 ) ;
#2636 = ADVANCED_FACE ( 'NONE', ( #1879 ), #3057, .F. ) ;
#2637 = EDGE_CURVE ( 'NONE', #3003, #6389, #2408, .T. ) ;
#2638 = VECTOR ( 'NONE', #4483, 1000.000000000000000 ) ;
#2639 = VERTEX_POINT ( 'NONE', #5004 ) ;
#2640 = ORIENTED_EDGE ( 'NONE', *, *, #6700, .T. ) ;
#2641 = EDGE_CURVE ( 'NONE', #1923, #473, #555, .T. ) ;
#2642 = CARTESIAN_POINT ( 'NONE',  ( -38.49999999999996447, -1.855190384027749704E-13, 0.000000000000000000 ) ) ;
#2643 = CALENDAR_DATE ( 2020, 16, 10 ) ;
#2644 = FACE_OUTER_BOUND ( 'NONE', #5011, .T. ) ;
#2645 = CARTESIAN_POINT ( 'NONE',  ( -34.56124638287678152, 4.874999999992833288, 130.0000000000000000 ) ) ;
#2646 = FACE_OUTER_BOUND ( 'NONE', #159, .T. ) ;
#2647 = DIRECTION ( 'NONE',  ( -0.000000000000000000, 0.000000000000000000, -1.000000000000000000 ) ) ;
#2648 = CC_DESIGN_PERSON_AND_ORGANIZATION_ASSIGNMENT ( #4562, #898, ( #787 ) ) ;
#2649 = LINE ( 'NONE', #3988, #4191 ) ;
#2650 = ORIENTED_EDGE ( 'NONE', *, *, #2774, .T. ) ;
#2651 = VERTEX_POINT ( 'NONE', #5578 ) ;
#2652 = DIRECTION ( 'NONE',  ( -4.448008912757228678E-15, 1.000000000000000000, 0.000000000000000000 ) ) ;
#2653 = DIRECTION ( 'NONE',  ( -4.448008912762313675E-15, 1.000000000000000000, 0.000000000000000000 ) ) ;
#2654 = DIRECTION ( 'NONE',  ( -1.000000000000000000, 0.000000000000000000, 0.000000000000000000 ) ) ;
#2655 = AXIS2_PLACEMENT_3D ( 'NONE', #3769, #667, #7416 ) ;
#2656 = ORIENTED_EDGE ( 'NONE', *, *, #3759, .T. ) ;
#2657 = ADVANCED_FACE ( 'NONE', ( #3098 ), #2448, .T. ) ;
#2658 = CARTESIAN_POINT ( 'NONE',  ( 41.50000000000024158, 1.399999999996881295, 107.0000000000000142 ) ) ;
#2659 = DIRECTION ( 'NONE',  ( -0.000000000000000000, 0.000000000000000000, 1.000000000000000000 ) ) ;
#2660 = FACE_OUTER_BOUND ( 'NONE', #2522, .T. ) ;
#2661 = PERSON_AND_ORGANIZATION ( #7757, #5787 ) ;
#2662 = CC_DESIGN_PERSON_AND_ORGANIZATION_ASSIGNMENT ( #4064, #6601, ( #4706 ) ) ;
#2663 = ORIENTED_EDGE ( 'NONE', *, *, #1748, .T. ) ;
#2664 = VECTOR ( 'NONE', #1836, 1000.000000000000000 ) ;
#2665 = DIRECTION ( 'NONE',  ( -0.000000000000000000, 0.000000000000000000, 1.000000000000000000 ) ) ;
#2666 = ORIENTED_EDGE ( 'NONE', *, *, #4821, .F. ) ;
#2667 = EDGE_CURVE ( 'NONE', #4537, #1015, #1181, .T. ) ;
#2668 = ORIENTED_EDGE ( 'NONE', *, *, #846, .T. ) ;
#2669 = CARTESIAN_POINT ( 'NONE',  ( -37.00000000000177636, 21.99999999998235012, 130.0000000000000000 ) ) ;
#2670 = VECTOR ( 'NONE', #5070, 1000.000000000000000 ) ;
#2671 = PLANE ( 'NONE',  #3415 ) ;
#2672 = ORIENTED_EDGE ( 'NONE', *, *, #2864, .T. ) ;
#2673 = ORIENTED_EDGE ( 'NONE', *, *, #1317, .F. ) ;
#2674 = ORIENTED_EDGE ( 'NONE', *, *, #1609, .T. ) ;
#2675 = EDGE_CURVE ( 'NONE', #625, #1907, #6871, .T. ) ;
#2676 = CARTESIAN_POINT ( 'NONE',  ( -2.480654570647679804E-14, 7.150000000003889689, 0.000000000000000000 ) ) ;
#2677 = CALENDAR_DATE ( 2020, 16, 10 ) ;
#2678 = CARTESIAN_POINT ( 'NONE',  ( 33.24999999999707256, 6.399999999999860911, 130.0000000000000000 ) ) ;
#2679 = CARTESIAN_POINT ( 'NONE',  ( 9.938519914450412527E-17, 0.3199999999999999512, 1.600000000000000089 ) ) ;
#2680 = DIRECTION ( 'NONE',  ( 1.000000000000000000, 3.483287830750206171E-15, -0.000000000000000000 ) ) ;
#2681 = AXIS2_PLACEMENT_3D ( 'NONE', #381, #7269, #958 ) ;
#2682 = CARTESIAN_POINT ( 'NONE',  ( 36.99999999999992895, 1.645763297720171621E-13, 0.000000000000000000 ) ) ;
#2683 = DIRECTION ( 'NONE',  ( 1.000000000000000000, 3.469446951957591626E-15, 0.000000000000000000 ) ) ;
#2684 = ORIENTED_EDGE ( 'NONE', *, *, #5545, .F. ) ;
#2685 = ORIENTED_EDGE ( 'NONE', *, *, #165, .T. ) ;
#2686 = ADVANCED_FACE ( 'NONE', ( #6202 ), #4955, .F. ) ;
#2687 = EDGE_CURVE ( 'NONE', #3705, #2635, #475, .T. ) ;
#2688 = PLANE ( 'NONE',  #6761 ) ;
#2689 = FACE_OUTER_BOUND ( 'NONE', #3029, .T. ) ;
#2690 = DIRECTION ( 'NONE',  ( 4.448008912757228678E-15, -1.000000000000000000, 0.000000000000000000 ) ) ;
#2691 = ORIENTED_EDGE ( 'NONE', *, *, #5168, .F. ) ;
#2692 = CARTESIAN_POINT ( 'NONE',  ( 0.8249999999999999556, 0.3200000000000000067, -0.3200000000000000067 ) ) ;
#2693 = CARTESIAN_POINT ( 'NONE',  ( 32.49999999999906208, 37.00000000000081712, 130.0000000000000000 ) ) ;
#2694 = CARTESIAN_POINT ( 'NONE',  ( -37.00000000000166978, -1.645763297720248866E-13, 0.000000000000000000 ) ) ;
#2695 = AXIS2_PLACEMENT_3D ( 'NONE', #3256, #3743, #4533 ) ;
#2696 = VERTEX_POINT ( 'NONE', #6242 ) ;
#2697 = ADVANCED_FACE ( 'NONE', ( #8024 ), #5535, .T. ) ;
#2698 = VECTOR ( 'NONE', #4719, 1000.000000000000000 ) ;
#2699 = SHAPE_REPRESENTATION ( 'YG-J26A-0000-002', ( #8005 ), #1825 ) ;
#2700 = DIRECTION ( 'NONE',  ( 1.000000000000000000, 0.000000000000000000, 0.000000000000000000 ) ) ;
#2701 = ORIENTED_EDGE ( 'NONE', *, *, #4375, .T. ) ;
#2702 = VERTEX_POINT ( 'NONE', #6783 ) ;
#2703 = AXIS2_PLACEMENT_3D ( 'NONE', #1150, #5463, #3651 ) ;
#2704 = CARTESIAN_POINT ( 'NONE',  ( -45.49999999999972289, -8.600000000003422684, 106.9999999999999574 ) ) ;
#2705 = VECTOR ( 'NONE', #5985, 1000.000000000000000 ) ;
#2706 = ORIENTED_EDGE ( 'NONE', *, *, #6239, .F. ) ;
#2707 = CIRCLE ( 'NONE', #7733, 2.000000000000001776 ) ;
#2708 = ORIENTED_EDGE ( 'NONE', *, *, #7442, .T. ) ;
#2709 = VERTEX_POINT ( 'NONE', #3632 ) ;
#2710 = DIRECTION ( 'NONE',  ( -0.000000000000000000, -0.000000000000000000, -1.000000000000000000 ) ) ;
#2711 = APPROVAL_ROLE ( '' ) ;
#2712 = EDGE_CURVE ( 'NONE', #8028, #3334, #5821, .T. ) ;
#2713 = CARTESIAN_POINT ( 'NONE',  ( 0.000000000000000000, 0.6199999999999999956, 0.6199999999999999956 ) ) ;
#2714 = CARTESIAN_POINT ( 'NONE',  ( 5.421010862427511077E-17, 0.6199999999999998845, 0.3200000000000000067 ) ) ;
#2715 = DIRECTION ( 'NONE',  ( -0.000000000000000000, -0.000000000000000000, -1.000000000000000000 ) ) ;
#2716 = DIRECTION ( 'NONE',  ( 0.000000000000000000, -1.000000000000000000, 0.000000000000000000 ) ) ;
#2717 = CARTESIAN_POINT ( 'NONE',  ( -34.99999999999536726, 2.999999999997816857, 130.0000000000000000 ) ) ;
#2718 = ORIENTED_EDGE ( 'NONE', *, *, #4375, .F. ) ;
#2719 = ORIENTED_EDGE ( 'NONE', *, *, #4468, .T. ) ;
#2720 = EDGE_CURVE ( 'NONE', #6884, #6130, #8068, .T. ) ;
#2721 = CARTESIAN_POINT ( 'NONE',  ( -45.49999999999972289, -8.600000000003422684, 23.00000000000000000 ) ) ;
#2722 = CARTESIAN_POINT ( 'NONE',  ( 1.084202172485499997E-16, 0.3199999999999999512, 0.000000000000000000 ) ) ;
#2723 = LINE ( 'NONE', #2150, #1008 ) ;
#2724 = CARTESIAN_POINT ( 'NONE',  ( -38.49999999999786837, -8.881784197001252323E-13, 0.000000000000000000 ) ) ;
#2725 = VECTOR ( 'NONE', #4764, 1000.000000000000000 ) ;
#2726 = DIRECTION ( 'NONE',  ( -1.000000000000000000, -3.469446951953622866E-15, 0.000000000000000000 ) ) ;
#2727 = VECTOR ( 'NONE', #6281, 1000.000000000000000 ) ;
#2728 = LINE ( 'NONE', #5796, #5208 ) ;
#2729 = EDGE_CURVE ( 'NONE', #528, #4798, #6293, .T. ) ;
#2730 = EDGE_LOOP ( 'NONE', ( #2901, #613, #1997, #3082 ) ) ;
#2731 = CARTESIAN_POINT ( 'NONE',  ( -33.24999999999581490, 7.150000000003774225, 0.000000000000000000 ) ) ;
#2732 = VECTOR ( 'NONE', #1902, 1000.000000000000000 ) ;
#2733 = VECTOR ( 'NONE', #5363, 1000.000000000000000 ) ;
#2734 = CARTESIAN_POINT ( 'NONE',  ( -38.49999999999995026, -1.855190384027750209E-13, 0.000000000000000000 ) ) ;
#2735 = EDGE_CURVE ( 'NONE', #3367, #7825, #2627, .T. ) ;
#2736 = DIRECTION ( 'NONE',  ( 1.000000000000000000, 0.000000000000000000, 0.000000000000000000 ) ) ;
#2737 = CC_DESIGN_PERSON_AND_ORGANIZATION_ASSIGNMENT ( #3553, #5454, ( #128 ) ) ;
#2738 = ORIENTED_EDGE ( 'NONE', *, *, #7072, .T. ) ;
#2739 = LOCAL_TIME ( 15, 24, 6.000000000000000000, #1447 ) ;
#2740 = VECTOR ( 'NONE', #301, 1000.000000000000000 ) ;
#2741 = AXIS2_PLACEMENT_3D ( 'NONE', #6110, #431, #7488 ) ;
#2742 = ORIENTED_EDGE ( 'NONE', *, *, #7966, .T. ) ;
#2743 = CARTESIAN_POINT ( 'NONE',  ( 43.50000000000022737, 1.399999999996888400, 17.00000000000000000 ) ) ;
#2744 = ORIENTED_EDGE ( 'NONE', *, *, #308, .F. ) ;
#2745 = VECTOR ( 'NONE', #3130, 1000.000000000000000 ) ;
#2746 = VERTEX_POINT ( 'NONE', #7005 ) ;
#2747 = ORIENTED_EDGE ( 'NONE', *, *, #7691, .T. ) ;
#2748 = LINE ( 'NONE', #4054, #4788 ) ;
#2749 = AXIS2_PLACEMENT_3D ( 'NONE', #4658, #3417, #3379 ) ;
#2750 = DATE_TIME_ROLE ( 'classification_date' ) ;
#2751 = CARTESIAN_POINT ( 'NONE',  ( -1.084317820717774498E-13, 23.43999999998476369, 0.000000000000000000 ) ) ;
#2752 = PLANE ( 'NONE',  #2782 ) ;
#2753 = DIRECTION ( 'NONE',  ( 1.000000000000000000, 3.469446951957607797E-15, 0.000000000000000000 ) ) ;
#2754 = LINE ( 'NONE', #7802, #5730 ) ;
#2755 = AXIS2_PLACEMENT_3D ( 'NONE', #6526, #7814, #3412 ) ;
#2756 = CARTESIAN_POINT ( 'NONE',  ( -38.50000000000003553, 15.99999999997501021, 0.000000000000000000 ) ) ;
#2757 = VERTEX_POINT ( 'NONE', #742 ) ;
#2758 = ORIENTED_EDGE ( 'NONE', *, *, #1227, .F. ) ;
#2759 = CARTESIAN_POINT ( 'NONE',  ( -41.49999999999974420, -8.600000000003408474, 17.00000000000000000 ) ) ;
#2760 = ADVANCED_FACE ( 'NONE', ( #5672 ), #2541, .T. ) ;
#2761 = VECTOR ( 'NONE', #5697, 1000.000000000000000 ) ;
#2762 = CARTESIAN_POINT ( 'NONE',  ( 4.515812910881320086, 1.836970198721029934E-16, 1.500000000000000000 ) ) ;
#2763 = DIRECTION ( 'NONE',  ( -0.000000000000000000, -0.000000000000000000, -1.000000000000000000 ) ) ;
#2764 = CARTESIAN_POINT ( 'NONE',  ( 41.50000000000024158, 1.399999999996882183, 107.0000000000000142 ) ) ;
#2765 = APPLICATION_CONTEXT ( 'configuration controlled 3d designs of mechanical parts and assemblies' ) ;
#2766 = LINE ( 'NONE', #7150, #6913 ) ;
#2767 = LINE ( 'NONE', #7774, #7370 ) ;
#2768 = LINE ( 'NONE', #7116, #4013 ) ;
#2769 = ADVANCED_FACE ( 'NONE', ( #3859 ), #74, .F. ) ;
#2770 = CIRCLE ( 'NONE', #4489, 1.249999999999744427 ) ;
#2771 = ORIENTED_EDGE ( 'NONE', *, *, #8121, .F. ) ;
#2772 = DIRECTION ( 'NONE',  ( 0.000000000000000000, 0.000000000000000000, 1.000000000000000000 ) ) ;
#2773 = CARTESIAN_POINT ( 'NONE',  ( -37.00000000000178346, 23.43999999998467842, 130.0000000000000000 ) ) ;
#2774 = EDGE_CURVE ( 'NONE', #1377, #3514, #7138, .T. ) ;
#2775 = CARTESIAN_POINT ( 'NONE',  ( 0.000000000000000000, 0.6199999999999999956, -0.6199999999999999956 ) ) ;
#2776 = ORIENTED_EDGE ( 'NONE', *, *, #4381, .T. ) ;
#2777 = VECTOR ( 'NONE', #4206, 1000.000000000000000 ) ;
#2778 = EDGE_LOOP ( 'NONE', ( #5328, #804, #5040, #664, #3824, #5217 ) ) ;
#2779 = EDGE_CURVE ( 'NONE', #1146, #3507, #704, .T. ) ;
#2780 = CARTESIAN_POINT ( 'NONE',  ( -38.49999999999875655, -1.335737076501059019E-13, 0.000000000000000000 ) ) ;
#2781 = ORIENTED_EDGE ( 'NONE', *, *, #6541, .F. ) ;
#2782 = AXIS2_PLACEMENT_3D ( 'NONE', #3399, #5298, #7722 ) ;
#2783 = VECTOR ( 'NONE', #1989, 1000.000000000000000 ) ;
#2784 = ORIENTED_EDGE ( 'NONE', *, *, #349, .T. ) ;
#2785 = ORIENTED_EDGE ( 'NONE', *, *, #7582, .T. ) ;
#2786 = LINE ( 'NONE', #6625, #2939 ) ;
#2787 = DATE_TIME_ROLE ( 'classification_date' ) ;
#2788 = LINE ( 'NONE', #5297, #6195 ) ;
#2789 = DIRECTION ( 'NONE',  ( -0.000000000000000000, 0.000000000000000000, -1.000000000000000000 ) ) ;
#2790 = EDGE_CURVE ( 'NONE', #4287, #5449, #823, .T. ) ;
#2791 = CARTESIAN_POINT ( 'NONE',  ( 0.000000000000000000, 6.149999999999999467, 130.0000000000000000 ) ) ;
#2792 = CARTESIAN_POINT ( 'NONE',  ( 32.99999999999633360, 9.399999999997747935, 130.0000000000000000 ) ) ;
#2793 = EDGE_LOOP ( 'NONE', ( #143, #5159, #3747, #2828 ) ) ;
#2794 = EDGE_LOOP ( 'NONE', ( #3111, #3176, #3989, #4430 ) ) ;
#2795 = CYLINDRICAL_SURFACE ( 'NONE', #6396, 0.2500000000011867729 ) ;
#2796 = SHAPE_DEFINITION_REPRESENTATION ( #2625, #3517 ) ;
#2797 = CARTESIAN_POINT ( 'NONE',  ( 38.49999999999809575, 30.99999999999361222, 0.000000000000000000 ) ) ;
#2798 = DIRECTION ( 'NONE',  ( -1.000000000000000000, 0.000000000000000000, 0.000000000000000000 ) ) ;
#2799 = PLANE ( 'NONE',  #4967 ) ;
#2800 = CARTESIAN_POINT ( 'NONE',  ( -37.00000000000176215, 17.43999999997734562, 0.000000000000000000 ) ) ;
#2801 = DIRECTION ( 'NONE',  ( 1.000000000000000000, 0.000000000000000000, 0.000000000000000000 ) ) ;
#2802 = CARTESIAN_POINT ( 'NONE',  ( 38.49999999999823785, 1.855190384027667663E-13, 130.0000000000000000 ) ) ;
#2803 = VECTOR ( 'NONE', #4772, 1000.000000000000000 ) ;
#2804 = CARTESIAN_POINT ( 'NONE',  ( -3.969047313029125460E-14, 11.43999999997014072, 130.0000000000000000 ) ) ;
#2805 = DIRECTION ( 'NONE',  ( -1.000000000000000000, 0.000000000000000000, 0.000000000000000000 ) ) ;
#2806 = FACE_OUTER_BOUND ( 'NONE', #1050, .T. ) ;
#2807 = VECTOR ( 'NONE', #4071, 1000.000000000000000 ) ;
#2808 = DIRECTION ( 'NONE',  ( -1.000000000000000000, 0.000000000000000000, 0.000000000000000000 ) ) ;
#2809 = VERTEX_POINT ( 'NONE', #5093 ) ;
#2810 = VERTEX_POINT ( 'NONE', #3235 ) ;
#2811 = ADVANCED_FACE ( 'NONE', ( #4477 ), #1356, .T. ) ;
#2812 = CARTESIAN_POINT ( 'NONE',  ( 34.99999999999657518, 2.999999999994909405, 130.0000000000000000 ) ) ;
#2813 = VECTOR ( 'NONE', #410, 1000.000000000000000 ) ;
#2814 = VERTEX_POINT ( 'NONE', #1821 ) ;
#2815 = EDGE_CURVE ( 'NONE', #3866, #6414, #7681, .T. ) ;
#2816 = VECTOR ( 'NONE', #5594, 1000.000000000000000 ) ;
#2817 = ORIENTED_EDGE ( 'NONE', *, *, #416, .T. ) ;
#2818 = VERTEX_POINT ( 'NONE', #6144 ) ;
#2819 = CARTESIAN_POINT ( 'NONE',  ( 33.74999999999638334, 2.999999999994903188, 130.0000000000000000 ) ) ;
#2820 = ITEM_DEFINED_TRANSFORMATION ( 'NONE', 'NONE', #512,  #8005 ) ;
#2821 = CARTESIAN_POINT ( 'NONE',  ( 38.50000000000086686, -8.881784197001252323E-13, 0.000000000000000000 ) ) ;
#2822 = CARTESIAN_POINT ( 'NONE',  ( -1.500651454953194213E-13, 32.43999999999576289, 130.0000000000000000 ) ) ;
#2823 = ORIENTED_EDGE ( 'NONE', *, *, #1932, .F. ) ;
#2824 = LINE ( 'NONE', #4569, #595 ) ;
#2825 = VECTOR ( 'NONE', #6777, 1000.000000000000000 ) ;
#2826 = LINE ( 'NONE', #1714, #2881 ) ;
#2827 = ORIENTED_EDGE ( 'NONE', *, *, #517, .F. ) ;
#2828 = ORIENTED_EDGE ( 'NONE', *, *, #5661, .T. ) ;
#2829 = FACE_OUTER_BOUND ( 'NONE', #6877, .T. ) ;
#2830 = DATE_TIME_ROLE ( 'creation_date' ) ;
#2831 = ADVANCED_FACE ( 'NONE', ( #2951 ), #2397, .T. ) ;
#2832 = DIRECTION ( 'NONE',  ( -3.483287830750206171E-15, 1.000000000000000000, 0.000000000000000000 ) ) ;
#2833 = CARTESIAN_POINT ( 'NONE',  ( -36.25000000000179057, 36.99999999999535305, 130.0000000000000000 ) ) ;
#2834 = LINE ( 'NONE', #7182, #6550 ) ;
#2835 = DIRECTION ( 'NONE',  ( -0.000000000000000000, -0.000000000000000000, -1.000000000000000000 ) ) ;
#2836 = DIRECTION ( 'NONE',  ( -0.000000000000000000, -0.000000000000000000, -1.000000000000000000 ) ) ;
#2837 = CARTESIAN_POINT ( 'NONE',  ( 24.64999999999895053, 24.64999999999903579, 130.0000000000000000 ) ) ;
#2838 = EDGE_CURVE ( 'NONE', #529, #3197, #8010, .T. ) ;
#2839 = DIRECTION ( 'NONE',  ( -0.000000000000000000, 0.000000000000000000, 1.000000000000000000 ) ) ;
#2840 = FACE_OUTER_BOUND ( 'NONE', #472, .T. ) ;
#2841 = AXIS2_PLACEMENT_3D ( 'NONE', #7258, #1634, #7882 ) ;
#2842 = CC_DESIGN_PERSON_AND_ORGANIZATION_ASSIGNMENT ( #7383, #1104, ( #5902 ) ) ;
#2843 = CARTESIAN_POINT ( 'NONE',  ( 36.49999999999828049, 39.99999999999749889, 130.0000000000000000 ) ) ;
#2844 = DIRECTION ( 'NONE',  ( 1.000000000000000000, 3.469446951952455747E-15, -0.000000000000000000 ) ) ;
#2845 = LINE ( 'NONE', #2241, #2825 ) ;
#2846 = ORIENTED_EDGE ( 'NONE', *, *, #741, .T. ) ;
#2847 = ORIENTED_EDGE ( 'NONE', *, *, #311, .F. ) ;
#2848 = CARTESIAN_POINT ( 'NONE',  ( -34.77748670276048415, 5.490077876803257872, 130.0000000000000000 ) ) ;
#2849 = VECTOR ( 'NONE', #2571, 1000.000000000000000 ) ;
#2850 = AXIS2_PLACEMENT_3D ( 'NONE', #934, #3425, #310 ) ;
#2851 = LINE ( 'NONE', #1617, #5627 ) ;
#2852 = ORIENTED_EDGE ( 'NONE', *, *, #6925, .T. ) ;
#2853 = AXIS2_PLACEMENT_3D ( 'NONE', #3336, #3409, #5233 ) ;
#2854 = ORIENTED_EDGE ( 'NONE', *, *, #4161, .F. ) ;
#2855 = VERTEX_POINT ( 'NONE', #6681 ) ;
#2856 = DIRECTION ( 'NONE',  ( -0.000000000000000000, -0.000000000000000000, -1.000000000000000000 ) ) ;
#2857 = CONTEXT_DEPENDENT_SHAPE_REPRESENTATION ( #6567, #7584 ) ;
#2858 = EDGE_CURVE ( 'NONE', #7528, #1398, #2892, .T. ) ;
#2859 = DIRECTION ( 'NONE',  ( -0.000000000000000000, -0.000000000000000000, -1.000000000000000000 ) ) ;
#2860 =( GEOMETRIC_REPRESENTATION_CONTEXT ( 3 ) GLOBAL_UNCERTAINTY_ASSIGNED_CONTEXT ( ( #7969 ) ) GLOBAL_UNIT_ASSIGNED_CONTEXT ( ( #4158, #2201, #967 ) ) REPRESENTATION_CONTEXT ( 'NONE', 'WORKASPACE' ) );
#2861 = VERTEX_POINT ( 'NONE', #1036 ) ;
#2862 = CARTESIAN_POINT ( 'NONE',  ( -37.00000000000174083, 11.43999999997001282, 130.0000000000000000 ) ) ;
#2863 = CARTESIAN_POINT ( 'NONE',  ( 34.56124638287695205, 4.874999999990373034, 130.0000000000000000 ) ) ;
#2864 = EDGE_CURVE ( 'NONE', #767, #4843, #1165, .T. ) ;
#2865 = ORIENTED_EDGE ( 'NONE', *, *, #627, .F. ) ;
#2866 = VERTEX_POINT ( 'NONE', #2878 ) ;
#2867 = DIRECTION ( 'NONE',  ( -0.000000000000000000, -0.000000000000000000, -1.000000000000000000 ) ) ;
#2868 = PERSON_AND_ORGANIZATION ( #7757, #5787 ) ;
#2869 = LINE ( 'NONE', #6671, #1534 ) ;
#2870 = CARTESIAN_POINT ( 'NONE',  ( 35.00000000000002132, 34.16810644100655736, 0.000000000000000000 ) ) ;
#2871 = DIRECTION ( 'NONE',  ( -0.000000000000000000, 0.000000000000000000, 1.000000000000000000 ) ) ;
#2872 = CONICAL_SURFACE ( 'NONE', #1569, 2.599999998949442670, 0.7853981624931213323 ) ;
#2873 = DIRECTION ( 'NONE',  ( 4.448008912757228678E-15, -1.000000000000000000, 0.000000000000000000 ) ) ;
#2874 = DIRECTION ( 'NONE',  ( 1.000000000000000000, 0.000000000000000000, 0.000000000000000000 ) ) ;
#2875 = CARTESIAN_POINT ( 'NONE',  ( 37.90000000000137703, 1.323271427421595820E-13, 0.000000000000000000 ) ) ;
#2876 = AXIS2_PLACEMENT_3D ( 'NONE', #6998, #1873, #4283 ) ;
#2877 = LINE ( 'NONE', #5389, #4907 ) ;
#2878 = CARTESIAN_POINT ( 'NONE',  ( -45.49999999999975131, -0.6000000000023140156, 17.00000000000000000 ) ) ;
#2879 = CARTESIAN_POINT ( 'NONE',  ( -38.49999999999995737, -1.855190384027750714E-13, 130.0000000000000000 ) ) ;
#2880 = CARTESIAN_POINT ( 'NONE',  ( 35.00000000000000711, 36.99999999999560885, 130.0000000000000000 ) ) ;
#2881 = VECTOR ( 'NONE', #6553, 1000.000000000000000 ) ;
#2882 = DIRECTION ( 'NONE',  ( 1.000000000000000000, 0.000000000000000000, 0.000000000000000000 ) ) ;
#2883 = ADVANCED_FACE ( 'NONE', ( #7346 ), #4279, .F. ) ;
#2884 = PLANE ( 'NONE',  #7457 ) ;
#2885 = ORIENTED_EDGE ( 'NONE', *, *, #4722, .F. ) ;
#2886 = CC_DESIGN_DATE_AND_TIME_ASSIGNMENT ( #3169, #6177, ( #1683 ) ) ;
#2887 = ORIENTED_EDGE ( 'NONE', *, *, #6255, .T. ) ;
#2888 = CARTESIAN_POINT ( 'NONE',  ( -37.00000000000180478, 29.43999999999201123, 130.0000000000000000 ) ) ;
#2889 = CARTESIAN_POINT ( 'NONE',  ( 33.24999999999707256, 6.399999999999860911, 130.0000000000000000 ) ) ;
#2890 = ORIENTED_EDGE ( 'NONE', *, *, #4775, .F. ) ;
#2891 = EDGE_CURVE ( 'NONE', #7828, #6691, #6858, .T. ) ;
#2892 = CIRCLE ( 'NONE', #1720, 3.000000000000009770 ) ;
#2893 = ORIENTED_EDGE ( 'NONE', *, *, #5471, .F. ) ;
#2894 = ORIENTED_EDGE ( 'NONE', *, *, #4349, .T. ) ;
#2895 = LINE ( 'NONE', #3509, #1779 ) ;
#2896 = FACE_OUTER_BOUND ( 'NONE', #3096, .T. ) ;
#2897 = VECTOR ( 'NONE', #3699, 1000.000000000000000 ) ;
#2898 = ORIENTED_EDGE ( 'NONE', *, *, #380, .F. ) ;
#2899 = LINE ( 'NONE', #4797, #3162 ) ;
#2900 = ORIENTED_EDGE ( 'NONE', *, *, #586, .T. ) ;
#2901 = ORIENTED_EDGE ( 'NONE', *, *, #4148, .F. ) ;
#2902 = ORIENTED_EDGE ( 'NONE', *, *, #1005, .T. ) ;
#2903 = CARTESIAN_POINT ( 'NONE',  ( 4.515812910881320086, 0.000000000000000000, 0.000000000000000000 ) ) ;
#2904 = APPLICATION_CONTEXT ( 'configuration controlled 3d designs of mechanical parts and assemblies' ) ;
#2905 = APPROVAL_ROLE ( '' ) ;
#2906 = CARTESIAN_POINT ( 'NONE',  ( -36.24999999999447908, 2.999999999997816857, 130.0000000000000000 ) ) ;
#2907 = DIRECTION ( 'NONE',  ( -1.000000000000000000, 0.000000000000000000, 0.000000000000000000 ) ) ;
#2908 = CARTESIAN_POINT ( 'NONE',  ( -33.24999999999803890, 10.14999999999665192, 130.0000000000000000 ) ) ;
#2909 = EDGE_CURVE ( 'NONE', #1906, #7938, #3490, .T. ) ;
#2910 = DIRECTION ( 'NONE',  ( -1.000000000000000000, -3.483287830750206171E-15, 0.000000000000000000 ) ) ;
#2911 = FACE_OUTER_BOUND ( 'NONE', #2451, .T. ) ;
#2912 = EDGE_CURVE ( 'NONE', #810, #2010, #1472, .T. ) ;
#2913 = EDGE_CURVE ( 'NONE', #945, #7126, #3574, .T. ) ;
#2914 = CARTESIAN_POINT ( 'NONE',  ( 36.99999999999980105, 33.99999999999549516, 0.000000000000000000 ) ) ;
#2915 = LINE ( 'NONE', #7345, #4241 ) ;
#2916 = DIRECTION ( 'NONE',  ( 0.7071067811865462405, 0.7071067811865489050, 0.000000000000000000 ) ) ;
#2917 = DIRECTION ( 'NONE',  ( -1.000000000000000000, -3.469446951953635094E-15, 0.000000000000000000 ) ) ;
#2918 = CARTESIAN_POINT ( 'NONE',  ( -38.49999999999995737, -1.855190384027750714E-13, 130.0000000000000000 ) ) ;
#2919 = FACE_OUTER_BOUND ( 'NONE', #835, .T. ) ;
#2920 = LINE ( 'NONE', #3624, #4792 ) ;
#2921 = ORIENTED_EDGE ( 'NONE', *, *, #7317, .T. ) ;
#2922 = ORIENTED_EDGE ( 'NONE', *, *, #3207, .F. ) ;
#2923 = CARTESIAN_POINT ( 'NONE',  ( -7.401486830831383893E-14, 15.99999999997518607, 130.0000000000000000 ) ) ;
#2924 = ADVANCED_FACE ( 'NONE', ( #1732 ), #7437, .F. ) ;
#2925 = ORIENTED_EDGE ( 'NONE', *, *, #1243, .T. ) ;
#2926 = ORIENTED_EDGE ( 'NONE', *, *, #4092, .T. ) ;
#2927 = ORIENTED_EDGE ( 'NONE', *, *, #2266, .T. ) ;
#2928 = VERTEX_POINT ( 'NONE', #1776 ) ;
#2929 = CARTESIAN_POINT ( 'NONE',  ( -37.00000000000178346, 23.43999999998467842, 0.000000000000000000 ) ) ;
#2930 = CARTESIAN_POINT ( 'NONE',  ( -33.24999999999580780, 6.400000000004301803, 130.0000000000000000 ) ) ;
#2931 = VERTEX_POINT ( 'NONE', #6770 ) ;
#2932 = VECTOR ( 'NONE', #7487, 1000.000000000000000 ) ;
#2933 = LINE ( 'NONE', #6665, #4197 ) ;
#2934 = VERTEX_POINT ( 'NONE', #6812 ) ;
#2935 = ORIENTED_EDGE ( 'NONE', *, *, #4214, .T. ) ;
#2936 = VERTEX_POINT ( 'NONE', #2272 ) ;
#2937 = CARTESIAN_POINT ( 'NONE',  ( 33.79761706407760613, 4.874999999990373034, 130.0000000000000000 ) ) ;
#2938 = DATE_AND_TIME ( #1599, #3932 ) ;
#2939 = VECTOR ( 'NONE', #2710, 1000.000000000000000 ) ;
#2940 = FACE_OUTER_BOUND ( 'NONE', #1840, .T. ) ;
#2941 = CYLINDRICAL_SURFACE ( 'NONE', #6734, 0.5000000000002641221 ) ;
#2942 = CARTESIAN_POINT ( 'NONE',  ( 33.24999999999839417, 7.149999999999887557, 130.0000000000000000 ) ) ;
#2943 = AXIS2_PLACEMENT_3D ( 'NONE', #2498, #6916, #662 ) ;
#2944 = CARTESIAN_POINT ( 'NONE',  ( -37.00000000000171951, 5.439999999962678245, 130.0000000000000000 ) ) ;
#2945 = DIRECTION ( 'NONE',  ( 1.000000000000000000, 0.000000000000000000, 0.000000000000000000 ) ) ;
#2946 = CARTESIAN_POINT ( 'NONE',  ( 36.49999999999828759, 37.99999999999683098, 0.000000000000000000 ) ) ;
#2947 = ORIENTED_EDGE ( 'NONE', *, *, #2790, .F. ) ;
#2948 = EDGE_CURVE ( 'NONE', #8028, #6341, #5429, .T. ) ;
#2949 = CIRCLE ( 'NONE', #5089, 1.500000000000000000 ) ;
#2950 = CARTESIAN_POINT ( 'NONE',  ( 38.50000000000086686, 37.99999999999891998, 0.000000000000000000 ) ) ;
#2951 = FACE_OUTER_BOUND ( 'NONE', #7481, .T. ) ;
#2952 = CARTESIAN_POINT ( 'NONE',  ( -43.49999999999976552, 1.399999999996585087, 23.00000000000000000 ) ) ;
#2953 = EDGE_CURVE ( 'NONE', #2973, #5618, #6725, .T. ) ;
#2954 = EDGE_CURVE ( 'NONE', #1328, #6809, #2307, .T. ) ;
#2955 = EDGE_LOOP ( 'NONE', ( #6246, #7785, #2663, #1047 ) ) ;
#2956 = EDGE_CURVE ( 'NONE', #5610, #1952, #3618, .T. ) ;
#2957 = DIRECTION ( 'NONE',  ( -0.000000000000000000, 0.000000000000000000, 1.000000000000000000 ) ) ;
#2958 = DIRECTION ( 'NONE',  ( 1.000000000000000000, 6.938893903931151373E-15, -0.000000000000000000 ) ) ;
#2959 = DIRECTION ( 'NONE',  ( 1.000000000000000000, 3.469446951953611033E-15, 0.000000000000000000 ) ) ;
#2961 = EDGE_CURVE ( 'NONE', #7961, #5799, #4941, .T. ) ;
#2960 = ORIENTED_EDGE ( 'NONE', *, *, #620, .F. ) ;
#2962 = VERTEX_POINT ( 'NONE', #1976 ) ;
#2963 = LOCAL_TIME ( 15, 24, 6.000000000000000000, #7095 ) ;
#2964 = LINE ( 'NONE', #5490, #1666 ) ;
#2965 = CARTESIAN_POINT ( 'NONE',  ( -33.89073051572503203, 5.240428800756469663, 130.0000000000000000 ) ) ;
#2966 = ORIENTED_EDGE ( 'NONE', *, *, #4835, .T. ) ;
#2967 = CC_DESIGN_PERSON_AND_ORGANIZATION_ASSIGNMENT ( #3397, #6477, ( #488 ) ) ;
#2968 = LOCAL_TIME ( 15, 24, 6.000000000000000000, #533 ) ;
#2969 = ORIENTED_EDGE ( 'NONE', *, *, #799, .F. ) ;
#2970 = AXIS2_PLACEMENT_3D ( 'NONE', #5420, #915, #1636 ) ;
#2971 = VECTOR ( 'NONE', #2407, 1000.000000000000000 ) ;
#2972 = ORIENTED_EDGE ( 'NONE', *, *, #7091, .F. ) ;
#2973 = VERTEX_POINT ( 'NONE', #2450 ) ;
#2974 = CARTESIAN_POINT ( 'NONE',  ( -37.00000000000175504, 15.99999999997501732, 0.000000000000000000 ) ) ;
#2975 = APPROVAL_STATUS ( 'not_yet_approved' ) ;
#2976 = LINE ( 'NONE', #3064, #4738 ) ;
#2977 = ORIENTED_EDGE ( 'NONE', *, *, #1274, .T. ) ;
#2978 = VECTOR ( 'NONE', #3172, 1000.000000000000000 ) ;
#2979 = EDGE_CURVE ( 'NONE', #2093, #3540, #7799, .T. ) ;
#2980 = AXIS2_PLACEMENT_3D ( 'NONE', #8045, #545, #1107 ) ;
#2981 = ADVANCED_FACE ( 'NONE', ( #4428 ), #5096, .F. ) ;
#2982 = ORIENTED_EDGE ( 'NONE', *, *, #6946, .F. ) ;
#2983 = ORIENTED_EDGE ( 'NONE', *, *, #8125, .T. ) ;
#2984 = ORIENTED_EDGE ( 'NONE', *, *, #6563, .T. ) ;
#2985 = CC_DESIGN_SECURITY_CLASSIFICATION ( #6564, ( #8167 ) ) ;
#2986 = CIRCLE ( 'NONE', #4046, 1.500000000000000000 ) ;
#2987 = LINE ( 'NONE', #7332, #6926 ) ;
#2988 = LOCAL_TIME ( 15, 24, 6.000000000000000000, #2341 ) ;
#2989 = APPROVAL_ROLE ( '' ) ;
#2990 = DIRECTION ( 'NONE',  ( -0.000000000000000000, -0.000000000000000000, -1.000000000000000000 ) ) ;
#2991 = FACE_OUTER_BOUND ( 'NONE', #6531, .T. ) ;
#2992 = CARTESIAN_POINT ( 'NONE',  ( 32.99999999999721467, 6.399999999999858247, 130.0000000000000000 ) ) ;
#2993 = LINE ( 'NONE', #53, #6297 ) ;
#2994 = AXIS2_PLACEMENT_3D ( 'NONE', #8052, #1573, #1685 ) ;
#2995 = CARTESIAN_POINT ( 'NONE',  ( -33.24999999999803890, 9.899999999996349942, 0.000000000000000000 ) ) ;
#2996 = LINE ( 'NONE', #5562, #1700 ) ;
#2997 = LINE ( 'NONE', #7302, #1029 ) ;
#2998 = VERTEX_POINT ( 'NONE', #5762 ) ;
#2999 = AXIS2_PLACEMENT_3D ( 'NONE', #7154, #4038, #4392 ) ;
#3000 = LINE ( 'NONE', #2396, #5421 ) ;
#3001 = CARTESIAN_POINT ( 'NONE',  ( -37.89999999999960067, -1.323271427421533721E-13, 130.0000000000000000 ) ) ;
#3002 = CARTESIAN_POINT ( 'NONE',  ( -1.084317820717778284E-13, 23.43999999998484896, 0.000000000000000000 ) ) ;
#3003 = VERTEX_POINT ( 'NONE', #3764 ) ;
#3004 = EDGE_CURVE ( 'NONE', #6787, #402, #611, .T. ) ;
#3005 = DIRECTION ( 'NONE',  ( -0.000000000000000000, 0.000000000000000000, -1.000000000000000000 ) ) ;
#3006 = DIRECTION ( 'NONE',  ( -1.000000000000000000, 0.000000000000000000, 0.000000000000000000 ) ) ;
#3007 = VECTOR ( 'NONE', #5131, 1000.000000000000000 ) ;
#3008 = DIRECTION ( 'NONE',  ( -1.000000000000000000, -4.625929269276788834E-15, 0.000000000000000000 ) ) ;
#3009 = ADVANCED_FACE ( 'NONE', ( #6348 ), #3100, .T. ) ;
#3010 = EDGE_LOOP ( 'NONE', ( #7292, #7157, #4411, #972 ) ) ;
#3011 = CARTESIAN_POINT ( 'NONE',  ( -108.9501443123190256, 59.73639505401657601, 168.3335910718210187 ) ) ;
#3012 = VERTEX_POINT ( 'NONE', #6873 ) ;
#3013 = CARTESIAN_POINT ( 'NONE',  ( -36.24999999999447908, 2.999999999997816857, 0.000000000000000000 ) ) ;
#3014 = DIRECTION ( 'NONE',  ( 1.000000000000000000, 0.000000000000000000, 0.000000000000000000 ) ) ;
#3015 = CIRCLE ( 'NONE', #6856, 2.500000000000446310 ) ;
#3016 = EDGE_CURVE ( 'NONE', #4679, #4812, #2544, .T. ) ;
#3017 = ORIENTED_EDGE ( 'NONE', *, *, #4556, .T. ) ;
#3018 = ORIENTED_EDGE ( 'NONE', *, *, #6431, .F. ) ;
#3019 = EDGE_CURVE ( 'NONE', #6884, #7254, #3860, .T. ) ;
#3020 = EDGE_LOOP ( 'NONE', ( #262, #6069, #1656, #709 ) ) ;
#3021 = ORIENTED_EDGE ( 'NONE', *, *, #4121, .T. ) ;
#3022 = PLANE ( 'NONE',  #5746 ) ;
#3023 = EDGE_CURVE ( 'NONE', #1755, #4090, #7540, .T. ) ;
#3024 = APPROVAL_ROLE ( '' ) ;
#3025 = CARTESIAN_POINT ( 'NONE',  ( -1.572815951553891488E-13, 33.99999999999531752, 0.000000000000000000 ) ) ;
#3026 = VECTOR ( 'NONE', #1846, 1000.000000000000000 ) ;
#3027 = VERTEX_POINT ( 'NONE', #706 ) ;
#3028 = VERTEX_POINT ( 'NONE', #120 ) ;
#3029 = EDGE_LOOP ( 'NONE', ( #7729, #740, #7865, #708 ) ) ;
#3030 = ORIENTED_EDGE ( 'NONE', *, *, #4405, .F. ) ;
#3031 = CARTESIAN_POINT ( 'NONE',  ( 32.19874955268085159, 37.99999999999504041, 130.0000000000000000 ) ) ;
#3032 = CALENDAR_DATE ( 2020, 16, 10 ) ;
#3033 = VECTOR ( 'NONE', #6189, 1000.000000000000000 ) ;
#3034 = DIRECTION ( 'NONE',  ( 1.000000000000000000, 3.491130995404636153E-15, 0.000000000000000000 ) ) ;
#3035 = CARTESIAN_POINT ( 'NONE',  ( -37.00000000000168399, -1.645763297720249371E-13, 130.0000000000000000 ) ) ;
#3036 = DIRECTION ( 'NONE',  ( 1.000000000000000000, 3.469446951957575454E-15, 0.000000000000000000 ) ) ;
#3037 = FACE_OUTER_BOUND ( 'NONE', #7551, .T. ) ;
#3038 = EDGE_CURVE ( 'NONE', #7993, #7422, #1126, .T. ) ;
#3039 = CARTESIAN_POINT ( 'NONE',  ( -1.572815951553891488E-13, 33.99999999999531752, 130.0000000000000000 ) ) ;
#3040 = PLANE ( 'NONE',  #6050 ) ;
#3041 = CARTESIAN_POINT ( 'NONE',  ( 34.99999999999834444, 5.900000000000579448, 0.000000000000000000 ) ) ;
#3042 = ORIENTED_EDGE ( 'NONE', *, *, #3319, .F. ) ;
#3043 = CIRCLE ( 'NONE', #7273, 2.499999999998600675 ) ;
#3044 = LINE ( 'NONE', #5566, #3329 ) ;
#3045 = DIRECTION ( 'NONE',  ( -0.000000000000000000, -1.000000000000000000, -2.541098841762900031E-16 ) ) ;
#3046 = DIRECTION ( 'NONE',  ( -0.000000000000000000, -0.000000000000000000, -1.000000000000000000 ) ) ;
#3047 = EDGE_CURVE ( 'NONE', #5506, #7657, #2628, .T. ) ;
#3048 = ORIENTED_EDGE ( 'NONE', *, *, #3468, .T. ) ;
#3049 = CARTESIAN_POINT ( 'NONE',  ( -33.24999999999580780, 6.150000000003662315, 130.0000000000000000 ) ) ;
#3050 = CC_DESIGN_DATE_AND_TIME_ASSIGNMENT ( #1967, #4475, ( #4659 ) ) ;
#3051 = LINE ( 'NONE', #698, #7517 ) ;
#3052 = LINE ( 'NONE', #5572, #3615 ) ;
#3053 = CARTESIAN_POINT ( 'NONE',  ( 38.49999999999823785, 1.855190384027667663E-13, 0.000000000000000000 ) ) ;
#3054 = EDGE_LOOP ( 'NONE', ( #235, #4221, #4181, #5068 ) ) ;
#3055 = ORIENTED_EDGE ( 'NONE', *, *, #2238, .T. ) ;
#3056 = DIRECTION ( 'NONE',  ( 1.000000000000000000, 0.000000000000000000, 0.000000000000000000 ) ) ;
#3057 = PLANE ( 'NONE',  #6205 ) ;
#3058 = ORIENTED_EDGE ( 'NONE', *, *, #963, .T. ) ;
#3059 = EDGE_LOOP ( 'NONE', ( #7744, #6842, #7322, #8110 ) ) ;
#3060 = VERTEX_POINT ( 'NONE', #2012 ) ;
#3061 = ORIENTED_EDGE ( 'NONE', *, *, #6445, .T. ) ;
#3062 = EDGE_CURVE ( 'NONE', #593, #4614, #1265, .T. ) ;
#3063 = FACE_OUTER_BOUND ( 'NONE', #5878, .T. ) ;
#3064 = CARTESIAN_POINT ( 'NONE',  ( -1.295260195397031344E-13, 27.99999999998985345, 130.0000000000000000 ) ) ;
#3065 = VERTEX_POINT ( 'NONE', #3195 ) ;
#3066 = EDGE_CURVE ( 'NONE', #1100, #4537, #3279, .T. ) ;
#3067 = VECTOR ( 'NONE', #800, 1000.000000000000000 ) ;
#3068 = ORIENTED_EDGE ( 'NONE', *, *, #1193, .T. ) ;
#3069 = ORIENTED_EDGE ( 'NONE', *, *, #8047, .F. ) ;
#3070 = ORIENTED_EDGE ( 'NONE', *, *, #6379, .T. ) ;
#3071 = CARTESIAN_POINT ( 'NONE',  ( 0.8249999999999999556, 0.3199999999999999512, 0.6199999999999998845 ) ) ;
#3072 = APPROVAL_DATE_TIME ( #7557, #5832 ) ;
#3073 = FACE_BOUND ( 'NONE', #5092, .T. ) ;
#3074 = DIRECTION ( 'NONE',  ( 1.000000000000000000, 0.000000000000000000, 0.000000000000000000 ) ) ;
#3075 = CARTESIAN_POINT ( 'NONE',  ( 38.49999999999810285, 27.99999999998994582, 130.0000000000000000 ) ) ;
#3076 = DIRECTION ( 'NONE',  ( -0.000000000000000000, -0.000000000000000000, -1.000000000000000000 ) ) ;
#3077 = VECTOR ( 'NONE', #1452, 1000.000000000000000 ) ;
#3078 = ADVANCED_FACE ( 'NONE', ( #6295 ), #8157, .F. ) ;
#3079 = DIRECTION ( 'NONE',  ( -0.000000000000000000, -0.000000000000000000, -1.000000000000000000 ) ) ;
#3080 = LINE ( 'NONE', #4897, #6187 ) ;
#3081 = DIRECTION ( 'NONE',  ( -1.000000000000000000, 0.000000000000000000, 0.000000000000000000 ) ) ;
#3082 = ORIENTED_EDGE ( 'NONE', *, *, #2217, .T. ) ;
#3083 = ADVANCED_FACE ( 'NONE', ( #1396 ), #5008, .F. ) ;
#3084 = AXIS2_PLACEMENT_3D ( 'NONE', #202, #5844, #2210 ) ;
#3085 = CARTESIAN_POINT ( 'NONE',  ( -38.49999999999994316, -1.855190384027749956E-13, 0.000000000000000000 ) ) ;
#3086 = DIRECTION ( 'NONE',  ( 0.8660254037844380415, -0.000000000000000000, -0.5000000000000009992 ) ) ;
#3087 = AXIS2_PLACEMENT_3D ( 'NONE', #1648, #4743, #1125 ) ;
#3088 = CARTESIAN_POINT ( 'NONE',  ( -1.361873576874724761E-13, 29.43999999999218176, 130.0000000000000000 ) ) ;
#3089 = EDGE_LOOP ( 'NONE', ( #7680, #4598, #5606, #5820 ) ) ;
#3090 = DIRECTION ( 'NONE',  ( 0.000000000000000000, 0.000000000000000000, -1.000000000000000000 ) ) ;
#3091 = DIRECTION ( 'NONE',  ( 1.000000000000000000, 4.625929269280554856E-15, 0.000000000000000000 ) ) ;
#3092 = LINE ( 'NONE', #5614, #476 ) ;
#3093 = CIRCLE ( 'NONE', #2590, 0.3000000000000000444 ) ;
#3094 = CARTESIAN_POINT ( 'NONE',  ( -1.223095698796247736E-13, 26.43999999998843009, 0.000000000000000000 ) ) ;
#3095 = DIRECTION ( 'NONE',  ( 0.000000000000000000, 0.000000000000000000, 1.000000000000000000 ) ) ;
#3096 = EDGE_LOOP ( 'NONE', ( #6628, #5010, #2972, #3887 ) ) ;
#3097 = CARTESIAN_POINT ( 'NONE',  ( -37.00000000000169820, -1.645763297720250129E-13, 130.0000000000000000 ) ) ;
#3098 = FACE_OUTER_BOUND ( 'NONE', #80, .T. ) ;
#3099 = ORIENTED_EDGE ( 'NONE', *, *, #4468, .F. ) ;
#3100 = CYLINDRICAL_SURFACE ( 'NONE', #894, 0.7636293188001199717 ) ;
#3101 = ORIENTED_EDGE ( 'NONE', *, *, #1149, .T. ) ;
#3102 = ORIENTED_EDGE ( 'NONE', *, *, #4026, .T. ) ;
#3103 = ORIENTED_EDGE ( 'NONE', *, *, #957, .F. ) ;
#3104 = DIRECTION ( 'NONE',  ( -0.000000000000000000, -0.000000000000000000, -1.000000000000000000 ) ) ;
#3105 = SECURITY_CLASSIFICATION_LEVEL ( 'unclassified' ) ;
#3106 = DIRECTION ( 'NONE',  ( -3.483287830750206171E-15, 1.000000000000000000, -0.000000000000000000 ) ) ;
#3107 = ORIENTED_EDGE ( 'NONE', *, *, #2954, .F. ) ;
#3108 = AXIS2_PLACEMENT_3D ( 'NONE', #1416, #6410, #5232 ) ;
#3109 = EDGE_CURVE ( 'NONE', #4622, #5450, #7313, .T. ) ;
#3110 = CIRCLE ( 'NONE', #7872, 1.999999999999988010 ) ;
#3111 = ORIENTED_EDGE ( 'NONE', *, *, #5393, .T. ) ;
#3112 = ORIENTED_EDGE ( 'NONE', *, *, #6039, .T. ) ;
#3113 = ORIENTED_EDGE ( 'NONE', *, *, #264, .T. ) ;
#3114 = EDGE_CURVE ( 'NONE', #2818, #2546, #78, .T. ) ;
#3115 = EDGE_CURVE ( 'NONE', #2608, #6456, #1517, .T. ) ;
#3116 = LINE ( 'NONE', #3945, #5740 ) ;
#3117 = VERTEX_POINT ( 'NONE', #3935 ) ;
#3118 = ITEM_DEFINED_TRANSFORMATION ( 'NONE', 'NONE', #1970,  #8005 ) ;
#3119 = DIRECTION ( 'NONE',  ( 1.000000000000000000, 0.000000000000000000, 0.000000000000000000 ) ) ;
#3120 = VECTOR ( 'NONE', #7468, 1000.000000000000000 ) ;
#3121 = AXIS2_PLACEMENT_3D ( 'NONE', #1504, #1544, #7901 ) ;
#3122 = CARTESIAN_POINT ( 'NONE',  ( -34.75000000000164846, 10.39999999999695746, 0.000000000000000000 ) ) ;
#3123 = LINE ( 'NONE', #6984, #5945 ) ;
#3124 = DIRECTION ( 'NONE',  ( -0.000000000000000000, -0.000000000000000000, -1.000000000000000000 ) ) ;
#3125 = EDGE_CURVE ( 'NONE', #7898, #2973, #4702, .T. ) ;
#3126 = FACE_OUTER_BOUND ( 'NONE', #6240, .T. ) ;
#3127 = CARTESIAN_POINT ( 'NONE',  ( 18.94999999999980389, 18.94999999999986784, 130.0000000000000000 ) ) ;
#3128 = VECTOR ( 'NONE', #6903, 1000.000000000000000 ) ;
#3129 = AXIS2_PLACEMENT_3D ( 'NONE', #5001, #6866, #1218 ) ;
#3130 = DIRECTION ( 'NONE',  ( -0.7071067811865463515, -0.7071067811865487940, 0.000000000000000000 ) ) ;
#3131 = ORIENTED_EDGE ( 'NONE', *, *, #7125, .T. ) ;
#3132 = ORIENTED_EDGE ( 'NONE', *, *, #2637, .T. ) ;
#3133 = EDGE_CURVE ( 'NONE', #5591, #7282, #7972, .T. ) ;
#3134 = EDGE_CURVE ( 'NONE', #490, #2702, #7122, .T. ) ;
#3135 = CARTESIAN_POINT ( 'NONE',  ( 36.49999999999828049, 39.99999999999749889, 0.000000000000000000 ) ) ;
#3136 = CARTESIAN_POINT ( 'NONE',  ( -1.156482317318563406E-13, 24.99999999998618705, 0.000000000000000000 ) ) ;
#3137 = FACE_OUTER_BOUND ( 'NONE', #3520, .T. ) ;
#3138 = AXIS2_PLACEMENT_3D ( 'NONE', #2837, #5349, #5472 ) ;
#3139 = CC_DESIGN_APPROVAL ( #5832, ( #1683 ) ) ;
#3140 = EDGE_LOOP ( 'NONE', ( #1276, #5628, #3677, #3880 ) ) ;
#3141 = LINE ( 'NONE', #64, #3385 ) ;
#3142 = CARTESIAN_POINT ( 'NONE',  ( -38.50000000000000000, 6.999999999964011899, 0.000000000000000000 ) ) ;
#3143 = DIRECTION ( 'NONE',  ( -0.000000000000000000, 0.000000000000000000, 1.000000000000000000 ) ) ;
#3144 = CARTESIAN_POINT ( 'NONE',  ( -35.00000000000014211, 36.99999999999725731, 0.000000000000000000 ) ) ;
#3145 = VECTOR ( 'NONE', #7119, 1000.000000000000000 ) ;
#3146 = APPROVAL_ROLE ( '' ) ;
#3147 = ORIENTED_EDGE ( 'NONE', *, *, #7216, .T. ) ;
#3148 = CARTESIAN_POINT ( 'NONE',  ( -38.50000000000000000, 0.000000000000000000, 0.000000000000000000 ) ) ;
#3149 = DIRECTION ( 'NONE',  ( -1.000000000000000000, -4.625929269276767535E-15, 0.000000000000000000 ) ) ;
#3150 = ORIENTED_EDGE ( 'NONE', *, *, #5043, .T. ) ;
#3151 = EDGE_CURVE ( 'NONE', #7682, #7016, #5602, .T. ) ;
#3152 = CIRCLE ( 'NONE', #8033, 1.500000000000000000 ) ;
#3153 = APPROVAL ( #6317, '未指定' ) ;
#3154 = CARTESIAN_POINT ( 'NONE',  ( 33.24999999999619149, 9.899999999996584421, 130.0000000000000000 ) ) ;
#3155 = ORIENTED_EDGE ( 'NONE', *, *, #2543, .T. ) ;
#3156 = ORIENTED_EDGE ( 'NONE', *, *, #7801, .F. ) ;
#3157 = CARTESIAN_POINT ( 'NONE',  ( 45.50000000000027001, -8.600000000003104716, 17.00000000000000000 ) ) ;
#3158 = AXIS2_PLACEMENT_3D ( 'NONE', #1289, #4274, #591 ) ;
#3159 = DIRECTION ( 'NONE',  ( -1.000000000000000000, -4.625929269276788834E-15, 0.000000000000000000 ) ) ;
#3160 = DIRECTION ( 'NONE',  ( 1.000000000000000000, 4.448008912757228678E-15, -0.000000000000000000 ) ) ;
#3161 = VERTEX_POINT ( 'NONE', #5174 ) ;
#3162 = VECTOR ( 'NONE', #2179, 1000.000000000000000 ) ;
#3163 = VERTEX_POINT ( 'NONE', #4662 ) ;
#3164 = VERTEX_POINT ( 'NONE', #158 ) ;
#3165 = ORIENTED_EDGE ( 'NONE', *, *, #7826, .F. ) ;
#3166 = AXIS2_PLACEMENT_3D ( 'NONE', #2633, #748, #7679 ) ;
#3167 = LINE ( 'NONE', #755, #1401 ) ;
#3168 = ORIENTED_EDGE ( 'NONE', *, *, #1560, .F. ) ;
#3169 = DATE_AND_TIME ( #5736, #5642 ) ;
#3170 = FACE_BOUND ( 'NONE', #1545, .T. ) ;
#3171 = LINE ( 'NONE', #6848, #4509 ) ;
#3172 = DIRECTION ( 'NONE',  ( -1.000000000000000000, -3.469446951957591626E-15, 0.000000000000000000 ) ) ;
#3173 = CARTESIAN_POINT ( 'NONE',  ( -38.49999999999995026, -1.855190384027750209E-13, 130.0000000000000000 ) ) ;
#3174 = CARTESIAN_POINT ( 'NONE',  ( 38.49999999999810996, 26.43999999998860773, 130.0000000000000000 ) ) ;
#3175 = LINE ( 'NONE', #1772, #5128 ) ;
#3176 = ORIENTED_EDGE ( 'NONE', *, *, #4987, .T. ) ;
#3177 = VECTOR ( 'NONE', #5567, 1000.000000000000000 ) ;
#3178 = EDGE_LOOP ( 'NONE', ( #3289, #4749, #1785, #8160 ) ) ;
#3179 = EDGE_CURVE ( 'NONE', #4645, #1100, #6578, .T. ) ;
#3180 = DIRECTION ( 'NONE',  ( -3.483287830750206171E-15, 1.000000000000000000, -0.000000000000000000 ) ) ;
#3181 = DIRECTION ( 'NONE',  ( 1.000000000000000000, 0.000000000000000000, 0.000000000000000000 ) ) ;
#3182 = DIRECTION ( 'NONE',  ( 3.435095992062130604E-15, -1.000000000000000000, 0.000000000000000000 ) ) ;
#3183 = VERTEX_POINT ( 'NONE', #268 ) ;
#3184 = CIRCLE ( 'NONE', #7541, 1.999999999998718136 ) ;
#3185 = EDGE_CURVE ( 'NONE', #4789, #1912, #7708, .T. ) ;
#3186 = LINE ( 'NONE', #25, #4458 ) ;
#3187 = CARTESIAN_POINT ( 'NONE',  ( 34.74999999999980105, 10.39999999999720259, 130.0000000000000000 ) ) ;
#3188 = LINE ( 'NONE', #4471, #4134 ) ;
#3189 = AXIS2_PLACEMENT_3D ( 'NONE', #4402, #1900, #6936 ) ;
#3190 = CARTESIAN_POINT ( 'NONE',  ( 32.99999999999721467, 0.000000000000000000, 0.000000000000000000 ) ) ;
#3191 = PERSON_AND_ORGANIZATION_ROLE ( 'creator' ) ;
#3192 = ORIENTED_EDGE ( 'NONE', *, *, #2266, .F. ) ;
#3193 = DIRECTION ( 'NONE',  ( -1.000000000000000000, 0.000000000000000000, 0.000000000000000000 ) ) ;
#3194 = ORIENTED_EDGE ( 'NONE', *, *, #3978, .F. ) ;
#3195 = CARTESIAN_POINT ( 'NONE',  ( -37.00000000000179057, 26.43999999998834483, 0.000000000000000000 ) ) ;
#3196 = VERTEX_POINT ( 'NONE', #964 ) ;
#3197 = VERTEX_POINT ( 'NONE', #4552 ) ;
#3198 = LINE ( 'NONE', #3241, #1457 ) ;
#3199 = ADVANCED_FACE ( 'NONE', ( #3455 ), #3382, .F. ) ;
#3200 = DIRECTION ( 'NONE',  ( -0.000000000000000000, -0.000000000000000000, -1.000000000000000000 ) ) ;
#3201 = FACE_OUTER_BOUND ( 'NONE', #1974, .T. ) ;
#3202 = ORIENTED_EDGE ( 'NONE', *, *, #5876, .T. ) ;
#3203 = CIRCLE ( 'NONE', #7823, 0.2499999999997504219 ) ;
#3204 = ORIENTED_EDGE ( 'NONE', *, *, #4678, .T. ) ;
#3205 = ORIENTED_EDGE ( 'NONE', *, *, #4, .F. ) ;
#3206 = DIRECTION ( 'NONE',  ( 1.000000000000000000, 4.625929269276788834E-15, 0.000000000000000000 ) ) ;
#3207 = EDGE_CURVE ( 'NONE', #4305, #2936, #6792, .T. ) ;
#3208 = DATE_AND_TIME ( #3032, #6542 ) ;
#3209 = LINE ( 'NONE', #137, #1602 ) ;
#3210 = FACE_OUTER_BOUND ( 'NONE', #4345, .T. ) ;
#3211 = CARTESIAN_POINT ( 'NONE',  ( 36.74999999999836575, 2.999999999997227107, 0.000000000000000000 ) ) ;
#3212 = PLANE ( 'NONE',  #5190 ) ;
#3213 = AXIS2_PLACEMENT_3D ( 'NONE', #7183, #2187, #4690 ) ;
#3214 = DIRECTION ( 'NONE',  ( -0.000000000000000000, 0.000000000000000000, 1.000000000000000000 ) ) ;
#3215 = ADVANCED_FACE ( 'NONE', ( #6535 ), #816, .F. ) ;
#3216 = DIRECTION ( 'NONE',  ( 1.000000000000000000, 4.448008912757228678E-15, -0.000000000000000000 ) ) ;
#3217 = ORIENTED_EDGE ( 'NONE', *, *, #7077, .F. ) ;
#3218 = ORIENTED_EDGE ( 'NONE', *, *, #7232, .F. ) ;
#3219 = VECTOR ( 'NONE', #1563, 1000.000000000000000 ) ;
#3220 = FACE_OUTER_BOUND ( 'NONE', #1366, .T. ) ;
#3221 = CARTESIAN_POINT ( 'NONE',  ( -34.99999999999739231, 5.831893559006809724, 130.0000000000000000 ) ) ;
#3222 = CARTESIAN_POINT ( 'NONE',  ( -3.469446951946424195E-14, 9.999999999967812414, 0.000000000000000000 ) ) ;
#3223 = VERTEX_POINT ( 'NONE', #1539 ) ;
#3224 = DIRECTION ( 'NONE',  ( -1.000000000000000000, 0.000000000000000000, 0.000000000000000000 ) ) ;
#3225 = PERSON ( 'NAUO-PER8', 'UNSPECIFIED', 'UNSPECIFIED', ('UNSPECIFIED'), ('UNSPECIFIED'), ('UNSPECIFIED') ) ;
#3226 = CARTESIAN_POINT ( 'NONE',  ( -35.00000000000195399, 10.39999999999695746, 0.000000000000000000 ) ) ;
#3227 = VECTOR ( 'NONE', #1896, 1000.000000000000000 ) ;
#3228 = CARTESIAN_POINT ( 'NONE',  ( 0.8249999999999999556, -0.6199999999999999956, 0.6199999999999999956 ) ) ;
#3229 = CARTESIAN_POINT ( 'NONE',  ( 34.77748670276871223, 34.50992212318944041, 130.0000000000000000 ) ) ;
#3230 = MANIFOLD_SOLID_BREP ( '倒角1', #7110 ) ;
#3231 = APPROVAL_ROLE ( '' ) ;
#3232 = EDGE_CURVE ( 'NONE', #2861, #2019, #5866, .T. ) ;
#3233 = EDGE_CURVE ( 'NONE', #160, #4287, #1579, .T. ) ;
#3234 = EDGE_LOOP ( 'NONE', ( #637, #560, #6698, #4588 ) ) ;
#3235 = CARTESIAN_POINT ( 'NONE',  ( -37.00000000000179767, 27.99999999998968292, 130.0000000000000000 ) ) ;
#3236 = CIRCLE ( 'NONE', #7851, 2.000000000000001776 ) ;
#3237 = EDGE_CURVE ( 'NONE', #2594, #1354, #2056, .T. ) ;
#3238 = CARTESIAN_POINT ( 'NONE',  ( -38.49999999999875655, -1.335737076501059019E-13, 130.0000000000000000 ) ) ;
#3239 = ORIENTED_EDGE ( 'NONE', *, *, #2369, .T. ) ;
#3240 = VERTEX_POINT ( 'NONE', #5209 ) ;
#3241 = CARTESIAN_POINT ( 'NONE',  ( 38.49999999999823785, 1.855190384027667663E-13, 130.0000000000000000 ) ) ;
#3242 = LINE ( 'NONE', #5724, #7131 ) ;
#3243 = ADVANCED_FACE ( 'NONE', ( #7743 ), #7856, .T. ) ;
#3244 = APPROVAL ( #5260, 'UNKNOWN' ) ;
#3245 = ORIENTED_EDGE ( 'NONE', *, *, #5486, .T. ) ;
#3246 = EDGE_CURVE ( 'NONE', #5700, #2809, #5871, .T. ) ;
#3247 = ORIENTED_EDGE ( 'NONE', *, *, #4968, .F. ) ;
#3248 = EDGE_LOOP ( 'NONE', ( #4062, #5918, #4179, #2322 ) ) ;
#3249 = CARTESIAN_POINT ( 'NONE',  ( 36.99999999999981526, 29.43999999999226702, 130.0000000000000000 ) ) ;
#3250 = SECURITY_CLASSIFICATION_LEVEL ( 'unclassified' ) ;
#3251 = LINE ( 'NONE', #6478, #7690 ) ;
#3252 = VECTOR ( 'NONE', #7844, 1000.000000000000000 ) ;
#3253 = DIRECTION ( 'NONE',  ( 4.448008912757228678E-15, -1.000000000000000000, 0.000000000000000000 ) ) ;
#3254 = AXIS2_PLACEMENT_3D ( 'NONE', #4435, #1889, #6354 ) ;
#3255 = CARTESIAN_POINT ( 'NONE',  ( 38.49999999999820233, 1.335737076501633058E-13, 130.0000000000000000 ) ) ;
#3256 = CARTESIAN_POINT ( 'NONE',  ( 36.50000000000019895, 37.99999999999891998, 0.000000000000000000 ) ) ;
#3257 = DIRECTION ( 'NONE',  ( 3.469446951952455747E-15, -1.000000000000000000, 0.000000000000000000 ) ) ;
#3258 = CC_DESIGN_PERSON_AND_ORGANIZATION_ASSIGNMENT ( #5510, #2298, ( #5967 ) ) ;
#3259 = ORIENTED_EDGE ( 'NONE', *, *, #5541, .T. ) ;
#3260 = ORIENTED_EDGE ( 'NONE', *, *, #4293, .T. ) ;
#3261 = VECTOR ( 'NONE', #1346, 1000.000000000000000 ) ;
#3262 = AXIS2_PLACEMENT_3D ( 'NONE', #7662, #8138, #2653 ) ;
#3263 = CARTESIAN_POINT ( 'NONE',  ( -33.24999999999803890, 9.899999999996349942, 130.0000000000000000 ) ) ;
#3264 = DIRECTION ( 'NONE',  ( 1.000000000000000000, -0.000000000000000000, 0.000000000000000000 ) ) ;
#3265 = CARTESIAN_POINT ( 'NONE',  ( 5.421010862427511077E-17, -0.6199999999999998845, 0.3199999999999999512 ) ) ;
#3266 = ORIENTED_EDGE ( 'NONE', *, *, #3892, .T. ) ;
#3267 = ADVANCED_FACE ( 'NONE', ( #228 ), #5249, .T. ) ;
#3268 = AXIS2_PLACEMENT_3D ( 'NONE', #6180, #7338, #7919 ) ;
#3269 = CARTESIAN_POINT ( 'NONE',  ( 0.8249999999999999556, 0.3200000000000000067, 0.3200000000000000067 ) ) ;
#3270 = FACE_OUTER_BOUND ( 'NONE', #6991, .T. ) ;
#3271 = DIRECTION ( 'NONE',  ( 1.000000000000000000, 4.956352788497846780E-15, -0.000000000000000000 ) ) ;
#3272 = DIRECTION ( 'NONE',  ( -1.000000000000000000, 0.000000000000000000, 0.000000000000000000 ) ) ;
#3273 = APPROVAL_DATE_TIME ( #6288, #5137 ) ;
#3274 = LOCAL_TIME ( 15, 24, 6.000000000000000000, #1012 ) ;
#3275 = VECTOR ( 'NONE', #5394, 1000.000000000000000 ) ;
#3276 = CC_DESIGN_APPROVAL ( #7453, ( #3544 ) ) ;
#3277 = VERTEX_POINT ( 'NONE', #2313 ) ;
#3278 = EDGE_CURVE ( 'NONE', #5049, #239, #7933, .T. ) ;
#3279 = LINE ( 'NONE', #744, #7070 ) ;
#3280 = EDGE_LOOP ( 'NONE', ( #5398, #5775, #129, #6885, #580, #763, #2984, #7043, #121, #2540, #5148, #2377, #3383, #6772, #1751, #884, #3976, #3674, #4560, #4352, #1593, #6710, #4425, #2511, #6484, #6277, #3439, #4124, #6790, #6735, #8158, #4366, #1097, #573, #3549, #2309, #1787, #4871, #6543, #1010, #5957, #7877, #269, #4915, #4049, #1293, #1260, #6832, #3338, #3620, #4594, #7015, #7947, #5181, #7694, #3132, #6234, #4117, #1207, #463, #971, #7940, #2406, #2248, #3042, #5986, #4951, #7073, #4462, #3906, #3503, #5520, #754, #4904, #1851, #85, #7164, #6976, #3766, #5485, #2960, #5460, #7876, #6108, #1728, #6659, #8149, #1090, #5968, #2416, #7352, #879, #1136, #3576, #4526, #2524 ) ) ;
#3281 = VERTEX_POINT ( 'NONE', #6820 ) ;
#3282 = DIRECTION ( 'NONE',  ( 1.000000000000000000, 0.000000000000000000, 0.000000000000000000 ) ) ;
#3283 = EDGE_CURVE ( 'NONE', #6216, #539, #4129, .T. ) ;
#3284 = CARTESIAN_POINT ( 'NONE',  ( 36.99999999999994316, 1.645763297720172126E-13, 130.0000000000000000 ) ) ;
#3285 = ORIENTED_EDGE ( 'NONE', *, *, #1274, .F. ) ;
#3286 = EDGE_CURVE ( 'NONE', #4843, #3183, #3236, .T. ) ;
#3287 = EDGE_CURVE ( 'NONE', #1793, #3589, #5205, .T. ) ;
#3288 = VECTOR ( 'NONE', #3754, 1000.000000000000000 ) ;
#3289 = ORIENTED_EDGE ( 'NONE', *, *, #1533, .F. ) ;
#3290 = ORIENTED_EDGE ( 'NONE', *, *, #7697, .T. ) ;
#3291 = CARTESIAN_POINT ( 'NONE',  ( -38.50000000000006395, 24.99999999998600941, 0.000000000000000000 ) ) ;
#3292 = SECURITY_CLASSIFICATION_LEVEL ( 'unclassified' ) ;
#3293 = DIRECTION ( 'NONE',  ( -1.000000000000000000, 0.000000000000000000, 0.000000000000000000 ) ) ;
#3294 = LINE ( 'NONE', #5816, #7014 ) ;
#3295 = CARTESIAN_POINT ( 'NONE',  ( -48.49999999999975842, -0.6000000000023236746, 130.0000000000000000 ) ) ;
#3296 = AXIS2_PLACEMENT_3D ( 'NONE', #5266, #802, #1995 ) ;
#3297 = FACE_OUTER_BOUND ( 'NONE', #6200, .T. ) ;
#3298 = CARTESIAN_POINT ( 'NONE',  ( -38.49999999999786837, -8.881784197001252323E-13, 2.000000000000000000 ) ) ;
#3299 = VERTEX_POINT ( 'NONE', #4243 ) ;
#3300 = VERTEX_POINT ( 'NONE', #6648 ) ;
#3301 = EDGE_CURVE ( 'NONE', #3841, #7462, #7971, .T. ) ;
#3302 = CARTESIAN_POINT ( 'NONE',  ( -8.789265611616157930E-14, 18.99999999997885425, 0.000000000000000000 ) ) ;
#3303 = CARTESIAN_POINT ( 'NONE',  ( -37.00000000000168399, -1.645763297720249371E-13, 130.0000000000000000 ) ) ;
#3304 = PLANE ( 'NONE',  #3493 ) ;
#3305 = ORIENTED_EDGE ( 'NONE', *, *, #3047, .T. ) ;
#3306 = DIRECTION ( 'NONE',  ( -0.000000000000000000, -0.000000000000000000, -1.000000000000000000 ) ) ;
#3307 = CARTESIAN_POINT ( 'NONE',  ( -38.50000000000004974, 20.43999999998100492, 0.000000000000000000 ) ) ;
#3308 = CARTESIAN_POINT ( 'NONE',  ( 36.49999999999828759, 37.99999999999683098, 130.0000000000000000 ) ) ;
#3309 = ADVANCED_FACE ( 'NONE', ( #7312 ), #998, .T. ) ;
#3310 = ORIENTED_EDGE ( 'NONE', *, *, #4886, .T. ) ;
#3311 = AXIS2_PLACEMENT_3D ( 'NONE', #6828, #5622, #565 ) ;
#3312 = DIRECTION ( 'NONE',  ( 4.818676322150017826E-15, -1.000000000000000000, 0.000000000000000000 ) ) ;
#3313 = EDGE_CURVE ( 'NONE', #4211, #3003, #7355, .T. ) ;
#3314 = ORIENTED_EDGE ( 'NONE', *, *, #3515, .T. ) ;
#3315 = ORIENTED_EDGE ( 'NONE', *, *, #7472, .F. ) ;
#3316 = CIRCLE ( 'NONE', #1880, 2.500000000000938805 ) ;
#3317 = LINE ( 'NONE', #6967, #4075 ) ;
#3318 = ORIENTED_EDGE ( 'NONE', *, *, #4025, .T. ) ;
#3319 = EDGE_CURVE ( 'NONE', #3942, #5625, #1041, .T. ) ;
#3320 = ORIENTED_EDGE ( 'NONE', *, *, #3728, .F. ) ;
#3321 = ORIENTED_EDGE ( 'NONE', *, *, #219, .T. ) ;
#3322 = DIRECTION ( 'NONE',  ( -0.000000000000000000, -0.000000000000000000, -1.000000000000000000 ) ) ;
#3323 = DATE_AND_TIME ( #4492, #2739 ) ;
#3324 = ADVANCED_FACE ( 'NONE', ( #4155 ), #2884, .F. ) ;
#3325 = CARTESIAN_POINT ( 'NONE',  ( 38.49999999999806732, 37.99999999999683808, 130.0000000000000000 ) ) ;
#3326 = ADVANCED_FACE ( 'NONE', ( #6731 ), #343, .F. ) ;
#3327 = LINE ( 'NONE', #2062, #7018 ) ;
#3328 = DIRECTION ( 'NONE',  ( -0.000000000000000000, -0.000000000000000000, -1.000000000000000000 ) ) ;
#3329 = VECTOR ( 'NONE', #8055, 1000.000000000000000 ) ;
#3330 = CARTESIAN_POINT ( 'NONE',  ( 1.350000000000000089, 0.000000000000000000, 1.500000000000000000 ) ) ;
#3331 = LINE ( 'NONE', #7175, #7668 ) ;
#3332 = EDGE_CURVE ( 'NONE', #4571, #7828, #6687, .T. ) ;
#3333 = VERTEX_POINT ( 'NONE', #3539 ) ;
#3334 = VERTEX_POINT ( 'NONE', #4284 ) ;
#3335 = CARTESIAN_POINT ( 'NONE',  ( 38.49999999999821654, 1.855190384027667663E-13, 0.000000000000000000 ) ) ;
#3336 = CARTESIAN_POINT ( 'NONE',  ( -7.401486830831346027E-14, 15.99999999997510436, 130.0000000000000000 ) ) ;
#3337 = CARTESIAN_POINT ( 'NONE',  ( -37.00000000000174794, 12.99999999997135092, 0.000000000000000000 ) ) ;
#3338 = ORIENTED_EDGE ( 'NONE', *, *, #4405, .T. ) ;
#3339 = CC_DESIGN_PERSON_AND_ORGANIZATION_ASSIGNMENT ( #5331, #6703, ( #6564 ) ) ;
#3340 =( REPRESENTATION_RELATIONSHIP ('NONE','NONE', #3517, #961 ) REPRESENTATION_RELATIONSHIP_WITH_TRANSFORMATION ( #1795 )SHAPE_REPRESENTATION_RELATIONSHIP( ) );
#3341 = CARTESIAN_POINT ( 'NONE',  ( -34.75000000000164846, 10.39999999999695746, 130.0000000000000000 ) ) ;
#3342 = DIRECTION ( 'NONE',  ( 0.000000000000000000, 0.000000000000000000, 1.000000000000000000 ) ) ;
#3343 = EDGE_CURVE ( 'NONE', #3334, #1487, #2845, .T. ) ;
#3344 = FACE_OUTER_BOUND ( 'NONE', #7741, .T. ) ;
#3345 = VECTOR ( 'NONE', #6013, 1000.000000000000000 ) ;
#3346 = ORIENTED_EDGE ( 'NONE', *, *, #5590, .T. ) ;
#3347 = FACE_OUTER_BOUND ( 'NONE', #303, .T. ) ;
#3348 = CIRCLE ( 'NONE', #856, 1.500000000000000000 ) ;
#3349 = DIRECTION ( 'NONE',  ( -4.448008912757228678E-15, 1.000000000000000000, 0.000000000000000000 ) ) ;
#3350 = VERTEX_POINT ( 'NONE', #6107 ) ;
#3351 = VERTEX_POINT ( 'NONE', #8017 ) ;
#3352 = VECTOR ( 'NONE', #2022, 1000.000000000000000 ) ;
#3353 = PLANE ( 'NONE',  #4611 ) ;
#3354 = AXIS2_PLACEMENT_3D ( 'NONE', #2360, #8063, #1174 ) ;
#3355 = VERTEX_POINT ( 'NONE', #428 ) ;
#3356 = AXIS2_PLACEMENT_3D ( 'NONE', #110, #2618, #603 ) ;
#3357 = ORIENTED_EDGE ( 'NONE', *, *, #2318, .T. ) ;
#3358 = ORIENTED_EDGE ( 'NONE', *, *, #6836, .F. ) ;
#3359 = DIRECTION ( 'NONE',  ( -0.000000000000000000, 0.000000000000000000, 1.000000000000000000 ) ) ;
#3360 = DIRECTION ( 'NONE',  ( 4.956352788497848358E-15, -1.000000000000000000, 0.000000000000000000 ) ) ;
#3361 = DIRECTION ( 'NONE',  ( 1.000000000000000000, 0.000000000000000000, 0.000000000000000000 ) ) ;
#3362 = PLANE ( 'NONE',  #2084 ) ;
#3363 = LINE ( 'NONE', #6552, #3742 ) ;
#3364 = CARTESIAN_POINT ( 'NONE',  ( -1.017704439240084866E-13, 21.99999999998252065, 130.0000000000000000 ) ) ;
#3365 = EDGE_CURVE ( 'NONE', #4843, #7243, #2920, .T. ) ;
#3366 = EDGE_LOOP ( 'NONE', ( #1116, #1226, #1715, #7368, #4245 ) ) ;
#3367 = VERTEX_POINT ( 'NONE', #5529 ) ;
#3368 = CARTESIAN_POINT ( 'NONE',  ( 41.50000000000023448, 1.399999999996881295, 113.0000000000000142 ) ) ;
#3369 = DIRECTION ( 'NONE',  ( -1.000000000000000000, -4.625929269276788045E-15, 0.000000000000000000 ) ) ;
#3370 = CARTESIAN_POINT ( 'NONE',  ( -38.49999999999994316, -1.855190384027749956E-13, 0.000000000000000000 ) ) ;
#3371 = ADVANCED_FACE ( 'NONE', ( #470 ), #6928, .F. ) ;
#3372 = DIRECTION ( 'NONE',  ( -3.483287830750206171E-15, 1.000000000000000000, 0.000000000000000000 ) ) ;
#3373 = CARTESIAN_POINT ( 'NONE',  ( 38.49999999999812417, 21.99999999998261302, 130.0000000000000000 ) ) ;
#3374 = AXIS2_PLACEMENT_3D ( 'NONE', #5308, #2301, #4186 ) ;
#3375 = VECTOR ( 'NONE', #7161, 1000.000000000000000 ) ;
#3376 = CARTESIAN_POINT ( 'NONE',  ( -32.99999999999517541, 0.000000000000000000, 130.0000000000000000 ) ) ;
#3377 = EDGE_CURVE ( 'NONE', #3196, #7277, #5325, .T. ) ;
#3378 = ORIENTED_EDGE ( 'NONE', *, *, #2223, .T. ) ;
#3379 = DIRECTION ( 'NONE',  ( 1.000000000000000000, 0.000000000000000000, 0.000000000000000000 ) ) ;
#3380 = VECTOR ( 'NONE', #332, 1000.000000000000000 ) ;
#3381 = FACE_OUTER_BOUND ( 'NONE', #6579, .T. ) ;
#3382 = CYLINDRICAL_SURFACE ( 'NONE', #3750, 2.000000000000001776 ) ;
#3383 = ORIENTED_EDGE ( 'NONE', *, *, #409, .T. ) ;
#3384 = LOCAL_TIME ( 15, 24, 6.000000000000000000, #4130 ) ;
#3385 = VECTOR ( 'NONE', #5130, 1000.000000000000000 ) ;
#3386 = VERTEX_POINT ( 'NONE', #4868 ) ;
#3387 =( NAMED_UNIT ( * ) SI_UNIT ( $, .STERADIAN. ) SOLID_ANGLE_UNIT ( ) );
#3388 = DIRECTION ( 'NONE',  ( 1.000000000000000000, 0.000000000000000000, 0.000000000000000000 ) ) ;
#3389 = EDGE_CURVE ( 'NONE', #6075, #6957, #7399, .T. ) ;
#3390 = EDGE_LOOP ( 'NONE', ( #1020, #3357, #6085, #4869 ) ) ;
#3391 = VECTOR ( 'NONE', #2232, 1000.000000000000000 ) ;
#3392 = APPROVAL ( #1988, 'UNKNOWN' ) ;
#3393 = VERTEX_POINT ( 'NONE', #1875 ) ;
#3394 = ORIENTED_EDGE ( 'NONE', *, *, #1827, .T. ) ;
#3395 = LINE ( 'NONE', #5880, #7063 ) ;
#3396 = VECTOR ( 'NONE', #7272, 1000.000000000000000 ) ;
#3397 = PERSON_AND_ORGANIZATION ( #4683, #4311 ) ;
#3398 = DIRECTION ( 'NONE',  ( -0.000000000000000000, -0.000000000000000000, -1.000000000000000000 ) ) ;
#3399 = CARTESIAN_POINT ( 'NONE',  ( 38.49999999999823075, 1.855190384027667410E-13, 130.0000000000000000 ) ) ;
#3400 = LINE ( 'NONE', #5928, #76 ) ;
#3401 = VECTOR ( 'NONE', #6468, 1000.000000000000000 ) ;
#3402 = CARTESIAN_POINT ( 'NONE',  ( 38.49999999999813838, 18.99999999997894662, 130.0000000000000000 ) ) ;
#3403 = EDGE_LOOP ( 'NONE', ( #3404, #1042, #6705, #5327 ) ) ;
#3404 = ORIENTED_EDGE ( 'NONE', *, *, #48, .F. ) ;
#3405 = FACE_OUTER_BOUND ( 'NONE', #4663, .T. ) ;
#3406 = SECURITY_CLASSIFICATION_LEVEL ( 'unclassified' ) ;
#3407 = VECTOR ( 'NONE', #7025, 1000.000000000000000 ) ;
#3408 = CARTESIAN_POINT ( 'NONE',  ( -2.133709875450175839E-14, 6.150000000003777778, 0.000000000000000000 ) ) ;
#3409 = DIRECTION ( 'NONE',  ( 4.625929269276788045E-15, -1.000000000000000000, 0.000000000000000000 ) ) ;
#3410 = DIRECTION ( 'NONE',  ( -0.000000000000000000, -0.000000000000000000, -1.000000000000000000 ) ) ;
#3411 = DIRECTION ( 'NONE',  ( -0.000000000000000000, -0.000000000000000000, -1.000000000000000000 ) ) ;
#3412 = DIRECTION ( 'NONE',  ( -1.000000000000000000, -4.625929269276788045E-15, 0.000000000000000000 ) ) ;
#3413 = LINE ( 'NONE', #7076, #3756 ) ;
#3414 = EDGE_CURVE ( 'NONE', #623, #324, #7623, .T. ) ;
#3415 = AXIS2_PLACEMENT_3D ( 'NONE', #3284, #4557, #1402 ) ;
#3416 = DIRECTION ( 'NONE',  ( 1.000000000000000000, 4.625929269276810133E-15, 0.000000000000000000 ) ) ;
#3417 = DIRECTION ( 'NONE',  ( -0.000000000000000000, 0.000000000000000000, 1.000000000000000000 ) ) ;
#3418 = EDGE_CURVE ( 'NONE', #6327, #7595, #5710, .T. ) ;
#3419 = DIRECTION ( 'NONE',  ( 0.7071067811865487940, -0.7071067811865463515, 0.000000000000000000 ) ) ;
#3420 = DESIGN_CONTEXT ( 'detailed design', #2904, 'design' ) ;
#3421 = DIRECTION ( 'NONE',  ( -1.000000000000000000, 0.000000000000000000, 0.000000000000000000 ) ) ;
#3422 = VERTEX_POINT ( 'NONE', #699 ) ;
#3423 = VECTOR ( 'NONE', #2495, 1000.000000000000000 ) ;
#3424 = ORIENTED_EDGE ( 'NONE', *, *, #3862, .F. ) ;
#3425 = DIRECTION ( 'NONE',  ( -0.000000000000000000, -0.000000000000000000, -1.000000000000000000 ) ) ;
#3426 = VERTEX_POINT ( 'NONE', #8145 ) ;
#3427 = VECTOR ( 'NONE', #758, 1000.000000000000000 ) ;
#3428 = EDGE_CURVE ( 'NONE', #4707, #2257, #7597, .T. ) ;
#3429 = AXIS2_PLACEMENT_3D ( 'NONE', #4639, #976, #4717 ) ;
#3430 = ORIENTED_EDGE ( 'NONE', *, *, #2363, .F. ) ;
#3431 = ORIENTED_EDGE ( 'NONE', *, *, #5701, .F. ) ;
#3432 = CARTESIAN_POINT ( 'NONE',  ( 35.00000000000010658, 10.39999999999719904, 130.0000000000000000 ) ) ;
#3433 = SECURITY_CLASSIFICATION_LEVEL ( 'unclassified' ) ;
#3434 = CARTESIAN_POINT ( 'NONE',  ( 35.00000000000191847, 36.99999999999725731, 0.000000000000000000 ) ) ;
#3435 =( REPRESENTATION_RELATIONSHIP ('NONE','NONE', #3517, #961 ) REPRESENTATION_RELATIONSHIP_WITH_TRANSFORMATION ( #666 )SHAPE_REPRESENTATION_RELATIONSHIP( ) );
#3436 = DIRECTION ( 'NONE',  ( 1.000000000000000000, 0.000000000000000000, -0.000000000000000000 ) ) ;
#3437 = CYLINDRICAL_SURFACE ( 'NONE', #199, 0.7636293187994260823 ) ;
#3438 = LINE ( 'NONE', #5966, #6840 ) ;
#3439 = ORIENTED_EDGE ( 'NONE', *, *, #2130, .T. ) ;
#3440 = VERTEX_POINT ( 'NONE', #2535 ) ;
#3441 = LINE ( 'NONE', #7807, #2813 ) ;
#3442 = DATE_AND_TIME ( #3603, #5361 ) ;
#3443 = CARTESIAN_POINT ( 'NONE',  ( 43.50000000000023448, 1.399999999996888400, 113.0000000000000142 ) ) ;
#3444 = CARTESIAN_POINT ( 'NONE',  ( -37.00000000000172662, 8.439999999966346422, 0.000000000000000000 ) ) ;
#3445 = LINE ( 'NONE', #2228, #3380 ) ;
#3446 = EDGE_CURVE ( 'NONE', #1950, #1167, #1783, .T. ) ;
#3447 = CARTESIAN_POINT ( 'NONE',  ( 33.74999999999638334, 2.999999999994903188, 0.000000000000000000 ) ) ;
#3448 = CYLINDRICAL_SURFACE ( 'NONE', #1336, 0.4999999999995285993 ) ;
#3449 = CARTESIAN_POINT ( 'NONE',  ( -33.24999999999658939, 2.999999999997227107, 0.000000000000000000 ) ) ;
#3450 = CARTESIAN_POINT ( 'NONE',  ( -32.19874955268664962, 37.99999999999504041, 0.000000000000000000 ) ) ;
#3451 = DIRECTION ( 'NONE',  ( 4.448008912757228678E-15, -1.000000000000000000, 0.000000000000000000 ) ) ;
#3452 = DIRECTION ( 'NONE',  ( 0.000000000000000000, -1.000000000000000000, 0.000000000000000000 ) ) ;
#3453 = FACE_OUTER_BOUND ( 'NONE', #8039, .T. ) ;
#3454 = AXIS2_PLACEMENT_3D ( 'NONE', #2995, #4143, #2472 ) ;
#3455 = FACE_OUTER_BOUND ( 'NONE', #3638, .T. ) ;
#3456 = ORIENTED_EDGE ( 'NONE', *, *, #2631, .F. ) ;
#3457 = ADVANCED_FACE ( 'NONE', ( #558 ), #7576, .F. ) ;
#3458 = EDGE_CURVE ( 'NONE', #345, #1972, #5756, .T. ) ;
#3459 = ORIENTED_EDGE ( 'NONE', *, *, #5804, .T. ) ;
#3460 = CARTESIAN_POINT ( 'NONE',  ( -36.49999999999842260, 37.99999999999981526, 0.000000000000000000 ) ) ;
#3461 = VECTOR ( 'NONE', #2537, 1000.000000000000000 ) ;
#3462 = EDGE_CURVE ( 'NONE', #4887, #7202, #2949, .T. ) ;
#3463 = ORIENTED_EDGE ( 'NONE', *, *, #5747, .T. ) ;
#3464 = AXIS2_PLACEMENT_3D ( 'NONE', #7994, #3564, #1762 ) ;
#3465 = VERTEX_POINT ( 'NONE', #6285 ) ;
#3466 = ORIENTED_EDGE ( 'NONE', *, *, #170, .T. ) ;
#3467 = DIRECTION ( 'NONE',  ( -0.000000000000000000, -0.000000000000000000, -1.000000000000000000 ) ) ;
#3468 = EDGE_CURVE ( 'NONE', #7009, #4398, #3188, .T. ) ;
#3469 = DATE_AND_TIME ( #399, #5785 ) ;
#3470 = CARTESIAN_POINT ( 'NONE',  ( -8.789265611616157930E-14, 18.99999999997885425, 130.0000000000000000 ) ) ;
#3471 = VERTEX_POINT ( 'NONE', #6194 ) ;
#3472 = EDGE_CURVE ( 'NONE', #3299, #238, #7669, .T. ) ;
#3473 = CARTESIAN_POINT ( 'NONE',  ( 38.50000000000086686, -8.881784197001252323E-13, 2.000000000000000000 ) ) ;
#3474 = AXIS2_PLACEMENT_3D ( 'NONE', #6616, #3968, #7156 ) ;
#3475 = DIRECTION ( 'NONE',  ( 0.000000000000000000, 0.000000000000000000, 1.000000000000000000 ) ) ;
#3476 = ORIENTED_EDGE ( 'NONE', *, *, #1343, .F. ) ;
#3477 = ORIENTED_EDGE ( 'NONE', *, *, #7740, .F. ) ;
#3478 = CARTESIAN_POINT ( 'NONE',  ( -34.99999999999658939, 2.999999999997227107, 0.000000000000000000 ) ) ;
#3479 = EDGE_CURVE ( 'NONE', #2166, #1328, #3093, .T. ) ;
#3480 = PERSON_AND_ORGANIZATION_ROLE ( 'classification_officer' ) ;
#3481 = DIRECTION ( 'NONE',  ( 1.000000000000000000, 0.000000000000000000, 0.000000000000000000 ) ) ;
#3482 = FACE_OUTER_BOUND ( 'NONE', #7793, .T. ) ;
#3483 = FACE_OUTER_BOUND ( 'NONE', #4290, .T. ) ;
#3484 = EDGE_CURVE ( 'NONE', #4784, #7243, #2707, .T. ) ;
#3485 = DIRECTION ( 'NONE',  ( -0.000000000000000000, -0.000000000000000000, -1.000000000000000000 ) ) ;
#3486 = PRODUCT_RELATED_PRODUCT_CATEGORY ( 'detail', '', ( #6308 ) ) ;
#3487 = CARTESIAN_POINT ( 'NONE',  ( -32.19874955267688676, 1.999999999998304245, 130.0000000000000000 ) ) ;
#3488 = DIRECTION ( 'NONE',  ( -0.000000000000000000, -0.000000000000000000, -1.000000000000000000 ) ) ;
#3489 = DIRECTION ( 'NONE',  ( 1.000000000000000000, 0.000000000000000000, 0.000000000000000000 ) ) ;
#3490 = LINE ( 'NONE', #5523, #5018 ) ;
#3491 = DIRECTION ( 'NONE',  ( 1.000000000000000000, 0.000000000000000000, 0.000000000000000000 ) ) ;
#3492 = AXIS2_PLACEMENT_3D ( 'NONE', #7514, #5645, #1858 ) ;
#3493 = AXIS2_PLACEMENT_3D ( 'NONE', #5792, #4617, #7700 ) ;
#3494 = CARTESIAN_POINT ( 'NONE',  ( -33.24999999999658939, 2.999999999997227107, 0.7499999999999947820 ) ) ;
#3495 = CARTESIAN_POINT ( 'NONE',  ( -38.50000000000006395, 24.99999999998600941, 130.0000000000000000 ) ) ;
#3496 = DIRECTION ( 'NONE',  ( -0.7071067811865487940, 0.7071067811865463515, 0.000000000000000000 ) ) ;
#3497 = ORIENTED_EDGE ( 'NONE', *, *, #5464, .T. ) ;
#3498 = ORIENTED_EDGE ( 'NONE', *, *, #71, .T. ) ;
#3499 = LINE ( 'NONE', #4119, #7751 ) ;
#3500 = CIRCLE ( 'NONE', #7489, 0.5000000000000420775 ) ;
#3501 = AXIS2_PLACEMENT_3D ( 'NONE', #1566, #4067, #5897 ) ;
#3502 = CARTESIAN_POINT ( 'NONE',  ( -36.75000000000014211, 36.99999999999725731, 0.000000000000000000 ) ) ;
#3503 = ORIENTED_EDGE ( 'NONE', *, *, #5173, .F. ) ;
#3504 = EDGE_CURVE ( 'NONE', #1704, #7859, #3052, .T. ) ;
#3505 =( GEOMETRIC_REPRESENTATION_CONTEXT ( 3 ) GLOBAL_UNCERTAINTY_ASSIGNED_CONTEXT ( ( #4153 ) ) GLOBAL_UNIT_ASSIGNED_CONTEXT ( ( #4824, #5441, #2404 ) ) REPRESENTATION_CONTEXT ( 'NONE', 'WORKASPACE' ) );
#3506 = VERTEX_POINT ( 'NONE', #1831 ) ;
#3507 = VERTEX_POINT ( 'NONE', #4333 ) ;
#3508 = ADVANCED_FACE ( 'NONE', ( #2575 ), #5755, .T. ) ;
#3509 = CARTESIAN_POINT ( 'NONE',  ( -38.50000000000002842, 14.43999999997367389, 130.0000000000000000 ) ) ;
#3510 = CALENDAR_DATE ( 2020, 16, 10 ) ;
#3511 = VECTOR ( 'NONE', #6058, 1000.000000000000000 ) ;
#3512 = FACE_OUTER_BOUND ( 'NONE', #7144, .T. ) ;
#3513 = LOCAL_TIME ( 15, 24, 6.000000000000000000, #4265 ) ;
#3514 = VERTEX_POINT ( 'NONE', #6864 ) ;
#3515 = EDGE_CURVE ( 'NONE', #1923, #1091, #6270, .T. ) ;
#3516 = EDGE_CURVE ( 'NONE', #2507, #2709, #3092, .T. ) ;
#3517 = SHAPE_REPRESENTATION ( 'YG-J26A-0000-000', ( #4459, #1023, #1970, #6022, #2215, #2741, #654, #512, #5120, #1555, #3129, #8148 ), #3505 ) ;
#3518 = CARTESIAN_POINT ( 'NONE',  ( -33.24999999999581490, 7.150000000003774225, 130.0000000000000000 ) ) ;
#3519 = AXIS2_PLACEMENT_3D ( 'NONE', #668, #3160, #5244 ) ;
#3520 = EDGE_LOOP ( 'NONE', ( #7746, #7495, #2485, #2145 ) ) ;
#3521 = ORIENTED_EDGE ( 'NONE', *, *, #3237, .F. ) ;
#3522 = DIRECTION ( 'NONE',  ( 1.000000000000000000, 0.000000000000000000, 0.000000000000000000 ) ) ;
#3523 = APPROVAL_DATE_TIME ( #5341, #434 ) ;
#3524 = CARTESIAN_POINT ( 'NONE',  ( -7.401486830831346027E-14, 15.99999999997510436, 0.000000000000000000 ) ) ;
#3525 = CARTESIAN_POINT ( 'NONE',  ( -36.50000000000034106, 39.99999999999723599, 130.0000000000000000 ) ) ;
#3526 = DIRECTION ( 'NONE',  ( -0.000000000000000000, 0.000000000000000000, 1.000000000000000000 ) ) ;
#3527 = CIRCLE ( 'NONE', #6182, 1.249999999999744427 ) ;
#3528 = FACE_OUTER_BOUND ( 'NONE', #6786, .T. ) ;
#3529 = DIRECTION ( 'NONE',  ( 0.000000000000000000, 1.000000000000000000, 0.000000000000000000 ) ) ;
#3530 = CARTESIAN_POINT ( 'NONE',  ( -34.99999999999618439, 9.149999999996872191, 130.0000000000000000 ) ) ;
#3531 = EDGE_CURVE ( 'NONE', #3540, #3300, #1256, .T. ) ;
#3532 = VECTOR ( 'NONE', #7485, 1000.000000000000000 ) ;
#3533 = DIRECTION ( 'NONE',  ( 1.000000000000000000, 4.625929269276810133E-15, 0.000000000000000000 ) ) ;
#3534 = DIRECTION ( 'NONE',  ( 1.000000000000000000, 4.448008912762273443E-15, -0.000000000000000000 ) ) ;
#3535 = CARTESIAN_POINT ( 'NONE',  ( 45.50000000000022737, 1.399999999996895284, 23.00000000000000711 ) ) ;
#3536 = CARTESIAN_POINT ( 'NONE',  ( -18.94999999999891216, 18.94999999999884466, 130.0000000000000000 ) ) ;
#3537 = CIRCLE ( 'NONE', #3951, 1.249999999999744427 ) ;
#3538 = LINE ( 'NONE', #6066, #2100 ) ;
#3539 = CARTESIAN_POINT ( 'NONE',  ( 9.938519914450412527E-17, -0.3199999999999999512, -1.600000000000000089 ) ) ;
#3540 = VERTEX_POINT ( 'NONE', #5666 ) ;
#3541 = EDGE_CURVE ( 'NONE', #3350, #3065, #4036, .T. ) ;
#3542 = ORIENTED_EDGE ( 'NONE', *, *, #1279, .F. ) ;
#3543 = DIRECTION ( 'NONE',  ( 0.000000000000000000, 1.000000000000000000, 0.000000000000000000 ) ) ;
#3544 = PRODUCT_DEFINITION ( '未知', '', #4166, #3420 ) ;
#3545 = CARTESIAN_POINT ( 'NONE',  ( -34.44536525786156744, 35.87978559961918990, 130.0000000000000000 ) ) ;
#3546 = ORIENTED_EDGE ( 'NONE', *, *, #3688, .F. ) ;
#3547 = EDGE_CURVE ( 'NONE', #4572, #6428, #7704, .T. ) ;
#3548 = VECTOR ( 'NONE', #423, 1000.000000000000000 ) ;
#3549 = ORIENTED_EDGE ( 'NONE', *, *, #3978, .T. ) ;
#3550 = ORIENTED_EDGE ( 'NONE', *, *, #6239, .T. ) ;
#3551 = ORIENTED_EDGE ( 'NONE', *, *, #6378, .F. ) ;
#3552 = DIRECTION ( 'NONE',  ( 0.7071067811865463515, 0.7071067811865487940, -0.000000000000000000 ) ) ;
#3553 = PERSON_AND_ORGANIZATION ( #3225, #4952 ) ;
#3554 = DIRECTION ( 'NONE',  ( -1.000000000000000000, 0.000000000000000000, 0.000000000000000000 ) ) ;
#3555 = AXIS2_PLACEMENT_3D ( 'NONE', #2645, #5155, #7761 ) ;
#3556 = ORIENTED_EDGE ( 'NONE', *, *, #1882, .F. ) ;
#3557 = EDGE_CURVE ( 'NONE', #3938, #2330, #1525, .T. ) ;
#3558 = CARTESIAN_POINT ( 'NONE',  ( -35.00000000000014211, 36.99999999999725731, 0.000000000000000000 ) ) ;
#3559 = ORIENTED_EDGE ( 'NONE', *, *, #459, .F. ) ;
#3560 = EDGE_LOOP ( 'NONE', ( #1695, #6282, #3430, #8105 ) ) ;
#3561 = ORIENTED_EDGE ( 'NONE', *, *, #4633, .F. ) ;
#3562 = EDGE_CURVE ( 'NONE', #5588, #1195, #2728, .T. ) ;
#3563 = EDGE_CURVE ( 'NONE', #4090, #5165, #1465, .T. ) ;
#3564 = DIRECTION ( 'NONE',  ( 3.516973622528387724E-15, -1.000000000000000000, 0.000000000000000000 ) ) ;
#3565 = PERSON_AND_ORGANIZATION ( #7757, #5787 ) ;
#3566 = CARTESIAN_POINT ( 'NONE',  ( 35.00000000000191847, 36.99999999999725731, 2.000000000000000000 ) ) ;
#3567 = DIRECTION ( 'NONE',  ( 0.000000000000000000, 0.000000000000000000, 1.000000000000000000 ) ) ;
#3568 = CARTESIAN_POINT ( 'NONE',  ( -33.24999999999580780, 6.400000000004301803, 0.000000000000000000 ) ) ;
#3569 = ADVANCED_FACE ( 'NONE', ( #2041 ), #4654, .T. ) ;
#3570 = CARTESIAN_POINT ( 'NONE',  ( -3.969047313029125460E-14, 11.43999999997014072, 130.0000000000000000 ) ) ;
#3571 = DIRECTION ( 'NONE',  ( -0.000000000000000000, -0.000000000000000000, -1.000000000000000000 ) ) ;
#3572 = CARTESIAN_POINT ( 'NONE',  ( -1.017704439240081080E-13, 21.99999999998243538, 0.000000000000000000 ) ) ;
#3573 = ORIENTED_EDGE ( 'NONE', *, *, #6373, .T. ) ;
#3574 = LINE ( 'NONE', #6101, #1065 ) ;
#3575 = CARTESIAN_POINT ( 'NONE',  ( -37.00000000000167688, -1.645763297720249119E-13, 130.0000000000000000 ) ) ;
#3576 = ORIENTED_EDGE ( 'NONE', *, *, #7113, .F. ) ;
#3577 = DIRECTION ( 'NONE',  ( -0.000000000000000000, 1.000000000000000000, -0.000000000000000000 ) ) ;
#3578 = CARTESIAN_POINT ( 'NONE',  ( -33.24999999999580780, 6.400000000004301803, 130.0000000000000000 ) ) ;
#3579 = CIRCLE ( 'NONE', #6501, 1.250000000000195399 ) ;
#3580 = CARTESIAN_POINT ( 'NONE',  ( -32.06620911920614247, 2.482113092016013933, 130.0000000000000000 ) ) ;
#3581 = VERTEX_POINT ( 'NONE', #7739 ) ;
#3582 = EDGE_LOOP ( 'NONE', ( #2554, #7130, #852, #2640 ) ) ;
#3583 = DIRECTION ( 'NONE',  ( 0.000000000000000000, 0.000000000000000000, 1.000000000000000000 ) ) ;
#3584 = CARTESIAN_POINT ( 'NONE',  ( 0.000000000000000000, 0.3200000000000000067, 1.600000000000000089 ) ) ;
#3585 = DIRECTION ( 'NONE',  ( -0.000000000000000000, -0.000000000000000000, -1.000000000000000000 ) ) ;
#3586 = ORIENTED_EDGE ( 'NONE', *, *, #7304, .F. ) ;
#3587 = CIRCLE ( 'NONE', #2418, 0.2500000000003055334 ) ;
#3588 = VERTEX_POINT ( 'NONE', #7815 ) ;
#3589 = VERTEX_POINT ( 'NONE', #1530 ) ;
#3590 = ORIENTED_EDGE ( 'NONE', *, *, #865, .T. ) ;
#3591 = DIRECTION ( 'NONE',  ( -0.000000000000000000, 0.000000000000000000, 1.000000000000000000 ) ) ;
#3592 = AXIS2_PLACEMENT_3D ( 'NONE', #3478, #1022, #5380 ) ;
#3593 = CONTEXT_DEPENDENT_SHAPE_REPRESENTATION ( #7248, #673 ) ;
#3594 = DIRECTION ( 'NONE',  ( -1.000000000000000000, -3.469446951957591626E-15, 0.000000000000000000 ) ) ;
#3595 = ORIENTED_EDGE ( 'NONE', *, *, #4982, .F. ) ;
#3596 = ADVANCED_FACE ( 'NONE', ( #6460 ), #7152, .T. ) ;
#3597 = AXIS2_PLACEMENT_3D ( 'NONE', #4016, #4128, #6545 ) ;
#3598 = CARTESIAN_POINT ( 'NONE',  ( -34.99999999999612754, -2.428612866375634626E-13, 130.0000000000000000 ) ) ;
#3599 = ORIENTED_EDGE ( 'NONE', *, *, #4490, .T. ) ;
#3600 = ORIENTED_EDGE ( 'NONE', *, *, #5032, .T. ) ;
#3601 = ORIENTED_EDGE ( 'NONE', *, *, #3504, .F. ) ;
#3602 = DIRECTION ( 'NONE',  ( -1.000000000000000000, -3.469446951953622866E-15, 0.000000000000000000 ) ) ;
#3603 = CALENDAR_DATE ( 2020, 16, 10 ) ;
#3604 = ADVANCED_FACE ( 'NONE', ( #2660 ), #921, .T. ) ;
#3605 = DIRECTION ( 'NONE',  ( -0.000000000000000000, -0.000000000000000000, -1.000000000000000000 ) ) ;
#3606 = CIRCLE ( 'NONE', #3597, 1.750000000000001554 ) ;
#3607 = PLANE ( 'NONE',  #4289 ) ;
#3608 = DIRECTION ( 'NONE',  ( -0.000000000000000000, -0.000000000000000000, -1.000000000000000000 ) ) ;
#3609 = CARTESIAN_POINT ( 'NONE',  ( -32.50000000000164846, 36.99999999999535305, 130.0000000000000000 ) ) ;
#3610 = ADVANCED_FACE ( 'NONE', ( #3344 ), #1389, .F. ) ;
#3611 = FACE_OUTER_BOUND ( 'NONE', #5358, .T. ) ;
#3612 = CARTESIAN_POINT ( 'NONE',  ( 34.74999999999890576, 6.149999999999999467, 0.000000000000000000 ) ) ;
#3613 = LINE ( 'NONE', #1115, #7765 ) ;
#3614 = ORIENTED_EDGE ( 'NONE', *, *, #7261, .F. ) ;
#3615 = VECTOR ( 'NONE', #3853, 1000.000000000000000 ) ;
#3616 = EDGE_CURVE ( 'NONE', #3589, #5591, #3413, .T. ) ;
#3617 = LINE ( 'NONE', #5607, #4767 ) ;
#3618 = LINE ( 'NONE', #508, #3177 ) ;
#3619 = DIRECTION ( 'NONE',  ( -0.000000000000000000, 0.000000000000000000, 1.000000000000000000 ) ) ;
#3620 = ORIENTED_EDGE ( 'NONE', *, *, #4472, .F. ) ;
#3621 = ADVANCED_FACE ( 'NONE', ( #3964 ), #878, .T. ) ;
#3622 = DIRECTION ( 'NONE',  ( -0.000000000000000000, -0.000000000000000000, -1.000000000000000000 ) ) ;
#3623 = FACE_OUTER_BOUND ( 'NONE', #7521, .T. ) ;
#3624 = CARTESIAN_POINT ( 'NONE',  ( 45.50000000000026290, -8.600000000003104716, 23.00000000000000711 ) ) ;
#3625 = ORIENTED_EDGE ( 'NONE', *, *, #3676, .T. ) ;
#3626 = ORIENTED_EDGE ( 'NONE', *, *, #17, .T. ) ;
#3627 = DIRECTION ( 'NONE',  ( 1.000000000000000000, 0.000000000000000000, 0.000000000000000000 ) ) ;
#3628 = VECTOR ( 'NONE', #1565, 1000.000000000000000 ) ;
#3629 = ORIENTED_EDGE ( 'NONE', *, *, #4026, .F. ) ;
#3630 = SECURITY_CLASSIFICATION ( '', '', #7512 ) ;
#3631 = CARTESIAN_POINT ( 'NONE',  ( -4.510281037534994941E-14, 12.99999999997147881, 130.0000000000000000 ) ) ;
#3632 = CARTESIAN_POINT ( 'NONE',  ( -32.99999999999517541, 6.900000000003137401, 0.000000000000000000 ) ) ;
#3633 = VERTEX_POINT ( 'NONE', #3891 ) ;
#3634 = ORIENTED_EDGE ( 'NONE', *, *, #522, .F. ) ;
#3635 = AXIS2_PLACEMENT_3D ( 'NONE', #1460, #7034, #104 ) ;
#3636 = CIRCLE ( 'NONE', #1017, 2.600000000000000533 ) ;
#3637 = EDGE_LOOP ( 'NONE', ( #3830, #4790, #4644, #3551 ) ) ;
#3638 = EDGE_LOOP ( 'NONE', ( #6290, #4554, #5006, #7105 ) ) ;
#3639 = DIRECTION ( 'NONE',  ( 0.000000000000000000, 0.000000000000000000, 1.000000000000000000 ) ) ;
#3640 = EDGE_CURVE ( 'NONE', #1800, #2371, #2189, .T. ) ;
#3641 = PERSON_AND_ORGANIZATION_ROLE ( 'classification_officer' ) ;
#3642 = LINE ( 'NONE', #8115, #3828 ) ;
#3643 = VERTEX_POINT ( 'NONE', #4583 ) ;
#3644 = VECTOR ( 'NONE', #1992, 1000.000000000000000 ) ;
#3645 = VECTOR ( 'NONE', #5824, 1000.000000000000000 ) ;
#3646 = VERTEX_POINT ( 'NONE', #814 ) ;
#3647 = ORIENTED_EDGE ( 'NONE', *, *, #3838, .T. ) ;
#3648 = EDGE_LOOP ( 'NONE', ( #3681, #2718, #3070, #8026 ) ) ;
#3649 = LINE ( 'NONE', #6532, #3145 ) ;
#3650 = AXIS2_PLACEMENT_3D ( 'NONE', #600, #6861, #3090 ) ;
#3651 = DIRECTION ( 'NONE',  ( -1.000000000000000000, -3.469446951953611033E-15, 0.000000000000000000 ) ) ;
#3652 = CC_DESIGN_APPROVAL ( #434, ( #6448 ) ) ;
#3653 = PERSON_AND_ORGANIZATION_ROLE ( 'design_owner' ) ;
#3654 = PLANE ( 'NONE',  #5405 ) ;
#3655 = CARTESIAN_POINT ( 'NONE',  ( 32.49999999999663913, 2.999999999994894306, 130.0000000000000000 ) ) ;
#3656 = DIRECTION ( 'NONE',  ( -1.000000000000000000, 0.000000000000000000, 0.000000000000000000 ) ) ;
#3657 = DIRECTION ( 'NONE',  ( 1.000000000000000000, 4.625929269276788834E-15, 0.000000000000000000 ) ) ;
#3658 = CARTESIAN_POINT ( 'NONE',  ( -4.876602963038922416E-15, 1.399999999996736744, 130.0000000000000000 ) ) ;
#3659 = DIRECTION ( 'NONE',  ( -1.000000000000000000, -3.469446951957575454E-15, 0.000000000000000000 ) ) ;
#3660 = CARTESIAN_POINT ( 'NONE',  ( 36.99999999999982947, 24.99999999998627231, 130.0000000000000000 ) ) ;
#3661 = ORIENTED_EDGE ( 'NONE', *, *, #3504, .T. ) ;
#3662 = CIRCLE ( 'NONE', #6172, 2.000000000000334843 ) ;
#3663 = PRODUCT_DEFINITION_SHAPE ( 'NONE', 'NONE',  #8163 ) ;
#3664 = CARTESIAN_POINT ( 'NONE',  ( 36.99999999999985789, 17.43999999997760142, 0.000000000000000000 ) ) ;
#3665 = DIRECTION ( 'NONE',  ( 1.000000000000000000, 4.818676322150006782E-15, -0.000000000000000000 ) ) ;
#3666 = DIRECTION ( 'NONE',  ( 4.956352788497848358E-15, -1.000000000000000000, 0.000000000000000000 ) ) ;
#3667 = ORIENTED_EDGE ( 'NONE', *, *, #8058, .F. ) ;
#3668 = DIRECTION ( 'NONE',  ( 1.000000000000000000, 4.818676322150006782E-15, -0.000000000000000000 ) ) ;
#3669 = CYLINDRICAL_SURFACE ( 'NONE', #2359, 0.7636293187994260823 ) ;
#3670 = EDGE_CURVE ( 'NONE', #3333, #1100, #2768, .T. ) ;
#3671 = VECTOR ( 'NONE', #5805, 1000.000000000000000 ) ;
#3672 = DIRECTION ( 'NONE',  ( -0.000000000000000000, 0.000000000000000000, 1.000000000000000000 ) ) ;
#3673 = CARTESIAN_POINT ( 'NONE',  ( 0.000000000000000000, 7.149999999999887557, 0.000000000000000000 ) ) ;
#3674 = ORIENTED_EDGE ( 'NONE', *, *, #39, .T. ) ;
#3675 = CARTESIAN_POINT ( 'NONE',  ( -73.95014431231915353, 22.73639505401884264, 166.4835910718210243 ) ) ;
#3676 = EDGE_CURVE ( 'NONE', #5643, #1906, #5312, .T. ) ;
#3677 = ORIENTED_EDGE ( 'NONE', *, *, #2456, .F. ) ;
#3678 = CARTESIAN_POINT ( 'NONE',  ( -38.49999999999889155, 37.99999999999834444, 130.0000000000000000 ) ) ;
#3679 = CARTESIAN_POINT ( 'NONE',  ( 5.421010862427511077E-17, 0.3199999999999999512, 0.6199999999999999956 ) ) ;
#3680 = VECTOR ( 'NONE', #6057, 1000.000000000000000 ) ;
#3681 = ORIENTED_EDGE ( 'NONE', *, *, #2687, .F. ) ;
#3682 = EDGE_LOOP ( 'NONE', ( #4502, #1977, #696, #3689 ) ) ;
#3683 = ORIENTED_EDGE ( 'NONE', *, *, #5350, .F. ) ;
#3684 = ORIENTED_EDGE ( 'NONE', *, *, #5764, .F. ) ;
#3685 = CARTESIAN_POINT ( 'NONE',  ( -38.50000000000009237, 32.43999999999566342, 0.000000000000000000 ) ) ;
#3686 = DATE_AND_TIME ( #6212, #885 ) ;
#3687 = DIRECTION ( 'NONE',  ( 4.818676322150006782E-15, -1.000000000000000000, 0.000000000000000000 ) ) ;
#3688 = EDGE_CURVE ( 'NONE', #2351, #6204, #6494, .T. ) ;
#3689 = ORIENTED_EDGE ( 'NONE', *, *, #2529, .T. ) ;
#3690 = ADVANCED_FACE ( 'NONE', ( #772 ), #3929, .T. ) ;
#3691 = ORIENTED_EDGE ( 'NONE', *, *, #2137, .F. ) ;
#3692 = ORIENTED_EDGE ( 'NONE', *, *, #3670, .T. ) ;
#3693 = ORIENTED_EDGE ( 'NONE', *, *, #6196, .F. ) ;
#3694 = FACE_BOUND ( 'NONE', #7029, .T. ) ;
#3695 = CALENDAR_DATE ( 2020, 16, 10 ) ;
#3696 = VECTOR ( 'NONE', #1221, 1000.000000000000000 ) ;
#3697 = CARTESIAN_POINT ( 'NONE',  ( 2.094678597250303244E-15, -0.6000000000021543656, 130.0000000000000000 ) ) ;
#3698 = DIRECTION ( 'NONE',  ( -0.000000000000000000, 0.000000000000000000, 1.000000000000000000 ) ) ;
#3699 = DIRECTION ( 'NONE',  ( -0.000000000000000000, -0.000000000000000000, -1.000000000000000000 ) ) ;
#3700 = DIRECTION ( 'NONE',  ( -0.000000000000000000, 0.000000000000000000, 1.000000000000000000 ) ) ;
#3701 = ADVANCED_FACE ( 'NONE', ( #5979 ), #420, .F. ) ;
#3702 = DIRECTION ( 'NONE',  ( 0.000000000000000000, 0.000000000000000000, -1.000000000000000000 ) ) ;
#3703 = DIRECTION ( 'NONE',  ( 4.818676322150006782E-15, -1.000000000000000000, 0.000000000000000000 ) ) ;
#3704 = LINE ( 'NONE', #5076, #6977 ) ;
#3705 = VERTEX_POINT ( 'NONE', #2914 ) ;
#3706 = AXIS2_PLACEMENT_3D ( 'NONE', #2930, #1554, #1054 ) ;
#3707 = DIRECTION ( 'NONE',  ( -0.000000000000000000, 0.000000000000000000, 1.000000000000000000 ) ) ;
#3708 = LINE ( 'NONE', #3136, #1155 ) ;
#3709 = LINE ( 'NONE', #553, #6292 ) ;
#3710 = ORIENTED_EDGE ( 'NONE', *, *, #7837, .T. ) ;
#3711 = CARTESIAN_POINT ( 'NONE',  ( -32.49999999999558753, 2.999999999997816857, 130.0000000000000000 ) ) ;
#3712 = DIRECTION ( 'NONE',  ( 0.000000000000000000, 0.000000000000000000, -1.000000000000000000 ) ) ;
#3713 = CARTESIAN_POINT ( 'NONE',  ( 43.50000000000022737, 1.399999999996888400, 23.00000000000000711 ) ) ;
#3714 = DIRECTION ( 'NONE',  ( -1.000000000000000000, -3.469446951957575454E-15, 0.000000000000000000 ) ) ;
#3715 = CARTESIAN_POINT ( 'NONE',  ( -108.9501443123158424, 25.73639505401568428, 34.63359107182103713 ) ) ;
#3716 = ORIENTED_EDGE ( 'NONE', *, *, #3023, .F. ) ;
#3717 = CARTESIAN_POINT ( 'NONE',  ( 38.49999999999809575, 29.43999999999227413, 130.0000000000000000 ) ) ;
#3718 = DIRECTION ( 'NONE',  ( -0.000000000000000000, -0.000000000000000000, -1.000000000000000000 ) ) ;
#3719 = VECTOR ( 'NONE', #4809, 1000.000000000000000 ) ;
#3720 = ORIENTED_EDGE ( 'NONE', *, *, #115, .T. ) ;
#3721 = ADVANCED_FACE ( 'NONE', ( #1640 ), #992, .F. ) ;
#3722 = EDGE_CURVE ( 'NONE', #473, #1841, #1727, .T. ) ;
#3723 = DIRECTION ( 'NONE',  ( -1.000000000000000000, 0.000000000000000000, 0.000000000000000000 ) ) ;
#3724 = ORIENTED_EDGE ( 'NONE', *, *, #6345, .T. ) ;
#3725 = VERTEX_POINT ( 'NONE', #2349 ) ;
#3726 = ORIENTED_EDGE ( 'NONE', *, *, #5504, .T. ) ;
#3727 = DIRECTION ( 'NONE',  ( 4.818676322150006782E-15, -1.000000000000000000, 0.000000000000000000 ) ) ;
#3728 = EDGE_CURVE ( 'NONE', #1549, #3938, #4108, .T. ) ;
#3729 = CARTESIAN_POINT ( 'NONE',  ( 0.8249999999999999556, -0.6199999999999998845, 0.3199999999999999512 ) ) ;
#3730 = EDGE_LOOP ( 'NONE', ( #2827, #6781, #3202, #3321 ) ) ;
#3731 = VECTOR ( 'NONE', #11, 1000.000000000000000 ) ;
#3732 = ORIENTED_EDGE ( 'NONE', *, *, #1971, .T. ) ;
#3733 = ORIENTED_EDGE ( 'NONE', *, *, #1496, .F. ) ;
#3734 = VERTEX_POINT ( 'NONE', #4190 ) ;
#3735 = LINE ( 'NONE', #4354, #2816 ) ;
#3736 = ORIENTED_EDGE ( 'NONE', *, *, #1538, .F. ) ;
#3737 = PERSON_AND_ORGANIZATION_ROLE ( 'classification_officer' ) ;
#3738 = CARTESIAN_POINT ( 'NONE',  ( -36.75000000000014211, 36.99999999999725731, 0.7499999999999952260 ) ) ;
#3739 = CARTESIAN_POINT ( 'NONE',  ( 1.084202172485499997E-16, 0.3199999999999999512, 0.000000000000000000 ) ) ;
#3740 = CYLINDRICAL_SURFACE ( 'NONE', #1359, 0.7096046754416635016 ) ;
#3741 = CARTESIAN_POINT ( 'NONE',  ( -33.24999999999803890, 9.899999999996349942, 130.0000000000000000 ) ) ;
#3742 = VECTOR ( 'NONE', #5888, 1000.000000000000000 ) ;
#3743 = DIRECTION ( 'NONE',  ( 0.000000000000000000, 0.000000000000000000, 1.000000000000000000 ) ) ;
#3744 = LINE ( 'NONE', #548, #2761 ) ;
#3745 = EDGE_CURVE ( 'NONE', #1195, #4355, #6679, .T. ) ;
#3746 = PLANE ( 'NONE',  #4173 ) ;
#3747 = ORIENTED_EDGE ( 'NONE', *, *, #7145, .F. ) ;
#3748 = PLANE ( 'NONE',  #4382 ) ;
#3749 = DIRECTION ( 'NONE',  ( 0.000000000000000000, -1.000000000000000000, 0.000000000000000000 ) ) ;
#3750 = AXIS2_PLACEMENT_3D ( 'NONE', #7194, #4004, #7784 ) ;
#3751 = CARTESIAN_POINT ( 'NONE',  ( -1.500651454953198252E-13, 32.43999999999584816, 130.0000000000000000 ) ) ;
#3752 = ORIENTED_EDGE ( 'NONE', *, *, #4503, .T. ) ;
#3753 = LINE ( 'NONE', #3269, #8147 ) ;
#3754 = DIRECTION ( 'NONE',  ( 1.000000000000000000, 0.000000000000000000, 0.000000000000000000 ) ) ;
#3755 = CARTESIAN_POINT ( 'NONE',  ( 33.25000000000191847, 36.99999999999725731, 0.000000000000000000 ) ) ;
#3756 = VECTOR ( 'NONE', #5942, 1000.000000000000000 ) ;
#3757 = FACE_OUTER_BOUND ( 'NONE', #1758, .T. ) ;
#3758 = DIRECTION ( 'NONE',  ( -5.551115123125782702E-17, 1.387778780781445676E-16, -1.000000000000000000 ) ) ;
#3759 = EDGE_CURVE ( 'NONE', #4095, #4024, #6608, .T. ) ;
#3760 = ORIENTED_EDGE ( 'NONE', *, *, #5855, .F. ) ;
#3761 = DIRECTION ( 'NONE',  ( 0.000000000000000000, -1.000000000000000000, 0.000000000000000000 ) ) ;
#3762 = DIRECTION ( 'NONE',  ( 4.448008912757228678E-15, -1.000000000000000000, 0.000000000000000000 ) ) ;
#3763 = ORIENTED_EDGE ( 'NONE', *, *, #7676, .F. ) ;
#3764 = CARTESIAN_POINT ( 'NONE',  ( 47.90000000000116387, 1.399999999996904387, 130.0000000000000000 ) ) ;
#3765 = ORIENTED_EDGE ( 'NONE', *, *, #360, .T. ) ;
#3766 = ORIENTED_EDGE ( 'NONE', *, *, #5146, .F. ) ;
#3767 = CARTESIAN_POINT ( 'NONE',  ( -1.295260195397027557E-13, 27.99999999998976818, 0.000000000000000000 ) ) ;
#3768 = DATE_TIME_ROLE ( 'classification_date' ) ;
#3769 = CARTESIAN_POINT ( 'NONE',  ( -34.99999999999658939, 2.999999999997227107, 2.000000000000000000 ) ) ;
#3770 = CARTESIAN_POINT ( 'NONE',  ( 34.99999999999836575, 2.999999999997227107, 0.7499999999999947820 ) ) ;
#3771 = ORIENTED_EDGE ( 'NONE', *, *, #5711, .F. ) ;
#3772 = VECTOR ( 'NONE', #5748, 1000.000000000000000 ) ;
#3773 = VECTOR ( 'NONE', #3885, 1000.000000000000000 ) ;
#3774 = EDGE_CURVE ( 'NONE', #192, #6872, #7344, .T. ) ;
#3775 = VERTEX_POINT ( 'NONE', #379 ) ;
#3776 = EDGE_LOOP ( 'NONE', ( #1403, #134, #1664, #3102 ) ) ;
#3777 = ORIENTED_EDGE ( 'NONE', *, *, #1489, .T. ) ;
#3778 = FACE_OUTER_BOUND ( 'NONE', #7553, .T. ) ;
#3779 = ORIENTED_EDGE ( 'NONE', *, *, #5943, .T. ) ;
#3780 = CALENDAR_DATE ( 2020, 16, 10 ) ;
#3781 = EDGE_CURVE ( 'NONE', #3841, #2861, #4233, .T. ) ;
#3782 = DIRECTION ( 'NONE',  ( -1.000000000000000000, -3.516973622528387724E-15, 0.000000000000000000 ) ) ;
#3783 = EDGE_CURVE ( 'NONE', #4782, #3795, #2997, .T. ) ;
#3784 = VECTOR ( 'NONE', #5694, 1000.000000000000000 ) ;
#3785 = VECTOR ( 'NONE', #2570, 1000.000000000000000 ) ;
#3786 = CARTESIAN_POINT ( 'NONE',  ( 45.50000000000024158, -0.6000000000019947155, 17.00000000000000000 ) ) ;
#3787 = CARTESIAN_POINT ( 'NONE',  ( -41.49999999999975842, 1.399999999996592193, 106.9999999999999574 ) ) ;
#3788 = CARTESIAN_POINT ( 'NONE',  ( 38.49999999999810996, 26.43999999998860773, 130.0000000000000000 ) ) ;
#3789 = CARTESIAN_POINT ( 'NONE',  ( 37.90000000000137703, 1.323271427421595820E-13, 130.0000000000000000 ) ) ;
#3790 = FACE_OUTER_BOUND ( 'NONE', #2778, .T. ) ;
#3791 = LOCAL_TIME ( 15, 24, 6.000000000000000000, #136 ) ;
#3792 = VECTOR ( 'NONE', #5570, 1000.000000000000000 ) ;
#3793 = LOCAL_TIME ( 15, 24, 6.000000000000000000, #7705 ) ;
#3794 = FACE_OUTER_BOUND ( 'NONE', #3403, .T. ) ;
#3795 = VERTEX_POINT ( 'NONE', #2875 ) ;
#3796 = ORIENTED_EDGE ( 'NONE', *, *, #963, .F. ) ;
#3797 = CARTESIAN_POINT ( 'NONE',  ( -34.99999999999617017, 7.150000000003768008, 0.000000000000000000 ) ) ;
#3798 = LINE ( 'NONE', #1209, #237 ) ;
#3799 = DIRECTION ( 'NONE',  ( 0.000000000000000000, -1.000000000000000000, 0.000000000000000000 ) ) ;
#3800 = VECTOR ( 'NONE', #592, 1000.000000000000000 ) ;
#3801 = ORIENTED_EDGE ( 'NONE', *, *, #7327, .F. ) ;
#3802 = LINE ( 'NONE', #6335, #511 ) ;
#3803 = LINE ( 'NONE', #6336, #532 ) ;
#3804 = EDGE_CURVE ( 'NONE', #7016, #6414, #2305, .T. ) ;
#3805 = DIRECTION ( 'NONE',  ( -0.000000000000000000, 0.000000000000000000, 1.000000000000000000 ) ) ;
#3806 = CARTESIAN_POINT ( 'NONE',  ( 36.99999999999980815, 30.99999999999360512, 130.0000000000000000 ) ) ;
#3807 = AXIS2_PLACEMENT_3D ( 'NONE', #1080, #1612, #4079 ) ;
#3808 = APPROVAL_DATE_TIME ( #4424, #1742 ) ;
#3809 = VERTEX_POINT ( 'NONE', #7390 ) ;
#3810 = DIRECTION ( 'NONE',  ( -3.965082230808324988E-15, 1.000000000000000000, 0.000000000000000000 ) ) ;
#3811 = ORIENTED_EDGE ( 'NONE', *, *, #7617, .T. ) ;
#3812 = AXIS2_PLACEMENT_3D ( 'NONE', #5087, #1350, #8100 ) ;
#3813 = EDGE_CURVE ( 'NONE', #7408, #1972, #6765, .T. ) ;
#3814 = DIRECTION ( 'NONE',  ( -1.000000000000000000, -3.469446951953635094E-15, 0.000000000000000000 ) ) ;
#3815 = ORIENTED_EDGE ( 'NONE', *, *, #6278, .F. ) ;
#3816 = CC_DESIGN_DATE_AND_TIME_ASSIGNMENT ( #5713, #4684, ( #7760 ) ) ;
#3817 = VERTEX_POINT ( 'NONE', #5388 ) ;
#3818 = DIRECTION ( 'NONE',  ( 3.469446951957591626E-15, -1.000000000000000000, 0.000000000000000000 ) ) ;
#3819 = CIRCLE ( 'NONE', #7000, 1.999999999999988010 ) ;
#3820 = DATE_AND_TIME ( #2504, #6433 ) ;
#3821 = DIRECTION ( 'NONE',  ( 1.000000000000000000, 0.000000000000000000, 0.000000000000000000 ) ) ;
#3822 = CARTESIAN_POINT ( 'NONE',  ( 36.99999999999982947, 26.43999999998860062, 0.000000000000000000 ) ) ;
#3823 = EDGE_CURVE ( 'NONE', #6361, #3240, #3613, .T. ) ;
#3824 = ORIENTED_EDGE ( 'NONE', *, *, #6146, .F. ) ;
#3825 = ORIENTED_EDGE ( 'NONE', *, *, #1650, .F. ) ;
#3826 = ORIENTED_EDGE ( 'NONE', *, *, #1537, .F. ) ;
#3827 = EDGE_LOOP ( 'NONE', ( #7583, #33, #2032, #3899 ) ) ;
#3828 = VECTOR ( 'NONE', #534, 1000.000000000000000 ) ;
#3829 = CARTESIAN_POINT ( 'NONE',  ( 32.19874955269535377, 1.999999999998304245, 130.0000000000000000 ) ) ;
#3830 = ORIENTED_EDGE ( 'NONE', *, *, #3728, .T. ) ;
#3831 = COORDINATED_UNIVERSAL_TIME_OFFSET ( 8, 0, .AHEAD. ) ;
#3832 = CARTESIAN_POINT ( 'NONE',  ( 36.99999999999980815, 30.99999999999360512, 130.0000000000000000 ) ) ;
#3833 = CARTESIAN_POINT ( 'NONE',  ( -38.50000000000000000, 5.439999999962673805, 0.000000000000000000 ) ) ;
#3834 = CARTESIAN_POINT ( 'NONE',  ( -45.49999999999975131, -0.6000000000023132385, 22.99999999999999289 ) ) ;
#3835 = EDGE_CURVE ( 'NONE', #1586, #160, #6572, .T. ) ;
#3836 = PLANE ( 'NONE',  #1756 ) ;
#3837 = LINE ( 'NONE', #7563, #1464 ) ;
#3838 = EDGE_CURVE ( 'NONE', #8135, #7825, #4145, .T. ) ;
#3839 = EDGE_CURVE ( 'NONE', #6826, #7177, #1033, .T. ) ;
#3840 = DIRECTION ( 'NONE',  ( 1.000000000000000000, 3.528251137580202979E-15, -0.000000000000000000 ) ) ;
#3841 = VERTEX_POINT ( 'NONE', #3530 ) ;
#3842 = VECTOR ( 'NONE', #1699, 1000.000000000000000 ) ;
#3843 = VERTEX_POINT ( 'NONE', #6722 ) ;
#3844 = EDGE_CURVE ( 'NONE', #430, #3351, #907, .T. ) ;
#3845 = DIRECTION ( 'NONE',  ( -1.000000000000000000, 0.000000000000000000, 0.000000000000000000 ) ) ;
#3846 = CARTESIAN_POINT ( 'NONE',  ( -5.009881398617674750E-14, 14.43999999997380712, 130.0000000000000000 ) ) ;
#3847 = CARTESIAN_POINT ( 'NONE',  ( -37.00000000000174794, 14.43999999997367922, 0.000000000000000000 ) ) ;
#3848 = EDGE_CURVE ( 'NONE', #6950, #7864, #1314, .T. ) ;
#3849 = ORIENTED_EDGE ( 'NONE', *, *, #1955, .F. ) ;
#3850 = AXIS2_PLACEMENT_3D ( 'NONE', #5262, #245, #5847 ) ;
#3851 = CARTESIAN_POINT ( 'NONE',  ( 34.99999999999657518, 2.999999999994909405, 130.0000000000000000 ) ) ;
#3852 = CARTESIAN_POINT ( 'NONE',  ( 6.000000000000000000, 0.000000000000000000, 0.000000000000000000 ) ) ;
#3853 = DIRECTION ( 'NONE',  ( -0.000000000000000000, -0.000000000000000000, 1.000000000000000000 ) ) ;
#3854 = VECTOR ( 'NONE', #7019, 1000.000000000000000 ) ;
#3855 = ADVANCED_FACE ( 'NONE', ( #6854 ), #1817, .F. ) ;
#3856 = LINE ( 'NONE', #559, #3461 ) ;
#3857 = PERSON_AND_ORGANIZATION ( #7757, #5787 ) ;
#3858 = ORIENTED_EDGE ( 'NONE', *, *, #2552, .F. ) ;
#3859 = FACE_OUTER_BOUND ( 'NONE', #2438, .T. ) ;
#3860 = LINE ( 'NONE', #3898, #2178 ) ;
#3861 = VERTEX_POINT ( 'NONE', #6943 ) ;
#3862 = EDGE_CURVE ( 'NONE', #7631, #1341, #1206, .T. ) ;
#3863 = EDGE_LOOP ( 'NONE', ( #3466, #1467, #2545, #1488 ) ) ;
#3864 = DIRECTION ( 'NONE',  ( -1.000000000000000000, -3.483287830750206171E-15, 0.000000000000000000 ) ) ;
#3865 = CARTESIAN_POINT ( 'NONE',  ( 33.24999999999707256, 6.399999999999860911, 0.000000000000000000 ) ) ;
#3866 = VERTEX_POINT ( 'NONE', #3041 ) ;
#3867 = VECTOR ( 'NONE', #5474, 1000.000000000000000 ) ;
#3868 = ORIENTED_EDGE ( 'NONE', *, *, #1053, .F. ) ;
#3869 = ORIENTED_EDGE ( 'NONE', *, *, #3547, .T. ) ;
#3870 = DIRECTION ( 'NONE',  ( -0.000000000000000000, -0.000000000000000000, -1.000000000000000000 ) ) ;
#3871 = COORDINATED_UNIVERSAL_TIME_OFFSET ( 8, 0, .AHEAD. ) ;
#3872 = LINE ( 'NONE', #5846, #4367 ) ;
#3873 = EDGE_CURVE ( 'NONE', #1893, #6214, #2345, .T. ) ;
#3874 = DIRECTION ( 'NONE',  ( 4.448008912757228678E-15, -1.000000000000000000, 0.000000000000000000 ) ) ;
#3875 = LINE ( 'NONE', #5224, #4960 ) ;
#3876 = CARTESIAN_POINT ( 'NONE',  ( -35.00000000000014211, 36.99999999999725731, 0.7499999999999952260 ) ) ;
#3877 = AXIS2_PLACEMENT_3D ( 'NONE', #722, #5741, #97 ) ;
#3878 = CARTESIAN_POINT ( 'NONE',  ( 0.8249999999999992895, 1.123686027918558761, -0.3200000000000000067 ) ) ;
#3879 = APPLICATION_CONTEXT ( 'configuration controlled 3d designs of mechanical parts and assemblies' ) ;
#3880 = ORIENTED_EDGE ( 'NONE', *, *, #3038, .F. ) ;
#3881 = ORIENTED_EDGE ( 'NONE', *, *, #781, .T. ) ;
#3882 = VECTOR ( 'NONE', #5757, 1000.000000000000000 ) ;
#3883 = LINE ( 'NONE', #2721, #7333 ) ;
#3884 = CARTESIAN_POINT ( 'NONE',  ( 34.77748670276079679, 5.490077876800236290, 130.0000000000000000 ) ) ;
#3885 = DIRECTION ( 'NONE',  ( -0.000000000000000000, -0.000000000000000000, -1.000000000000000000 ) ) ;
#3886 = EDGE_CURVE ( 'NONE', #3809, #2931, #4898, .T. ) ;
#3887 = ORIENTED_EDGE ( 'NONE', *, *, #3745, .T. ) ;
#3888 = LINE ( 'NONE', #2658, #4579 ) ;
#3889 = DIRECTION ( 'NONE',  ( -0.000000000000000000, -0.000000000000000000, -1.000000000000000000 ) ) ;
#3890 = AXIS2_PLACEMENT_3D ( 'NONE', #4491, #6399, #2059 ) ;
#3891 = CARTESIAN_POINT ( 'NONE',  ( -34.99999999999739231, 5.900000000003904788, 130.0000000000000000 ) ) ;
#3892 = EDGE_CURVE ( 'NONE', #3197, #1750, #549, .T. ) ;
#3893 = DIRECTION ( 'NONE',  ( -1.000000000000000000, 0.000000000000000000, 0.000000000000000000 ) ) ;
#3894 = APPROVAL_DATE_TIME ( #4549, #7453 ) ;
#3895 = ORIENTED_EDGE ( 'NONE', *, *, #2712, .F. ) ;
#3896 = EDGE_CURVE ( 'NONE', #6456, #1791, #3175, .T. ) ;
#3897 = VECTOR ( 'NONE', #7082, 1000.000000000000000 ) ;
#3898 = CARTESIAN_POINT ( 'NONE',  ( -38.49999999999996447, -1.855190384027749704E-13, 130.0000000000000000 ) ) ;
#3899 = ORIENTED_EDGE ( 'NONE', *, *, #5549, .F. ) ;
#3900 = ORIENTED_EDGE ( 'NONE', *, *, #311, .T. ) ;
#3901 = CARTESIAN_POINT ( 'NONE',  ( -33.25000000000014211, 36.99999999999725731, 0.7499999999999952260 ) ) ;
#3902 = CARTESIAN_POINT ( 'NONE',  ( 35.00000000000002132, 0.000000000000000000, 130.0000000000000000 ) ) ;
#3903 = ORIENTED_EDGE ( 'NONE', *, *, #3185, .F. ) ;
#3904 = EDGE_CURVE ( 'NONE', #3643, #1398, #3704, .T. ) ;
#3905 = ORIENTED_EDGE ( 'NONE', *, *, #2954, .T. ) ;
#3906 = ORIENTED_EDGE ( 'NONE', *, *, #4101, .F. ) ;
#3907 = CARTESIAN_POINT ( 'NONE',  ( -1.223095698796247736E-13, 26.43999999998843009, 130.0000000000000000 ) ) ;
#3908 = APPROVAL_DATE_TIME ( #2101, #3392 ) ;
#3909 = DIRECTION ( 'NONE',  ( -0.000000000000000000, -0.000000000000000000, -1.000000000000000000 ) ) ;
#3910 = CIRCLE ( 'NONE', #3492, 2.600000000000000533 ) ;
#3911 = CARTESIAN_POINT ( 'NONE',  ( 9.938519914450412527E-17, 1.600000000000000089, -0.3200000000000000067 ) ) ;
#3912 = LOCAL_TIME ( 15, 24, 6.000000000000000000, #4672 ) ;
#3913 = CARTESIAN_POINT ( 'NONE',  ( -37.00000000000168399, -1.645763297720249371E-13, 130.0000000000000000 ) ) ;
#3914 = VECTOR ( 'NONE', #4903, 1000.000000000000000 ) ;
#3915 = DIRECTION ( 'NONE',  ( 1.000000000000000000, 0.000000000000000000, 0.000000000000000000 ) ) ;
#3916 = DIRECTION ( 'NONE',  ( -0.000000000000000000, -0.000000000000000000, -1.000000000000000000 ) ) ;
#3917 = ORIENTED_EDGE ( 'NONE', *, *, #517, .T. ) ;
#3918 = ORIENTED_EDGE ( 'NONE', *, *, #453, .T. ) ;
#3919 = CIRCLE ( 'NONE', #118, 0.7096046754416635016 ) ;
#3920 = CARTESIAN_POINT ( 'NONE',  ( 38.49999999999811706, 23.43999999998494133, 0.000000000000000000 ) ) ;
#3921 = PLANE ( 'NONE',  #4299 ) ;
#3922 = DIRECTION ( 'NONE',  ( -0.000000000000000000, -0.000000000000000000, -1.000000000000000000 ) ) ;
#3923 = ORIENTED_EDGE ( 'NONE', *, *, #1533, .T. ) ;
#3924 = ADVANCED_FACE ( 'NONE', ( #6228 ), #2565, .T. ) ;
#3925 = AXIS2_PLACEMENT_3D ( 'NONE', #3741, #7429, #8087 ) ;
#3926 = VECTOR ( 'NONE', #6090, 1000.000000000000000 ) ;
#3927 = LINE ( 'NONE', #186, #2474 ) ;
#3928 = LINE ( 'NONE', #297, #6330 ) ;
#3929 = CYLINDRICAL_SURFACE ( 'NONE', #249, 2.000000000000223821 ) ;
#3930 = DATE_AND_TIME ( #2009, #3793 ) ;
#3931 = AXIS2_PLACEMENT_3D ( 'NONE', #4817, #6235, #4282 ) ;
#3932 = LOCAL_TIME ( 15, 24, 6.000000000000000000, #7424 ) ;
#3933 = ORIENTED_EDGE ( 'NONE', *, *, #459, .T. ) ;
#3934 = ADVANCED_FACE ( 'NONE', ( #5563 ), #1340, .T. ) ;
#3935 = CARTESIAN_POINT ( 'NONE',  ( 48.49999999999799627, -0.6000000000019850566, 0.000000000000000000 ) ) ;
#3936 = ORIENTED_EDGE ( 'NONE', *, *, #937, .T. ) ;
#3937 = EDGE_CURVE ( 'NONE', #63, #4262, #2521, .T. ) ;
#3938 = VERTEX_POINT ( 'NONE', #6896 ) ;
#3939 = CARTESIAN_POINT ( 'NONE',  ( -1.887379141852025935E-14, 5.439999999962807031, 130.0000000000000000 ) ) ;
#3940 = DIRECTION ( 'NONE',  ( -0.000000000000000000, -0.000000000000000000, -1.000000000000000000 ) ) ;
#3941 = VECTOR ( 'NONE', #3451, 1000.000000000000000 ) ;
#3942 = VERTEX_POINT ( 'NONE', #5605 ) ;
#3943 = ORIENTED_EDGE ( 'NONE', *, *, #2346, .T. ) ;
#3944 = EDGE_LOOP ( 'NONE', ( #5415, #7794, #2585, #6519 ) ) ;
#3945 = CARTESIAN_POINT ( 'NONE',  ( 0.8249999999999999556, -0.3200000000000000067, -0.6199999999999999956 ) ) ;
#3946 = APPROVAL_ROLE ( '' ) ;
#3947 = CARTESIAN_POINT ( 'NONE',  ( 48.49999999999799627, 2.403831102421357073E-13, 0.000000000000000000 ) ) ;
#3948 = CARTESIAN_POINT ( 'NONE',  ( 36.99999999999983658, 23.43999999998493422, 130.0000000000000000 ) ) ;
#3949 = CARTESIAN_POINT ( 'NONE',  ( 38.49999999999812417, 21.99999999998261302, 130.0000000000000000 ) ) ;
#3950 = ADVANCED_FACE ( 'NONE', ( #3794 ), #1905, .T. ) ;
#3951 = AXIS2_PLACEMENT_3D ( 'NONE', #418, #2304, #6764 ) ;
#3952 = LINE ( 'NONE', #7140, #602 ) ;
#3953 = CARTESIAN_POINT ( 'NONE',  ( 34.99999999999875655, 9.149999999997218580, 0.000000000000000000 ) ) ;
#3954 = EDGE_LOOP ( 'NONE', ( #3069, #1393, #5678, #1792 ) ) ;
#3955 = ORIENTED_EDGE ( 'NONE', *, *, #719, .T. ) ;
#3956 = DIRECTION ( 'NONE',  ( -0.000000000000000000, -0.000000000000000000, -1.000000000000000000 ) ) ;
#3957 = PLANE ( 'NONE',  #4040 ) ;
#3958 = CARTESIAN_POINT ( 'NONE',  ( 32.99999999999633360, 9.899999999996580868, 130.0000000000000000 ) ) ;
#3959 = ADVANCED_FACE ( 'NONE', ( #1246 ), #3746, .F. ) ;
#3960 = EDGE_LOOP ( 'NONE', ( #5553, #1318, #5129, #2553 ) ) ;
#3961 = CARTESIAN_POINT ( 'NONE',  ( 0.8249999999999996225, 0.3200000000000000067, -1.123686027918559427 ) ) ;
#3962 = FACE_OUTER_BOUND ( 'NONE', #4202, .T. ) ;
#3963 = AXIS2_PLACEMENT_3D ( 'NONE', #4863, #5390, #6060 ) ;
#3964 = FACE_OUTER_BOUND ( 'NONE', #1940, .T. ) ;
#3965 = EDGE_LOOP ( 'NONE', ( #7858, #5440, #1668, #1621 ) ) ;
#3966 = VECTOR ( 'NONE', #6891, 1000.000000000000000 ) ;
#3967 = CARTESIAN_POINT ( 'NONE',  ( -45.49999999999972289, -8.600000000003422684, 17.00000000000000000 ) ) ;
#3968 = DIRECTION ( 'NONE',  ( -0.000000000000000000, 0.000000000000000000, 1.000000000000000000 ) ) ;
#3969 = ORIENTED_EDGE ( 'NONE', *, *, #2386, .F. ) ;
#3970 = EDGE_LOOP ( 'NONE', ( #5833, #7079, #1891, #36 ) ) ;
#3971 = EDGE_CURVE ( 'NONE', #2452, #6742, #724, .T. ) ;
#3972 = CARTESIAN_POINT ( 'NONE',  ( 35.00000000000000711, 36.99999999999560885, 0.000000000000000000 ) ) ;
#3973 = ORIENTED_EDGE ( 'NONE', *, *, #6262, .T. ) ;
#3974 = ADVANCED_FACE ( 'NONE', ( #5743 ), #4937, .T. ) ;
#3975 = EDGE_CURVE ( 'NONE', #7934, #100, #1162, .T. ) ;
#3976 = ORIENTED_EDGE ( 'NONE', *, *, #2175, .T. ) ;
#3977 = ORIENTED_EDGE ( 'NONE', *, *, #7783, .T. ) ;
#3978 = EDGE_CURVE ( 'NONE', #4710, #4157, #7475, .T. ) ;
#3979 = CARTESIAN_POINT ( 'NONE',  ( 32.00000000000191136, 36.99999999999725731, 2.000000000000000000 ) ) ;
#3980 = PERSON_AND_ORGANIZATION_ROLE ( 'classification_officer' ) ;
#3981 = FACE_OUTER_BOUND ( 'NONE', #7305, .T. ) ;
#3982 = CYLINDRICAL_SURFACE ( 'NONE', #3555, 0.7636293187992526654 ) ;
#3983 = DIRECTION ( 'NONE',  ( 0.7071067811865479058, 0.000000000000000000, 0.7071067811865472397 ) ) ;
#3984 = ADVANCED_FACE ( 'NONE', ( #4499 ), #2606, .T. ) ;
#3985 = AXIS2_PLACEMENT_3D ( 'NONE', #1458, #3956, #1999 ) ;
#3986 = EDGE_CURVE ( 'NONE', #4309, #5101, #4312, .T. ) ;
#3987 = LINE ( 'NONE', #866, #6106 ) ;
#3988 = CARTESIAN_POINT ( 'NONE',  ( -37.00000000000168399, -1.645763297720249371E-13, 0.000000000000000000 ) ) ;
#3989 = ORIENTED_EDGE ( 'NONE', *, *, #7691, .F. ) ;
#3990 = ORIENTED_EDGE ( 'NONE', *, *, #3185, .T. ) ;
#3991 = DIRECTION ( 'NONE',  ( -4.047688110617190230E-15, 1.000000000000000000, 0.000000000000000000 ) ) ;
#3992 = FACE_OUTER_BOUND ( 'NONE', #4664, .T. ) ;
#3993 = CARTESIAN_POINT ( 'NONE',  ( 0.8249999999999996225, -0.3200000000000002287, 1.123686027918559427 ) ) ;
#3994 = ADVANCED_FACE ( 'NONE', ( #3381 ), #7818, .T. ) ;
#3995 = CARTESIAN_POINT ( 'NONE',  ( 0.000000000000000000, 7.149999999999887557, 130.0000000000000000 ) ) ;
#3996 = DIRECTION ( 'NONE',  ( 1.000000000000000000, 0.000000000000000000, 0.000000000000000000 ) ) ;
#3997 = DIRECTION ( 'NONE',  ( -1.000000000000000000, 0.000000000000000000, 0.000000000000000000 ) ) ;
#3998 = EDGE_CURVE ( 'NONE', #3223, #5744, #7155, .T. ) ;
#3999 = VECTOR ( 'NONE', #6272, 1000.000000000000000 ) ;
#4000 = ORIENTED_EDGE ( 'NONE', *, *, #5924, .F. ) ;
#4001 = CARTESIAN_POINT ( 'NONE',  ( 24.64999999999895053, 24.64999999999903579, 0.000000000000000000 ) ) ;
#4002 = AXIS2_PLACEMENT_3D ( 'NONE', #2903, #4100, #6668 ) ;
#4003 = CARTESIAN_POINT ( 'NONE',  ( 0.8249999999999999556, 0.3200000000000000067, -0.3200000000000000067 ) ) ;
#4004 = DIRECTION ( 'NONE',  ( -3.483287830750206171E-15, 1.000000000000000000, -0.000000000000000000 ) ) ;
#4005 = VERTEX_POINT ( 'NONE', #2274 ) ;
#4006 = ORIENTED_EDGE ( 'NONE', *, *, #7262, .F. ) ;
#4007 = AXIS2_PLACEMENT_3D ( 'NONE', #7554, #90, #5777 ) ;
#4008 = CC_DESIGN_PERSON_AND_ORGANIZATION_ASSIGNMENT ( #6340, #3191, ( #4659 ) ) ;
#4009 = CARTESIAN_POINT ( 'NONE',  ( 38.49999999999822364, 1.855190384027667158E-13, 0.000000000000000000 ) ) ;
#4010 = VECTOR ( 'NONE', #3496, 1000.000000000000000 ) ;
#4011 = ORIENTED_EDGE ( 'NONE', *, *, #1169, .T. ) ;
#4012 = ADVANCED_FACE ( 'NONE', ( #7781 ), #4625, .T. ) ;
#4013 = VECTOR ( 'NONE', #5829, 1000.000000000000000 ) ;
#4014 = EDGE_LOOP ( 'NONE', ( #6506, #886, #4300, #5771 ) ) ;
#4015 = ORIENTED_EDGE ( 'NONE', *, *, #3838, .F. ) ;
#4016 = CARTESIAN_POINT ( 'NONE',  ( 35.00000000000191847, 36.99999999999725731, 0.7499999999999952260 ) ) ;
#4017 = CONTEXT_DEPENDENT_SHAPE_REPRESENTATION ( #5431, #3663 ) ;
#4018 = CARTESIAN_POINT ( 'NONE',  ( -35.00000000000204636, 36.99999999999535305, 130.0000000000000000 ) ) ;
#4019 = FACE_OUTER_BOUND ( 'NONE', #2087, .T. ) ;
#4020 = ADVANCED_FACE ( 'NONE', ( #7930 ), #7271, .F. ) ;
#4021 = CARTESIAN_POINT ( 'NONE',  ( -3.469446951946424195E-14, 9.999999999967812414, 0.000000000000000000 ) ) ;
#4022 = DIRECTION ( 'NONE',  ( 4.448008912757228678E-15, -1.000000000000000000, 0.000000000000000000 ) ) ;
#4023 = ORIENTED_EDGE ( 'NONE', *, *, #6706, .T. ) ;
#4024 = VERTEX_POINT ( 'NONE', #3494 ) ;
#4025 = EDGE_CURVE ( 'NONE', #6349, #4355, #4776, .T. ) ;
#4026 = EDGE_CURVE ( 'NONE', #3164, #6666, #4741, .T. ) ;
#4027 = CARTESIAN_POINT ( 'NONE',  ( -37.00000000000167688, -1.645763297720249119E-13, 130.0000000000000000 ) ) ;
#4028 = ORGANIZATION ( 'NAUO-ORG3', 'UNSPECIFIED', 'UNSPECIFIED' ) ;
#4029 = LINE ( 'NONE', #7220, #6139 ) ;
#4030 = DIRECTION ( 'NONE',  ( -3.469446951957607403E-15, 1.000000000000000000, 0.000000000000000000 ) ) ;
#4031 = DIRECTION ( 'NONE',  ( -0.000000000000000000, -0.000000000000000000, -1.000000000000000000 ) ) ;
#4032 = DIRECTION ( 'NONE',  ( 0.000000000000000000, -0.000000000000000000, -1.000000000000000000 ) ) ;
#4033 = CARTESIAN_POINT ( 'NONE',  ( 36.74999999999836575, 2.999999999997227107, 0.7499999999999947820 ) ) ;
#4034 = CIRCLE ( 'NONE', #1658, 2.499999999999780176 ) ;
#4035 = CIRCLE ( 'NONE', #777, 0.4999999999995285993 ) ;
#4036 = LINE ( 'NONE', #2694, #217 ) ;
#4037 = ORIENTED_EDGE ( 'NONE', *, *, #2386, .T. ) ;
#4038 = DIRECTION ( 'NONE',  ( -0.000000000000000000, 0.000000000000000000, 1.000000000000000000 ) ) ;
#4039 = VECTOR ( 'NONE', #632, 1000.000000000000000 ) ;
#4040 = AXIS2_PLACEMENT_3D ( 'NONE', #7221, #254, #5859 ) ;
#4041 = ADVANCED_FACE ( 'NONE', ( #2806 ), #4661, .T. ) ;
#4042 = PLANE ( 'NONE',  #789 ) ;
#4043 = DIRECTION ( 'NONE',  ( -0.000000000000000000, 0.000000000000000000, 1.000000000000000000 ) ) ;
#4044 = ORIENTED_EDGE ( 'NONE', *, *, #7895, .T. ) ;
#4045 = LOCAL_TIME ( 15, 24, 6.000000000000000000, #7371 ) ;
#4046 = AXIS2_PLACEMENT_3D ( 'NONE', #2533, #5041, #4418 ) ;
#4047 = ORIENTED_EDGE ( 'NONE', *, *, #5843, .T. ) ;
#4048 = DIRECTION ( 'NONE',  ( 1.000000000000000000, 0.000000000000000000, 0.000000000000000000 ) ) ;
#4049 = ORIENTED_EDGE ( 'NONE', *, *, #7676, .T. ) ;
#4050 = VECTOR ( 'NONE', #4808, 1000.000000000000000 ) ;
#4051 = EDGE_CURVE ( 'NONE', #3817, #7599, #1499, .T. ) ;
#4052 = ORIENTED_EDGE ( 'NONE', *, *, #7327, .T. ) ;
#4053 = ORIENTED_EDGE ( 'NONE', *, *, #5095, .F. ) ;
#4054 = CARTESIAN_POINT ( 'NONE',  ( -38.49999999999995737, -1.855190384027750714E-13, 130.0000000000000000 ) ) ;
#4055 = EDGE_CURVE ( 'NONE', #4830, #676, #882, .T. ) ;
#4056 = DIRECTION ( 'NONE',  ( 0.000000000000000000, 0.000000000000000000, 1.000000000000000000 ) ) ;
#4057 = DIRECTION ( 'NONE',  ( -0.000000000000000000, -0.000000000000000000, -1.000000000000000000 ) ) ;
#4058 = DIRECTION ( 'NONE',  ( 4.448008912757228678E-15, -1.000000000000000000, 0.000000000000000000 ) ) ;
#4059 = CIRCLE ( 'NONE', #1574, 1.750000000000001554 ) ;
#4060 = DIRECTION ( 'NONE',  ( -3.469446951957591626E-15, 1.000000000000000000, 0.000000000000000000 ) ) ;
#4061 = ORIENTED_EDGE ( 'NONE', *, *, #871, .F. ) ;
#4062 = ORIENTED_EDGE ( 'NONE', *, *, #5060, .T. ) ;
#4063 = CARTESIAN_POINT ( 'NONE',  ( 33.24999999999840128, 6.899999999998695621, 130.0000000000000000 ) ) ;
#4064 = PERSON_AND_ORGANIZATION ( #7757, #5787 ) ;
#4065 = CIRCLE ( 'NONE', #5143, 3.000000000000009770 ) ;
#4066 = CARTESIAN_POINT ( 'NONE',  ( -37.00000000000173372, 9.999999999967684516, 130.0000000000000000 ) ) ;
#4067 = DIRECTION ( 'NONE',  ( -3.483287830750206171E-15, 1.000000000000000000, -0.000000000000000000 ) ) ;
#4068 = DIRECTION ( 'NONE',  ( 1.000000000000000000, 0.000000000000000000, -0.000000000000000000 ) ) ;
#4069 = EDGE_CURVE ( 'NONE', #5097, #5822, #266, .T. ) ;
#4070 = ADVANCED_FACE ( 'NONE', ( #6613 ), #4042, .F. ) ;
#4071 = DIRECTION ( 'NONE',  ( 1.000000000000000000, 3.469446951957591626E-15, 0.000000000000000000 ) ) ;
#4072 = DIRECTION ( 'NONE',  ( 0.000000000000000000, 1.000000000000000000, -0.000000000000000000 ) ) ;
#4073 = CARTESIAN_POINT ( 'NONE',  ( -5.009881398617674750E-14, 14.43999999997380712, 130.0000000000000000 ) ) ;
#4074 = EDGE_CURVE ( 'NONE', #2973, #7450, #926, .T. ) ;
#4075 = VECTOR ( 'NONE', #3200, 1000.000000000000000 ) ;
#4076 = DIRECTION ( 'NONE',  ( -0.000000000000000000, 0.000000000000000000, 1.000000000000000000 ) ) ;
#4077 = LINE ( 'NONE', #2879, #2323 ) ;
#4078 = DIRECTION ( 'NONE',  ( 1.000000000000000000, 0.000000000000000000, 0.000000000000000000 ) ) ;
#4079 = DIRECTION ( 'NONE',  ( -4.818676322150006782E-15, 1.000000000000000000, 0.000000000000000000 ) ) ;
#4080 = CARTESIAN_POINT ( 'NONE',  ( -2.428612866357863862E-14, 6.999999999964146902, 0.000000000000000000 ) ) ;
#4081 = CC_DESIGN_DATE_AND_TIME_ASSIGNMENT ( #3323, #2787, ( #488 ) ) ;
#4082 = ORIENTED_EDGE ( 'NONE', *, *, #7285, .F. ) ;
#4083 = VECTOR ( 'NONE', #6425, 1000.000000000000000 ) ;
#4084 = VERTEX_POINT ( 'NONE', #7855 ) ;
#4085 = DIRECTION ( 'NONE',  ( 0.000000000000000000, 0.000000000000000000, 1.000000000000000000 ) ) ;
#4086 = CARTESIAN_POINT ( 'NONE',  ( 38.49999999999806732, 37.99999999999683808, 0.000000000000000000 ) ) ;
#4087 = ORIENTED_EDGE ( 'NONE', *, *, #7129, .F. ) ;
#4088 = AXIS2_PLACEMENT_3D ( 'NONE', #2713, #718, #92 ) ;
#4089 = ORIENTED_EDGE ( 'NONE', *, *, #408, .F. ) ;
#4090 = VERTEX_POINT ( 'NONE', #4701 ) ;
#4091 = CARTESIAN_POINT ( 'NONE',  ( 38.49999999999816680, 9.999999999967945641, 130.0000000000000000 ) ) ;
#4092 = EDGE_CURVE ( 'NONE', #3633, #1950, #7233, .T. ) ;
#4093 = DIRECTION ( 'NONE',  ( -0.000000000000000000, -0.000000000000000000, -1.000000000000000000 ) ) ;
#4094 = CC_DESIGN_PERSON_AND_ORGANIZATION_ASSIGNMENT ( #4102, #6634, ( #4706 ) ) ;
#4095 = VERTEX_POINT ( 'NONE', #341 ) ;
#4096 = CARTESIAN_POINT ( 'NONE',  ( 37.99999999999837286, 2.999999999997227107, 2.000000000000000000 ) ) ;
#4097 = DIRECTION ( 'NONE',  ( -0.000000000000000000, -0.000000000000000000, -1.000000000000000000 ) ) ;
#4098 = VERTEX_POINT ( 'NONE', #2843 ) ;
#4099 = ORIENTED_EDGE ( 'NONE', *, *, #6329, .T. ) ;
#4100 = DIRECTION ( 'NONE',  ( 1.000000000000000000, 0.000000000000000000, 0.000000000000000000 ) ) ;
#4101 = EDGE_CURVE ( 'NONE', #5303, #3386, #5355, .T. ) ;
#4102 = PERSON_AND_ORGANIZATION ( #7757, #5787 ) ;
#4103 = LINE ( 'NONE', #950, #3628 ) ;
#4104 = FACE_OUTER_BOUND ( 'NONE', #3863, .T. ) ;
#4105 = DIRECTION ( 'NONE',  ( 1.000000000000000000, 4.818676322150006782E-15, -0.000000000000000000 ) ) ;
#4106 = CYLINDRICAL_SURFACE ( 'NONE', #1505, 1.999999999999994893 ) ;
#4107 = DIRECTION ( 'NONE',  ( 1.000000000000000000, 0.000000000000000000, 0.000000000000000000 ) ) ;
#4108 = LINE ( 'NONE', #6017, #8019 ) ;
#4109 = ADVANCED_FACE ( 'NONE', ( #1611 ), #4112, .F. ) ;
#4110 = CARTESIAN_POINT ( 'NONE',  ( -1.156482317318563406E-13, 24.99999999998618705, 130.0000000000000000 ) ) ;
#4111 = CARTESIAN_POINT ( 'NONE',  ( 32.06620911920911965, 2.482113092012558475, 0.000000000000000000 ) ) ;
#4112 = CYLINDRICAL_SURFACE ( 'NONE', #6162, 1.750000000000001554 ) ;
#4113 = DIRECTION ( 'NONE',  ( -0.000000000000000000, -0.000000000000000000, 1.000000000000000000 ) ) ;
#4114 = EDGE_CURVE ( 'NONE', #7450, #8135, #4944, .T. ) ;
#4115 = VECTOR ( 'NONE', #1770, 1000.000000000000000 ) ;
#4116 = DIRECTION ( 'NONE',  ( -0.000000000000000000, -0.000000000000000000, -1.000000000000000000 ) ) ;
#4117 = ORIENTED_EDGE ( 'NONE', *, *, #5085, .F. ) ;
#4118 = EDGE_LOOP ( 'NONE', ( #3811, #2044, #113, #3869 ) ) ;
#4119 = CARTESIAN_POINT ( 'NONE',  ( 34.99999999999875655, 0.000000000000000000, 130.0000000000000000 ) ) ;
#4120 = EDGE_CURVE ( 'NONE', #7750, #2546, #6027, .T. ) ;
#4121 = EDGE_CURVE ( 'NONE', #5625, #5699, #1213, .T. ) ;
#4122 = CARTESIAN_POINT ( 'NONE',  ( -34.99999999999658939, 2.999999999997227107, 0.7499999999999947820 ) ) ;
#4123 = VECTOR ( 'NONE', #4681, 1000.000000000000000 ) ;
#4124 = ORIENTED_EDGE ( 'NONE', *, *, #7145, .T. ) ;
#4125 = CIRCLE ( 'NONE', #5203, 0.7636293187994260823 ) ;
#4126 = ORIENTED_EDGE ( 'NONE', *, *, #1002, .T. ) ;
#4127 = VERTEX_POINT ( 'NONE', #4239 ) ;
#4128 = DIRECTION ( 'NONE',  ( 0.000000000000000000, 0.000000000000000000, 1.000000000000000000 ) ) ;
#4129 = CIRCLE ( 'NONE', #3087, 1.750000000000001554 ) ;
#4130 = COORDINATED_UNIVERSAL_TIME_OFFSET ( 8, 0, .AHEAD. ) ;
#4131 = DIRECTION ( 'NONE',  ( -4.625929269276810133E-15, 1.000000000000000000, 0.000000000000000000 ) ) ;
#4132 = VERTEX_POINT ( 'NONE', #7440 ) ;
#4133 = EDGE_CURVE ( 'NONE', #6334, #8080, #5360, .T. ) ;
#4134 = VECTOR ( 'NONE', #2488, 1000.000000000000000 ) ;
#4135 = CARTESIAN_POINT ( 'NONE',  ( -38.49999999999786837, -8.881784197001252323E-13, 0.000000000000000000 ) ) ;
#4136 = ORIENTED_EDGE ( 'NONE', *, *, #2318, .F. ) ;
#4137 = ORIENTED_EDGE ( 'NONE', *, *, #3896, .F. ) ;
#4138 = DIRECTION ( 'NONE',  ( -1.000000000000000000, -4.625929269276788045E-15, 0.000000000000000000 ) ) ;
#4139 = PERSON_AND_ORGANIZATION_ROLE ( 'design_owner' ) ;
#4140 = CARTESIAN_POINT ( 'NONE',  ( -33.24999999999580780, 6.150000000003662315, 130.0000000000000000 ) ) ;
#4141 = CARTESIAN_POINT ( 'NONE',  ( 0.000000000000000000, 10.14999999999689706, 130.0000000000000000 ) ) ;
#4142 = DIRECTION ( 'NONE',  ( -0.000000000000000000, -0.000000000000000000, -1.000000000000000000 ) ) ;
#4143 = DIRECTION ( 'NONE',  ( -0.000000000000000000, 0.000000000000000000, 1.000000000000000000 ) ) ;
#4144 = LINE ( 'NONE', #6676, #3680 ) ;
#4145 = LINE ( 'NONE', #6140, #5501 ) ;
#4146 = CARTESIAN_POINT ( 'NONE',  ( -34.74999999999764100, 5.900000000003905676, 0.000000000000000000 ) ) ;
#4147 = DIRECTION ( 'NONE',  ( 1.000000000000000000, 0.000000000000000000, 0.000000000000000000 ) ) ;
#4148 = EDGE_CURVE ( 'NONE', #6084, #2314, #4372, .T. ) ;
#4149 = CARTESIAN_POINT ( 'NONE',  ( 0.000000000000000000, -1.600000000000000089, -0.3200000000000000067 ) ) ;
#4150 = VECTOR ( 'NONE', #2148, 1000.000000000000000 ) ;
#4151 = AXIS2_PLACEMENT_3D ( 'NONE', #6949, #6333, #1166 ) ;
#4152 = DIRECTION ( 'NONE',  ( -3.483287830750206171E-15, 1.000000000000000000, -0.000000000000000000 ) ) ;
#4153 = UNCERTAINTY_MEASURE_WITH_UNIT (LENGTH_MEASURE( 1.000000000000000082E-05 ), #4824, 'distance_accuracy_value', 'NONE');
#4154 = CARTESIAN_POINT ( 'NONE',  ( -38.50000000000007816, 27.99999999998967581, 130.0000000000000000 ) ) ;
#4155 = FACE_OUTER_BOUND ( 'NONE', #2381, .T. ) ;
#4156 = ORIENTED_EDGE ( 'NONE', *, *, #4900, .T. ) ;
#4157 = VERTEX_POINT ( 'NONE', #6774 ) ;
#4158 =( LENGTH_UNIT ( ) NAMED_UNIT ( * ) SI_UNIT ( .MILLI., .METRE. ) );
#4159 = AXIS2_PLACEMENT_3D ( 'NONE', #3568, #3526, #6091 ) ;
#4160 = AXIS2_PLACEMENT_3D ( 'NONE', #2889, #6620, #1582 ) ;
#4161 = EDGE_CURVE ( 'NONE', #810, #2962, #1123, .T. ) ;
#4162 = CYLINDRICAL_SURFACE ( 'NONE', #2850, 0.5000000000000420775 ) ;
#4163 = ORIENTED_EDGE ( 'NONE', *, *, #4165, .T. ) ;
#4164 = AXIS2_PLACEMENT_3D ( 'NONE', #2918, #3668, #6192 ) ;
#4165 = EDGE_CURVE ( 'NONE', #5279, #7408, #1436, .T. ) ;
#4166 = PRODUCT_DEFINITION_FORMATION_WITH_SPECIFIED_SOURCE ( '任何', '', #655, .NOT_KNOWN. ) ;
#4167 = EDGE_LOOP ( 'NONE', ( #3217, #5066, #3720, #2197 ) ) ;
#4168 = ORIENTED_EDGE ( 'NONE', *, *, #7417, .F. ) ;
#4169 = ORIENTED_EDGE ( 'NONE', *, *, #7637, .F. ) ;
#4170 = CARTESIAN_POINT ( 'NONE',  ( 18.94999999999980389, 18.94999999999986784, 130.0000000000000000 ) ) ;
#4171 = APPROVAL_STATUS ( 'not_yet_approved' ) ;
#4172 = EDGE_CURVE ( 'NONE', #3581, #4645, #5786, .T. ) ;
#4173 = AXIS2_PLACEMENT_3D ( 'NONE', #6275, #8091, #5654 ) ;
#4174 = CYLINDRICAL_SURFACE ( 'NONE', #3706, 0.2500000000006386003 ) ;
#4175 = SECURITY_CLASSIFICATION ( '', '', #6799 ) ;
#4176 = VERTEX_POINT ( 'NONE', #515 ) ;
#4177 = CARTESIAN_POINT ( 'NONE',  ( 41.50000000000022027, 1.399999999996882183, 17.00000000000000000 ) ) ;
#4178 = CC_DESIGN_DATE_AND_TIME_ASSIGNMENT ( #7286, #5296, ( #6564 ) ) ;
#4179 = ORIENTED_EDGE ( 'NONE', *, *, #4544, .F. ) ;
#4180 = EDGE_LOOP ( 'NONE', ( #2282, #5579, #3030, #2742 ) ) ;
#4181 = ORIENTED_EDGE ( 'NONE', *, *, #1275, .F. ) ;
#4182 = DIRECTION ( 'NONE',  ( 1.000000000000000000, 0.000000000000000000, -0.000000000000000000 ) ) ;
#4183 = DATE_AND_TIME ( #4726, #5636 ) ;
#4184 = LINE ( 'NONE', #1156, #1144 ) ;
#4185 = FACE_OUTER_BOUND ( 'NONE', #3059, .T. ) ;
#4186 = DIRECTION ( 'NONE',  ( 0.000000000000000000, -0.000000000000000000, -1.000000000000000000 ) ) ;
#4187 = AXIS2_PLACEMENT_3D ( 'NONE', #1439, #4555, #7086 ) ;
#4188 = LINE ( 'NONE', #6720, #4778 ) ;
#4189 = CARTESIAN_POINT ( 'NONE',  ( -0.000000000000000000, 6.149999999999999467, 0.000000000000000000 ) ) ;
#4190 = CARTESIAN_POINT ( 'NONE',  ( -38.50000000000001421, 9.999999999967679187, 0.000000000000000000 ) ) ;
#4191 = VECTOR ( 'NONE', #4022, 1000.000000000000000 ) ;
#4192 = CYLINDRICAL_SURFACE ( 'NONE', #6093, 0.2499999999997504219 ) ;
#4193 = CARTESIAN_POINT ( 'NONE',  ( -37.00000000000166267, -1.645763297722115122E-13, 130.0000000000000000 ) ) ;
#4194 = DIRECTION ( 'NONE',  ( 0.000000000000000000, 0.000000000000000000, 1.000000000000000000 ) ) ;
#4195 = ORIENTED_EDGE ( 'NONE', *, *, #2176, .F. ) ;
#4196 = CARTESIAN_POINT ( 'NONE',  ( 48.49999999999798916, 0.8000000000000812017, 130.0000000000000000 ) ) ;
#4197 = VECTOR ( 'NONE', #7874, 1000.000000000000000 ) ;
#4198 = DIRECTION ( 'NONE',  ( -6.938893903931151373E-15, 1.000000000000000000, 0.000000000000000000 ) ) ;
#4199 = DIRECTION ( 'NONE',  ( 3.469446951957591626E-15, -1.000000000000000000, 0.000000000000000000 ) ) ;
#4200 = ORIENTED_EDGE ( 'NONE', *, *, #6527, .F. ) ;
#4201 = VECTOR ( 'NONE', #4093, 1000.000000000000000 ) ;
#4202 = EDGE_LOOP ( 'NONE', ( #1520, #780, #3476, #3048 ) ) ;
#4203 = CARTESIAN_POINT ( 'NONE',  ( -38.95014431231697927, 59.73639505401627048, 168.3335910718210187 ) ) ;
#4204 = EDGE_CURVE ( 'NONE', #5593, #3514, #4866, .T. ) ;
#4205 = LINE ( 'NONE', #8106, #363 ) ;
#4206 = DIRECTION ( 'NONE',  ( -1.000000000000000000, -3.483287830750201044E-15, 0.000000000000000000 ) ) ;
#4207 = ORIENTED_EDGE ( 'NONE', *, *, #5706, .F. ) ;
#4208 = ADVANCED_FACE ( 'NONE', ( #1780 ), #7397, .T. ) ;
#4209 = ORIENTED_EDGE ( 'NONE', *, *, #3722, .F. ) ;
#4210 = ORIENTED_EDGE ( 'NONE', *, *, #1680, .F. ) ;
#4211 = VERTEX_POINT ( 'NONE', #4196 ) ;
#4212 = CARTESIAN_POINT ( 'NONE',  ( -33.75000000000230216, 36.99999999999535305, 130.0000000000000000 ) ) ;
#4213 = ITEM_DEFINED_TRANSFORMATION ( 'NONE', 'NONE', #1555,  #8005 ) ;
#4214 = EDGE_CURVE ( 'NONE', #490, #5477, #6818, .T. ) ;
#4215 = DIRECTION ( 'NONE',  ( -1.000000000000000000, 0.000000000000000000, 0.000000000000000000 ) ) ;
#4216 = EDGE_CURVE ( 'NONE', #2499, #1750, #4330, .T. ) ;
#4217 = ORIENTED_EDGE ( 'NONE', *, *, #3844, .T. ) ;
#4218 = FACE_OUTER_BOUND ( 'NONE', #3582, .T. ) ;
#4219 = VECTOR ( 'NONE', #3782, 1000.000000000000000 ) ;
#4220 = EDGE_CURVE ( 'NONE', #2702, #3633, #1309, .T. ) ;
#4221 = ORIENTED_EDGE ( 'NONE', *, *, #3004, .F. ) ;
#4222 = VERTEX_POINT ( 'NONE', #6729 ) ;
#4223 = ORIENTED_EDGE ( 'NONE', *, *, #1193, .F. ) ;
#4224 = CARTESIAN_POINT ( 'NONE',  ( -37.99999999999659650, 2.999999999997227107, 2.000000000000000000 ) ) ;
#4225 = CALENDAR_DATE ( 2020, 16, 10 ) ;
#4226 = ADVANCED_FACE ( 'NONE', ( #426 ), #1172, .F. ) ;
#4227 = CARTESIAN_POINT ( 'NONE',  ( -41.49999999999977263, -0.6000000000022983615, 17.00000000000000000 ) ) ;
#4228 = DIRECTION ( 'NONE',  ( -1.000000000000000000, 0.000000000000000000, 0.000000000000000000 ) ) ;
#4229 = DIRECTION ( 'NONE',  ( 0.000000000000000000, 1.000000000000000000, 0.000000000000000000 ) ) ;
#4230 = EDGE_CURVE ( 'NONE', #7243, #870, #7968, .T. ) ;
#4231 = FACE_OUTER_BOUND ( 'NONE', #194, .T. ) ;
#4232 = FACE_OUTER_BOUND ( 'NONE', #572, .T. ) ;
#4233 = LINE ( 'NONE', #2393, #3391 ) ;
#4234 = ORIENTED_EDGE ( 'NONE', *, *, #6748, .F. ) ;
#4235 = FACE_OUTER_BOUND ( 'NONE', #2449, .T. ) ;
#4236 = DIRECTION ( 'NONE',  ( -0.000000000000000000, -0.000000000000000000, -1.000000000000000000 ) ) ;
#4237 = DIRECTION ( 'NONE',  ( -0.000000000000000000, -0.000000000000000000, -1.000000000000000000 ) ) ;
#4238 = ORIENTED_EDGE ( 'NONE', *, *, #7129, .T. ) ;
#4239 = CARTESIAN_POINT ( 'NONE',  ( -38.50000000000002842, 14.43999999997367389, 130.0000000000000000 ) ) ;
#4240 = DIRECTION ( 'NONE',  ( -0.000000000000000000, 0.000000000000000000, 1.000000000000000000 ) ) ;
#4241 = VECTOR ( 'NONE', #3533, 1000.000000000000000 ) ;
#4242 = EDGE_CURVE ( 'NONE', #1185, #239, #2310, .T. ) ;
#4243 = CARTESIAN_POINT ( 'NONE',  ( -34.99999999999618439, 9.149999999996872191, 0.000000000000000000 ) ) ;
#4244 = EDGE_LOOP ( 'NONE', ( #7411, #5768, #5920, #2572 ) ) ;
#4245 = ORIENTED_EDGE ( 'NONE', *, *, #1798, .F. ) ;
#4246 = CARTESIAN_POINT ( 'NONE',  ( -38.95014431231697927, 59.73639505401627048, 34.63359107182103713 ) ) ;
#4247 = EDGE_LOOP ( 'NONE', ( #5175, #6174, #1596, #1978 ) ) ;
#4248 = LINE ( 'NONE', #6074, #1543 ) ;
#4249 = DIRECTION ( 'NONE',  ( -1.000000000000000000, 0.000000000000000000, 0.000000000000000000 ) ) ;
#4250 = EDGE_LOOP ( 'NONE', ( #5872, #4823 ) ) ;
#4251 = CIRCLE ( 'NONE', #2695, 2.000000000000334843 ) ;
#4252 = VERTEX_POINT ( 'NONE', #6104 ) ;
#4253 = CC_DESIGN_PERSON_AND_ORGANIZATION_ASSIGNMENT ( #4288, #6823, ( #655 ) ) ;
#4254 = ORIENTED_EDGE ( 'NONE', *, *, #6510, .T. ) ;
#4255 = ORIENTED_EDGE ( 'NONE', *, *, #648, .F. ) ;
#4256 = CARTESIAN_POINT ( 'NONE',  ( 34.99999999999836575, 2.999999999997227107, 0.7499999999999947820 ) ) ;
#4257 = VECTOR ( 'NONE', #5133, 1000.000000000000000 ) ;
#4258 = CARTESIAN_POINT ( 'NONE',  ( -32.50000000000164846, 36.99999999999535305, 0.000000000000000000 ) ) ;
#4259 = ORIENTED_EDGE ( 'NONE', *, *, #2712, .T. ) ;
#4260 = CIRCLE ( 'NONE', #2051, 0.3000000000000000444 ) ;
#4261 = ORIENTED_EDGE ( 'NONE', *, *, #7684, .F. ) ;
#4262 = VERTEX_POINT ( 'NONE', #5480 ) ;
#4263 = ORIENTED_EDGE ( 'NONE', *, *, #234, .F. ) ;
#4264 = DIRECTION ( 'NONE',  ( 0.000000000000000000, 0.000000000000000000, 1.000000000000000000 ) ) ;
#4265 = COORDINATED_UNIVERSAL_TIME_OFFSET ( 8, 0, .AHEAD. ) ;
#4266 = LINE ( 'NONE', #6266, #7810 ) ;
#4267 = AXIS2_PLACEMENT_3D ( 'NONE', #4256, #3639, #5584 ) ;
#4268 = FACE_OUTER_BOUND ( 'NONE', #7505, .T. ) ;
#4269 = DIRECTION ( 'NONE',  ( 4.818676322150006782E-15, -1.000000000000000000, 0.000000000000000000 ) ) ;
#4270 = LINE ( 'NONE', #6803, #5779 ) ;
#4271 = EDGE_CURVE ( 'NONE', #1629, #4536, #8015, .T. ) ;
#4272 = VECTOR ( 'NONE', #2276, 1000.000000000000000 ) ;
#4273 = DIRECTION ( 'NONE',  ( 0.000000000000000000, 0.000000000000000000, -1.000000000000000000 ) ) ;
#4274 = DIRECTION ( 'NONE',  ( -4.625929269276788045E-15, 1.000000000000000000, 0.000000000000000000 ) ) ;
#4275 = EDGE_CURVE ( 'NONE', #100, #6358, #106, .T. ) ;
#4276 = DIRECTION ( 'NONE',  ( 1.000000000000000000, 4.818676322150006782E-15, -0.000000000000000000 ) ) ;
#4277 = ORIENTED_EDGE ( 'NONE', *, *, #809, .F. ) ;
#4278 = LINE ( 'NONE', #2526, #3867 ) ;
#4279 = PLANE ( 'NONE',  #3963 ) ;
#4280 = LINE ( 'NONE', #1251, #5225 ) ;
#4281 = ORIENTED_EDGE ( 'NONE', *, *, #4854, .T. ) ;
#4282 = DIRECTION ( 'NONE',  ( 1.000000000000000000, 0.000000000000000000, 0.000000000000000000 ) ) ;
#4283 = DIRECTION ( 'NONE',  ( 1.000000000000000000, 0.000000000000000000, 0.000000000000000000 ) ) ;
#4284 = CARTESIAN_POINT ( 'NONE',  ( 33.24999999999836575, 2.999999999997227107, 0.000000000000000000 ) ) ;
#4285 = ADVANCED_FACE ( 'NONE', ( #1420 ), #811, .T. ) ;
#4286 = CARTESIAN_POINT ( 'NONE',  ( -32.19874955268664962, 37.99999999999504041, 130.0000000000000000 ) ) ;
#4287 = VERTEX_POINT ( 'NONE', #5794 ) ;
#4288 = PERSON_AND_ORGANIZATION ( #7757, #5787 ) ;
#4289 = AXIS2_PLACEMENT_3D ( 'NONE', #4851, #544, #7384 ) ;
#4290 = EDGE_LOOP ( 'NONE', ( #6979, #6747, #178, #4963 ) ) ;
#4291 = APPROVAL_PERSON_ORGANIZATION ( #3397, #6524, #3946 ) ;
#4292 = DIRECTION ( 'NONE',  ( -1.000000000000000000, -4.625929269276810133E-15, 0.000000000000000000 ) ) ;
#4293 = EDGE_CURVE ( 'NONE', #4558, #3581, #7074, .T. ) ;
#4294 = CARTESIAN_POINT ( 'NONE',  ( 0.8249999999999992895, 0.3199999999999999512, 1.123686027918558761 ) ) ;
#4295 = ORIENTED_EDGE ( 'NONE', *, *, #3286, .F. ) ;
#4296 = SECURITY_CLASSIFICATION ( '', '', #6837 ) ;
#4297 = ORIENTED_EDGE ( 'NONE', *, *, #1591, .T. ) ;
#4298 = VECTOR ( 'NONE', #7148, 1000.000000000000000 ) ;
#4299 = AXIS2_PLACEMENT_3D ( 'NONE', #6603, #182, #1524 ) ;
#4300 = ORIENTED_EDGE ( 'NONE', *, *, #1769, .F. ) ;
#4301 = ORIENTED_EDGE ( 'NONE', *, *, #7124, .T. ) ;
#4302 = DIRECTION ( 'NONE',  ( -4.818676322150006782E-15, 1.000000000000000000, 0.000000000000000000 ) ) ;
#4303 = CONTEXT_DEPENDENT_SHAPE_REPRESENTATION ( #7982, #5731 ) ;
#4304 = CARTESIAN_POINT ( 'NONE',  ( 38.49999999999810285, 27.99999999998994582, 0.000000000000000000 ) ) ;
#4305 = VERTEX_POINT ( 'NONE', #7037 ) ;
#4306 = VECTOR ( 'NONE', #2753, 1000.000000000000000 ) ;
#4307 = APPROVAL ( #7003, '未指定' ) ;
#4308 = ORIENTED_EDGE ( 'NONE', *, *, #66, .F. ) ;
#4309 = VERTEX_POINT ( 'NONE', #7574 ) ;
#4310 = ORIENTED_EDGE ( 'NONE', *, *, #1568, .T. ) ;
#4311 = ORGANIZATION ( 'NAUO-ORG4', 'UNSPECIFIED', 'UNSPECIFIED' ) ;
#4312 = CIRCLE ( 'NONE', #5494, 2.500000000000841993 ) ;
#4313 = LINE ( 'NONE', #6176, #8108 ) ;
#4314 = APPROVAL_PERSON_ORGANIZATION ( #3565, #7053, #2989 ) ;
#4315 = CARTESIAN_POINT ( 'NONE',  ( -38.50000000000004974, 20.43999999998100492, 130.0000000000000000 ) ) ;
#4316 = LINE ( 'NONE', #6847, #6427 ) ;
#4317 = CARTESIAN_POINT ( 'NONE',  ( -38.50000000000002132, 12.99999999997134559, 130.0000000000000000 ) ) ;
#4318 = DIRECTION ( 'NONE',  ( 0.7071067811865486830, -0.7071067811865463515, 0.000000000000000000 ) ) ;
#4319 = CYLINDRICAL_SURFACE ( 'NONE', #7830, 2.600000000000000533 ) ;
#4320 = FACE_OUTER_BOUND ( 'NONE', #8140, .T. ) ;
#4321 = DIRECTION ( 'NONE',  ( 1.000000000000000000, 4.448008912757228678E-15, -0.000000000000000000 ) ) ;
#4322 = ORIENTED_EDGE ( 'NONE', *, *, #6882, .F. ) ;
#4323 = PRODUCT_DEFINITION_SHAPE ( 'NONE', 'NONE',  #8165 ) ;
#4324 = CARTESIAN_POINT ( 'NONE',  ( -35.00000000000014211, 36.99999999999725731, 0.7499999999999952260 ) ) ;
#4325 = DIRECTION ( 'NONE',  ( 1.000000000000000000, 0.000000000000000000, 0.000000000000000000 ) ) ;
#4326 = CARTESIAN_POINT ( 'NONE',  ( 34.99999999999657518, 2.999999999994909405, 130.0000000000000000 ) ) ;
#4327 = EDGE_CURVE ( 'NONE', #526, #4252, #3927, .T. ) ;
#4328 = EDGE_CURVE ( 'NONE', #5403, #2626, #3753, .T. ) ;
#4329 = ORIENTED_EDGE ( 'NONE', *, *, #822, .T. ) ;
#4330 = LINE ( 'NONE', #4905, #3792 ) ;
#4331 = CARTESIAN_POINT ( 'NONE',  ( 43.50000000000023448, -0.6000000000020017099, 17.00000000000000000 ) ) ;
#4332 = CIRCLE ( 'NONE', #7240, 1.750000000000001554 ) ;
#4333 = CARTESIAN_POINT ( 'NONE',  ( -32.19874955268664962, 37.99999999999504041, 130.0000000000000000 ) ) ;
#4334 = EDGE_CURVE ( 'NONE', #7595, #567, #3888, .T. ) ;
#4335 = CARTESIAN_POINT ( 'NONE',  ( 36.99999999999994316, 1.645763297720172126E-13, 130.0000000000000000 ) ) ;
#4336 = CARTESIAN_POINT ( 'NONE',  ( -73.95014431231700769, 22.73639505402121586, 36.48359107182103145 ) ) ;
#4337 = ORIENTED_EDGE ( 'NONE', *, *, #4172, .F. ) ;
#4338 = FACE_OUTER_BOUND ( 'NONE', #5540, .T. ) ;
#4339 = DIRECTION ( 'NONE',  ( -0.000000000000000000, 0.000000000000000000, 1.000000000000000000 ) ) ;
#4340 = VECTOR ( 'NONE', #6406, 1000.000000000000000 ) ;
#4341 = ORIENTED_EDGE ( 'NONE', *, *, #2395, .T. ) ;
#4342 = DIRECTION ( 'NONE',  ( -0.000000000000000000, -0.000000000000000000, -1.000000000000000000 ) ) ;
#4343 = ORIENTED_EDGE ( 'NONE', *, *, #4544, .T. ) ;
#4344 = ORIENTED_EDGE ( 'NONE', *, *, #5211, .T. ) ;
#4345 = EDGE_LOOP ( 'NONE', ( #5377, #4443, #2542, #1299 ) ) ;
#4346 = CARTESIAN_POINT ( 'NONE',  ( 34.44536525785412096, 4.120214400370596941, 130.0000000000000000 ) ) ;
#4347 = LINE ( 'NONE', #5015, #157 ) ;
#4348 = ORIENTED_EDGE ( 'NONE', *, *, #3616, .F. ) ;
#4349 = EDGE_CURVE ( 'NONE', #2709, #7177, #5635, .T. ) ;
#4350 = EDGE_CURVE ( 'NONE', #6974, #7195, #3141, .T. ) ;
#4351 = ORIENTED_EDGE ( 'NONE', *, *, #3986, .T. ) ;
#4352 = ORIENTED_EDGE ( 'NONE', *, *, #8093, .T. ) ;
#4353 = ORIENTED_EDGE ( 'NONE', *, *, #5943, .F. ) ;
#4354 = CARTESIAN_POINT ( 'NONE',  ( 0.8249999999999989564, -1.123686027918558095, -0.3200000000000000067 ) ) ;
#4355 = VERTEX_POINT ( 'NONE', #697 ) ;
#4356 = PERSON_AND_ORGANIZATION ( #5099, #6808 ) ;
#4357 = AXIS2_PLACEMENT_3D ( 'NONE', #1312, #6342, #2579 ) ;
#4358 = CARTESIAN_POINT ( 'NONE',  ( 36.99999999999985079, 18.99999999997893951, 130.0000000000000000 ) ) ;
#4359 = DIRECTION ( 'NONE',  ( -0.000000000000000000, -0.000000000000000000, -1.000000000000000000 ) ) ;
#4360 = CARTESIAN_POINT ( 'NONE',  ( 38.49999999999823785, 1.855190384027667663E-13, 130.0000000000000000 ) ) ;
#4361 = CARTESIAN_POINT ( 'NONE',  ( 33.89073051572432149, 5.240428800752574112, 0.000000000000000000 ) ) ;
#4362 = CARTESIAN_POINT ( 'NONE',  ( 35.00000000000000711, 36.99999999999560885, 130.0000000000000000 ) ) ;
#4363 = CARTESIAN_POINT ( 'NONE',  ( -32.06620911920614247, 2.482113092016013933, 130.0000000000000000 ) ) ;
#4364 = EDGE_CURVE ( 'NONE', #6408, #6742, #5753, .T. ) ;
#4365 = CARTESIAN_POINT ( 'NONE',  ( 36.50000000000019895, 39.99999999999892708, 2.000000000000000000 ) ) ;
#4366 = ORIENTED_EDGE ( 'NONE', *, *, #1882, .T. ) ;
#4367 = VECTOR ( 'NONE', #243, 1000.000000000000000 ) ;
#4368 = DIRECTION ( 'NONE',  ( -0.000000000000000000, -0.000000000000000000, -1.000000000000000000 ) ) ;
#4369 = CARTESIAN_POINT ( 'NONE',  ( 0.000000000000000000, 0.000000000000000000, 0.000000000000000000 ) ) ;
#4370 = CARTESIAN_POINT ( 'NONE',  ( -45.49999999999975131, -0.6000000000023132385, 130.0000000000000000 ) ) ;
#4371 = EDGE_LOOP ( 'NONE', ( #7055, #1148, #2673, #6843 ) ) ;
#4372 = LINE ( 'NONE', #8061, #3128 ) ;
#4373 = CARTESIAN_POINT ( 'NONE',  ( -45.49999999999975842, 1.399999999996578204, 106.9999999999999574 ) ) ;
#4374 = DIRECTION ( 'NONE',  ( -0.000000000000000000, -0.000000000000000000, -1.000000000000000000 ) ) ;
#4375 = EDGE_CURVE ( 'NONE', #4847, #3705, #5201, .T. ) ;
#4376 = DIRECTION ( 'NONE',  ( 4.448008912757228678E-15, -1.000000000000000000, 0.000000000000000000 ) ) ;
#4377 = DIRECTION ( 'NONE',  ( -1.000000000000000000, 8.382183835919931880E-15, 0.000000000000000000 ) ) ;
#4378 = ORIENTED_EDGE ( 'NONE', *, *, #4387, .T. ) ;
#4379 = DIRECTION ( 'NONE',  ( -0.8660254037844380415, 0.000000000000000000, 0.5000000000000009992 ) ) ;
#4380 = CARTESIAN_POINT ( 'NONE',  ( -4.876602963038917683E-15, 1.399999999996737632, 130.0000000000000000 ) ) ;
#4381 = EDGE_CURVE ( 'NONE', #2928, #6327, #3186, .T. ) ;
#4382 = AXIS2_PLACEMENT_3D ( 'NONE', #7436, #7570, #1909 ) ;
#4383 = ORIENTED_EDGE ( 'NONE', *, *, #5855, .T. ) ;
#4384 = DIRECTION ( 'NONE',  ( 3.469446951950914312E-15, -1.000000000000000000, 0.000000000000000000 ) ) ;
#4385 = ORIENTED_EDGE ( 'NONE', *, *, #1874, .F. ) ;
#4386 = ADVANCED_FACE ( 'NONE', ( #6380 ), #4581, .T. ) ;
#4387 = EDGE_CURVE ( 'NONE', #7202, #4887, #2986, .T. ) ;
#4388 = ORIENTED_EDGE ( 'NONE', *, *, #5747, .F. ) ;
#4389 = PLANE ( 'NONE',  #7121 ) ;
#4390 = PERSON_AND_ORGANIZATION_ROLE ( 'classification_officer' ) ;
#4391 = PLANE ( 'NONE',  #936 ) ;
#4392 = DIRECTION ( 'NONE',  ( 1.000000000000000000, 0.000000000000000000, 0.000000000000000000 ) ) ;
#4393 = PERSON ( 'NAUO-PER9', 'UNSPECIFIED', 'UNSPECIFIED', ('UNSPECIFIED'), ('UNSPECIFIED'), ('UNSPECIFIED') ) ;
#4394 = ORIENTED_EDGE ( 'NONE', *, *, #2482, .F. ) ;
#4395 = VECTOR ( 'NONE', #4652, 1000.000000000000000 ) ;
#4396 = EDGE_LOOP ( 'NONE', ( #4480, #5255, #869, #5193 ) ) ;
#4397 = ORIENTED_EDGE ( 'NONE', *, *, #3246, .F. ) ;
#4398 = VERTEX_POINT ( 'NONE', #6952 ) ;
#4399 = LINE ( 'NONE', #7094, #5864 ) ;
#4400 = APPROVAL_ROLE ( '' ) ;
#4401 = DIRECTION ( 'NONE',  ( 1.000000000000000000, 0.000000000000000000, 0.000000000000000000 ) ) ;
#4402 = CARTESIAN_POINT ( 'NONE',  ( -1.434038073475494232E-13, 30.99999999999343459, 130.0000000000000000 ) ) ;
#4403 = LINE ( 'NONE', #4317, #6485 ) ;
#4404 = CARTESIAN_POINT ( 'NONE',  ( -47.90000000000294023, 1.399999999996569988, 130.0000000000000000 ) ) ;
#4405 = EDGE_CURVE ( 'NONE', #1461, #2499, #3802, .T. ) ;
#4406 = VECTOR ( 'NONE', #7911, 1000.000000000000000 ) ;
#4407 = LINE ( 'NONE', #6940, #5063 ) ;
#4408 = CARTESIAN_POINT ( 'NONE',  ( -33.75000000000230216, 36.99999999999535305, 130.0000000000000000 ) ) ;
#4409 = DIRECTION ( 'NONE',  ( 0.8660254037844380415, -0.5000000000000009992, 0.000000000000000000 ) ) ;
#4410 = EDGE_LOOP ( 'NONE', ( #5498, #5543, #4082, #229 ) ) ;
#4411 = ORIENTED_EDGE ( 'NONE', *, *, #211, .T. ) ;
#4412 = CIRCLE ( 'NONE', #2703, 2.000000000000001776 ) ;
#4413 = DIRECTION ( 'NONE',  ( 0.000000000000000000, 0.000000000000000000, 1.000000000000000000 ) ) ;
#4414 = LINE ( 'NONE', #7524, #7209 ) ;
#4415 = VECTOR ( 'NONE', #4420, 1000.000000000000000 ) ;
#4416 = CARTESIAN_POINT ( 'NONE',  ( 33.74999999999916156, 36.99999999999560174, 130.0000000000000000 ) ) ;
#4417 = ORIENTED_EDGE ( 'NONE', *, *, #7080, .T. ) ;
#4418 = DIRECTION ( 'NONE',  ( 0.000000000000000000, 0.000000000000000000, -1.000000000000000000 ) ) ;
#4419 = CARTESIAN_POINT ( 'NONE',  ( 34.56124638288203244, 35.12499999999907629, 130.0000000000000000 ) ) ;
#4420 = DIRECTION ( 'NONE',  ( 4.818676322150006782E-15, -1.000000000000000000, 0.000000000000000000 ) ) ;
#4421 = VECTOR ( 'NONE', #259, 1000.000000000000000 ) ;
#4422 = CARTESIAN_POINT ( 'NONE',  ( 38.50000000000086686, 37.99999999999891998, 2.000000000000000000 ) ) ;
#4423 = ADVANCED_FACE ( 'NONE', ( #4469 ), #6997, .T. ) ;
#4424 = DATE_AND_TIME ( #7041, #7097 ) ;
#4425 = ORIENTED_EDGE ( 'NONE', *, *, #7232, .T. ) ;
#4426 = CARTESIAN_POINT ( 'NONE',  ( -3.628050241188431785E-14, 9.149999999997010747, 130.0000000000000000 ) ) ;
#4427 = ORIENTED_EDGE ( 'NONE', *, *, #211, .F. ) ;
#4428 = FACE_OUTER_BOUND ( 'NONE', #6834, .T. ) ;
#4429 = VERTEX_POINT ( 'NONE', #2616 ) ;
#4430 = ORIENTED_EDGE ( 'NONE', *, *, #5988, .T. ) ;
#4431 = EDGE_CURVE ( 'NONE', #7408, #2221, #7666, .T. ) ;
#4432 = DIRECTION ( 'NONE',  ( 0.000000000000000000, -0.000000000000000000, -1.000000000000000000 ) ) ;
#4433 = PERSON_AND_ORGANIZATION ( #4393, #5772 ) ;
#4434 = FACE_OUTER_BOUND ( 'NONE', #1229, .T. ) ;
#4435 = CARTESIAN_POINT ( 'NONE',  ( 4.515812910881320086, 0.000000000000000000, 0.000000000000000000 ) ) ;
#4436 = ORIENTED_EDGE ( 'NONE', *, *, #2529, .F. ) ;
#4437 = EDGE_CURVE ( 'NONE', #4536, #7123, #1387, .T. ) ;
#4438 = EDGE_CURVE ( 'NONE', #6691, #5799, #6492, .T. ) ;
#4439 = ADVANCED_FACE ( 'NONE', ( #1462 ), #4106, .F. ) ;
#4440 = VECTOR ( 'NONE', #4031, 1000.000000000000000 ) ;
#4441 = AXIS2_PLACEMENT_3D ( 'NONE', #4122, #5916, #4048 ) ;
#4442 = ORIENTED_EDGE ( 'NONE', *, *, #7617, .F. ) ;
#4443 = ORIENTED_EDGE ( 'NONE', *, *, #4839, .F. ) ;
#4444 = ORIENTED_EDGE ( 'NONE', *, *, #4722, .T. ) ;
#4445 = EDGE_CURVE ( 'NONE', #3277, #1982, #5938, .T. ) ;
#4446 = CARTESIAN_POINT ( 'NONE',  ( 34.56124638288203244, 35.12499999999907629, 0.000000000000000000 ) ) ;
#4447 = ORIENTED_EDGE ( 'NONE', *, *, #6868, .F. ) ;
#4448 = APPLICATION_PROTOCOL_DEFINITION ( 'international standard', 'config_control_design', 1994, #7409 ) ;
#4449 = CARTESIAN_POINT ( 'NONE',  ( -32.49999999999558753, 2.999999999997816857, 130.0000000000000000 ) ) ;
#4450 = CONICAL_SURFACE ( 'NONE', #1962, 1.750000000000001554, 0.7853981633974487231 ) ;
#4451 = CARTESIAN_POINT ( 'NONE',  ( -43.49999999999975131, -0.6000000000023070212, 106.9999999999999574 ) ) ;
#4452 = CARTESIAN_POINT ( 'NONE',  ( 32.99999999999721467, 6.399999999999858247, 0.000000000000000000 ) ) ;
#4453 = EDGE_CURVE ( 'NONE', #2295, #5638, #1493, .T. ) ;
#4454 = DIRECTION ( 'NONE',  ( 0.7071067811865462405, 0.7071067811865489050, 0.000000000000000000 ) ) ;
#4455 = CC_DESIGN_DATE_AND_TIME_ASSIGNMENT ( #3686, #8034, ( #1422 ) ) ;
#4456 = FACE_OUTER_BOUND ( 'NONE', #4760, .T. ) ;
#4457 = LOCAL_TIME ( 15, 24, 6.000000000000000000, #1804 ) ;
#4458 = VECTOR ( 'NONE', #2073, 1000.000000000000000 ) ;
#4459 = AXIS2_PLACEMENT_3D ( 'NONE', #6780, #1129, #3627 ) ;
#4460 = CARTESIAN_POINT ( 'NONE',  ( -18.94999999999891216, 18.94999999999884466, 0.000000000000000000 ) ) ;
#4461 = ORIENTED_EDGE ( 'NONE', *, *, #2006, .T. ) ;
#4462 = ORIENTED_EDGE ( 'NONE', *, *, #6785, .F. ) ;
#4463 = DIRECTION ( 'NONE',  ( -0.000000000000000000, -0.000000000000000000, -1.000000000000000000 ) ) ;
#4464 = LINE ( 'NONE', #641, #5774 ) ;
#4465 = CARTESIAN_POINT ( 'NONE',  ( 38.49999999999811706, 24.99999999998627942, 0.000000000000000000 ) ) ;
#4466 = VECTOR ( 'NONE', #7958, 1000.000000000000000 ) ;
#4467 = ORIENTED_EDGE ( 'NONE', *, *, #2913, .T. ) ;
#4468 = EDGE_CURVE ( 'NONE', #2639, #7602, #7888, .T. ) ;
#4469 = FACE_OUTER_BOUND ( 'NONE', #5432, .T. ) ;
#4470 = CARTESIAN_POINT ( 'NONE',  ( 36.99999999999985079, 20.43999999998126782, 130.0000000000000000 ) ) ;
#4471 = CARTESIAN_POINT ( 'NONE',  ( -38.50000000000007816, 27.99999999998967581, 130.0000000000000000 ) ) ;
#4472 = EDGE_CURVE ( 'NONE', #529, #2499, #5862, .T. ) ;
#4473 = LINE ( 'NONE', #4286, #7717 ) ;
#4474 = VECTOR ( 'NONE', #1498, 1000.000000000000000 ) ;
#4475 = DATE_TIME_ROLE ( 'creation_date' ) ;
#4476 = ORIENTED_EDGE ( 'NONE', *, *, #2223, .F. ) ;
#4477 = FACE_OUTER_BOUND ( 'NONE', #2730, .T. ) ;
#4478 = PRODUCT_DEFINITION_SHAPE ( 'NONE', 'NONE',  #8170 ) ;
#4479 = DIRECTION ( 'NONE',  ( 0.000000000000000000, 1.000000000000000000, -0.000000000000000000 ) ) ;
#4480 = ORIENTED_EDGE ( 'NONE', *, *, #3892, .F. ) ;
#4481 = EDGE_CURVE ( 'NONE', #7682, #3866, #2230, .T. ) ;
#4482 = ORIENTED_EDGE ( 'NONE', *, *, #4328, .F. ) ;
#4483 = DIRECTION ( 'NONE',  ( -0.000000000000000000, -0.000000000000000000, -1.000000000000000000 ) ) ;
#4484 = AXIS2_PLACEMENT_3D ( 'NONE', #3364, #4643, #5784 ) ;
#4485 = CARTESIAN_POINT ( 'NONE',  ( 32.99999999999633360, 9.399999999997747935, 130.0000000000000000 ) ) ;
#4486 = EDGE_LOOP ( 'NONE', ( #5447, #4052, #481, #1004 ) ) ;
#4487 = ORIENTED_EDGE ( 'NONE', *, *, #4275, .T. ) ;
#4488 = ORIENTED_EDGE ( 'NONE', *, *, #7740, .T. ) ;
#4489 = AXIS2_PLACEMENT_3D ( 'NONE', #4018, #6547, #902 ) ;
#4490 = EDGE_CURVE ( 'NONE', #2936, #2452, #2766, .T. ) ;
#4491 = CARTESIAN_POINT ( 'NONE',  ( -35.00000000000204636, 36.99999999999535305, 130.0000000000000000 ) ) ;
#4492 = CALENDAR_DATE ( 2020, 16, 10 ) ;
#4493 = LINE ( 'NONE', #7059, #3854 ) ;
#4494 = DIRECTION ( 'NONE',  ( -4.818676322150003626E-15, 1.000000000000000000, 0.000000000000000000 ) ) ;
#4495 = FACE_OUTER_BOUND ( 'NONE', #353, .T. ) ;
#4496 = EDGE_CURVE ( 'NONE', #6822, #1185, #1604, .T. ) ;
#4497 = PLANE ( 'NONE',  #316 ) ;
#4498 = CARTESIAN_POINT ( 'NONE',  ( -43.49999999999977263, 1.399999999996585087, 17.00000000000000000 ) ) ;
#4499 = FACE_OUTER_BOUND ( 'NONE', #6779, .T. ) ;
#4500 = VERTEX_POINT ( 'NONE', #7922 ) ;
#4501 = VECTOR ( 'NONE', #6959, 1000.000000000000000 ) ;
#4502 = ORIENTED_EDGE ( 'NONE', *, *, #809, .T. ) ;
#4503 = EDGE_CURVE ( 'NONE', #5372, #4925, #7847, .T. ) ;
#4504 = EDGE_CURVE ( 'NONE', #2351, #6912, #3587, .T. ) ;
#4505 = DIRECTION ( 'NONE',  ( 1.000000000000000000, 0.000000000000000000, 0.000000000000000000 ) ) ;
#4506 = CARTESIAN_POINT ( 'NONE',  ( 36.99999999999989342, 6.999999999964275688, 0.000000000000000000 ) ) ;
#4507 = LINE ( 'NONE', #3222, #1953 ) ;
#4508 = ORIENTED_EDGE ( 'NONE', *, *, #5538, .T. ) ;
#4509 = VECTOR ( 'NONE', #52, 1000.000000000000000 ) ;
#4510 = PERSON ( 'NAUO-PER2', 'UNSPECIFIED', 'UNSPECIFIED', ('UNSPECIFIED'), ('UNSPECIFIED'), ('UNSPECIFIED') ) ;
#4511 = DIRECTION ( 'NONE',  ( 0.000000000000000000, -1.000000000000000000, 0.000000000000000000 ) ) ;
#4512 = DIRECTION ( 'NONE',  ( -4.625929269276788045E-15, 1.000000000000000000, 0.000000000000000000 ) ) ;
#4513 = CARTESIAN_POINT ( 'NONE',  ( -34.50614573290863518, 5.910047016239844631, 130.0000000000000000 ) ) ;
#4514 = AXIS2_PLACEMENT_3D ( 'NONE', #3122, #6, #5027 ) ;
#4515 = DIRECTION ( 'NONE',  ( 1.000000000000000000, 0.000000000000000000, 0.000000000000000000 ) ) ;
#4516 = APPROVAL_STATUS ( 'not_yet_approved' ) ;
#4517 = ORIENTED_EDGE ( 'NONE', *, *, #3038, .T. ) ;
#4518 = ADVANCED_FACE ( 'NONE', ( #2267 ), #5238, .F. ) ;
#4519 = DIRECTION ( 'NONE',  ( 0.000000000000000000, -0.000000000000000000, 1.000000000000000000 ) ) ;
#4520 = ORIENTED_EDGE ( 'NONE', *, *, #6882, .T. ) ;
#4521 = VERTEX_POINT ( 'NONE', #3447 ) ;
#4522 = LINE ( 'NONE', #615, #5800 ) ;
#4523 = CARTESIAN_POINT ( 'NONE',  ( -3.969047313029125460E-14, 11.43999999997014072, 130.0000000000000000 ) ) ;
#4524 = EDGE_LOOP ( 'NONE', ( #5842, #7706, #7501, #2411 ) ) ;
#4525 = CC_DESIGN_PERSON_AND_ORGANIZATION_ASSIGNMENT ( #1307, #7219, ( #7565 ) ) ;
#4526 = ORIENTED_EDGE ( 'NONE', *, *, #6379, .F. ) ;
#4527 = EDGE_LOOP ( 'NONE', ( #7391, #4508, #3204, #1102 ) ) ;
#4528 = LINE ( 'NONE', #1368, #7596 ) ;
#4529 = APPROVAL_ROLE ( '' ) ;
#4530 = CARTESIAN_POINT ( 'NONE',  ( 36.99999999999982947, 26.43999999998860062, 130.0000000000000000 ) ) ;
#4531 = DIRECTION ( 'NONE',  ( -0.000000000000000000, -0.000000000000000000, -1.000000000000000000 ) ) ;
#4532 = DIRECTION ( 'NONE',  ( -4.625929269276788045E-15, 1.000000000000000000, 0.000000000000000000 ) ) ;
#4533 = DIRECTION ( 'NONE',  ( 1.000000000000000000, 0.000000000000000000, 0.000000000000000000 ) ) ;
#4534 = VECTOR ( 'NONE', #5977, 1000.000000000000000 ) ;
#4535 = DIRECTION ( 'NONE',  ( 1.000000000000000000, 0.000000000000000000, 0.000000000000000000 ) ) ;
#4536 = VERTEX_POINT ( 'NONE', #257 ) ;
#4537 = VERTEX_POINT ( 'NONE', #3961 ) ;
#4538 = EDGE_CURVE ( 'NONE', #1167, #7580, #296, .T. ) ;
#4539 = CARTESIAN_POINT ( 'NONE',  ( 33.24999999999839417, 7.149999999999887557, 0.000000000000000000 ) ) ;
#4540 = CARTESIAN_POINT ( 'NONE',  ( -37.00000000000177636, 21.99999999998235012, 130.0000000000000000 ) ) ;
#4541 = LINE ( 'NONE', #7071, #4568 ) ;
#4542 = EDGE_LOOP ( 'NONE', ( #492, #2098, #896, #1642 ) ) ;
#4543 = EDGE_CURVE ( 'NONE', #7934, #2510, #377, .T. ) ;
#4544 = EDGE_CURVE ( 'NONE', #2295, #5279, #333, .T. ) ;
#4545 = CARTESIAN_POINT ( 'NONE',  ( 34.99999999999657518, 2.999999999994909405, 130.0000000000000000 ) ) ;
#4546 = FACE_OUTER_BOUND ( 'NONE', #1177, .T. ) ;
#4547 = VECTOR ( 'NONE', #2099, 1000.000000000000000 ) ;
#4548 = DIRECTION ( 'NONE',  ( -0.000000000000000000, -0.000000000000000000, -1.000000000000000000 ) ) ;
#4549 = DATE_AND_TIME ( #7078, #6684 ) ;
#4550 = ORIENTED_EDGE ( 'NONE', *, *, #6208, .T. ) ;
#4551 = AXIS2_PLACEMENT_3D ( 'NONE', #1434, #5834, #3349 ) ;
#4552 = CARTESIAN_POINT ( 'NONE',  ( -37.89999999999960067, -1.323271427421533721E-13, 0.000000000000000000 ) ) ;
#4553 = ORIENTED_EDGE ( 'NONE', *, *, #5404, .F. ) ;
#4554 = ORIENTED_EDGE ( 'NONE', *, *, #234, .T. ) ;
#4555 = DIRECTION ( 'NONE',  ( -0.000000000000000000, 0.000000000000000000, 1.000000000000000000 ) ) ;
#4556 = EDGE_CURVE ( 'NONE', #5110, #6247, #7051, .T. ) ;
#4557 = DIRECTION ( 'NONE',  ( 1.000000000000000000, 4.448008912757228678E-15, -0.000000000000000000 ) ) ;
#4558 = VERTEX_POINT ( 'NONE', #919 ) ;
#4559 = ORIENTED_EDGE ( 'NONE', *, *, #6321, .F. ) ;
#4560 = ORIENTED_EDGE ( 'NONE', *, *, #5329, .T. ) ;
#4561 = DIRECTION ( 'NONE',  ( 4.818676322150003626E-15, -1.000000000000000000, 0.000000000000000000 ) ) ;
#4562 = PERSON_AND_ORGANIZATION ( #5970, #4028 ) ;
#4563 = LINE ( 'NONE', #5455, #566 ) ;
#4564 = VECTOR ( 'NONE', #764, 1000.000000000000000 ) ;
#4565 = CARTESIAN_POINT ( 'NONE',  ( 34.99999999999834444, 0.000000000000000000, 130.0000000000000000 ) ) ;
#4566 = SECURITY_CLASSIFICATION ( '', '', #3433 ) ;
#4567 = LINE ( 'NONE', #4641, #4306 ) ;
#4568 = VECTOR ( 'NONE', #3922, 1000.000000000000000 ) ;
#4569 = CARTESIAN_POINT ( 'NONE',  ( -38.50000000000000000, 6.999999999964011899, 130.0000000000000000 ) ) ;
#4570 = CARTESIAN_POINT ( 'NONE',  ( -34.99999999999617017, 7.150000000003768008, 130.0000000000000000 ) ) ;
#4571 = VERTEX_POINT ( 'NONE', #2800 ) ;
#4572 = VERTEX_POINT ( 'NONE', #2151 ) ;
#4573 = AXIS2_PLACEMENT_3D ( 'NONE', #1567, #4068, #953 ) ;
#4574 = VECTOR ( 'NONE', #3761, 1000.000000000000000 ) ;
#4575 = FACE_OUTER_BOUND ( 'NONE', #5257, .T. ) ;
#4576 = CARTESIAN_POINT ( 'NONE',  ( -4.510281037534994941E-14, 12.99999999997147881, 130.0000000000000000 ) ) ;
#4577 = CARTESIAN_POINT ( 'NONE',  ( -36.49999999999842260, 39.99999999999892708, 0.000000000000000000 ) ) ;
#4578 = ORIENTED_EDGE ( 'NONE', *, *, #3134, .F. ) ;
#4579 = VECTOR ( 'NONE', #5827, 1000.000000000000000 ) ;
#4580 = LOCAL_TIME ( 15, 24, 6.000000000000000000, #1564 ) ;
#4581 = PLANE ( 'NONE',  #1969 ) ;
#4582 = FACE_OUTER_BOUND ( 'NONE', #5875, .T. ) ;
#4583 = CARTESIAN_POINT ( 'NONE',  ( 35.00000000000191847, 39.99999999999892708, 2.000000000000000000 ) ) ;
#4584 = AXIS2_PLACEMENT_3D ( 'NONE', #5034, #4985, #56 ) ;
#4585 = EDGE_CURVE ( 'NONE', #5677, #1146, #452, .T. ) ;
#4586 = ADVANCED_FACE ( 'NONE', ( #7226, #7388, #4856 ), #7300, .T. ) ;
#4587 = CC_DESIGN_SECURITY_CLASSIFICATION ( #4975, ( #4706 ) ) ;
#4588 = ORIENTED_EDGE ( 'NONE', *, *, #4350, .T. ) ;
#4589 = LINE ( 'NONE', #7817, #1686 ) ;
#4590 = EDGE_CURVE ( 'NONE', #7599, #4943, #1390, .T. ) ;
#4591 = AXIS2_PLACEMENT_3D ( 'NONE', #5356, #7310, #1647 ) ;
#4592 = CARTESIAN_POINT ( 'NONE',  ( -35.00000000000204636, 36.99999999999535305, 130.0000000000000000 ) ) ;
#4593 = ORIENTED_EDGE ( 'NONE', *, *, #8120, .T. ) ;
#4594 = ORIENTED_EDGE ( 'NONE', *, *, #6165, .T. ) ;
#4595 = EDGE_CURVE ( 'NONE', #1471, #324, #4188, .T. ) ;
#4596 = CARTESIAN_POINT ( 'NONE',  ( -35.00000000000014211, 39.99999999999892708, 2.000000000000000000 ) ) ;
#4597 = AXIS2_PLACEMENT_3D ( 'NONE', #843, #2659, #7184 ) ;
#4598 = ORIENTED_EDGE ( 'NONE', *, *, #5782, .F. ) ;
#4599 = VECTOR ( 'NONE', #2473, 1000.000000000000000 ) ;
#4600 = ORIENTED_EDGE ( 'NONE', *, *, #7949, .T. ) ;
#4601 = ORIENTED_EDGE ( 'NONE', *, *, #327, .F. ) ;
#4602 = LINE ( 'NONE', #7134, #864 ) ;
#4603 = PERSON_AND_ORGANIZATION ( #1744, #4831 ) ;
#4604 = DIRECTION ( 'NONE',  ( -0.000000000000000000, -0.000000000000000000, -1.000000000000000000 ) ) ;
#4605 = DIRECTION ( 'NONE',  ( -0.000000000000000000, 0.000000000000000000, 1.000000000000000000 ) ) ;
#4606 = DIRECTION ( 'NONE',  ( 3.469446951952455747E-15, -1.000000000000000000, 0.000000000000000000 ) ) ;
#4607 = AXIS2_PLACEMENT_3D ( 'NONE', #1684, #7389, #2945 ) ;
#4608 = EDGE_CURVE ( 'NONE', #3334, #8028, #8094, .T. ) ;
#4609 = DIRECTION ( 'NONE',  ( 1.000000000000000000, 0.000000000000000000, 0.000000000000000000 ) ) ;
#4610 = PLANE ( 'NONE',  #4484 ) ;
#4611 = AXIS2_PLACEMENT_3D ( 'NONE', #2704, #5213, #7049 ) ;
#4612 = CC_DESIGN_PERSON_AND_ORGANIZATION_ASSIGNMENT ( #1282, #1898, ( #1683 ) ) ;
#4613 = ORIENTED_EDGE ( 'NONE', *, *, #1227, .T. ) ;
#4614 = VERTEX_POINT ( 'NONE', #5424 ) ;
#4615 = CYLINDRICAL_SURFACE ( 'NONE', #7745, 0.2500000000000834888 ) ;
#4616 = PLANE ( 'NONE',  #2853 ) ;
#4617 = DIRECTION ( 'NONE',  ( 4.625929269276788045E-15, -1.000000000000000000, 0.000000000000000000 ) ) ;
#4618 = DIRECTION ( 'NONE',  ( -3.483287830750206171E-15, 1.000000000000000000, -0.000000000000000000 ) ) ;
#4619 = FACE_OUTER_BOUND ( 'NONE', #7618, .T. ) ;
#4620 = VECTOR ( 'NONE', #1262, 1000.000000000000000 ) ;
#4621 = DIRECTION ( 'NONE',  ( 4.818676322150006782E-15, -1.000000000000000000, 0.000000000000000000 ) ) ;
#4622 = VERTEX_POINT ( 'NONE', #2347 ) ;
#4623 = CIRCLE ( 'NONE', #1072, 3.000000000000009770 ) ;
#4624 = DIRECTION ( 'NONE',  ( -0.7071067811865487940, 0.7071067811865463515, 0.000000000000000000 ) ) ;
#4625 = PLANE ( 'NONE',  #2088 ) ;
#4626 = VECTOR ( 'NONE', #3605, 1000.000000000000000 ) ;
#4627 = DIRECTION ( 'NONE',  ( 0.000000000000000000, 0.000000000000000000, 1.000000000000000000 ) ) ;
#4628 = ORIENTED_EDGE ( 'NONE', *, *, #5587, .F. ) ;
#4629 = ORIENTED_EDGE ( 'NONE', *, *, #5334, .T. ) ;
#4630 = ADVANCED_FACE ( 'NONE', ( #3528 ), #1813, .T. ) ;
#4631 = CARTESIAN_POINT ( 'NONE',  ( -38.49999999999994316, -1.855190384027749956E-13, 130.0000000000000000 ) ) ;
#4632 = ORIENTED_EDGE ( 'NONE', *, *, #132, .F. ) ;
#4633 = EDGE_CURVE ( 'NONE', #4622, #430, #1724, .T. ) ;
#4634 = EDGE_CURVE ( 'NONE', #6157, #6589, #6183, .T. ) ;
#4635 = VERTEX_POINT ( 'NONE', #2430 ) ;
#4636 = ORIENTED_EDGE ( 'NONE', *, *, #6435, .F. ) ;
#4637 = LINE ( 'NONE', #4714, #7185 ) ;
#4638 = DATE_AND_TIME ( #6400, #510 ) ;
#4639 = CARTESIAN_POINT ( 'NONE',  ( -34.99999999999658939, 2.999999999997227107, 0.000000000000000000 ) ) ;
#4640 = DIRECTION ( 'NONE',  ( 1.000000000000000000, 0.000000000000000000, 0.000000000000000000 ) ) ;
#4641 = CARTESIAN_POINT ( 'NONE',  ( -2.428612866357885950E-14, 6.999999999964145125, 130.0000000000000000 ) ) ;
#4642 = CARTESIAN_POINT ( 'NONE',  ( 0.000000000000000000, -1.600000000000000089, -0.3200000000000000067 ) ) ;
#4643 = DIRECTION ( 'NONE',  ( -4.625929269276788045E-15, 1.000000000000000000, 0.000000000000000000 ) ) ;
#4644 = ORIENTED_EDGE ( 'NONE', *, *, #7980, .F. ) ;
#4645 = VERTEX_POINT ( 'NONE', #6675 ) ;
#4646 = CARTESIAN_POINT ( 'NONE',  ( 0.8249999999999999556, -0.6199999999999999956, 0.6199999999999999956 ) ) ;
#4647 = ADVANCED_FACE ( 'NONE', ( #417 ), #6094, .F. ) ;
#4648 = LINE ( 'NONE', #7180, #635 ) ;
#4649 = DIRECTION ( 'NONE',  ( 0.000000000000000000, 0.000000000000000000, 1.000000000000000000 ) ) ;
#4650 = CARTESIAN_POINT ( 'NONE',  ( 38.49999999999823075, 1.855190384027667410E-13, 0.000000000000000000 ) ) ;
#4651 = VECTOR ( 'NONE', #454, 1000.000000000000000 ) ;
#4652 = DIRECTION ( 'NONE',  ( -0.000000000000000000, -0.000000000000000000, -1.000000000000000000 ) ) ;
#4653 = CYLINDRICAL_SURFACE ( 'NONE', #7660, 2.000000000000334843 ) ;
#4654 = PLANE ( 'NONE',  #6126 ) ;
#4655 = VECTOR ( 'NONE', #364, 1000.000000000000000 ) ;
#4656 = EDGE_CURVE ( 'NONE', #3060, #3942, #2303, .T. ) ;
#4657 = CARTESIAN_POINT ( 'NONE',  ( -35.00000000000191847, -1.234887898153138944E-13, 0.000000000000000000 ) ) ;
#4658 = CARTESIAN_POINT ( 'NONE',  ( -35.00000000000204636, 36.99999999999535305, 0.000000000000000000 ) ) ;
#4659 = PRODUCT_DEFINITION ( '未知', '', #5902, #467 ) ;
#4660 = AXIS2_PLACEMENT_3D ( 'NONE', #717, #5641, #5734 ) ;
#4661 = PLANE ( 'NONE',  #653 ) ;
#4662 = CARTESIAN_POINT ( 'NONE',  ( -38.50000000000008527, 29.43999999999200412, 130.0000000000000000 ) ) ;
#4663 = EDGE_LOOP ( 'NONE', ( #7820, #2379, #6078, #818 ) ) ;
#4664 = EDGE_LOOP ( 'NONE', ( #3601, #2509, #2656, #5077 ) ) ;
#4665 = AXIS2_PLACEMENT_3D ( 'NONE', #6211, #2373, #6835 ) ;
#4666 = DIRECTION ( 'NONE',  ( -4.818676322150006782E-15, 1.000000000000000000, 0.000000000000000000 ) ) ;
#4667 = AXIS2_PLACEMENT_3D ( 'NONE', #302, #2808, #4627 ) ;
#4668 = ORIENTED_EDGE ( 'NONE', *, *, #4214, .F. ) ;
#4669 = ORIENTED_EDGE ( 'NONE', *, *, #2675, .T. ) ;
#4670 = ORIENTED_EDGE ( 'NONE', *, *, #3515, .F. ) ;
#4671 = CARTESIAN_POINT ( 'NONE',  ( 32.56418350556986496, 37.56284811935532275, 130.0000000000000000 ) ) ;
#4672 = COORDINATED_UNIVERSAL_TIME_OFFSET ( 8, 0, .AHEAD. ) ;
#4673 = EDGE_CURVE ( 'NONE', #63, #4847, #4896, .T. ) ;
#4674 = LINE ( 'NONE', #7247, #6055 ) ;
#4675 = DIRECTION ( 'NONE',  ( 3.491130995404636153E-15, -1.000000000000000000, 0.000000000000000000 ) ) ;
#4676 = DIRECTION ( 'NONE',  ( -0.000000000000000000, -0.000000000000000000, -1.000000000000000000 ) ) ;
#4677 = DIRECTION ( 'NONE',  ( 1.000000000000000000, 0.000000000000000000, 0.000000000000000000 ) ) ;
#4678 = EDGE_CURVE ( 'NONE', #5338, #7542, #8089, .T. ) ;
#4679 = VERTEX_POINT ( 'NONE', #547 ) ;
#4680 = ORIENTED_EDGE ( 'NONE', *, *, #3516, .T. ) ;
#4681 = DIRECTION ( 'NONE',  ( 4.448008912757228678E-15, -1.000000000000000000, 0.000000000000000000 ) ) ;
#4682 = VECTOR ( 'NONE', #499, 1000.000000000000000 ) ;
#4683 = PERSON ( 'NAUO-PER4', 'UNSPECIFIED', 'UNSPECIFIED', ('UNSPECIFIED'), ('UNSPECIFIED'), ('UNSPECIFIED') ) ;
#4684 = DATE_TIME_ROLE ( 'classification_date' ) ;
#4685 = SECURITY_CLASSIFICATION ( '', '', #5024 ) ;
#4686 = CARTESIAN_POINT ( 'NONE',  ( -37.89999999999960067, -1.323271427421533721E-13, 130.0000000000000000 ) ) ;
#4687 = DIRECTION ( 'NONE',  ( 0.000000000000000000, 0.000000000000000000, 1.000000000000000000 ) ) ;
#4688 = CARTESIAN_POINT ( 'NONE',  ( 36.99999999999990052, 5.439999999962936705, 0.000000000000000000 ) ) ;
#4689 = ADVANCED_FACE ( 'NONE', ( #4231 ), #6763, .T. ) ;
#4690 = DIRECTION ( 'NONE',  ( 1.000000000000000000, 0.000000000000000000, 0.000000000000000000 ) ) ;
#4691 = APPROVAL_PERSON_ORGANIZATION ( #4433, #1890, #4754 ) ;
#4692 = DIRECTION ( 'NONE',  ( 0.000000000000000000, -0.000000000000000000, 1.000000000000000000 ) ) ;
#4694 = ADVANCED_FACE ( 'NONE', ( #3611 ), #4319, .T. ) ;
#4693 = AXIS2_PLACEMENT_3D ( 'NONE', #4149, #1037, #424 ) ;
#4695 = VECTOR ( 'NONE', #61, 1000.000000000000000 ) ;
#4696 = CARTESIAN_POINT ( 'NONE',  ( -38.50000000000007105, 26.43999999998833772, 130.0000000000000000 ) ) ;
#4697 = CARTESIAN_POINT ( 'NONE',  ( -45.49999999999975131, -0.6000000000023132385, 130.0000000000000000 ) ) ;
#4698 = DIRECTION ( 'NONE',  ( 1.000000000000000000, 0.000000000000000000, 0.000000000000000000 ) ) ;
#4699 = VECTOR ( 'NONE', #5156, 1000.000000000000000 ) ;
#4700 = VECTOR ( 'NONE', #8000, 1000.000000000000000 ) ;
#4701 = CARTESIAN_POINT ( 'NONE',  ( -38.49999999999887734, 33.99999999999523226, 130.0000000000000000 ) ) ;
#4702 = LINE ( 'NONE', #5950, #1404 ) ;
#4703 = EDGE_LOOP ( 'NONE', ( #7627, #2135, #6961, #4000 ) ) ;
#4704 = CC_DESIGN_APPROVAL ( #185, ( #128 ) ) ;
#4705 = AXIS2_PLACEMENT_3D ( 'NONE', #2039, #5708, #1913 ) ;
#4706 = PRODUCT_DEFINITION_FORMATION_WITH_SPECIFIED_SOURCE ( '任何', '', #6308, .NOT_KNOWN. ) ;
#4707 = VERTEX_POINT ( 'NONE', #5561 ) ;
#4708 =( LENGTH_UNIT ( ) NAMED_UNIT ( * ) SI_UNIT ( .MILLI., .METRE. ) );
#4709 = CARTESIAN_POINT ( 'NONE',  ( -45.49999999999975131, -0.6000000000023132385, 112.9999999999999574 ) ) ;
#4710 = VERTEX_POINT ( 'NONE', #7431 ) ;
#4711 = EDGE_CURVE ( 'NONE', #2546, #7750, #5580, .T. ) ;
#4712 = ORIENTED_EDGE ( 'NONE', *, *, #3179, .F. ) ;
#4713 = ORIENTED_EDGE ( 'NONE', *, *, #5245, .F. ) ;
#4714 = CARTESIAN_POINT ( 'NONE',  ( -38.50000000000001421, 9.999999999967679187, 130.0000000000000000 ) ) ;
#4715 = CIRCLE ( 'NONE', #2999, 2.499999999999939604 ) ;
#4716 = DATE_AND_TIME ( #6626, #6969 ) ;
#4717 = DIRECTION ( 'NONE',  ( 1.000000000000000000, 0.000000000000000000, 0.000000000000000000 ) ) ;
#4718 = ORIENTED_EDGE ( 'NONE', *, *, #3343, .T. ) ;
#4719 = DIRECTION ( 'NONE',  ( 1.000000000000000000, 3.469446951957591626E-15, 0.000000000000000000 ) ) ;
#4720 = VECTOR ( 'NONE', #3091, 1000.000000000000000 ) ;
#4721 = LINE ( 'NONE', #1667, #6343 ) ;
#4722 = EDGE_CURVE ( 'NONE', #6334, #1841, #1500, .T. ) ;
#4723 = EDGE_LOOP ( 'NONE', ( #7806, #1855, #3218, #3779 ) ) ;
#4724 = ORIENTED_EDGE ( 'NONE', *, *, #3781, .F. ) ;
#4725 = DIRECTION ( 'NONE',  ( 1.000000000000000000, 3.483287830750206171E-15, -0.000000000000000000 ) ) ;
#4726 = CALENDAR_DATE ( 2020, 16, 10 ) ;
#4727 = AXIS2_PLACEMENT_3D ( 'NONE', #7471, #8090, #2431 ) ;
#4728 = DIRECTION ( 'NONE',  ( -1.000000000000000000, -4.047688110617190230E-15, 0.000000000000000000 ) ) ;
#4729 = CARTESIAN_POINT ( 'NONE',  ( -38.49999999999994316, -1.855190384027749956E-13, 130.0000000000000000 ) ) ;
#4730 = CARTESIAN_POINT ( 'NONE',  ( -38.50000000000000000, 0.000000000000000000, 130.0000000000000000 ) ) ;
#4731 = EDGE_CURVE ( 'NONE', #5406, #6741, #6244, .T. ) ;
#4732 = DIRECTION ( 'NONE',  ( 4.448008912757228678E-15, -1.000000000000000000, 0.000000000000000000 ) ) ;
#4733 = CARTESIAN_POINT ( 'NONE',  ( 36.49999999999828049, 39.99999999999749889, 130.0000000000000000 ) ) ;
#4734 = ADVANCED_FACE ( 'NONE', ( #5074 ), #5309, .F. ) ;
#4735 = ADVANCED_FACE ( 'NONE', ( #6405 ), #3836, .F. ) ;
#4736 = DIRECTION ( 'NONE',  ( -0.000000000000000000, -0.000000000000000000, -1.000000000000000000 ) ) ;
#4737 = ADVANCED_FACE ( 'NONE', ( #5783 ), #6446, .T. ) ;
#4738 = VECTOR ( 'NONE', #2375, 1000.000000000000000 ) ;
#4739 = LINE ( 'NONE', #4657, #6230 ) ;
#4740 = DIRECTION ( 'NONE',  ( -0.000000000000000000, 0.000000000000000000, -1.000000000000000000 ) ) ;
#4741 = LINE ( 'NONE', #5947, #3275 ) ;
#4742 = DIRECTION ( 'NONE',  ( 4.448008912757226311E-15, -1.000000000000000000, 0.000000000000000000 ) ) ;
#4743 = DIRECTION ( 'NONE',  ( 0.000000000000000000, 0.000000000000000000, 1.000000000000000000 ) ) ;
#4744 = ORIENTED_EDGE ( 'NONE', *, *, #7868, .F. ) ;
#4745 = ORIENTED_EDGE ( 'NONE', *, *, #6256, .F. ) ;
#4746 = FACE_OUTER_BOUND ( 'NONE', #2258, .T. ) ;
#4747 = DIRECTION ( 'NONE',  ( -0.000000000000000000, 0.000000000000000000, 1.000000000000000000 ) ) ;
#4748 = EDGE_CURVE ( 'NONE', #2809, #2200, #7692, .T. ) ;
#4749 = ORIENTED_EDGE ( 'NONE', *, *, #5719, .F. ) ;
#4750 = AXIS2_PLACEMENT_3D ( 'NONE', #3470, #4131, #6081 ) ;
#4751 = ORIENTED_EDGE ( 'NONE', *, *, #96, .F. ) ;
#4752 = ORIENTED_EDGE ( 'NONE', *, *, #6695, .F. ) ;
#4753 = CARTESIAN_POINT ( 'NONE',  ( -37.00000000000172662, 6.999999999964016340, 130.0000000000000000 ) ) ;
#4754 = APPROVAL_ROLE ( '' ) ;
#4755 = DIRECTION ( 'NONE',  ( -0.7071067811865479058, 8.659560562354937789E-17, 0.7071067811865472397 ) ) ;
#4756 = EDGE_LOOP ( 'NONE', ( #4238, #2501, #5670, #4669 ) ) ;
#4757 = CARTESIAN_POINT ( 'NONE',  ( 1.084202172485499997E-16, -0.3199999999999999512, 0.000000000000000000 ) ) ;
#4758 = CARTESIAN_POINT ( 'NONE',  ( -37.00000000000176215, 17.43999999997734562, 130.0000000000000000 ) ) ;
#4759 = ORIENTED_EDGE ( 'NONE', *, *, #3066, .T. ) ;
#4760 = EDGE_LOOP ( 'NONE', ( #4461, #3771, #7935, #7118 ) ) ;
#4761 = ADVANCED_FACE ( 'NONE', ( #4983 ), #7654, .F. ) ;
#4762 = CYLINDRICAL_SURFACE ( 'NONE', #4002, 1.500000000000000000 ) ;
#4763 = CALENDAR_DATE ( 2020, 16, 10 ) ;
#4764 = DIRECTION ( 'NONE',  ( 4.448008912757228678E-15, -1.000000000000000000, 0.000000000000000000 ) ) ;
#4765 = CARTESIAN_POINT ( 'NONE',  ( -35.00000000000203926, 34.16810644100630157, 0.000000000000000000 ) ) ;
#4766 = DIRECTION ( 'NONE',  ( -0.000000000000000000, -0.000000000000000000, 1.000000000000000000 ) ) ;
#4767 = VECTOR ( 'NONE', #4368, 1000.000000000000000 ) ;
#4768 = DIRECTION ( 'NONE',  ( 1.000000000000000000, 0.000000000000000000, 0.000000000000000000 ) ) ;
#4769 = CARTESIAN_POINT ( 'NONE',  ( -38.49999999999996447, -1.855190384027750966E-13, 130.0000000000000000 ) ) ;
#4770 = DIRECTION ( 'NONE',  ( 1.000000000000000000, 0.000000000000000000, 0.000000000000000000 ) ) ;
#4771 = ADVANCED_FACE ( 'NONE', ( #3297 ), #5157, .F. ) ;
#4772 = DIRECTION ( 'NONE',  ( -0.000000000000000000, -0.000000000000000000, -1.000000000000000000 ) ) ;
#4773 = CARTESIAN_POINT ( 'NONE',  ( 36.74999999999836575, 2.999999999997227107, 0.000000000000000000 ) ) ;
#4774 = FACE_OUTER_BOUND ( 'NONE', #2794, .T. ) ;
#4775 = EDGE_CURVE ( 'NONE', #2594, #4707, #1861, .T. ) ;
#4776 = LINE ( 'NONE', #2734, #1442 ) ;
#4777 = CARTESIAN_POINT ( 'NONE',  ( 38.49999999999810285, 27.99999999998994582, 130.0000000000000000 ) ) ;
#4778 = VECTOR ( 'NONE', #502, 1000.000000000000000 ) ;
#4779 = DIRECTION ( 'NONE',  ( 1.000000000000000000, 0.000000000000000000, 0.000000000000000000 ) ) ;
#4781 = ADVANCED_FACE ( 'NONE', ( #3126 ), #3212, .F. ) ;
#4780 = ORIENTED_EDGE ( 'NONE', *, *, #2720, .F. ) ;
#4782 = VERTEX_POINT ( 'NONE', #3789 ) ;
#4783 = CARTESIAN_POINT ( 'NONE',  ( 33.12499999999651124, 2.663973519775216126, 130.0000000000000000 ) ) ;
#4784 = VERTEX_POINT ( 'NONE', #5696 ) ;
#4785 = EDGE_CURVE ( 'NONE', #2855, #7542, #7609, .T. ) ;
#4786 = CC_DESIGN_DATE_AND_TIME_ASSIGNMENT ( #4716, #7987, ( #7223 ) ) ;
#4787 = EDGE_CURVE ( 'NONE', #239, #2931, #4251, .T. ) ;
#4788 = VECTOR ( 'NONE', #2250, 1000.000000000000000 ) ;
#4789 = VERTEX_POINT ( 'NONE', #633 ) ;
#4790 = ORIENTED_EDGE ( 'NONE', *, *, #3557, .T. ) ;
#4791 = FACE_OUTER_BOUND ( 'NONE', #8014, .T. ) ;
#4792 = VECTOR ( 'NONE', #5438, 1000.000000000000000 ) ;
#4793 = APPROVAL_DATE_TIME ( #6591, #185 ) ;
#4794 = FACE_OUTER_BOUND ( 'NONE', #4846, .T. ) ;
#4795 = ORIENTED_EDGE ( 'NONE', *, *, #5849, .T. ) ;
#4796 = AXIS2_PLACEMENT_3D ( 'NONE', #7775, #4548, #3997 ) ;
#4797 = CARTESIAN_POINT ( 'NONE',  ( 36.99999999999993605, 1.645763297720171874E-13, 0.000000000000000000 ) ) ;
#4798 = VERTEX_POINT ( 'NONE', #7064 ) ;
#4799 = VERTEX_POINT ( 'NONE', #1947 ) ;
#4800 = ORIENTED_EDGE ( 'NONE', *, *, #3246, .T. ) ;
#4801 = CARTESIAN_POINT ( 'NONE',  ( 38.49999999999814548, 15.99999999997528022, 130.0000000000000000 ) ) ;
#4802 = DATE_AND_TIME ( #7951, #1030 ) ;
#4803 = CARTESIAN_POINT ( 'NONE',  ( 34.99999999999834444, 5.831893559007534478, 130.0000000000000000 ) ) ;
#4804 = DIRECTION ( 'NONE',  ( 0.000000000000000000, 0.000000000000000000, 1.000000000000000000 ) ) ;
#4805 = LINE ( 'NONE', #2344, #5773 ) ;
#4806 = DIRECTION ( 'NONE',  ( -0.000000000000000000, -0.000000000000000000, -1.000000000000000000 ) ) ;
#4807 = LINE ( 'NONE', #5425, #6708 ) ;
#4808 = DIRECTION ( 'NONE',  ( -0.000000000000000000, -0.000000000000000000, -1.000000000000000000 ) ) ;
#4809 = DIRECTION ( 'NONE',  ( -1.000000000000000000, -4.625929269276788834E-15, 0.000000000000000000 ) ) ;
#4810 = CARTESIAN_POINT ( 'NONE',  ( 35.00000000000000711, 36.99999999999560885, 130.0000000000000000 ) ) ;
#4811 = DIRECTION ( 'NONE',  ( -1.000000000000000000, 0.000000000000000000, 0.000000000000000000 ) ) ;
#4812 = VERTEX_POINT ( 'NONE', #5818 ) ;
#4813 = AXIS2_PLACEMENT_3D ( 'NONE', #1677, #7427, #6134 ) ;
#4814 = LOCAL_TIME ( 15, 24, 6.000000000000000000, #1320 ) ;
#4815 = ADVANCED_FACE ( 'NONE', ( #7518 ), #2519, .T. ) ;
#4816 = VECTOR ( 'NONE', #5751, 1000.000000000000000 ) ;
#4817 = CARTESIAN_POINT ( 'NONE',  ( -34.74999999999764100, 5.900000000003905676, 130.0000000000000000 ) ) ;
#4818 = CARTESIAN_POINT ( 'NONE',  ( -8.789265611616038023E-14, 18.99999999997876898, 130.0000000000000000 ) ) ;
#4819 = CARTESIAN_POINT ( 'NONE',  ( 43.50000000000023448, -0.6000000000020017099, 23.00000000000000711 ) ) ;
#4820 = ORIENTED_EDGE ( 'NONE', *, *, #4431, .T. ) ;
#4821 = EDGE_CURVE ( 'NONE', #1935, #2746, #4407, .T. ) ;
#4822 = ADVANCED_FACE ( 'NONE', ( #6368 ), #1338, .F. ) ;
#4823 = ORIENTED_EDGE ( 'NONE', *, *, #3283, .T. ) ;
#4824 =( LENGTH_UNIT ( ) NAMED_UNIT ( * ) SI_UNIT ( .MILLI., .METRE. ) );
#4825 = CIRCLE ( 'NONE', #1546, 0.7636293187993428155 ) ;
#4826 = AXIS2_PLACEMENT_3D ( 'NONE', #692, #4687, #6522 ) ;
#4827 = CARTESIAN_POINT ( 'NONE',  ( 48.49999999999798916, 0.8000000000000812017, 130.0000000000000000 ) ) ;
#4828 = DIRECTION ( 'NONE',  ( -0.000000000000000000, 0.000000000000000000, 1.000000000000000000 ) ) ;
#4829 = ADVANCED_FACE ( 'NONE', ( #1994 ), #4497, .F. ) ;
#4830 = VERTEX_POINT ( 'NONE', #7873 ) ;
#4831 = ORGANIZATION ( 'NAUO-ORG5', 'UNSPECIFIED', 'UNSPECIFIED' ) ;
#4832 = AXIS2_PLACEMENT_3D ( 'NONE', #4995, #6064, #3005 ) ;
#4833 = APPROVAL_PERSON_ORGANIZATION ( #1676, #7189, #5381 ) ;
#4834 = EDGE_LOOP ( 'NONE', ( #2067, #6930, #3691, #3881 ) ) ;
#4835 = EDGE_CURVE ( 'NONE', #2010, #3843, #1558, .T. ) ;
#4836 = ORIENTED_EDGE ( 'NONE', *, *, #7924, .F. ) ;
#4837 = VERTEX_POINT ( 'NONE', #5189 ) ;
#4838 = PLANE ( 'NONE',  #4665 ) ;
#4839 = EDGE_CURVE ( 'NONE', #7254, #6217, #2824, .T. ) ;
#4840 = APPROVAL_ROLE ( '' ) ;
#4841 = VECTOR ( 'NONE', #6641, 1000.000000000000000 ) ;
#4842 = CYLINDRICAL_SURFACE ( 'NONE', #7387, 1.999999999999994893 ) ;
#4843 = VERTEX_POINT ( 'NONE', #833 ) ;
#4844 = CYLINDRICAL_SURFACE ( 'NONE', #1048, 1.750000000000001554 ) ;
#4845 = CIRCLE ( 'NONE', #5797, 3.000000000000009770 ) ;
#4846 = EDGE_LOOP ( 'NONE', ( #4488, #3634, #4921, #2935 ) ) ;
#4847 = VERTEX_POINT ( 'NONE', #6595 ) ;
#4848 = ORIENTED_EDGE ( 'NONE', *, *, #2525, .F. ) ;
#4849 = PLANE ( 'NONE',  #82 ) ;
#4850 = COORDINATED_UNIVERSAL_TIME_OFFSET ( 8, 0, .AHEAD. ) ;
#4851 = CARTESIAN_POINT ( 'NONE',  ( -2.428612866357863862E-14, 6.999999999964146902, 130.0000000000000000 ) ) ;
#4852 = CARTESIAN_POINT ( 'NONE',  ( 38.49999999999806732, 37.99999999999683808, 130.0000000000000000 ) ) ;
#4853 = CARTESIAN_POINT ( 'NONE',  ( -36.49999999999842260, 37.99999999999981526, 2.000000000000000000 ) ) ;
#4854 = EDGE_CURVE ( 'NONE', #7282, #4005, #247, .T. ) ;
#4855 = AXIS2_PLACEMENT_3D ( 'NONE', #5723, #3864, #81 ) ;
#4856 = FACE_OUTER_BOUND ( 'NONE', #2478, .T. ) ;
#4857 = CC_DESIGN_PERSON_AND_ORGANIZATION_ASSIGNMENT ( #4356, #3737, ( #3630 ) ) ;
#4858 = DIRECTION ( 'NONE',  ( -4.818676322150006782E-15, 1.000000000000000000, 0.000000000000000000 ) ) ;
#4859 = DIRECTION ( 'NONE',  ( -1.000000000000000000, -4.625929269276788834E-15, 0.000000000000000000 ) ) ;
#4860 = ORIENTED_EDGE ( 'NONE', *, *, #1114, .F. ) ;
#4861 = CIRCLE ( 'NONE', #7127, 3.000000000000009770 ) ;
#4862 = LINE ( 'NONE', #1731, #5179 ) ;
#4863 = CARTESIAN_POINT ( 'NONE',  ( -37.00000000000169109, -1.645763297720249876E-13, 130.0000000000000000 ) ) ;
#4864 = DIRECTION ( 'NONE',  ( -0.000000000000000000, 0.000000000000000000, 1.000000000000000000 ) ) ;
#4865 = ORIENTED_EDGE ( 'NONE', *, *, #2667, .F. ) ;
#4866 = LINE ( 'NONE', #556, #7642 ) ;
#4867 = CYLINDRICAL_SURFACE ( 'NONE', #1838, 2.500000000000841993 ) ;
#4868 = CARTESIAN_POINT ( 'NONE',  ( 38.49999999999815259, 14.43999999997394035, 130.0000000000000000 ) ) ;
#4869 = ORIENTED_EDGE ( 'NONE', *, *, #5993, .F. ) ;
#4870 = CIRCLE ( 'NONE', #1347, 0.4999999999992510435 ) ;
#4871 = ORIENTED_EDGE ( 'NONE', *, *, #6753, .T. ) ;
#4872 = DIRECTION ( 'NONE',  ( 1.000000000000000000, 0.000000000000000000, 0.000000000000000000 ) ) ;
#4873 = CARTESIAN_POINT ( 'NONE',  ( 36.74999999999836575, 2.999999999997227107, 0.7499999999999947820 ) ) ;
#4874 = CARTESIAN_POINT ( 'NONE',  ( 36.99999999999980815, 32.43999999999594053, 0.000000000000000000 ) ) ;
#4875 = ORIENTED_EDGE ( 'NONE', *, *, #5809, .F. ) ;
#4876 = VECTOR ( 'NONE', #7306, 1000.000000000000000 ) ;
#4877 = VERTEX_POINT ( 'NONE', #5965 ) ;
#4878 = ORIENTED_EDGE ( 'NONE', *, *, #3207, .T. ) ;
#4879 = ORIENTED_EDGE ( 'NONE', *, *, #6914, .F. ) ;
#4880 = ADVANCED_FACE ( 'NONE', ( #5335 ), #3437, .T. ) ;
#4881 = CARTESIAN_POINT ( 'NONE',  ( -7.401486830831346027E-14, 15.99999999997510436, 130.0000000000000000 ) ) ;
#4882 = COORDINATED_UNIVERSAL_TIME_OFFSET ( 8, 0, .AHEAD. ) ;
#4883 = CARTESIAN_POINT ( 'NONE',  ( 34.99999999999834444, 0.000000000000000000, 0.000000000000000000 ) ) ;
#4884 = EDGE_LOOP ( 'NONE', ( #7402, #2629, #58, #5084, #6963, #7106 ) ) ;
#4885 = EDGE_CURVE ( 'NONE', #3734, #1170, #7100, .T. ) ;
#4886 = EDGE_CURVE ( 'NONE', #3588, #2257, #7763, .T. ) ;
#4887 = VERTEX_POINT ( 'NONE', #3330 ) ;
#4888 = ORIENTED_EDGE ( 'NONE', *, *, #571, .T. ) ;
#4889 = ORIENTED_EDGE ( 'NONE', *, *, #6249, .T. ) ;
#4890 = CARTESIAN_POINT ( 'NONE',  ( 32.99999999999633360, 9.899999999996580868, 130.0000000000000000 ) ) ;
#4891 = PERSON_AND_ORGANIZATION ( #7757, #5787 ) ;
#4892 = DIRECTION ( 'NONE',  ( -0.000000000000000000, -0.000000000000000000, -1.000000000000000000 ) ) ;
#4893 = DIRECTION ( 'NONE',  ( 1.000000000000000000, 0.000000000000000000, 0.000000000000000000 ) ) ;
#4894 = CARTESIAN_POINT ( 'NONE',  ( 36.50000000000019895, 39.99999999999892708, 2.000000000000000000 ) ) ;
#4895 = CARTESIAN_POINT ( 'NONE',  ( -38.50000000000009237, 32.43999999999566342, 130.0000000000000000 ) ) ;
#4896 = LINE ( 'NONE', #3039, #4651 ) ;
#4897 = CARTESIAN_POINT ( 'NONE',  ( -37.00000000000166267, -1.645763297722115122E-13, 0.000000000000000000 ) ) ;
#4898 = LINE ( 'NONE', #4365, #519 ) ;
#4899 = ORIENTED_EDGE ( 'NONE', *, *, #6754, .T. ) ;
#4900 = EDGE_CURVE ( 'NONE', #477, #7016, #905, .T. ) ;
#4901 = DIRECTION ( 'NONE',  ( 4.448008912757228678E-15, -1.000000000000000000, 0.000000000000000000 ) ) ;
#4902 = DIRECTION ( 'NONE',  ( -0.000000000000000000, -0.000000000000000000, -1.000000000000000000 ) ) ;
#4903 = DIRECTION ( 'NONE',  ( -0.000000000000000000, -0.000000000000000000, -1.000000000000000000 ) ) ;
#4904 = ORIENTED_EDGE ( 'NONE', *, *, #5590, .F. ) ;
#4905 = CARTESIAN_POINT ( 'NONE',  ( -38.49999999999997868, -0.6000000000022897018, 130.0000000000000000 ) ) ;
#4906 = CARTESIAN_POINT ( 'NONE',  ( 34.77748670276871223, 34.50992212318944041, 0.000000000000000000 ) ) ;
#4907 = VECTOR ( 'NONE', #2306, 1000.000000000000000 ) ;
#4908 = CARTESIAN_POINT ( 'NONE',  ( -32.06620911920614247, 2.482113092016013933, 0.000000000000000000 ) ) ;
#4909 = VERTEX_POINT ( 'NONE', #4096 ) ;
#4910 = ORIENTED_EDGE ( 'NONE', *, *, #7031, .F. ) ;
#4911 = CARTESIAN_POINT ( 'NONE',  ( 47.90000000000116387, 1.399999999996904387, 130.0000000000000000 ) ) ;
#4912 = DIRECTION ( 'NONE',  ( -4.625929269276788045E-15, 1.000000000000000000, 0.000000000000000000 ) ) ;
#4913 = EDGE_LOOP ( 'NONE', ( #2242, #3192, #4295, #6556 ) ) ;
#4914 = VECTOR ( 'NONE', #6629, 1000.000000000000000 ) ;
#4915 = ORIENTED_EDGE ( 'NONE', *, *, #6067, .T. ) ;
#4916 = ORIENTED_EDGE ( 'NONE', *, *, #2815, .T. ) ;
#4917 = EDGE_LOOP ( 'NONE', ( #1009, #1986, #3497, #45 ) ) ;
#4918 = CARTESIAN_POINT ( 'NONE',  ( 36.99999999999995026, 1.645763297720172378E-13, 130.0000000000000000 ) ) ;
#4919 = VECTOR ( 'NONE', #5304, 1000.000000000000000 ) ;
#4920 = CARTESIAN_POINT ( 'NONE',  ( 32.19874955268085159, 37.99999999999504041, 0.000000000000000000 ) ) ;
#4921 = ORIENTED_EDGE ( 'NONE', *, *, #7080, .F. ) ;
#4922 = AXIS2_PLACEMENT_3D ( 'NONE', #7463, #1803, #1330 ) ;
#4923 = ORIENTED_EDGE ( 'NONE', *, *, #6278, .T. ) ;
#4924 = ORIENTED_EDGE ( 'NONE', *, *, #3458, .F. ) ;
#4925 = VERTEX_POINT ( 'NONE', #3473 ) ;
#4926 = EDGE_CURVE ( 'NONE', #273, #6536, #979, .T. ) ;
#4927 = EDGE_CURVE ( 'NONE', #7123, #6084, #3952, .T. ) ;
#4928 = DIRECTION ( 'NONE',  ( 1.000000000000000000, 3.435095992062130604E-15, -0.000000000000000000 ) ) ;
#4929 = APPROVAL_DATE_TIME ( #6362, #3153 ) ;
#4930 = DIRECTION ( 'NONE',  ( 0.000000000000000000, 0.000000000000000000, 1.000000000000000000 ) ) ;
#4931 = CARTESIAN_POINT ( 'NONE',  ( -37.00000000000176925, 20.43999999998101202, 130.0000000000000000 ) ) ;
#4932 = DIRECTION ( 'NONE',  ( -0.000000000000000000, -0.000000000000000000, -1.000000000000000000 ) ) ;
#4933 = CARTESIAN_POINT ( 'NONE',  ( 38.49999999999811706, 23.43999999998494133, 130.0000000000000000 ) ) ;
#4934 = EDGE_CURVE ( 'NONE', #6536, #5326, #2105, .T. ) ;
#4935 = CARTESIAN_POINT ( 'NONE',  ( 0.2499999990845935827, 0.000000000000000000, 0.000000000000000000 ) ) ;
#4936 = DIRECTION ( 'NONE',  ( 4.448008912762273443E-15, -1.000000000000000000, 0.000000000000000000 ) ) ;
#4937 = PLANE ( 'NONE',  #5242 ) ;
#4938 = ORIENTED_EDGE ( 'NONE', *, *, #3541, .F. ) ;
#4939 = EDGE_CURVE ( 'NONE', #6841, #3161, #6642, .T. ) ;
#4940 = CARTESIAN_POINT ( 'NONE',  ( 34.99999999999657518, 2.999999999994909405, 0.000000000000000000 ) ) ;
#4941 = LINE ( 'NONE', #7479, #4083 ) ;
#4942 = LINE ( 'NONE', #8057, #3914 ) ;
#4943 = VERTEX_POINT ( 'NONE', #1485 ) ;
#4944 = LINE ( 'NONE', #2439, #7350 ) ;
#4945 = CARTESIAN_POINT ( 'NONE',  ( 32.99999999999721467, 6.399999999999858247, 130.0000000000000000 ) ) ;
#4946 = CARTESIAN_POINT ( 'NONE',  ( 1.350000000000000089, 0.000000000000000000, 0.000000000000000000 ) ) ;
#4947 = CARTESIAN_POINT ( 'NONE',  ( -48.49999999999975842, -2.403831102421444416E-13, 0.000000000000000000 ) ) ;
#4948 = ORIENTED_EDGE ( 'NONE', *, *, #2779, .F. ) ;
#4949 = DIRECTION ( 'NONE',  ( 6.123233995736777129E-17, 6.162975822039154730E-33, -1.000000000000000000 ) ) ;
#4950 = VECTOR ( 'NONE', #413, 1000.000000000000000 ) ;
#4951 = ORIENTED_EDGE ( 'NONE', *, *, #2333, .F. ) ;
#4952 = ORGANIZATION ( 'NAUO-ORG8', 'UNSPECIFIED', 'UNSPECIFIED' ) ;
#4953 = CARTESIAN_POINT ( 'NONE',  ( 38.50000000000175504, -0.6000000000020224711, 130.0000000000000000 ) ) ;
#4954 = VECTOR ( 'NONE', #509, 1000.000000000000000 ) ;
#4955 = CYLINDRICAL_SURFACE ( 'NONE', #8060, 1.249999999999112932 ) ;
#4956 = ORIENTED_EDGE ( 'NONE', *, *, #4381, .F. ) ;
#4957 = EDGE_CURVE ( 'NONE', #1170, #2058, #3987, .T. ) ;
#4958 = DIRECTION ( 'NONE',  ( -1.000000000000000000, -3.469446951953635094E-15, 0.000000000000000000 ) ) ;
#4959 = ORIENTED_EDGE ( 'NONE', *, *, #4275, .F. ) ;
#4960 = VECTOR ( 'NONE', #2104, 1000.000000000000000 ) ;
#4961 = AXIS2_PLACEMENT_3D ( 'NONE', #3972, #7790, #347 ) ;
#4962 = ORIENTED_EDGE ( 'NONE', *, *, #6570, .F. ) ;
#4963 = ORIENTED_EDGE ( 'NONE', *, *, #3813, .T. ) ;
#4964 = DIRECTION ( 'NONE',  ( -0.000000000000000000, 0.000000000000000000, 1.000000000000000000 ) ) ;
#4965 = DIRECTION ( 'NONE',  ( 1.000000000000000000, 0.000000000000000000, 0.000000000000000000 ) ) ;
#4966 = ORIENTED_EDGE ( 'NONE', *, *, #2948, .F. ) ;
#4967 = AXIS2_PLACEMENT_3D ( 'NONE', #6053, #4105, #1526 ) ;
#4968 = EDGE_CURVE ( 'NONE', #6787, #5867, #3363, .T. ) ;
#4969 = VECTOR ( 'NONE', #2763, 1000.000000000000000 ) ;
#4970 = ORIENTED_EDGE ( 'NONE', *, *, #6753, .F. ) ;
#4971 = EDGE_LOOP ( 'NONE', ( #2003, #4780, #4972, #2131 ) ) ;
#4972 = ORIENTED_EDGE ( 'NONE', *, *, #7229, .F. ) ;
#4973 = AXIS2_PLACEMENT_3D ( 'NONE', #5527, #1253, #5611 ) ;
#4974 = CYLINDRICAL_SURFACE ( 'NONE', #465, 1.999999999999994893 ) ;
#4975 = SECURITY_CLASSIFICATION ( '', '', #949 ) ;
#4976 = ORIENTED_EDGE ( 'NONE', *, *, #7564, .T. ) ;
#4977 = APPROVAL_DATE_TIME ( #6220, #5456 ) ;
#4978 = CARTESIAN_POINT ( 'NONE',  ( 36.99999999999988631, 9.999999999967940312, 130.0000000000000000 ) ) ;
#4979 = DIRECTION ( 'NONE',  ( 1.000000000000000000, 4.448008912757228678E-15, -0.000000000000000000 ) ) ;
#4980 = DIRECTION ( 'NONE',  ( 1.000000000000000000, 0.000000000000000000, 0.000000000000000000 ) ) ;
#4981 = CARTESIAN_POINT ( 'NONE',  ( -38.50000000000004263, 17.43999999997733852, 0.000000000000000000 ) ) ;
#4982 = EDGE_CURVE ( 'NONE', #7153, #7646, #2754, .T. ) ;
#4983 = FACE_OUTER_BOUND ( 'NONE', #3776, .T. ) ;
#4984 = CARTESIAN_POINT ( 'NONE',  ( 32.99999999999633360, 0.000000000000000000, 130.0000000000000000 ) ) ;
#4985 = DIRECTION ( 'NONE',  ( -0.000000000000000000, 0.000000000000000000, 1.000000000000000000 ) ) ;
#4986 = ORIENTED_EDGE ( 'NONE', *, *, #5486, .F. ) ;
#4987 = EDGE_CURVE ( 'NONE', #4558, #7445, #943, .T. ) ;
#4988 = AXIS2_PLACEMENT_3D ( 'NONE', #7348, #4194, #6102 ) ;
#4989 = LINE ( 'NONE', #3085, #7160 ) ;
#4990 = PLANE ( 'NONE',  #6149 ) ;
#4991 = CARTESIAN_POINT ( 'NONE',  ( 38.49999999999820233, 1.322511956943858479E-13, 0.000000000000000000 ) ) ;
#4992 = VERTEX_POINT ( 'NONE', #1516 ) ;
#4993 = EDGE_CURVE ( 'NONE', #2626, #7508, #3400, .T. ) ;
#4994 = EDGE_CURVE ( 'NONE', #4157, #6778, #7834, .T. ) ;
#4995 = CARTESIAN_POINT ( 'NONE',  ( -34.99999999999739231, 0.000000000000000000, 130.0000000000000000 ) ) ;
#4996 = UNCERTAINTY_MEASURE_WITH_UNIT (LENGTH_MEASURE( 1.000000000000000082E-05 ), #2279, 'distance_accuracy_value', 'NONE');
#4997 = CARTESIAN_POINT ( 'NONE',  ( 34.77748670276871223, 34.50992212318944041, 130.0000000000000000 ) ) ;
#4998 = AXIS2_PLACEMENT_3D ( 'NONE', #1494, #4512, #6493 ) ;
#4999 = CARTESIAN_POINT ( 'NONE',  ( -37.00000000000176925, 20.43999999998101202, 130.0000000000000000 ) ) ;
#5000 = CARTESIAN_POINT ( 'NONE',  ( 36.99999999999993605, 1.645763297720171874E-13, 130.0000000000000000 ) ) ;
#5001 = CARTESIAN_POINT ( 'NONE',  ( -38.95014431232105068, 25.73639505401562744, 34.63359107182103713 ) ) ;
#5002 = ORIENTED_EDGE ( 'NONE', *, *, #7736, .F. ) ;
#5003 = FACE_OUTER_BOUND ( 'NONE', #2793, .T. ) ;
#5004 = CARTESIAN_POINT ( 'NONE',  ( -36.49999999999842260, 39.99999999999892708, 2.000000000000000000 ) ) ;
#5005 = VECTOR ( 'NONE', #7341, 1000.000000000000000 ) ;
#5006 = ORIENTED_EDGE ( 'NONE', *, *, #3484, .T. ) ;
#5007 = VECTOR ( 'NONE', #3594, 1000.000000000000000 ) ;
#5008 = PLANE ( 'NONE',  #2943 ) ;
#5009 = VERTEX_POINT ( 'NONE', #5374 ) ;
#5010 = ORIENTED_EDGE ( 'NONE', *, *, #6927, .F. ) ;
#5011 = EDGE_LOOP ( 'NONE', ( #2927, #5810, #4329, #4263 ) ) ;
#5012 = LINE ( 'NONE', #7048, #146 ) ;
#5013 = EDGE_CURVE ( 'NONE', #1968, #3333, #2255, .T. ) ;
#5014 = DATE_TIME_ROLE ( 'classification_date' ) ;
#5015 = CARTESIAN_POINT ( 'NONE',  ( -38.49999999999995737, -1.855190384027750714E-13, 0.000000000000000000 ) ) ;
#5016 = DIRECTION ( 'NONE',  ( -0.000000000000000000, -0.000000000000000000, -1.000000000000000000 ) ) ;
#5017 = ORIENTED_EDGE ( 'NONE', *, *, #6457, .F. ) ;
#5018 = VECTOR ( 'NONE', #6019, 1000.000000000000000 ) ;
#5019 = EDGE_LOOP ( 'NONE', ( #825, #4601, #421, #1438 ) ) ;
#5020 = ORIENTED_EDGE ( 'NONE', *, *, #2415, .F. ) ;
#5021 = ORIENTED_EDGE ( 'NONE', *, *, #7125, .F. ) ;
#5022 = CARTESIAN_POINT ( 'NONE',  ( 34.56124638287695205, 4.874999999990373034, 130.0000000000000000 ) ) ;
#5023 = EDGE_CURVE ( 'NONE', #1935, #4429, #7533, .T. ) ;
#5024 = SECURITY_CLASSIFICATION_LEVEL ( 'unclassified' ) ;
#5025 = VECTOR ( 'NONE', #5780, 1000.000000000000000 ) ;
#5026 = DIRECTION ( 'NONE',  ( 4.818676322150017826E-15, -1.000000000000000000, 0.000000000000000000 ) ) ;
#5027 = DIRECTION ( 'NONE',  ( 1.000000000000000000, 0.000000000000000000, 0.000000000000000000 ) ) ;
#5028 = PLANE ( 'NONE',  #6071 ) ;
#5029 = LINE ( 'NONE', #6136, #2615 ) ;
#5030 = DIRECTION ( 'NONE',  ( 4.625929269276788045E-15, -1.000000000000000000, 0.000000000000000000 ) ) ;
#5031 = DIRECTION ( 'NONE',  ( -1.000000000000000000, -3.469446951957591626E-15, 0.000000000000000000 ) ) ;
#5032 = EDGE_CURVE ( 'NONE', #6217, #3426, #5712, .T. ) ;
#5033 = APPLICATION_CONTEXT ( 'configuration controlled 3d designs of mechanical parts and assemblies' ) ;
#5034 = CARTESIAN_POINT ( 'NONE',  ( 34.99999999999657518, 2.999999999994909405, 130.0000000000000000 ) ) ;
#5035 = ORIENTED_EDGE ( 'NONE', *, *, #5013, .F. ) ;
#5036 = ORIENTED_EDGE ( 'NONE', *, *, #4438, .F. ) ;
#5037 = FACE_OUTER_BOUND ( 'NONE', #7476, .T. ) ;
#5038 = DIRECTION ( 'NONE',  ( -1.000000000000000000, -3.469446951957591626E-15, 0.000000000000000000 ) ) ;
#5039 = DIRECTION ( 'NONE',  ( -1.000000000000000000, 0.000000000000000000, 0.000000000000000000 ) ) ;
#5040 = ORIENTED_EDGE ( 'NONE', *, *, #4503, .F. ) ;
#5041 = DIRECTION ( 'NONE',  ( 1.000000000000000000, 0.000000000000000000, 0.000000000000000000 ) ) ;
#5042 = CYLINDRICAL_SURFACE ( 'NONE', #922, 0.2500000000003055334 ) ;
#5043 = EDGE_CURVE ( 'NONE', #3507, #89, #4473, .T. ) ;
#5044 = DIRECTION ( 'NONE',  ( -3.483287830750206171E-15, 1.000000000000000000, -0.000000000000000000 ) ) ;
#5045 = DIRECTION ( 'NONE',  ( 1.000000000000000000, 0.000000000000000000, 0.000000000000000000 ) ) ;
#5046 = APPROVAL_ROLE ( '' ) ;
#5047 = EDGE_CURVE ( 'NONE', #6247, #3938, #3856, .T. ) ;
#5048 = PRODUCT_DEFINITION_SHAPE ( 'NONE', 'NONE',  #8162 ) ;
#5049 = VERTEX_POINT ( 'NONE', #4422 ) ;
#5050 = CARTESIAN_POINT ( 'NONE',  ( 33.12500000000051159, 37.33602648021910397, 130.0000000000000000 ) ) ;
#5051 = VECTOR ( 'NONE', #4463, 1000.000000000000000 ) ;
#5052 = ORIENTED_EDGE ( 'NONE', *, *, #7113, .T. ) ;
#5053 = EDGE_CURVE ( 'NONE', #2651, #1348, #7002, .T. ) ;
#5054 = CARTESIAN_POINT ( 'NONE',  ( 0.8249999999999999556, 0.3200000000000000067, 0.3200000000000000067 ) ) ;
#5055 = ORIENTED_EDGE ( 'NONE', *, *, #8029, .F. ) ;
#5056 = ORIENTED_EDGE ( 'NONE', *, *, #5831, .F. ) ;
#5057 = DIRECTION ( 'NONE',  ( -1.000000000000000000, 0.000000000000000000, 0.000000000000000000 ) ) ;
#5058 = CYLINDRICAL_SURFACE ( 'NONE', #7252, 1.999999999999994893 ) ;
#5059 = CARTESIAN_POINT ( 'NONE',  ( -38.50000000000002132, 12.99999999997134559, 0.000000000000000000 ) ) ;
#5060 = EDGE_CURVE ( 'NONE', #5638, #345, #1352, .T. ) ;
#5061 = AXIS2_PLACEMENT_3D ( 'NONE', #8130, #6056, #1638 ) ;
#5062 = ORIENTED_EDGE ( 'NONE', *, *, #2083, .F. ) ;
#5063 = VECTOR ( 'NONE', #4454, 999.9999999999998863 ) ;
#5064 = ORIENTED_EDGE ( 'NONE', *, *, #7210, .F. ) ;
#5065 = ORIENTED_EDGE ( 'NONE', *, *, #1560, .T. ) ;
#5066 = ORIENTED_EDGE ( 'NONE', *, *, #1424, .F. ) ;
#5067 = CARTESIAN_POINT ( 'NONE',  ( -38.50000000000004974, 20.43999999998100492, 130.0000000000000000 ) ) ;
#5068 = ORIENTED_EDGE ( 'NONE', *, *, #4994, .T. ) ;
#5069 = CALENDAR_DATE ( 2020, 16, 10 ) ;
#5070 = DIRECTION ( 'NONE',  ( -1.000000000000000000, -3.491130995404636548E-15, 0.000000000000000000 ) ) ;
#5071 = LINE ( 'NONE', #5738, #35 ) ;
#5072 = LINE ( 'NONE', #3949, #362 ) ;
#5073 = CIRCLE ( 'NONE', #1627, 1.250000000000847766 ) ;
#5074 = FACE_OUTER_BOUND ( 'NONE', #3390, .T. ) ;
#5075 = LINE ( 'NONE', #4408, #4599 ) ;
#5076 = CARTESIAN_POINT ( 'NONE',  ( 36.50000000000019895, 39.99999999999892708, 2.000000000000000000 ) ) ;
#5077 = ORIENTED_EDGE ( 'NONE', *, *, #1610, .T. ) ;
#5078 = ORIENTED_EDGE ( 'NONE', *, *, #4957, .T. ) ;
#5079 = VECTOR ( 'NONE', #5295, 1000.000000000000000 ) ;
#5080 = DIRECTION ( 'NONE',  ( -0.000000000000000000, -0.000000000000000000, -1.000000000000000000 ) ) ;
#5081 = FACE_BOUND ( 'NONE', #5826, .T. ) ;
#5082 = AXIS2_PLACEMENT_3D ( 'NONE', #1082, #6068, #5397 ) ;
#5083 = CARTESIAN_POINT ( 'NONE',  ( -33.24999999999580780, 6.900000000003136513, 130.0000000000000000 ) ) ;
#5084 = ORIENTED_EDGE ( 'NONE', *, *, #563, .F. ) ;
#5085 = EDGE_CURVE ( 'NONE', #7719, #3012, #8146, .T. ) ;
#5086 = DIRECTION ( 'NONE',  ( 1.000000000000000000, 3.491130995403401191E-15, 0.000000000000000000 ) ) ;
#5087 = CARTESIAN_POINT ( 'NONE',  ( 34.56124638288203244, 35.12499999999907629, 0.000000000000000000 ) ) ;
#5088 = DIRECTION ( 'NONE',  ( 6.938893903931152162E-15, -1.000000000000000000, 0.000000000000000000 ) ) ;
#5089 = AXIS2_PLACEMENT_3D ( 'NONE', #4946, #735, #8102 ) ;
#5090 = DIRECTION ( 'NONE',  ( 1.000000000000000000, 4.448008912757228678E-15, -0.000000000000000000 ) ) ;
#5091 = CALENDAR_DATE ( 2020, 16, 10 ) ;
#5092 = EDGE_LOOP ( 'NONE', ( #7330, #5492, #7276, #5182 ) ) ;
#5093 = CARTESIAN_POINT ( 'NONE',  ( 35.00000000000002132, 34.16810644100655736, 130.0000000000000000 ) ) ;
#5094 = ORIENTED_EDGE ( 'NONE', *, *, #522, .T. ) ;
#5095 = EDGE_CURVE ( 'NONE', #4635, #4837, #5195, .T. ) ;
#5096 = CYLINDRICAL_SURFACE ( 'NONE', #5277, 1.999999999999988010 ) ;
#5097 = VERTEX_POINT ( 'NONE', #5573 ) ;
#5098 = VECTOR ( 'NONE', #5823, 1000.000000000000000 ) ;
#5099 = PERSON ( 'NAUO-PER1', 'UNSPECIFIED', 'UNSPECIFIED', ('UNSPECIFIED'), ('UNSPECIFIED'), ('UNSPECIFIED') ) ;
#5100 = APPROVAL_PERSON_ORGANIZATION ( #5185, #3392, #5151 ) ;
#5101 = VERTEX_POINT ( 'NONE', #3229 ) ;
#5102 = DIRECTION ( 'NONE',  ( 0.000000000000000000, 0.000000000000000000, 1.000000000000000000 ) ) ;
#5103 = EDGE_CURVE ( 'NONE', #931, #4798, #111, .T. ) ;
#5104 = CARTESIAN_POINT ( 'NONE',  ( 43.50000000000027001, -8.600000000003111822, 107.0000000000000142 ) ) ;
#5105 = ORIENTED_EDGE ( 'NONE', *, *, #3232, .T. ) ;
#5106 = EDGE_CURVE ( 'NONE', #7709, #2336, #6865, .T. ) ;
#5107 = AXIS2_PLACEMENT_3D ( 'NONE', #7892, #5391, #4740 ) ;
#5108 = AXIS2_PLACEMENT_3D ( 'NONE', #2812, #5324, #6201 ) ;
#5109 = ORIENTED_EDGE ( 'NONE', *, *, #2779, .T. ) ;
#5110 = VERTEX_POINT ( 'NONE', #1176 ) ;
#5111 = CYLINDRICAL_SURFACE ( 'NONE', #4660, 2.499999999999780176 ) ;
#5112 = PERSON_AND_ORGANIZATION ( #7757, #5787 ) ;
#5113 = LINE ( 'NONE', #7651, #2783 ) ;
#5114 = AXIS2_PLACEMENT_3D ( 'NONE', #8, #546, #2518 ) ;
#5115 = CARTESIAN_POINT ( 'NONE',  ( -41.49999999999975842, 1.399999999996592193, 112.9999999999999574 ) ) ;
#5116 = CARTESIAN_POINT ( 'NONE',  ( 34.56124638287695205, 4.874999999990373034, 0.000000000000000000 ) ) ;
#5117 = DIRECTION ( 'NONE',  ( 0.000000000000000000, 0.000000000000000000, 1.000000000000000000 ) ) ;
#5118 = CARTESIAN_POINT ( 'NONE',  ( 38.49999999999822364, 1.855190384027667158E-13, 130.0000000000000000 ) ) ;
#5119 = DIRECTION ( 'NONE',  ( -3.483287830750206171E-15, 1.000000000000000000, -0.000000000000000000 ) ) ;
#5120 = AXIS2_PLACEMENT_3D ( 'NONE', #7534, #1741, #6199 ) ;
#5121 = DIRECTION ( 'NONE',  ( 4.448008912757228678E-15, -1.000000000000000000, 0.000000000000000000 ) ) ;
#5122 = ORIENTED_EDGE ( 'NONE', *, *, #1109, .T. ) ;
#5123 = ORIENTED_EDGE ( 'NONE', *, *, #2909, .T. ) ;
#5124 = EDGE_CURVE ( 'NONE', #1972, #8036, #6821, .T. ) ;
#5125 = LINE ( 'NONE', #3335, #4564 ) ;
#5126 = CARTESIAN_POINT ( 'NONE',  ( -1.887379141852025935E-14, 5.439999999962807031, 0.000000000000000000 ) ) ;
#5127 = CARTESIAN_POINT ( 'NONE',  ( 45.50000000000023448, 1.399999999996895284, 107.0000000000000142 ) ) ;
#5128 = VECTOR ( 'NONE', #5698, 1000.000000000000000 ) ;
#5129 = ORIENTED_EDGE ( 'NONE', *, *, #469, .T. ) ;
#5130 = DIRECTION ( 'NONE',  ( -0.000000000000000000, -0.000000000000000000, -1.000000000000000000 ) ) ;
#5131 = DIRECTION ( 'NONE',  ( -1.000000000000000000, -4.625929269276788834E-15, 0.000000000000000000 ) ) ;
#5132 = DIRECTION ( 'NONE',  ( -0.000000000000000000, 0.000000000000000000, 1.000000000000000000 ) ) ;
#5133 = DIRECTION ( 'NONE',  ( -0.000000000000000000, -0.000000000000000000, -1.000000000000000000 ) ) ;
#5134 = DATE_AND_TIME ( #112, #2624 ) ;
#5135 = ORIENTED_EDGE ( 'NONE', *, *, #7261, .T. ) ;
#5136 = CARTESIAN_POINT ( 'NONE',  ( 0.000000000000000000, 37.99999999999504041, 130.0000000000000000 ) ) ;
#5137 = APPROVAL ( #4516, '未指定' ) ;
#5138 = AXIS2_PLACEMENT_3D ( 'NONE', #2547, #785, #3282 ) ;
#5139 = DIRECTION ( 'NONE',  ( 0.000000000000000000, 1.000000000000000000, 0.000000000000000000 ) ) ;
#5140 = ORIENTED_EDGE ( 'NONE', *, *, #5809, .T. ) ;
#5141 = ORIENTED_EDGE ( 'NONE', *, *, #6498, .F. ) ;
#5142 = DIRECTION ( 'NONE',  ( 1.000000000000000000, 0.000000000000000000, 0.000000000000000000 ) ) ;
#5143 = AXIS2_PLACEMENT_3D ( 'NONE', #2029, #6516, #4535 ) ;
#5144 = CARTESIAN_POINT ( 'NONE',  ( -37.00000000000177636, 21.99999999998235012, 0.000000000000000000 ) ) ;
#5145 = ORIENTED_EDGE ( 'NONE', *, *, #5988, .F. ) ;
#5146 = EDGE_CURVE ( 'NONE', #3240, #6082, #5667, .T. ) ;
#5147 = EDGE_LOOP ( 'NONE', ( #1247, #1938, #2582, #1540 ) ) ;
#5148 = ORIENTED_EDGE ( 'NONE', *, *, #4114, .T. ) ;
#5149 = VECTOR ( 'NONE', #1271, 1000.000000000000000 ) ;
#5150 = FACE_OUTER_BOUND ( 'NONE', #437, .T. ) ;
#5151 = APPROVAL_ROLE ( '' ) ;
#5152 = EDGE_CURVE ( 'NONE', #2500, #6167, #700, .T. ) ;
#5153 = DIRECTION ( 'NONE',  ( -0.000000000000000000, 2.541098841762900031E-16, -1.000000000000000000 ) ) ;
#5154 = EDGE_CURVE ( 'NONE', #7421, #4799, #2444, .T. ) ;
#5155 = DIRECTION ( 'NONE',  ( -0.000000000000000000, -0.000000000000000000, -1.000000000000000000 ) ) ;
#5156 = DIRECTION ( 'NONE',  ( -1.000000000000000000, -3.483287830750201044E-15, 0.000000000000000000 ) ) ;
#5157 = CYLINDRICAL_SURFACE ( 'NONE', #6638, 1.250000000000847766 ) ;
#5158 = CARTESIAN_POINT ( 'NONE',  ( 38.49999999999808864, 32.43999999999594763, 130.0000000000000000 ) ) ;
#5159 = ORIENTED_EDGE ( 'NONE', *, *, #403, .F. ) ;
#5160 = CIRCLE ( 'NONE', #412, 2.500000000000841993 ) ;
#5161 = ORIENTED_EDGE ( 'NONE', *, *, #6863, .T. ) ;
#5162 = CARTESIAN_POINT ( 'NONE',  ( 1.084202172485499997E-16, 2.600000000000000533, 0.3200000000000000067 ) ) ;
#5163 = CARTESIAN_POINT ( 'NONE',  ( 38.49999999999817391, 8.439999999966607547, 130.0000000000000000 ) ) ;
#5164 = CARTESIAN_POINT ( 'NONE',  ( -3.969047313029125460E-14, 11.43999999997014072, 0.000000000000000000 ) ) ;
#5165 = VERTEX_POINT ( 'NONE', #1966 ) ;
#5166 = CARTESIAN_POINT ( 'NONE',  ( 0.8249999999999999556, -0.3200000000000000067, -0.3200000000000000067 ) ) ;
#5167 = CARTESIAN_POINT ( 'NONE',  ( 35.00000000000191847, 36.99999999999725731, 2.000000000000000000 ) ) ;
#5168 = EDGE_CURVE ( 'NONE', #7092, #4084, #6238, .T. ) ;
#5169 = DIRECTION ( 'NONE',  ( 3.469446951957591626E-15, -1.000000000000000000, 0.000000000000000000 ) ) ;
#5170 = VECTOR ( 'NONE', #7465, 1000.000000000000000 ) ;
#5171 = COORDINATED_UNIVERSAL_TIME_OFFSET ( 8, 0, .AHEAD. ) ;
#5172 = ORIENTED_EDGE ( 'NONE', *, *, #571, .F. ) ;
#5173 = EDGE_CURVE ( 'NONE', #124, #5303, #2489, .T. ) ;
#5174 = CARTESIAN_POINT ( 'NONE',  ( 33.24999999999619149, 9.149999999997218580, 130.0000000000000000 ) ) ;
#5175 = ORIENTED_EDGE ( 'NONE', *, *, #978, .T. ) ;
#5176 = CC_DESIGN_DATE_AND_TIME_ASSIGNMENT ( #3442, #1632, ( #6448 ) ) ;
#5177 = ORIENTED_EDGE ( 'NONE', *, *, #579, .T. ) ;
#5178 = DIRECTION ( 'NONE',  ( 1.000000000000000000, 3.469446951957591626E-15, 0.000000000000000000 ) ) ;
#5179 = VECTOR ( 'NONE', #6769, 1000.000000000000000 ) ;
#5180 = DIRECTION ( 'NONE',  ( -0.000000000000000000, -0.000000000000000000, -1.000000000000000000 ) ) ;
#5181 = ORIENTED_EDGE ( 'NONE', *, *, #7360, .F. ) ;
#5182 = ORIENTED_EDGE ( 'NONE', *, *, #579, .F. ) ;
#5183 = ORIENTED_EDGE ( 'NONE', *, *, #219, .F. ) ;
#5184 = PLANE ( 'NONE',  #7967 ) ;
#5185 = PERSON_AND_ORGANIZATION ( #4510, #5359 ) ;
#5186 = LINE ( 'NONE', #3947, #5830 ) ;
#5187 = CARTESIAN_POINT ( 'NONE',  ( -41.49999999999974420, -8.600000000003408474, 23.00000000000000000 ) ) ;
#5188 = DIRECTION ( 'NONE',  ( 1.000000000000000000, 0.000000000000000000, 0.000000000000000000 ) ) ;
#5189 = CARTESIAN_POINT ( 'NONE',  ( 33.24999999999619149, 9.149999999997218580, 0.000000000000000000 ) ) ;
#5190 = AXIS2_PLACEMENT_3D ( 'NONE', #3173, #1412, #2562 ) ;
#5191 = DIRECTION ( 'NONE',  ( -0.000000000000000000, -0.000000000000000000, -1.000000000000000000 ) ) ;
#5192 = ADVANCED_FACE ( 'NONE', ( #3757 ), #6907, .F. ) ;
#5193 = ORIENTED_EDGE ( 'NONE', *, *, #4216, .T. ) ;
#5194 = ORIENTED_EDGE ( 'NONE', *, *, #7903, .T. ) ;
#5195 = CIRCLE ( 'NONE', #322, 0.2500000000001945111 ) ;
#5196 = CARTESIAN_POINT ( 'NONE',  ( -38.49999999999786837, 37.99999999999981526, 2.000000000000000000 ) ) ;
#5197 = FACE_OUTER_BOUND ( 'NONE', #3730, .T. ) ;
#5198 = CARTESIAN_POINT ( 'NONE',  ( 5.421010862427511077E-17, -0.6199999999999998845, -0.3200000000000000067 ) ) ;
#5199 = EDGE_CURVE ( 'NONE', #539, #6216, #5444, .T. ) ;
#5200 = ORIENTED_EDGE ( 'NONE', *, *, #3844, .F. ) ;
#5201 = LINE ( 'NONE', #1349, #1168 ) ;
#5202 = PLANE ( 'NONE',  #2755 ) ;
#5203 = AXIS2_PLACEMENT_3D ( 'NONE', #5499, #4964, #5451 ) ;
#5204 = CARTESIAN_POINT ( 'NONE',  ( 0.8249999999999999556, -0.3200000000000000067, -0.3200000000000000067 ) ) ;
#5205 = CIRCLE ( 'NONE', #1637, 0.4999999999994939048 ) ;
#5206 = VERTEX_POINT ( 'NONE', #7577 ) ;
#5207 = DIRECTION ( 'NONE',  ( 1.000000000000000000, 4.625929269276788834E-15, 0.000000000000000000 ) ) ;
#5208 = VECTOR ( 'NONE', #4621, 1000.000000000000000 ) ;
#5209 = CARTESIAN_POINT ( 'NONE',  ( 36.99999999999984368, 21.99999999998260591, 130.0000000000000000 ) ) ;
#5210 = ORIENTED_EDGE ( 'NONE', *, *, #5633, .T. ) ;
#5211 = EDGE_CURVE ( 'NONE', #7434, #100, #6955, .T. ) ;
#5212 = EDGE_LOOP ( 'NONE', ( #6198, #1445 ) ) ;
#5213 = DIRECTION ( 'NONE',  ( -1.000000000000000000, -3.483287830750206171E-15, 0.000000000000000000 ) ) ;
#5214 = ADVANCED_FACE ( 'NONE', ( #7293 ), #1391, .T. ) ;
#5215 = ORIENTED_EDGE ( 'NONE', *, *, #4438, .T. ) ;
#5216 = EDGE_LOOP ( 'NONE', ( #1850, #6996, #5035, #5367 ) ) ;
#5217 = ORIENTED_EDGE ( 'NONE', *, *, #132, .T. ) ;
#5218 = CARTESIAN_POINT ( 'NONE',  ( 36.99999999999988631, 9.999999999967940312, 130.0000000000000000 ) ) ;
#5219 = ITEM_DEFINED_TRANSFORMATION ( 'NONE', 'NONE', #2215,  #8005 ) ;
#5220 = CARTESIAN_POINT ( 'NONE',  ( -37.00000000000176925, 18.99999999997868372, 130.0000000000000000 ) ) ;
#5221 = EDGE_CURVE ( 'NONE', #406, #192, #368, .T. ) ;
#5222 = CIRCLE ( 'NONE', #1655, 0.2500000000003055334 ) ;
#5223 = DIRECTION ( 'NONE',  ( 1.000000000000000000, 0.000000000000000000, 0.000000000000000000 ) ) ;
#5224 = CARTESIAN_POINT ( 'NONE',  ( -41.49999999999972289, -8.600000000003408474, 112.9999999999999574 ) ) ;
#5225 = VECTOR ( 'NONE', #7438, 999.9999999999998863 ) ;
#5226 = DIRECTION ( 'NONE',  ( -0.000000000000000000, -0.000000000000000000, -1.000000000000000000 ) ) ;
#5227 = CYLINDRICAL_SURFACE ( 'NONE', #7789, 0.7636293187993428155 ) ;
#5228 = ORIENTED_EDGE ( 'NONE', *, *, #6249, .F. ) ;
#5229 = ORIENTED_EDGE ( 'NONE', *, *, #1761, .F. ) ;
#5230 = VECTOR ( 'NONE', #932, 1000.000000000000000 ) ;
#5231 = VECTOR ( 'NONE', #7492, 1000.000000000000000 ) ;
#5232 = DIRECTION ( 'NONE',  ( 3.483287830750206171E-15, -1.000000000000000000, 0.000000000000000000 ) ) ;
#5233 = DIRECTION ( 'NONE',  ( 1.000000000000000000, 4.625929269276788045E-15, 0.000000000000000000 ) ) ;
#5234 = CARTESIAN_POINT ( 'NONE',  ( 36.99999999999989342, 8.439999999966602218, 130.0000000000000000 ) ) ;
#5235 = SECURITY_CLASSIFICATION ( '', '', #3250 ) ;
#5236 = AXIS2_PLACEMENT_3D ( 'NONE', #996, #1577, #5247 ) ;
#5237 = CC_DESIGN_SECURITY_CLASSIFICATION ( #7760, ( #4166 ) ) ;
#5238 = PLANE ( 'NONE',  #5851 ) ;
#5239 = DIRECTION ( 'NONE',  ( 4.448008912762313675E-15, -1.000000000000000000, 0.000000000000000000 ) ) ;
#5240 = DIRECTION ( 'NONE',  ( 1.000000000000000000, 4.625929269280554856E-15, 0.000000000000000000 ) ) ;
#5241 = ADVANCED_FACE ( 'NONE', ( #2259 ), #4762, .T. ) ;
#5242 = AXIS2_PLACEMENT_3D ( 'NONE', #99, #4276, #6807 ) ;
#5243 = ORIENTED_EDGE ( 'NONE', *, *, #3446, .F. ) ;
#5244 = DIRECTION ( 'NONE',  ( -4.448008912757228678E-15, 1.000000000000000000, 0.000000000000000000 ) ) ;
#5245 = EDGE_CURVE ( 'NONE', #5677, #675, #7835, .T. ) ;
#5246 = EDGE_CURVE ( 'NONE', #6167, #7508, #5270, .T. ) ;
#5247 = DIRECTION ( 'NONE',  ( -1.000000000000000000, 0.000000000000000000, 0.000000000000000000 ) ) ;
#5248 = CONICAL_SURFACE ( 'NONE', #7364, 1.750000000000001554, 0.7853981633974487231 ) ;
#5249 = CYLINDRICAL_SURFACE ( 'NONE', #4667, 0.3000000000000000444 ) ;
#5250 = ORIENTED_EDGE ( 'NONE', *, *, #3066, .F. ) ;
#5251 = ORIENTED_EDGE ( 'NONE', *, *, #2018, .F. ) ;
#5252 =( NAMED_UNIT ( * ) PLANE_ANGLE_UNIT ( ) SI_UNIT ( $, .RADIAN. ) );
#5253 = CARTESIAN_POINT ( 'NONE',  ( 2.094678597250303244E-15, -0.6000000000021543656, 0.000000000000000000 ) ) ;
#5254 = AXIS2_PLACEMENT_3D ( 'NONE', #4331, #6905, #5754 ) ;
#5255 = ORIENTED_EDGE ( 'NONE', *, *, #2838, .F. ) ;
#5256 = ADVANCED_FACE ( 'NONE', ( #3405 ), #2795, .T. ) ;
#5257 = EDGE_LOOP ( 'NONE', ( #201, #4015, #8030, #6486 ) ) ;
#5258 = ORIENTED_EDGE ( 'NONE', *, *, #2265, .F. ) ;
#5259 = CARTESIAN_POINT ( 'NONE',  ( -34.99999999999536726, 2.999999999997816857, 130.0000000000000000 ) ) ;
#5260 = APPROVAL_STATUS ( 'not_yet_approved' ) ;
#5261 = CARTESIAN_POINT ( 'NONE',  ( -35.00000000000204636, 36.99999999999535305, 0.000000000000000000 ) ) ;
#5262 = CARTESIAN_POINT ( 'NONE',  ( 34.56124638287695205, 4.874999999990373034, 130.0000000000000000 ) ) ;
#5263 = CARTESIAN_POINT ( 'NONE',  ( -1.084317820717778284E-13, 23.43999999998484896, 130.0000000000000000 ) ) ;
#5264 = AXIS2_PLACEMENT_3D ( 'NONE', #7376, #4060, #5301 ) ;
#5265 = DIRECTION ( 'NONE',  ( -0.000000000000000000, -0.000000000000000000, -1.000000000000000000 ) ) ;
#5266 = CARTESIAN_POINT ( 'NONE',  ( 4.515812910881320086, 0.000000000000000000, 0.000000000000000000 ) ) ;
#5267 = CIRCLE ( 'NONE', #2655, 3.000000000000009770 ) ;
#5268 = ORIENTED_EDGE ( 'NONE', *, *, #3062, .F. ) ;
#5269 = ORIENTED_EDGE ( 'NONE', *, *, #7372, .T. ) ;
#5270 = LINE ( 'NONE', #1522, #4919 ) ;
#5271 = LINE ( 'NONE', #7952, #4150 ) ;
#5272 = FACE_OUTER_BOUND ( 'NONE', #15, .T. ) ;
#5273 = DIRECTION ( 'NONE',  ( -1.000000000000000000, -3.469446951957591626E-15, 0.000000000000000000 ) ) ;
#5274 = EDGE_CURVE ( 'NONE', #7657, #528, #6557, .T. ) ;
#5275 = CARTESIAN_POINT ( 'NONE',  ( 36.99999999999994316, 1.645763297720172126E-13, 130.0000000000000000 ) ) ;
#5276 = PLANE ( 'NONE',  #9 ) ;
#5277 = AXIS2_PLACEMENT_3D ( 'NONE', #5720, #1358, #3814 ) ;
#5278 = CARTESIAN_POINT ( 'NONE',  ( -43.49999999999975842, 1.399999999996585087, 112.9999999999999574 ) ) ;
#5279 = VERTEX_POINT ( 'NONE', #1631 ) ;
#5280 = AXIS2_PLACEMENT_3D ( 'NONE', #2025, #4675, #282 ) ;
#5281 = LINE ( 'NONE', #925, #4474 ) ;
#5282 = EDGE_CURVE ( 'NONE', #1704, #4095, #8101, .T. ) ;
#5283 = DIRECTION ( 'NONE',  ( -0.000000000000000000, 0.000000000000000000, 1.000000000000000000 ) ) ;
#5284 = CARTESIAN_POINT ( 'NONE',  ( 35.00000000000002132, 0.000000000000000000, 130.0000000000000000 ) ) ;
#5285 = ORIENTED_EDGE ( 'NONE', *, *, #5103, .T. ) ;
#5286 = EDGE_CURVE ( 'NONE', #767, #870, #3441, .T. ) ;
#5287 = ADVANCED_FACE ( 'NONE', ( #6419 ), #5892, .F. ) ;
#5288 = APPLICATION_CONTEXT ( 'configuration controlled 3d designs of mechanical parts and assemblies' ) ;
#5289 = ORIENTED_EDGE ( 'NONE', *, *, #5053, .T. ) ;
#5290 = CARTESIAN_POINT ( 'NONE',  ( 38.49999999999815969, 12.99999999997161204, 0.000000000000000000 ) ) ;
#5291 = ADVANCED_FACE ( 'NONE', ( #2182 ), #6005, .T. ) ;
#5292 = ORIENTED_EDGE ( 'NONE', *, *, #1983, .F. ) ;
#5293 = ORIENTED_EDGE ( 'NONE', *, *, #4927, .F. ) ;
#5294 = ORIENTED_EDGE ( 'NONE', *, *, #2858, .F. ) ;
#5295 = DIRECTION ( 'NONE',  ( 0.000000000000000000, 1.000000000000000000, -0.000000000000000000 ) ) ;
#5296 = DATE_TIME_ROLE ( 'classification_date' ) ;
#5297 = CARTESIAN_POINT ( 'NONE',  ( -2.201942332160688457E-14, 5.439999999962786603, 0.000000000000000000 ) ) ;
#5298 = DIRECTION ( 'NONE',  ( 1.000000000000000000, 4.818676322150006782E-15, -0.000000000000000000 ) ) ;
#5299 = CIRCLE ( 'NONE', #7283, 2.000000000000223821 ) ;
#5300 = DIRECTION ( 'NONE',  ( 1.000000000000000000, 3.469446951957591626E-15, 0.000000000000000000 ) ) ;
#5301 = DIRECTION ( 'NONE',  ( -1.000000000000000000, -3.469446951957591626E-15, 0.000000000000000000 ) ) ;
#5302 = ORIENTED_EDGE ( 'NONE', *, *, #5596, .T. ) ;
#5303 = VERTEX_POINT ( 'NONE', #252 ) ;
#5304 = DIRECTION ( 'NONE',  ( 0.8660254037844392627, 1.138117120255424502E-16, -0.4999999999999990008 ) ) ;
#5305 = APPLICATION_PROTOCOL_DEFINITION ( 'international standard', 'config_control_design', 1994, #5033 ) ;
#5306 = DIRECTION ( 'NONE',  ( -0.000000000000000000, 0.000000000000000000, 1.000000000000000000 ) ) ;
#5307 = DIRECTION ( 'NONE',  ( 1.000000000000000000, 0.000000000000000000, 0.000000000000000000 ) ) ;
#5308 = CARTESIAN_POINT ( 'NONE',  ( 0.000000000000000000, 9.149999999997218580, 130.0000000000000000 ) ) ;
#5309 = CONICAL_SURFACE ( 'NONE', #2042, 1.750000000000001554, 0.7853981633974487231 ) ;
#5310 = DIRECTION ( 'NONE',  ( -0.000000000000000000, 0.000000000000000000, 1.000000000000000000 ) ) ;
#5311 = DIRECTION ( 'NONE',  ( -0.000000000000000000, -0.000000000000000000, -1.000000000000000000 ) ) ;
#5312 = LINE ( 'NONE', #1426, #7978 ) ;
#5313 = VECTOR ( 'NONE', #7250, 1000.000000000000000 ) ;
#5314 = FACE_OUTER_BOUND ( 'NONE', #3054, .T. ) ;
#5315 = DIRECTION ( 'NONE',  ( 4.448008912757228678E-15, -1.000000000000000000, 0.000000000000000000 ) ) ;
#5316 = VECTOR ( 'NONE', #4561, 1000.000000000000000 ) ;
#5317 = DIRECTION ( 'NONE',  ( 1.000000000000000000, 4.625929269276810133E-15, 0.000000000000000000 ) ) ;
#5318 = CARTESIAN_POINT ( 'NONE',  ( -1.406789449011262635E-13, 39.99999999999737099, 0.000000000000000000 ) ) ;
#5319 = EDGE_LOOP ( 'NONE', ( #1541, #909, #3573, #1503 ) ) ;
#5320 = ORIENTED_EDGE ( 'NONE', *, *, #7473, .F. ) ;
#5321 = EDGE_CURVE ( 'NONE', #3633, #4830, #7670, .T. ) ;
#5322 = CARTESIAN_POINT ( 'NONE',  ( 38.49999999999813127, 20.43999999998127493, 130.0000000000000000 ) ) ;
#5323 = CIRCLE ( 'NONE', #6788, 0.7636293188001199717 ) ;
#5324 = DIRECTION ( 'NONE',  ( -0.000000000000000000, 0.000000000000000000, 1.000000000000000000 ) ) ;
#5325 = CIRCLE ( 'NONE', #2302, 0.4999999999994939048 ) ;
#5326 = VERTEX_POINT ( 'NONE', #2008 ) ;
#5327 = ORIENTED_EDGE ( 'NONE', *, *, #3688, .T. ) ;
#5328 = ORIENTED_EDGE ( 'NONE', *, *, #4496, .T. ) ;
#5329 = EDGE_CURVE ( 'NONE', #2419, #5097, #7040, .T. ) ;
#5330 = DIRECTION ( 'NONE',  ( -0.000000000000000000, -0.000000000000000000, -1.000000000000000000 ) ) ;
#5331 = PERSON_AND_ORGANIZATION ( #2538, #1552 ) ;
#5332 = CARTESIAN_POINT ( 'NONE',  ( 36.99999999999982947, 26.43999999998860062, 130.0000000000000000 ) ) ;
#5333 = ORIENTED_EDGE ( 'NONE', *, *, #2369, .F. ) ;
#5334 = EDGE_CURVE ( 'NONE', #2608, #7461, #5073, .T. ) ;
#5335 = FACE_OUTER_BOUND ( 'NONE', #2453, .T. ) ;
#5336 = FACE_OUTER_BOUND ( 'NONE', #2055, .T. ) ;
#5337 = ORIENTED_EDGE ( 'NONE', *, *, #5146, .T. ) ;
#5338 = VERTEX_POINT ( 'NONE', #7217 ) ;
#5339 = CYLINDRICAL_SURFACE ( 'NONE', #6920, 0.2500000000002500222 ) ;
#5340 = AXIS2_PLACEMENT_3D ( 'NONE', #3035, #5558, #6222 ) ;
#5341 = DATE_AND_TIME ( #4225, #2988 ) ;
#5342 = CC_DESIGN_APPROVAL ( #5456, ( #3630 ) ) ;
#5343 = DIRECTION ( 'NONE',  ( 0.000000000000000000, 0.000000000000000000, 1.000000000000000000 ) ) ;
#5344 = CYLINDRICAL_SURFACE ( 'NONE', #3501, 2.000000000000008882 ) ;
#5345 = LINE ( 'NONE', #7884, #1016 ) ;
#5346 = CARTESIAN_POINT ( 'NONE',  ( -43.49999999999975842, 1.399999999996585087, 106.9999999999999574 ) ) ;
#5347 = CARTESIAN_POINT ( 'NONE',  ( 0.8249999999999999556, 0.6199999999999999956, -0.3200000000000000067 ) ) ;
#5348 = VECTOR ( 'NONE', #5468, 1000.000000000000000 ) ;
#5349 = DIRECTION ( 'NONE',  ( -0.7071067811865463515, -0.7071067811865487940, 0.000000000000000000 ) ) ;
#5350 = EDGE_CURVE ( 'NONE', #2567, #2635, #6600, .T. ) ;
#5351 = CARTESIAN_POINT ( 'NONE',  ( 38.49999999999808153, 33.99999999999550226, 130.0000000000000000 ) ) ;
#5352 = PLANE ( 'NONE',  #5107 ) ;
#5353 =( GEOMETRIC_REPRESENTATION_CONTEXT ( 3 ) GLOBAL_UNCERTAINTY_ASSIGNED_CONTEXT ( ( #4996 ) ) GLOBAL_UNIT_ASSIGNED_CONTEXT ( ( #2279, #5252, #6538 ) ) REPRESENTATION_CONTEXT ( 'NONE', 'WORKASPACE' ) );
#5354 = VECTOR ( 'NONE', #3608, 1000.000000000000000 ) ;
#5355 = LINE ( 'NONE', #7893, #7224 ) ;
#5356 = CARTESIAN_POINT ( 'NONE',  ( -2.428612866357885950E-14, 6.999999999964145125, 130.0000000000000000 ) ) ;
#5357 = CARTESIAN_POINT ( 'NONE',  ( -34.99999999999612754, -2.428612866375634626E-13, 130.0000000000000000 ) ) ;
#5358 = EDGE_LOOP ( 'NONE', ( #1630, #2372, #2243, #3542 ) ) ;
#5359 = ORGANIZATION ( 'NAUO-ORG2', 'UNSPECIFIED', 'UNSPECIFIED' ) ;
#5360 = CIRCLE ( 'NONE', #1824, 0.7636293187992526654 ) ;
#5361 = LOCAL_TIME ( 15, 24, 6.000000000000000000, #7917 ) ;
#5362 = ORIENTED_EDGE ( 'NONE', *, *, #4220, .T. ) ;
#5363 = DIRECTION ( 'NONE',  ( 3.469446951950914312E-15, -1.000000000000000000, 0.000000000000000000 ) ) ;
#5364 = ORIENTED_EDGE ( 'NONE', *, *, #1819, .F. ) ;
#5365 = ADVANCED_FACE ( 'NONE', ( #2829 ), #5339, .T. ) ;
#5366 = ORIENTED_EDGE ( 'NONE', *, *, #6504, .T. ) ;
#5367 = ORIENTED_EDGE ( 'NONE', *, *, #5549, .T. ) ;
#5368 = CARTESIAN_POINT ( 'NONE',  ( -2.480654570647679804E-14, 7.150000000003889689, 130.0000000000000000 ) ) ;
#5369 = VECTOR ( 'NONE', #2219, 1000.000000000000000 ) ;
#5370 = COORDINATED_UNIVERSAL_TIME_OFFSET ( 8, 0, .AHEAD. ) ;
#5371 = DIRECTION ( 'NONE',  ( 1.000000000000000000, 0.000000000000000000, 0.000000000000000000 ) ) ;
#5372 = VERTEX_POINT ( 'NONE', #583 ) ;
#5373 = EDGE_CURVE ( 'NONE', #5744, #3440, #6887, .T. ) ;
#5374 = CARTESIAN_POINT ( 'NONE',  ( -38.50000000000003553, 15.99999999997501021, 130.0000000000000000 ) ) ;
#5375 = CIRCLE ( 'NONE', #5138, 0.7096046754417745239 ) ;
#5376 = CARTESIAN_POINT ( 'NONE',  ( 36.99999999999985789, 17.43999999997760142, 130.0000000000000000 ) ) ;
#5377 = ORIENTED_EDGE ( 'NONE', *, *, #5613, .T. ) ;
#5378 = ORIENTED_EDGE ( 'NONE', *, *, #948, .F. ) ;
#5379 = EDGE_CURVE ( 'NONE', #7675, #4992, #3348, .T. ) ;
#5380 = DIRECTION ( 'NONE',  ( 1.000000000000000000, 0.000000000000000000, 0.000000000000000000 ) ) ;
#5381 = APPROVAL_ROLE ( '' ) ;
#5382 = VECTOR ( 'NONE', #3257, 1000.000000000000000 ) ;
#5383 = LINE ( 'NONE', #1026, #2725 ) ;
#5384 = LINE ( 'NONE', #7428, #4700 ) ;
#5385 = DIRECTION ( 'NONE',  ( 1.000000000000000000, 0.000000000000000000, 0.000000000000000000 ) ) ;
#5386 = CARTESIAN_POINT ( 'NONE',  ( -5.009881398617674750E-14, 14.43999999997380712, 0.000000000000000000 ) ) ;
#5387 = DIRECTION ( 'NONE',  ( 1.000000000000000000, -0.000000000000000000, -0.000000000000000000 ) ) ;
#5388 = CARTESIAN_POINT ( 'NONE',  ( -32.99999999999817391, 9.899999999996353495, 130.0000000000000000 ) ) ;
#5389 = CARTESIAN_POINT ( 'NONE',  ( 36.99999999999992184, 1.645763297720170359E-13, 130.0000000000000000 ) ) ;
#5390 = DIRECTION ( 'NONE',  ( 1.000000000000000000, 4.448008912757228678E-15, -0.000000000000000000 ) ) ;
#5391 = DIRECTION ( 'NONE',  ( 1.000000000000000000, 0.000000000000000000, -0.000000000000000000 ) ) ;
#5392 = VECTOR ( 'NONE', #3762, 1000.000000000000000 ) ;
#5393 = EDGE_CURVE ( 'NONE', #6809, #4558, #3735, .T. ) ;
#5394 = DIRECTION ( 'NONE',  ( -0.000000000000000000, -0.000000000000000000, -1.000000000000000000 ) ) ;
#5395 = UNCERTAINTY_MEASURE_WITH_UNIT (LENGTH_MEASURE( 1.000000000000000082E-05 ), #4708, 'distance_accuracy_value', 'NONE');
#5396 = CARTESIAN_POINT ( 'NONE',  ( 38.49999999999820233, 1.335737076501633058E-13, 130.0000000000000000 ) ) ;
#5397 = DIRECTION ( 'NONE',  ( -0.000000000000000000, 0.000000000000000000, -1.000000000000000000 ) ) ;
#5398 = ORIENTED_EDGE ( 'NONE', *, *, #8021, .F. ) ;
#5399 = AXIS2_PLACEMENT_3D ( 'NONE', #1449, #830, #5223 ) ;
#5400 = ORIENTED_EDGE ( 'NONE', *, *, #6472, .F. ) ;
#5401 = DIRECTION ( 'NONE',  ( 0.000000000000000000, 0.000000000000000000, 1.000000000000000000 ) ) ;
#5402 = CARTESIAN_POINT ( 'NONE',  ( 35.00000000000010658, 10.39999999999719904, 0.000000000000000000 ) ) ;
#5403 = VERTEX_POINT ( 'NONE', #3071 ) ;
#5404 = EDGE_CURVE ( 'NONE', #2936, #6408, #2463, .T. ) ;
#5405 = AXIS2_PLACEMENT_3D ( 'NONE', #51, #543, #3034 ) ;
#5406 = VERTEX_POINT ( 'NONE', #4224 ) ;
#5407 = EDGE_LOOP ( 'NONE', ( #8081, #538, #2607, #5861 ) ) ;
#5408 = DIRECTION ( 'NONE',  ( -0.000000000000000000, -0.000000000000000000, -1.000000000000000000 ) ) ;
#5409 = CALENDAR_DATE ( 2020, 16, 10 ) ;
#5410 = LINE ( 'NONE', #5926, #7023 ) ;
#5411 = ORIENTED_EDGE ( 'NONE', *, *, #7812, .F. ) ;
#5412 = DIRECTION ( 'NONE',  ( 0.000000000000000000, 1.000000000000000000, -0.000000000000000000 ) ) ;
#5413 = ORIENTED_EDGE ( 'NONE', *, *, #212, .F. ) ;
#5414 = VERTEX_POINT ( 'NONE', #7382 ) ;
#5415 = ORIENTED_EDGE ( 'NONE', *, *, #6674, .T. ) ;
#5416 = CARTESIAN_POINT ( 'NONE',  ( -38.49999999999889155, 37.99999999999834444, 130.0000000000000000 ) ) ;
#5417 = COORDINATED_UNIVERSAL_TIME_OFFSET ( 8, 0, .AHEAD. ) ;
#5418 = CARTESIAN_POINT ( 'NONE',  ( 0.000000000000000000, 37.99999999999504041, 0.000000000000000000 ) ) ;
#5419 = DIRECTION ( 'NONE',  ( -4.818676322150006782E-15, 1.000000000000000000, 0.000000000000000000 ) ) ;
#5420 = CARTESIAN_POINT ( 'NONE',  ( -35.00000000000014211, 36.99999999999725731, 0.7499999999999952260 ) ) ;
#5421 = VECTOR ( 'NONE', #4901, 1000.000000000000000 ) ;
#5422 = ADVANCED_FACE ( 'NONE', ( #1718 ), #4974, .F. ) ;
#5423 = ADVANCED_FACE ( 'NONE', ( #6755 ), #2296, .T. ) ;
#5424 = CARTESIAN_POINT ( 'NONE',  ( -41.49999999999977973, 1.399999999996592193, 17.00000000000000000 ) ) ;
#5425 = CARTESIAN_POINT ( 'NONE',  ( -37.00000000000179767, 27.99999999998968292, 130.0000000000000000 ) ) ;
#5426 = DIRECTION ( 'NONE',  ( -3.483287830750206171E-15, 1.000000000000000000, -0.000000000000000000 ) ) ;
#5427 = EDGE_CURVE ( 'NONE', #1755, #5449, #624, .T. ) ;
#5428 = DIRECTION ( 'NONE',  ( -1.000000000000000000, 0.000000000000000000, 0.000000000000000000 ) ) ;
#5429 = LINE ( 'NONE', #4773, #2127 ) ;
#5430 = LINE ( 'NONE', #7394, #352 ) ;
#5431 =( REPRESENTATION_RELATIONSHIP ('NONE','NONE', #3517, #2699 ) REPRESENTATION_RELATIONSHIP_WITH_TRANSFORMATION ( #7686 )SHAPE_REPRESENTATION_RELATIONSHIP( ) );
#5432 = EDGE_LOOP ( 'NONE', ( #7647, #5853, #7871, #1509 ) ) ;
#5433 = EDGE_CURVE ( 'NONE', #402, #3734, #2987, .T. ) ;
#5434 = DIRECTION ( 'NONE',  ( 1.000000000000000000, 0.000000000000000000, 0.000000000000000000 ) ) ;
#5435 = PLANE ( 'NONE',  #4591 ) ;
#5436 = ADVANCED_FACE ( 'NONE', ( #6131, #1063, #3694, #7423, #8082 ), #4849, .F. ) ;
#5437 = AXIS2_PLACEMENT_3D ( 'NONE', #590, #7024, #6322 ) ;
#5438 = DIRECTION ( 'NONE',  ( -3.483287830750206171E-15, 1.000000000000000000, -0.000000000000000000 ) ) ;
#5439 = ORIENTED_EDGE ( 'NONE', *, *, #6504, .F. ) ;
#5440 = ORIENTED_EDGE ( 'NONE', *, *, #6424, .F. ) ;
#5441 =( NAMED_UNIT ( * ) PLANE_ANGLE_UNIT ( ) SI_UNIT ( $, .RADIAN. ) );
#5442 = LINE ( 'NONE', #4827, #1295 ) ;
#5443 = CARTESIAN_POINT ( 'NONE',  ( -34.50614573291555587, 34.08995298375382532, 130.0000000000000000 ) ) ;
#5444 = CIRCLE ( 'NONE', #2429, 1.750000000000001554 ) ;
#5445 = ORIENTED_EDGE ( 'NONE', *, *, #6435, .T. ) ;
#5446 = ADVANCED_FACE ( 'NONE', ( #2382 ), #6713, .F. ) ;
#5447 = ORIENTED_EDGE ( 'NONE', *, *, #71, .F. ) ;
#5448 = VECTOR ( 'NONE', #7284, 1000.000000000000000 ) ;
#5449 = VERTEX_POINT ( 'NONE', #6798 ) ;
#5450 = VERTEX_POINT ( 'NONE', #4890 ) ;
#5451 = DIRECTION ( 'NONE',  ( 1.000000000000000000, 0.000000000000000000, 0.000000000000000000 ) ) ;
#5452 = EDGE_CURVE ( 'NONE', #1146, #1281, #6087, .T. ) ;
#5453 = AXIS2_PLACEMENT_3D ( 'NONE', #2196, #2125, #1501 ) ;
#5454 = PERSON_AND_ORGANIZATION_ROLE ( 'classification_officer' ) ;
#5455 = CARTESIAN_POINT ( 'NONE',  ( 38.49999999999813838, 17.43999999997760852, 130.0000000000000000 ) ) ;
#5456 = APPROVAL ( #542, 'UNKNOWN' ) ;
#5457 = EDGE_LOOP ( 'NONE', ( #5931, #6667, #3055, #6210, #1478, #5366, #3131, #6109, #5378, #5807, #6909, #2846, #4006, #7052, #3826, #716, #5503, #6076, #3259, #7413, #72, #3477, #2216, #5914, #554, #1580, #2403, #6694, #4444, #1626, #2293, #2847, #5564, #2925, #5135, #4087, #1616, #7253, #3667, #6438, #535, #5727, #1669, #4916, #5017, #3733, #7838, #4924, #7695, #7356, #2668, #4053, #1927, #5200, #2887, #2817, #5445, #7379, #3858, #550, #6727, #1842, #6371, #2969 ) ) ;
#5458 = AXIS2_PLACEMENT_3D ( 'NONE', #2078, #5169, #1495 ) ;
#5459 = LINE ( 'NONE', #7990, #5369 ) ;
#5460 = ORIENTED_EDGE ( 'NONE', *, *, #7317, .F. ) ;
#5461 = EDGE_LOOP ( 'NONE', ( #2708, #6918, #7984, #7701 ) ) ;
#5462 = VERTEX_POINT ( 'NONE', #2937 ) ;
#5463 = DIRECTION ( 'NONE',  ( -3.483287830750206171E-15, 1.000000000000000000, 0.000000000000000000 ) ) ;
#5464 = EDGE_CURVE ( 'NONE', #7542, #7595, #4412, .T. ) ;
#5465 = APPROVAL_ROLE ( '' ) ;
#5466 = PLANE ( 'NONE',  #4813 ) ;
#5467 = DIRECTION ( 'NONE',  ( 0.000000000000000000, 2.541098841762900031E-16, -1.000000000000000000 ) ) ;
#5468 = DIRECTION ( 'NONE',  ( 0.000000000000000000, -1.000000000000000000, 0.000000000000000000 ) ) ;
#5469 = DIRECTION ( 'NONE',  ( 1.000000000000000000, 0.000000000000000000, 0.000000000000000000 ) ) ;
#5470 = CARTESIAN_POINT ( 'NONE',  ( 33.79761706407760613, 4.874999999990373034, 0.000000000000000000 ) ) ;
#5471 = EDGE_CURVE ( 'NONE', #7176, #4572, #4313, .T. ) ;
#5472 = DIRECTION ( 'NONE',  ( 0.7071067811865487940, -0.7071067811865463515, 0.000000000000000000 ) ) ;
#5473 = EDGE_LOOP ( 'NONE', ( #6186, #1043, #1618, #2181 ) ) ;
#5474 = DIRECTION ( 'NONE',  ( -0.000000000000000000, -0.000000000000000000, -1.000000000000000000 ) ) ;
#5475 = DIRECTION ( 'NONE',  ( -0.000000000000000000, 0.000000000000000000, 1.000000000000000000 ) ) ;
#5476 = CARTESIAN_POINT ( 'NONE',  ( -35.00000000000204636, 36.99999999999535305, 130.0000000000000000 ) ) ;
#5477 = VERTEX_POINT ( 'NONE', #5554 ) ;
#5478 = CIRCLE ( 'NONE', #7628, 0.5000000000002641221 ) ;
#5479 = AXIS2_PLACEMENT_3D ( 'NONE', #7197, #7936, #2280 ) ;
#5480 = CARTESIAN_POINT ( 'NONE',  ( 38.49999999999808153, 33.99999999999550226, 0.000000000000000000 ) ) ;
#5481 = LINE ( 'NONE', #4777, #8027 ) ;
#5482 = ADVANCED_FACE ( 'NONE', ( #1197 ), #2422, .F. ) ;
#5483 = CARTESIAN_POINT ( 'NONE',  ( 38.49999999999825206, 1.855190384027663876E-13, 130.0000000000000000 ) ) ;
#5484 = EDGE_LOOP ( 'NONE', ( #4752, #5682, #5873, #6462 ) ) ;
#5485 = ORIENTED_EDGE ( 'NONE', *, *, #3823, .F. ) ;
#5486 = EDGE_CURVE ( 'NONE', #6214, #5462, #7449, .T. ) ;
#5487 = ADVANCED_FACE ( 'NONE', ( #3778 ), #5111, .T. ) ;
#5488 = AXIS2_PLACEMENT_3D ( 'NONE', #1811, #4229, #1723 ) ;
#5489 = VECTOR ( 'NONE', #6672, 1000.000000000000000 ) ;
#5490 = CARTESIAN_POINT ( 'NONE',  ( -38.50000000000000000, 5.439999999962673805, 130.0000000000000000 ) ) ;
#5491 = DIRECTION ( 'NONE',  ( 1.000000000000000000, 0.000000000000000000, 0.000000000000000000 ) ) ;
#5492 = ORIENTED_EDGE ( 'NONE', *, *, #5464, .F. ) ;
#5493 = APPROVAL_PERSON_ORGANIZATION ( #1662, #7378, #440 ) ;
#5494 = AXIS2_PLACEMENT_3D ( 'NONE', #2880, #5283, #4078 ) ;
#5495 = CC_DESIGN_APPROVAL ( #4307, ( #5902 ) ) ;
#5496 = ORIENTED_EDGE ( 'NONE', *, *, #6431, .T. ) ;
#5497 = ORIENTED_EDGE ( 'NONE', *, *, #1619, .F. ) ;
#5498 = ORIENTED_EDGE ( 'NONE', *, *, #2891, .T. ) ;
#5499 = CARTESIAN_POINT ( 'NONE',  ( 34.56124638288203244, 35.12499999999907629, 130.0000000000000000 ) ) ;
#5500 = DATE_AND_TIME ( #5619, #2968 ) ;
#5501 = VECTOR ( 'NONE', #505, 1000.000000000000000 ) ;
#5502 = CARTESIAN_POINT ( 'NONE',  ( -33.89073051573095086, 34.75957119923914007, 130.0000000000000000 ) ) ;
#5503 = ORIENTED_EDGE ( 'NONE', *, *, #7778, .F. ) ;
#5504 = EDGE_CURVE ( 'NONE', #1187, #6621, #6439, .T. ) ;
#5505 = VECTOR ( 'NONE', #7836, 1000.000000000000000 ) ;
#5506 = VERTEX_POINT ( 'NONE', #1941 ) ;
#5507 = ORIENTED_EDGE ( 'NONE', *, *, #4538, .T. ) ;
#5508 = ORIENTED_EDGE ( 'NONE', *, *, #4633, .T. ) ;
#5509 = DIRECTION ( 'NONE',  ( 1.000000000000000000, 0.000000000000000000, -0.000000000000000000 ) ) ;
#5510 = PERSON_AND_ORGANIZATION ( #7757, #5787 ) ;
#5511 = LINE ( 'NONE', #5557, #1222 ) ;
#5512 = FACE_OUTER_BOUND ( 'NONE', #1587, .T. ) ;
#5513 = CARTESIAN_POINT ( 'NONE',  ( 0.8249999999999999556, -0.3200000000000000622, 0.6200000000000001066 ) ) ;
#5514 = FACE_OUTER_BOUND ( 'NONE', #5216, .T. ) ;
#5515 = VECTOR ( 'NONE', #1173, 1000.000000000000000 ) ;
#5516 = ADVANCED_FACE ( 'NONE', ( #6978 ), #168, .T. ) ;
#5517 = DIRECTION ( 'NONE',  ( 0.000000000000000000, 0.000000000000000000, 1.000000000000000000 ) ) ;
#5518 = CARTESIAN_POINT ( 'NONE',  ( 33.74999999999638334, 2.999999999994903188, 130.0000000000000000 ) ) ;
#5519 = CARTESIAN_POINT ( 'NONE',  ( -33.24999999999581490, 7.150000000003774225, 130.0000000000000000 ) ) ;
#5520 = ORIENTED_EDGE ( 'NONE', *, *, #5876, .F. ) ;
#5521 = VECTOR ( 'NONE', #3916, 1000.000000000000000 ) ;
#5522 = LINE ( 'NONE', #6279, #59 ) ;
#5523 = CARTESIAN_POINT ( 'NONE',  ( -38.49999999999995026, -1.855190384027750209E-13, 0.000000000000000000 ) ) ;
#5524 = EDGE_CURVE ( 'NONE', #7165, #7535, #677, .T. ) ;
#5525 = LINE ( 'NONE', #4991, #497 ) ;
#5526 = ORIENTED_EDGE ( 'NONE', *, *, #1609, .F. ) ;
#5527 = CARTESIAN_POINT ( 'NONE',  ( 33.24999999999840128, 6.899999999998695621, 130.0000000000000000 ) ) ;
#5528 = LINE ( 'NONE', #4818, #1981 ) ;
#5529 = CARTESIAN_POINT ( 'NONE',  ( -37.00000000000181188, 30.99999999999334932, 0.000000000000000000 ) ) ;
#5530 = VECTOR ( 'NONE', #3159, 1000.000000000000000 ) ;
#5531 = ORIENTED_EDGE ( 'NONE', *, *, #2912, .F. ) ;
#5532 = MECHANICAL_CONTEXT ( 'NONE', #1645, 'mechanical' ) ;
#5533 = ORIENTED_EDGE ( 'NONE', *, *, #5808, .F. ) ;
#5534 = FACE_OUTER_BOUND ( 'NONE', #7320, .T. ) ;
#5535 = CYLINDRICAL_SURFACE ( 'NONE', #6607, 2.499999999998600675 ) ;
#5536 = EDGE_LOOP ( 'NONE', ( #1848, #1743, #3498, #7965 ) ) ;
#5537 = EDGE_CURVE ( 'NONE', #1791, #7683, #1263, .T. ) ;
#5538 = EDGE_CURVE ( 'NONE', #8066, #5338, #4399, .T. ) ;
#5539 = AXIS2_PLACEMENT_3D ( 'NONE', #7007, #7498, #7674 ) ;
#5540 = EDGE_LOOP ( 'NONE', ( #6218, #663, #2277, #7543 ) ) ;
#5541 = EDGE_CURVE ( 'NONE', #238, #7177, #6360, .T. ) ;
#5542 = ORIENTED_EDGE ( 'NONE', *, *, #5245, .T. ) ;
#5543 = ORIENTED_EDGE ( 'NONE', *, *, #1109, .F. ) ;
#5544 = DIRECTION ( 'NONE',  ( -0.000000000000000000, 0.000000000000000000, 1.000000000000000000 ) ) ;
#5545 = EDGE_CURVE ( 'NONE', #7461, #314, #3167, .T. ) ;
#5546 = FACE_OUTER_BOUND ( 'NONE', #2144, .T. ) ;
#5547 = ORIENTED_EDGE ( 'NONE', *, *, #8120, .F. ) ;
#5548 = VECTOR ( 'NONE', #8043, 1000.000000000000000 ) ;
#5549 = EDGE_CURVE ( 'NONE', #1968, #4645, #3116, .T. ) ;
#5550 = CC_DESIGN_PERSON_AND_ORGANIZATION_ASSIGNMENT ( #4603, #3980, ( #5235 ) ) ;
#5551 = ORIENTED_EDGE ( 'NONE', *, *, #3016, .T. ) ;
#5552 = ORIENTED_EDGE ( 'NONE', *, *, #5633, .F. ) ;
#5553 = ORIENTED_EDGE ( 'NONE', *, *, #6517, .F. ) ;
#5554 = CARTESIAN_POINT ( 'NONE',  ( -33.24999999999580780, 6.150000000003662315, 0.000000000000000000 ) ) ;
#5555 =( REPRESENTATION_RELATIONSHIP ('NONE','NONE', #3517, #961 ) REPRESENTATION_RELATIONSHIP_WITH_TRANSFORMATION ( #2820 )SHAPE_REPRESENTATION_RELATIONSHIP( ) );
#5556 = DATE_AND_TIME ( #7603, #6690 ) ;
#5557 = CARTESIAN_POINT ( 'NONE',  ( 0.000000000000000000, 9.149999999997218580, 0.000000000000000000 ) ) ;
#5558 = DIRECTION ( 'NONE',  ( 1.000000000000000000, 4.448008912757228678E-15, -0.000000000000000000 ) ) ;
#5559 = CARTESIAN_POINT ( 'NONE',  ( 0.2499999991414370015, 0.000000000000000000, 0.000000000000000000 ) ) ;
#5560 = LINE ( 'NONE', #3609, #3784 ) ;
#5561 = CARTESIAN_POINT ( 'NONE',  ( -34.77748670276670850, 34.50992212319180652, 0.000000000000000000 ) ) ;
#5562 = CARTESIAN_POINT ( 'NONE',  ( -37.00000000000166267, -1.645763297722115122E-13, 130.0000000000000000 ) ) ;
#5563 = FACE_OUTER_BOUND ( 'NONE', #4244, .T. ) ;
#5564 = ORIENTED_EDGE ( 'NONE', *, *, #3377, .T. ) ;
#5565 = ADVANCED_FACE ( 'NONE', ( #7057 ), #5184, .T. ) ;
#5566 = CARTESIAN_POINT ( 'NONE',  ( -2.480654570647679804E-14, 7.150000000003889689, 130.0000000000000000 ) ) ;
#5567 = DIRECTION ( 'NONE',  ( -0.000000000000000000, -0.000000000000000000, -1.000000000000000000 ) ) ;
#5568 = CARTESIAN_POINT ( 'NONE',  ( 6.808697833747993359E-17, -1.600000000000000089, -0.3200000000000000067 ) ) ;
#5569 = VERTEX_POINT ( 'NONE', #47 ) ;
#5570 = DIRECTION ( 'NONE',  ( -0.000000000000000000, -0.000000000000000000, -1.000000000000000000 ) ) ;
#5571 = CARTESIAN_POINT ( 'NONE',  ( 33.89073051572432149, 5.240428800752574112, 130.0000000000000000 ) ) ;
#5572 = CARTESIAN_POINT ( 'NONE',  ( -36.74999999999658939, 2.999999999997227107, 0.000000000000000000 ) ) ;
#5573 = CARTESIAN_POINT ( 'NONE',  ( -37.00000000000178346, 23.43999999998467842, 130.0000000000000000 ) ) ;
#5574 = ORIENTED_EDGE ( 'NONE', *, *, #7643, .F. ) ;
#5575 = DIRECTION ( 'NONE',  ( 1.000000000000000000, 0.000000000000000000, 0.000000000000000000 ) ) ;
#5576 = ORIENTED_EDGE ( 'NONE', *, *, #841, .F. ) ;
#5577 = DIRECTION ( 'NONE',  ( 0.7071067811865479058, 0.000000000000000000, 0.7071067811865472397 ) ) ;
#5578 = CARTESIAN_POINT ( 'NONE',  ( 38.49999999999809575, 29.43999999999227413, 0.000000000000000000 ) ) ;
#5579 = ORIENTED_EDGE ( 'NONE', *, *, #4216, .F. ) ;
#5580 = CIRCLE ( 'NONE', #6098, 2.599999999063129508 ) ;
#5581 = ORIENTED_EDGE ( 'NONE', *, *, #687, .T. ) ;
#5582 = VERTEX_POINT ( 'NONE', #3291 ) ;
#5583 = ORIENTED_EDGE ( 'NONE', *, *, #304, .F. ) ;
#5584 = DIRECTION ( 'NONE',  ( 1.000000000000000000, 0.000000000000000000, 0.000000000000000000 ) ) ;
#5585 = VECTOR ( 'NONE', #7178, 1000.000000000000000 ) ;
#5586 = LINE ( 'NONE', #1190, #5007 ) ;
#5587 = EDGE_CURVE ( 'NONE', #3065, #6428, #7017, .T. ) ;
#5588 = VERTEX_POINT ( 'NONE', #5067 ) ;
#5589 = CIRCLE ( 'NONE', #1774, 0.4999999999985502153 ) ;
#5590 = EDGE_CURVE ( 'NONE', #6944, #3223, #7601, .T. ) ;
#5591 = VERTEX_POINT ( 'NONE', #3829 ) ;
#5592 = EDGE_LOOP ( 'NONE', ( #3732, #1419, #6276, #4517 ) ) ;
#5593 = VERTEX_POINT ( 'NONE', #1987 ) ;
#5594 = DIRECTION ( 'NONE',  ( -0.000000000000000000, -0.000000000000000000, -1.000000000000000000 ) ) ;
#5595 = MECHANICAL_CONTEXT ( 'NONE', #5728, 'mechanical' ) ;
#5596 = EDGE_CURVE ( 'NONE', #5591, #2814, #4528, .T. ) ;
#5597 = CARTESIAN_POINT ( 'NONE',  ( -4.876602963038917683E-15, 1.399999999996737632, 130.0000000000000000 ) ) ;
#5598 = ADVANCED_FACE ( 'NONE', ( #5150 ), #1407, .F. ) ;
#5599 = PLANE ( 'NONE',  #769 ) ;
#5600 = LINE ( 'NONE', #8127, #3427 ) ;
#5601 = CYLINDRICAL_SURFACE ( 'NONE', #2206, 1.999999999999280131 ) ;
#5602 = CIRCLE ( 'NONE', #3474, 0.2499999999994312327 ) ;
#5603 = CARTESIAN_POINT ( 'NONE',  ( 0.000000000000000000, 0.000000000000000000, 130.0000000000000000 ) ) ;
#5604 = PLANE ( 'NONE',  #684 ) ;
#5605 = CARTESIAN_POINT ( 'NONE',  ( 38.49999999999815969, 11.43999999997027395, 130.0000000000000000 ) ) ;
#5606 = ORIENTED_EDGE ( 'NONE', *, *, #1583, .F. ) ;
#5607 = CARTESIAN_POINT ( 'NONE',  ( -38.49999999999786837, -8.881784197001252323E-13, 2.000000000000000000 ) ) ;
#5608 = FACE_OUTER_BOUND ( 'NONE', #4524, .T. ) ;
#5609 = LINE ( 'NONE', #3002, #4954 ) ;
#5610 = VERTEX_POINT ( 'NONE', #3249 ) ;
#5611 = DIRECTION ( 'NONE',  ( 1.000000000000000000, 0.000000000000000000, 0.000000000000000000 ) ) ;
#5612 = CARTESIAN_POINT ( 'NONE',  ( -35.00000000000014211, 36.99999999999725731, 2.000000000000000000 ) ) ;
#5613 = EDGE_CURVE ( 'NONE', #6130, #6217, #135, .T. ) ;
#5614 = CARTESIAN_POINT ( 'NONE',  ( -32.99999999999517541, 6.900000000003137401, 130.0000000000000000 ) ) ;
#5615 = DIRECTION ( 'NONE',  ( 1.000000000000000000, 4.625929269276788834E-15, 0.000000000000000000 ) ) ;
#5616 = DIRECTION ( 'NONE',  ( 3.552713678800500140E-15, -1.000000000000000000, 8.326672684688664192E-17 ) ) ;
#5617 = CIRCLE ( 'NONE', #4514, 0.2500000000003055334 ) ;
#5618 = VERTEX_POINT ( 'NONE', #7866 ) ;
#5619 = CALENDAR_DATE ( 2020, 16, 10 ) ;
#5620 = DIRECTION ( 'NONE',  ( -0.000000000000000000, -0.000000000000000000, -1.000000000000000000 ) ) ;
#5621 = VECTOR ( 'NONE', #7846, 1000.000000000000000 ) ;
#5622 = DIRECTION ( 'NONE',  ( -0.000000000000000000, 0.000000000000000000, 1.000000000000000000 ) ) ;
#5623 = ORIENTED_EDGE ( 'NONE', *, *, #464, .F. ) ;
#5624 = CARTESIAN_POINT ( 'NONE',  ( -34.56124638288583384, 35.12499999999884182, 130.0000000000000000 ) ) ;
#5625 = VERTEX_POINT ( 'NONE', #4091 ) ;
#5626 = CIRCLE ( 'NONE', #3925, 0.2500000000000834888 ) ;
#5627 = VECTOR ( 'NONE', #391, 1000.000000000000000 ) ;
#5628 = ORIENTED_EDGE ( 'NONE', *, *, #7274, .T. ) ;
#5629 = VERTEX_POINT ( 'NONE', #4753 ) ;
#5630 = DIRECTION ( 'NONE',  ( 1.000000000000000000, 3.483287830750206171E-15, 1.156482317317870344E-15 ) ) ;
#5631 = PERSON_AND_ORGANIZATION ( #1372, #351 ) ;
#5632 = FACE_OUTER_BOUND ( 'NONE', #638, .T. ) ;
#5633 = EDGE_CURVE ( 'NONE', #506, #7938, #2786, .T. ) ;
#5634 = ORIENTED_EDGE ( 'NONE', *, *, #2729, .F. ) ;
#5635 = CIRCLE ( 'NONE', #4705, 0.2500000000006386003 ) ;
#5636 = LOCAL_TIME ( 15, 24, 6.000000000000000000, #8042 ) ;
#5637 = ORIENTED_EDGE ( 'NONE', *, *, #7588, .F. ) ;
#5638 = VERTEX_POINT ( 'NONE', #5996 ) ;
#5639 = ORIENTED_EDGE ( 'NONE', *, *, #618, .F. ) ;
#5640 = AXIS2_PLACEMENT_3D ( 'NONE', #7566, #13, #1291 ) ;
#5641 = DIRECTION ( 'NONE',  ( -0.000000000000000000, -0.000000000000000000, -1.000000000000000000 ) ) ;
#5642 = LOCAL_TIME ( 15, 24, 6.000000000000000000, #679 ) ;
#5643 = VERTEX_POINT ( 'NONE', #1622 ) ;
#5644 = LINE ( 'NONE', #5, #4626 ) ;
#5645 = DIRECTION ( 'NONE',  ( 1.000000000000000000, 0.000000000000000000, 0.000000000000000000 ) ) ;
#5646 = DIRECTION ( 'NONE',  ( -0.000000000000000000, -0.000000000000000000, -1.000000000000000000 ) ) ;
#5647 = CARTESIAN_POINT ( 'NONE',  ( -1.017704439240084866E-13, 21.99999999998252065, 0.000000000000000000 ) ) ;
#5648 = ADVANCED_FACE ( 'NONE', ( #1480, #974 ), #897, .T. ) ;
#5649 = CARTESIAN_POINT ( 'NONE',  ( -1.017704439240081080E-13, 21.99999999998243538, 130.0000000000000000 ) ) ;
#5650 = AXIS2_PLACEMENT_3D ( 'NONE', #468, #4240, #8062 ) ;
#5651 = DIRECTION ( 'NONE',  ( -0.000000000000000000, -0.000000000000000000, -1.000000000000000000 ) ) ;
#5652 = EDGE_CURVE ( 'NONE', #7636, #1895, #4602, .T. ) ;
#5653 = EDGE_CURVE ( 'NONE', #7358, #3300, #3606, .T. ) ;
#5654 = DIRECTION ( 'NONE',  ( -3.483287830750206171E-15, 1.000000000000000000, 0.000000000000000000 ) ) ;
#5655 = ORIENTED_EDGE ( 'NONE', *, *, #1114, .T. ) ;
#5656 = EDGE_LOOP ( 'NONE', ( #4875, #6580, #1186, #7133 ) ) ;
#5657 = CIRCLE ( 'NONE', #267, 0.2500000000003055334 ) ;
#5658 = LINE ( 'NONE', #6947, #845 ) ;
#5659 = LINE ( 'NONE', #3846, #2467 ) ;
#5660 = LINE ( 'NONE', #6901, #5886 ) ;
#5661 = EDGE_CURVE ( 'NONE', #6970, #4571, #3395, .T. ) ;
#5662 = VERTEX_POINT ( 'NONE', #3979 ) ;
#5663 = DIRECTION ( 'NONE',  ( -0.000000000000000000, 1.000000000000000000, 0.000000000000000000 ) ) ;
#5664 = FACE_OUTER_BOUND ( 'NONE', #5319, .T. ) ;
#5665 = VECTOR ( 'NONE', #55, 1000.000000000000000 ) ;
#5666 = CARTESIAN_POINT ( 'NONE',  ( 33.25000000000191847, 36.99999999999725731, 0.000000000000000000 ) ) ;
#5667 = LINE ( 'NONE', #4335, #743 ) ;
#5668 = CC_DESIGN_PERSON_AND_ORGANIZATION_ASSIGNMENT ( #1662, #6122, ( #7223 ) ) ;
#5669 = PERSON_AND_ORGANIZATION ( #7757, #5787 ) ;
#5670 = ORIENTED_EDGE ( 'NONE', *, *, #1675, .F. ) ;
#5671 = LINE ( 'NONE', #1261, #8142 ) ;
#5672 = FACE_OUTER_BOUND ( 'NONE', #7555, .T. ) ;
#5673 = VECTOR ( 'NONE', #6083, 1000.000000000000000 ) ;
#5674 = ORIENTED_EDGE ( 'NONE', *, *, #1013, .F. ) ;
#5675 = VECTOR ( 'NONE', #7988, 1000.000000000000000 ) ;
#5676 = DIRECTION ( 'NONE',  ( -0.000000000000000000, 0.000000000000000000, 1.000000000000000000 ) ) ;
#5677 = VERTEX_POINT ( 'NONE', #4671 ) ;
#5678 = ORIENTED_EDGE ( 'NONE', *, *, #1798, .T. ) ;
#5679 = FACE_OUTER_BOUND ( 'NONE', #5147, .T. ) ;
#5680 = CARTESIAN_POINT ( 'NONE',  ( -0.000000000000000000, 1.999999999998304245, 0.000000000000000000 ) ) ;
#5681 = LINE ( 'NONE', #6574, #6696 ) ;
#5682 = ORIENTED_EDGE ( 'NONE', *, *, #453, .F. ) ;
#5683 = CC_DESIGN_PERSON_AND_ORGANIZATION_ASSIGNMENT ( #7256, #494, ( #5902 ) ) ;
#5684 = AXIS2_PLACEMENT_3D ( 'NONE', #4193, #3534, #461 ) ;
#5685 = ORIENTED_EDGE ( 'NONE', *, *, #5433, .F. ) ;
#5686 = EDGE_LOOP ( 'NONE', ( #5533, #6160, #88, #5718 ) ) ;
#5687 = ORIENTED_EDGE ( 'NONE', *, *, #741, .F. ) ;
#5688 = DIRECTION ( 'NONE',  ( 1.000000000000000000, 0.000000000000000000, -0.000000000000000000 ) ) ;
#5689 = EDGE_LOOP ( 'NONE', ( #4099, #7439 ) ) ;
#5690 = CALENDAR_DATE ( 2020, 16, 10 ) ;
#5691 = AXIS2_PLACEMENT_3D ( 'NONE', #7171, #1410, #7833 ) ;
#5692 = LINE ( 'NONE', #2385, #6883 ) ;
#5693 = LINE ( 'NONE', #3787, #2897 ) ;
#5694 = DIRECTION ( 'NONE',  ( -0.000000000000000000, -0.000000000000000000, -1.000000000000000000 ) ) ;
#5695 = VECTOR ( 'NONE', #4604, 1000.000000000000000 ) ;
#5696 = CARTESIAN_POINT ( 'NONE',  ( 41.50000000000022737, 1.399999999996881295, 23.00000000000000711 ) ) ;
#5697 = DIRECTION ( 'NONE',  ( 1.000000000000000000, 3.483287830750206960E-15, 0.000000000000000000 ) ) ;
#5698 = DIRECTION ( 'NONE',  ( -0.000000000000000000, -0.000000000000000000, -1.000000000000000000 ) ) ;
#5699 = VERTEX_POINT ( 'NONE', #5218 ) ;
#5700 = VERTEX_POINT ( 'NONE', #827 ) ;
#5701 = EDGE_CURVE ( 'NONE', #5867, #3734, #4637, .T. ) ;
#5702 = CARTESIAN_POINT ( 'NONE',  ( -34.99999999999536726, 2.999999999997816857, 0.000000000000000000 ) ) ;
#5703 = DIRECTION ( 'NONE',  ( 1.000000000000000000, 0.000000000000000000, 0.000000000000000000 ) ) ;
#5704 = PLANE ( 'NONE',  #776 ) ;
#5705 = EDGE_CURVE ( 'NONE', #6957, #3725, #1588, .T. ) ;
#5706 = EDGE_CURVE ( 'NONE', #6841, #5450, #7204, .T. ) ;
#5707 = ORIENTED_EDGE ( 'NONE', *, *, #394, .F. ) ;
#5708 = DIRECTION ( 'NONE',  ( -0.000000000000000000, 0.000000000000000000, 1.000000000000000000 ) ) ;
#5709 = DIRECTION ( 'NONE',  ( 1.000000000000000000, 0.000000000000000000, 0.000000000000000000 ) ) ;
#5710 = LINE ( 'NONE', #6382, #6530 ) ;
#5711 = EDGE_CURVE ( 'NONE', #2419, #3775, #6590, .T. ) ;
#5712 = LINE ( 'NONE', #69, #3882 ) ;
#5713 = DATE_AND_TIME ( #290, #6972 ) ;
#5714 = ORIENTED_EDGE ( 'NONE', *, *, #6096, .T. ) ;
#5715 = ADVANCED_FACE ( 'NONE', ( #7795 ), #1510, .T. ) ;
#5716 = DIRECTION ( 'NONE',  ( 1.000000000000000000, 0.000000000000000000, 0.000000000000000000 ) ) ;
#5717 = VECTOR ( 'NONE', #1867, 1000.000000000000000 ) ;
#5718 = ORIENTED_EDGE ( 'NONE', *, *, #826, .T. ) ;
#5719 = EDGE_CURVE ( 'NONE', #3386, #1982, #7829, .T. ) ;
#5720 = CARTESIAN_POINT ( 'NONE',  ( -43.49999999999973710, -8.600000000003415579, 17.00000000000000000 ) ) ;
#5721 = EDGE_LOOP ( 'NONE', ( #2020, #836, #6355, #1747 ) ) ;
#5722 = ORIENTED_EDGE ( 'NONE', *, *, #6262, .F. ) ;
#5723 = CARTESIAN_POINT ( 'NONE',  ( -45.49999999999972289, -8.600000000003422684, 17.00000000000000000 ) ) ;
#5724 = CARTESIAN_POINT ( 'NONE',  ( 36.99999999999992895, 1.645763297720171621E-13, 130.0000000000000000 ) ) ;
#5725 = DIRECTION ( 'NONE',  ( 0.000000000000000000, 0.000000000000000000, 1.000000000000000000 ) ) ;
#5726 = AXIS2_PLACEMENT_3D ( 'NONE', #1682, #8049, #1111 ) ;
#5727 = ORIENTED_EDGE ( 'NONE', *, *, #5808, .T. ) ;
#5728 = APPLICATION_CONTEXT ( 'configuration controlled 3d designs of mechanical parts and assemblies' ) ;
#5729 = EDGE_CURVE ( 'NONE', #3163, #6032, #859, .T. ) ;
#5730 = VECTOR ( 'NONE', #2142, 1000.000000000000000 ) ;
#5731 = PRODUCT_DEFINITION_SHAPE ( 'NONE', 'NONE',  #8169 ) ;
#5732 = ORIENTED_EDGE ( 'NONE', *, *, #3774, .T. ) ;
#5733 = ORIENTED_EDGE ( 'NONE', *, *, #1301, .F. ) ;
#5734 = DIRECTION ( 'NONE',  ( -1.000000000000000000, 0.000000000000000000, 0.000000000000000000 ) ) ;
#5735 = CC_DESIGN_PERSON_AND_ORGANIZATION_ASSIGNMENT ( #2868, #3480, ( #4975 ) ) ;
#5736 = CALENDAR_DATE ( 2020, 16, 10 ) ;
#5737 = DIRECTION ( 'NONE',  ( 1.000000000000000000, 4.625929269276788834E-15, 0.000000000000000000 ) ) ;
#5738 = CARTESIAN_POINT ( 'NONE',  ( -36.75000000000014211, 36.99999999999725731, 0.7499999999999952260 ) ) ;
#5739 = LINE ( 'NONE', #94, #8141 ) ;
#5740 = VECTOR ( 'NONE', #5688, 1000.000000000000000 ) ;
#5741 = DIRECTION ( 'NONE',  ( 1.000000000000000000, 4.448008912757228678E-15, -0.000000000000000000 ) ) ;
#5742 = FACE_OUTER_BOUND ( 'NONE', #4834, .T. ) ;
#5743 = FACE_OUTER_BOUND ( 'NONE', #5019, .T. ) ;
#5744 = VERTEX_POINT ( 'NONE', #1550 ) ;
#5745 = ORIENTED_EDGE ( 'NONE', *, *, #1385, .T. ) ;
#5746 = AXIS2_PLACEMENT_3D ( 'NONE', #7544, #1319, #161 ) ;
#5747 = EDGE_CURVE ( 'NONE', #473, #2010, #986, .T. ) ;
#5748 = DIRECTION ( 'NONE',  ( -0.000000000000000000, -0.000000000000000000, -1.000000000000000000 ) ) ;
#5749 = DIRECTION ( 'NONE',  ( 1.000000000000000000, 0.000000000000000000, 0.000000000000000000 ) ) ;
#5750 = AXIS2_PLACEMENT_3D ( 'NONE', #3154, #5676, #7585 ) ;
#5751 = DIRECTION ( 'NONE',  ( -1.000000000000000000, 0.000000000000000000, 0.000000000000000000 ) ) ;
#5752 = VERTEX_POINT ( 'NONE', #240 ) ;
#5753 = LINE ( 'NONE', #2692, #8013 ) ;
#5754 = DIRECTION ( 'NONE',  ( 1.000000000000000000, 3.469446951953598806E-15, 0.000000000000000000 ) ) ;
#5755 = PLANE ( 'NONE',  #3356 ) ;
#5756 = CIRCLE ( 'NONE', #7608, 0.2500000000011867729 ) ;
#5757 = DIRECTION ( 'NONE',  ( 1.000000000000000000, 3.469446951957607797E-15, 0.000000000000000000 ) ) ;
#5758 = COORDINATED_UNIVERSAL_TIME_OFFSET ( 8, 0, .AHEAD. ) ;
#5759 = ORIENTED_EDGE ( 'NONE', *, *, #7587, .T. ) ;
#5760 = CARTESIAN_POINT ( 'NONE',  ( 38.49999999999821654, 1.855190384027666653E-13, 130.0000000000000000 ) ) ;
#5761 = EDGE_CURVE ( 'NONE', #4127, #1273, #2748, .T. ) ;
#5762 = CARTESIAN_POINT ( 'NONE',  ( -38.50000000000004263, 17.43999999997733852, 130.0000000000000000 ) ) ;
#5763 = ORIENTED_EDGE ( 'NONE', *, *, #3547, .F. ) ;
#5764 = EDGE_CURVE ( 'NONE', #5700, #1620, #940, .T. ) ;
#5765 = EDGE_CURVE ( 'NONE', #6632, #4521, #315, .T. ) ;
#5766 = AXIS2_PLACEMENT_3D ( 'NONE', #6801, #7999, #1106 ) ;
#5767 = CC_DESIGN_APPROVAL ( #3244, ( #787 ) ) ;
#5768 = ORIENTED_EDGE ( 'NONE', *, *, #7697, .F. ) ;
#5769 = LINE ( 'NONE', #7638, #3401 ) ;
#5770 = CARTESIAN_POINT ( 'NONE',  ( 36.99999999999989342, 6.999999999964275688, 130.0000000000000000 ) ) ;
#5771 = ORIENTED_EDGE ( 'NONE', *, *, #1013, .T. ) ;
#5772 = ORGANIZATION ( 'NAUO-ORG9', 'UNSPECIFIED', 'UNSPECIFIED' ) ;
#5773 = VECTOR ( 'NONE', #4142, 1000.000000000000000 ) ;
#5774 = VECTOR ( 'NONE', #3749, 1000.000000000000000 ) ;
#5775 = ORIENTED_EDGE ( 'NONE', *, *, #24, .T. ) ;
#5776 = ORIENTED_EDGE ( 'NONE', *, *, #2603, .T. ) ;
#5777 = DIRECTION ( 'NONE',  ( 0.000000000000000000, 1.000000000000000000, 1.694065894508599939E-16 ) ) ;
#5778 = CARTESIAN_POINT ( 'NONE',  ( 34.44536525785412096, 4.120214400370596941, 0.000000000000000000 ) ) ;
#5779 = VECTOR ( 'NONE', #2470, 1000.000000000000000 ) ;
#5780 = DIRECTION ( 'NONE',  ( 4.448008912757228678E-15, -1.000000000000000000, 0.000000000000000000 ) ) ;
#5781 = DIRECTION ( 'NONE',  ( -0.7071067811865479058, 8.659560562354937789E-17, 0.7071067811865472397 ) ) ;
#5782 = EDGE_CURVE ( 'NONE', #477, #1137, #439, .T. ) ;
#5783 = FACE_OUTER_BOUND ( 'NONE', #1649, .T. ) ;
#5784 = DIRECTION ( 'NONE',  ( -1.000000000000000000, -4.625929269276788045E-15, 0.000000000000000000 ) ) ;
#5785 = LOCAL_TIME ( 15, 24, 6.000000000000000000, #7205 ) ;
#5786 = CIRCLE ( 'NONE', #1021, 0.2999999999999999889 ) ;
#5787 = ORGANIZATION ( '未指定', '未指定', '' ) ;
#5788 = ORIENTED_EDGE ( 'NONE', *, *, #5652, .T. ) ;
#5789 = ORIENTED_EDGE ( 'NONE', *, *, #7120, .F. ) ;
#5790 = FACE_OUTER_BOUND ( 'NONE', #6229, .T. ) ;
#5791 = LINE ( 'NONE', #5126, #6817 ) ;
#5792 = CARTESIAN_POINT ( 'NONE',  ( -9.455399426393051719E-14, 20.43999999998118255, 130.0000000000000000 ) ) ;
#5793 = ORIENTED_EDGE ( 'NONE', *, *, #6196, .T. ) ;
#5794 = CARTESIAN_POINT ( 'NONE',  ( -36.50000000000034106, 39.99999999999723599, 0.000000000000000000 ) ) ;
#5795 = CARTESIAN_POINT ( 'NONE',  ( -43.49999999999975131, -0.6000000000023070212, 112.9999999999999574 ) ) ;
#5796 = CARTESIAN_POINT ( 'NONE',  ( -38.49999999999995026, -1.855190384027750209E-13, 130.0000000000000000 ) ) ;
#5797 = AXIS2_PLACEMENT_3D ( 'NONE', #385, #7441, #2882 ) ;
#5798 = DATE_AND_TIME ( #6956, #244 ) ;
#5799 = VERTEX_POINT ( 'NONE', #2974 ) ;
#5800 = VECTOR ( 'NONE', #6391, 1000.000000000000000 ) ;
#5801 = DIRECTION ( 'NONE',  ( 4.818676322150003626E-15, -1.000000000000000000, 0.000000000000000000 ) ) ;
#5802 = ORIENTED_EDGE ( 'NONE', *, *, #4994, .F. ) ;
#5803 = ORIENTED_EDGE ( 'NONE', *, *, #568, .T. ) ;
#5804 = EDGE_CURVE ( 'NONE', #6974, #1187, #7456, .T. ) ;
#5805 = DIRECTION ( 'NONE',  ( 0.8660254037844380415, 0.5000000000000009992, -0.000000000000000000 ) ) ;
#5806 = LINE ( 'NONE', #819, #7673 ) ;
#5807 = ORIENTED_EDGE ( 'NONE', *, *, #3428, .T. ) ;
#5808 = EDGE_CURVE ( 'NONE', #6950, #8112, #5589, .T. ) ;
#5809 = EDGE_CURVE ( 'NONE', #4500, #7631, #4260, .T. ) ;
#5810 = ORIENTED_EDGE ( 'NONE', *, *, #1400, .T. ) ;
#5811 = VERTEX_POINT ( 'NONE', #4212 ) ;
#5812 = ADVANCED_FACE ( 'NONE', ( #6120 ), #8074, .F. ) ;
#5813 = DIRECTION ( 'NONE',  ( 1.000000000000000000, 0.000000000000000000, 0.000000000000000000 ) ) ;
#5814 = COORDINATED_UNIVERSAL_TIME_OFFSET ( 8, 0, .AHEAD. ) ;
#5815 = DIRECTION ( 'NONE',  ( -0.000000000000000000, -0.000000000000000000, -1.000000000000000000 ) ) ;
#5816 = CARTESIAN_POINT ( 'NONE',  ( 0.8249999999999999556, -0.3200000000000000067, 0.6199999999999999956 ) ) ;
#5817 = DIRECTION ( 'NONE',  ( -4.448008912757228678E-15, 1.000000000000000000, 0.000000000000000000 ) ) ;
#5818 = CARTESIAN_POINT ( 'NONE',  ( 0.8249999999999999556, 0.6199999999999999956, 0.3200000000000000622 ) ) ;
#5819 = FACE_OUTER_BOUND ( 'NONE', #1326, .T. ) ;
#5820 = ORIENTED_EDGE ( 'NONE', *, *, #6124, .T. ) ;
#5821 = CIRCLE ( 'NONE', #7536, 1.750000000000001554 ) ;
#5822 = VERTEX_POINT ( 'NONE', #2929 ) ;
#5823 = DIRECTION ( 'NONE',  ( -0.000000000000000000, -0.000000000000000000, -1.000000000000000000 ) ) ;
#5824 = DIRECTION ( 'NONE',  ( 0.000000000000000000, -1.000000000000000000, 0.000000000000000000 ) ) ;
#5825 = DIRECTION ( 'NONE',  ( -0.7071067818260033944, 8.659560554523860116E-17, -0.7071067805470917511 ) ) ;
#5826 = EDGE_LOOP ( 'NONE', ( #7827, #5542, #3155, #6990, #7030, #745, #4351, #156, #4397, #200, #5258, #6495, #4207, #6624, #6652, #2983, #4343, #4163, #4820, #815, #4156, #366, #2038, #1313, #7589, #3245, #37, #2462, #2674, #6077, #5921, #4348, #674, #2180, #8054, #4388, #643, #3314, #1696, #5243, #614, #8111, #4578, #4417, #1435, #6752, #4427, #1801, #6732, #5105, #3394, #5194, #5759, #8098, #6118, #5956, #2380, #4047, #1191, #1324, #3955, #7973, #6409, #4948 ) ) ;
#5827 = DIRECTION ( 'NONE',  ( 0.000000000000000000, 0.000000000000000000, 1.000000000000000000 ) ) ;
#5828 = CARTESIAN_POINT ( 'NONE',  ( -33.24999999999803890, 9.149999999996879296, 0.000000000000000000 ) ) ;
#5829 = DIRECTION ( 'NONE',  ( 0.8660254037844380415, 0.000000000000000000, 0.5000000000000009992 ) ) ;
#5830 = VECTOR ( 'NONE', #3360, 1000.000000000000000 ) ;
#5831 = EDGE_CURVE ( 'NONE', #6456, #4309, #4125, .T. ) ;
#5832 = APPROVAL ( #2597, '未指定' ) ;
#5833 = ORIENTED_EDGE ( 'NONE', *, *, #1005, .F. ) ;
#5834 = DIRECTION ( 'NONE',  ( 1.000000000000000000, 4.448008912757228678E-15, -0.000000000000000000 ) ) ;
#5835 = ORIENTED_EDGE ( 'NONE', *, *, #3886, .F. ) ;
#5836 = ADVANCED_FACE ( 'NONE', ( #3063 ), #398, .F. ) ;
#5837 = VERTEX_POINT ( 'NONE', #3685 ) ;
#5838 = VECTOR ( 'NONE', #4413, 1000.000000000000000 ) ;
#5839 = FACE_OUTER_BOUND ( 'NONE', #2021, .T. ) ;
#5840 = EDGE_LOOP ( 'NONE', ( #5056, #5995, #577, #7939 ) ) ;
#5841 = ORIENTED_EDGE ( 'NONE', *, *, #826, .F. ) ;
#5842 = ORIENTED_EDGE ( 'NONE', *, *, #4364, .T. ) ;
#5843 = EDGE_CURVE ( 'NONE', #1354, #4176, #6257, .T. ) ;
#5844 = DIRECTION ( 'NONE',  ( -1.000000000000000000, 0.000000000000000000, 0.000000000000000000 ) ) ;
#5845 = APPROVAL_STATUS ( 'not_yet_approved' ) ;
#5846 = CARTESIAN_POINT ( 'NONE',  ( -4.876602963038922416E-15, 1.399999999996736744, 130.0000000000000000 ) ) ;
#5847 = DIRECTION ( 'NONE',  ( -1.000000000000000000, 0.000000000000000000, 0.000000000000000000 ) ) ;
#5848 = CARTESIAN_POINT ( 'NONE',  ( -38.50000000000005684, 21.99999999998234301, 0.000000000000000000 ) ) ;
#5849 = EDGE_CURVE ( 'NONE', #3027, #1101, #5323, .T. ) ;
#5850 = CARTESIAN_POINT ( 'NONE',  ( 33.24999999999619149, 9.399999999997749711, 130.0000000000000000 ) ) ;
#5851 = AXIS2_PLACEMENT_3D ( 'NONE', #990, #221, #4032 ) ;
#5852 = LINE ( 'NONE', #1454, #5382 ) ;
#5853 = ORIENTED_EDGE ( 'NONE', *, *, #7072, .F. ) ;
#5854 = VERTEX_POINT ( 'NONE', #7986 ) ;
#5855 = EDGE_CURVE ( 'NONE', #4127, #133, #2895, .T. ) ;
#5856 = ADVANCED_FACE ( 'NONE', ( #4791 ), #8113, .F. ) ;
#5857 = AXIS2_PLACEMENT_3D ( 'NONE', #2759, #4725, #773 ) ;
#5858 = DIRECTION ( 'NONE',  ( 0.000000000000000000, -1.000000000000000000, 0.000000000000000000 ) ) ;
#5859 = DIRECTION ( 'NONE',  ( 0.000000000000000000, -2.541098841762900031E-16, 1.000000000000000000 ) ) ;
#5860 = CARTESIAN_POINT ( 'NONE',  ( 0.000000000000000000, 0.3200000000000000067, -1.600000000000000089 ) ) ;
#5861 = ORIENTED_EDGE ( 'NONE', *, *, #5782, .T. ) ;
#5862 = LINE ( 'NONE', #5903, #7713 ) ;
#5863 = DIRECTION ( 'NONE',  ( 4.818676322150009148E-15, -1.000000000000000000, 0.000000000000000000 ) ) ;
#5864 = VECTOR ( 'NONE', #1280, 1000.000000000000000 ) ;
#5865 = DIRECTION ( 'NONE',  ( -0.000000000000000000, 0.000000000000000000, -1.000000000000000000 ) ) ;
#5866 = CIRCLE ( 'NONE', #337, 0.2500000000002500222 ) ;
#5867 = VERTEX_POINT ( 'NONE', #6079 ) ;
#5868 = CARTESIAN_POINT ( 'NONE',  ( -8.067620645608280206E-14, 17.43999999997743089, 0.000000000000000000 ) ) ;
#5869 = ADVANCED_FACE ( 'NONE', ( #2327 ), #4838, .T. ) ;
#5870 = VECTOR ( 'NONE', #5905, 1000.000000000000000 ) ;
#5871 = LINE ( 'NONE', #5284, #2054 ) ;
#5872 = ORIENTED_EDGE ( 'NONE', *, *, #5199, .T. ) ;
#5873 = ORIENTED_EDGE ( 'NONE', *, *, #7274, .F. ) ;
#5874 = DIRECTION ( 'NONE',  ( -1.000000000000000000, -3.491130995404636548E-15, 0.000000000000000000 ) ) ;
#5875 = EDGE_LOOP ( 'NONE', ( #5915, #5835, #6209, #2445 ) ) ;
#5876 = EDGE_CURVE ( 'NONE', #5744, #124, #7369, .T. ) ;
#5877 = CC_DESIGN_PERSON_AND_ORGANIZATION_ASSIGNMENT ( #2183, #5934, ( #7760 ) ) ;
#5878 = EDGE_LOOP ( 'NONE', ( #5123, #5552, #4200, #3625 ) ) ;
#5879 = ORIENTED_EDGE ( 'NONE', *, *, #2317, .T. ) ;
#5880 = CARTESIAN_POINT ( 'NONE',  ( -37.00000000000176215, 17.43999999997734562, 130.0000000000000000 ) ) ;
#5881 = COORDINATED_UNIVERSAL_TIME_OFFSET ( 8, 0, .AHEAD. ) ;
#5882 = DIRECTION ( 'NONE',  ( -0.000000000000000000, 0.000000000000000000, 1.000000000000000000 ) ) ;
#5883 = VECTOR ( 'NONE', #2426, 1000.000000000000000 ) ;
#5884 = CARTESIAN_POINT ( 'NONE',  ( 36.99999999999980815, 32.43999999999594053, 130.0000000000000000 ) ) ;
#5885 = CARTESIAN_POINT ( 'NONE',  ( -48.49999999999975842, -2.403831102421444416E-13, 130.0000000000000000 ) ) ;
#5886 = VECTOR ( 'NONE', #642, 1000.000000000000000 ) ;
#5887 = AXIS2_PLACEMENT_3D ( 'NONE', #7447, #1788, #4292 ) ;
#5888 = DIRECTION ( 'NONE',  ( 4.818676322150006782E-15, -1.000000000000000000, 0.000000000000000000 ) ) ;
#5889 = LINE ( 'NONE', #177, #6587 ) ;
#5890 = ORIENTED_EDGE ( 'NONE', *, *, #563, .T. ) ;
#5891 = ORIENTED_EDGE ( 'NONE', *, *, #6706, .F. ) ;
#5892 = PLANE ( 'NONE',  #5857 ) ;
#5893 = AXIS2_PLACEMENT_3D ( 'NONE', #6849, #1202, #7386 ) ;
#5894 = VECTOR ( 'NONE', #6375, 999.9999999999998863 ) ;
#5895 = ADVANCED_FACE ( 'NONE', ( #6745 ), #1094, .F. ) ;
#5896 = DIRECTION ( 'NONE',  ( -0.000000000000000000, -0.000000000000000000, -1.000000000000000000 ) ) ;
#5897 = DIRECTION ( 'NONE',  ( -1.000000000000000000, -3.469446951953598806E-15, 0.000000000000000000 ) ) ;
#5898 = CARTESIAN_POINT ( 'NONE',  ( 38.49999999999809575, 30.99999999999361222, 130.0000000000000000 ) ) ;
#5899 = FACE_OUTER_BOUND ( 'NONE', #690, .T. ) ;
#5900 = VECTOR ( 'NONE', #151, 1000.000000000000000 ) ;
#5901 = ADVANCED_FACE ( 'NONE', ( #574 ), #7849, .F. ) ;
#5902 = PRODUCT_DEFINITION_FORMATION_WITH_SPECIFIED_SOURCE ( '任何', '', #7565, .NOT_KNOWN. ) ;
#5903 = CARTESIAN_POINT ( 'NONE',  ( -18.94999999999891216, 18.94999999999884466, 130.0000000000000000 ) ) ;
#5904 = LINE ( 'NONE', #6569, #16 ) ;
#5905 = DIRECTION ( 'NONE',  ( 4.818676322150006782E-15, -1.000000000000000000, 0.000000000000000000 ) ) ;
#5906 = VECTOR ( 'NONE', #8133, 1000.000000000000000 ) ;
#5907 = EDGE_LOOP ( 'NONE', ( #7412, #1790, #4308, #3765 ) ) ;
#5908 = FACE_OUTER_BOUND ( 'NONE', #1521, .T. ) ;
#5909 = CARTESIAN_POINT ( 'NONE',  ( -34.99999999999739231, 0.000000000000000000, 0.000000000000000000 ) ) ;
#5910 = ADVANCED_FACE ( 'NONE', ( #531 ), #3022, .F. ) ;
#5911 = AXIS2_PLACEMENT_3D ( 'NONE', #3770, #2772, #226 ) ;
#5912 = CARTESIAN_POINT ( 'NONE',  ( 0.8249999999999999556, -0.3200000000000000067, -0.3200000000000000067 ) ) ;
#5913 = APPROVAL ( #2975, 'UNKNOWN' ) ;
#5914 = ORIENTED_EDGE ( 'NONE', *, *, #4, .T. ) ;
#5915 = ORIENTED_EDGE ( 'NONE', *, *, #4787, .T. ) ;
#5916 = DIRECTION ( 'NONE',  ( 0.000000000000000000, 0.000000000000000000, 1.000000000000000000 ) ) ;
#5917 = CIRCLE ( 'NONE', #1845, 0.3000000000000000444 ) ;
#5918 = ORIENTED_EDGE ( 'NONE', *, *, #7730, .F. ) ;
#5919 = AXIS2_PLACEMENT_3D ( 'NONE', #5795, #7115, #2726 ) ;
#5920 = ORIENTED_EDGE ( 'NONE', *, *, #5976, .T. ) ;
#5921 = ORIENTED_EDGE ( 'NONE', *, *, #3133, .F. ) ;
#5922 = EDGE_CURVE ( 'NONE', #1348, #7195, #1269, .T. ) ;
#5923 = CARTESIAN_POINT ( 'NONE',  ( 38.49999999999813838, 18.99999999997894662, 130.0000000000000000 ) ) ;
#5924 = EDGE_CURVE ( 'NONE', #1219, #930, #710, .T. ) ;
#5925 = APPROVAL_DATE_TIME ( #280, #6524 ) ;
#5926 = CARTESIAN_POINT ( 'NONE',  ( -38.50000000000003553, 15.99999999997501021, 130.0000000000000000 ) ) ;
#5927 = LINE ( 'NONE', #138, #7401 ) ;
#5928 = CARTESIAN_POINT ( 'NONE',  ( 0.8249999999999989564, 0.3200000000000000067, 1.123686027918558095 ) ) ;
#5929 = DIRECTION ( 'NONE',  ( -4.448008912757228678E-15, 1.000000000000000000, 0.000000000000000000 ) ) ;
#5930 = VECTOR ( 'NONE', #4965, 1000.000000000000000 ) ;
#5931 = ORIENTED_EDGE ( 'NONE', *, *, #6321, .T. ) ;
#5932 = ORIENTED_EDGE ( 'NONE', *, *, #1619, .T. ) ;
#5933 = DIRECTION ( 'NONE',  ( -4.625929269276788045E-15, 1.000000000000000000, 0.000000000000000000 ) ) ;
#5934 = PERSON_AND_ORGANIZATION_ROLE ( 'classification_officer' ) ;
#5935 = DIRECTION ( 'NONE',  ( -1.000000000000000000, -3.469446951949374456E-15, 0.000000000000000000 ) ) ;
#5936 = CARTESIAN_POINT ( 'NONE',  ( 36.75000000000191847, 36.99999999999725731, 0.000000000000000000 ) ) ;
#5937 = LINE ( 'NONE', #2942, #1542 ) ;
#5938 = LINE ( 'NONE', #5386, #2807 ) ;
#5939 = DIRECTION ( 'NONE',  ( -0.000000000000000000, 0.000000000000000000, 1.000000000000000000 ) ) ;
#5940 = AXIS2_PLACEMENT_3D ( 'NONE', #32, #1973, #5716 ) ;
#5941 = EDGE_CURVE ( 'NONE', #851, #520, #4332, .T. ) ;
#5942 = DIRECTION ( 'NONE',  ( 1.000000000000000000, 0.000000000000000000, 0.000000000000000000 ) ) ;
#5943 = EDGE_CURVE ( 'NONE', #1870, #1471, #1929, .T. ) ;
#5944 = LINE ( 'NONE', #7927, #3719 ) ;
#5945 = VECTOR ( 'NONE', #3253, 1000.000000000000000 ) ;
#5946 = CARTESIAN_POINT ( 'NONE',  ( -32.99999999999817391, 9.399999999997517008, 0.000000000000000000 ) ) ;
#5947 = CARTESIAN_POINT ( 'NONE',  ( 34.99999999999875655, 9.149999999997218580, 130.0000000000000000 ) ) ;
#5948 = VECTOR ( 'NONE', #2425, 1000.000000000000000 ) ;
#5949 = ADVANCED_FACE ( 'NONE', ( #125 ), #6429, .F. ) ;
#5950 = CARTESIAN_POINT ( 'NONE',  ( -38.49999999999992895, -1.855190384027753491E-13, 130.0000000000000000 ) ) ;
#5951 = EDGE_LOOP ( 'NONE', ( #4795, #5364, #7989, #4126 ) ) ;
#5952 = ORIENTED_EDGE ( 'NONE', *, *, #3722, .T. ) ;
#5953 = ADVANCED_FACE ( 'NONE', ( #5899 ), #4389, .T. ) ;
#5954 = FACE_OUTER_BOUND ( 'NONE', #479, .T. ) ;
#5955 = EDGE_CURVE ( 'NONE', #1923, #6334, #38, .T. ) ;
#5956 = ORIENTED_EDGE ( 'NONE', *, *, #2603, .F. ) ;
#5957 = ORIENTED_EDGE ( 'NONE', *, *, #3019, .T. ) ;
#5958 = ORIENTED_EDGE ( 'NONE', *, *, #1507, .T. ) ;
#5959 = DIRECTION ( 'NONE',  ( -0.000000000000000000, -0.000000000000000000, -1.000000000000000000 ) ) ;
#5960 = DATE_AND_TIME ( #2251, #1805 ) ;
#5961 = DIRECTION ( 'NONE',  ( 0.000000000000000000, 0.000000000000000000, 1.000000000000000000 ) ) ;
#5962 = CARTESIAN_POINT ( 'NONE',  ( -32.56418350556644015, 2.437151880638006585, 130.0000000000000000 ) ) ;
#5963 = CIRCLE ( 'NONE', #1752, 0.7096046754429055081 ) ;
#5964 = ADVANCED_FACE ( 'NONE', ( #6250 ), #2632, .F. ) ;
#5965 = CARTESIAN_POINT ( 'NONE',  ( 38.49999999999818101, 6.999999999964280128, 130.0000000000000000 ) ) ;
#5966 = CARTESIAN_POINT ( 'NONE',  ( 1.084202172485499997E-16, 2.600000000000000533, -1.600000000000000089 ) ) ;
#5967 = PRODUCT_DEFINITION ( '未知', '', #4706, #6904 ) ;
#5968 = ORIENTED_EDGE ( 'NONE', *, *, #3640, .F. ) ;
#5969 = VERTEX_POINT ( 'NONE', #6878 ) ;
#5970 = PERSON ( 'NAUO-PER3', 'UNSPECIFIED', 'UNSPECIFIED', ('UNSPECIFIED'), ('UNSPECIFIED'), ('UNSPECIFIED') ) ;
#5971 = CARTESIAN_POINT ( 'NONE',  ( -9.455399426393012592E-14, 20.43999999998109729, 130.0000000000000000 ) ) ;
#5972 = CALENDAR_DATE ( 2020, 16, 10 ) ;
#5973 = DIRECTION ( 'NONE',  ( -1.000000000000000000, 0.000000000000000000, 0.000000000000000000 ) ) ;
#5974 = CARTESIAN_POINT ( 'NONE',  ( 9.938519914450421156E-17, 1.600000000000000089, 0.3200000000000001177 ) ) ;
#5975 = LINE ( 'NONE', #4730, #5348 ) ;
#5976 = EDGE_CURVE ( 'NONE', #7499, #7934, #4522, .T. ) ;
#5977 = DIRECTION ( 'NONE',  ( 1.000000000000000000, 0.000000000000000000, 0.000000000000000000 ) ) ;
#5978 = DIRECTION ( 'NONE',  ( -1.000000000000000000, 0.000000000000000000, 0.000000000000000000 ) ) ;
#5979 = FACE_OUTER_BOUND ( 'NONE', #2588, .T. ) ;
#5980 = ORIENTED_EDGE ( 'NONE', *, *, #4821, .T. ) ;
#5981 = DIRECTION ( 'NONE',  ( -0.000000000000000000, -0.000000000000000000, 1.000000000000000000 ) ) ;
#5982 = VECTOR ( 'NONE', #6844, 1000.000000000000000 ) ;
#5983 = DIRECTION ( 'NONE',  ( -0.000000000000000000, -0.000000000000000000, -1.000000000000000000 ) ) ;
#5984 = CARTESIAN_POINT ( 'NONE',  ( 35.00000000000000711, 36.99999999999560885, 130.0000000000000000 ) ) ;
#5985 = DIRECTION ( 'NONE',  ( 6.938893903931152162E-15, -1.000000000000000000, 0.000000000000000000 ) ) ;
#5986 = ORIENTED_EDGE ( 'NONE', *, *, #4656, .F. ) ;
#5987 = ORIENTED_EDGE ( 'NONE', *, *, #3541, .T. ) ;
#5988 = EDGE_CURVE ( 'NONE', #1341, #6809, #665, .T. ) ;
#5989 = DIRECTION ( 'NONE',  ( 0.000000000000000000, 1.000000000000000000, -0.000000000000000000 ) ) ;
#5990 = VECTOR ( 'NONE', #779, 1000.000000000000000 ) ;
#5991 = ORIENTED_EDGE ( 'NONE', *, *, #2045, .T. ) ;
#5992 = EDGE_CURVE ( 'NONE', #1950, #676, #5012, .T. ) ;
#5993 = EDGE_CURVE ( 'NONE', #520, #1062, #1362, .T. ) ;
#5994 = ORIENTED_EDGE ( 'NONE', *, *, #3428, .F. ) ;
#5995 = ORIENTED_EDGE ( 'NONE', *, *, #3896, .T. ) ;
#5996 = CARTESIAN_POINT ( 'NONE',  ( 34.99999999999875655, 7.149999999999887557, 0.000000000000000000 ) ) ;
#5997 = SECURITY_CLASSIFICATION_LEVEL ( 'unclassified' ) ;
#5998 = CARTESIAN_POINT ( 'NONE',  ( -36.25000000000179057, 36.99999999999535305, 0.000000000000000000 ) ) ;
#5999 = ORIENTED_EDGE ( 'NONE', *, *, #1739, .F. ) ;
#6000 = DIRECTION ( 'NONE',  ( 1.000000000000000000, 3.469446951957591626E-15, 0.000000000000000000 ) ) ;
#6001 = DIRECTION ( 'NONE',  ( 1.000000000000000000, 4.448008912757228678E-15, -0.000000000000000000 ) ) ;
#6002 = EDGE_CURVE ( 'NONE', #6621, #7499, #3198, .T. ) ;
#6003 = EDGE_LOOP ( 'NONE', ( #3736, #2254, #3590, #4023 ) ) ;
#6004 = EDGE_LOOP ( 'NONE', ( #2367, #5952, #2885, #1497 ) ) ;
#6005 = CYLINDRICAL_SURFACE ( 'NONE', #980, 0.3000000000000000444 ) ;
#6006 = AXIS2_PLACEMENT_3D ( 'NONE', #7337, #3991, #4728 ) ;
#6007 = COORDINATED_UNIVERSAL_TIME_OFFSET ( 8, 0, .AHEAD. ) ;
#6009 = ADVANCED_FACE ( 'NONE', ( #5679 ), #6300, .F. ) ;
#6008 = VECTOR ( 'NONE', #6859, 1000.000000000000000 ) ;
#6010 = CARTESIAN_POINT ( 'NONE',  ( 34.74999999999980105, 10.39999999999720259, 0.000000000000000000 ) ) ;
#6011 = DIRECTION ( 'NONE',  ( 1.000000000000000000, 4.818676322150006782E-15, -0.000000000000000000 ) ) ;
#6012 = DIRECTION ( 'NONE',  ( 1.000000000000000000, 4.625929269276788834E-15, 0.000000000000000000 ) ) ;
#6013 = DIRECTION ( 'NONE',  ( 1.000000000000000000, 0.000000000000000000, 0.000000000000000000 ) ) ;
#6014 = DIRECTION ( 'NONE',  ( -0.000000000000000000, -0.000000000000000000, -1.000000000000000000 ) ) ;
#6015 = VECTOR ( 'NONE', #3328, 1000.000000000000000 ) ;
#6016 = VECTOR ( 'NONE', #7537, 1000.000000000000000 ) ;
#6017 = CARTESIAN_POINT ( 'NONE',  ( -45.49999999999972999, -8.600000000003422684, 112.9999999999999574 ) ) ;
#6018 = CARTESIAN_POINT ( 'NONE',  ( -48.49999999999975842, -2.403831102421444416E-13, 130.0000000000000000 ) ) ;
#6019 = DIRECTION ( 'NONE',  ( 4.818676322150006782E-15, -1.000000000000000000, 0.000000000000000000 ) ) ;
#6020 = FACE_OUTER_BOUND ( 'NONE', #6372, .T. ) ;
#6021 = VECTOR ( 'NONE', #3577, 1000.000000000000000 ) ;
#6022 = AXIS2_PLACEMENT_3D ( 'NONE', #1833, #1259, #4377 ) ;
#6023 = DIRECTION ( 'NONE',  ( 1.000000000000000000, 3.469446951950914312E-15, -0.000000000000000000 ) ) ;
#6024 = LINE ( 'NONE', #3495, #3396 ) ;
#6025 = DIRECTION ( 'NONE',  ( 1.000000000000000000, 3.469446951957591626E-15, 0.000000000000000000 ) ) ;
#6026 = ORIENTED_EDGE ( 'NONE', *, *, #7707, .F. ) ;
#6027 = CIRCLE ( 'NONE', #3650, 2.599999999063129508 ) ;
#6028 = AXIS2_PLACEMENT_3D ( 'NONE', #6736, #3583, #5575 ) ;
#6029 = ORIENTED_EDGE ( 'NONE', *, *, #1874, .T. ) ;
#6030 = CARTESIAN_POINT ( 'NONE',  ( 5.421010862427511077E-17, -0.3199999999999999512, -0.6199999999999999956 ) ) ;
#6031 = CARTESIAN_POINT ( 'NONE',  ( 38.50000000000086686, 3.999999999962700059, 2.000000000000000000 ) ) ;
#6032 = VERTEX_POINT ( 'NONE', #2589 ) ;
#6033 = CIRCLE ( 'NONE', #6037, 0.2500000000006386003 ) ;
#6034 = VERTEX_POINT ( 'NONE', #1230 ) ;
#6035 = ORIENTED_EDGE ( 'NONE', *, *, #3446, .T. ) ;
#6036 = CARTESIAN_POINT ( 'NONE',  ( 0.000000000000000000, -0.6199999999999999956, 0.6199999999999999956 ) ) ;
#6037 = AXIS2_PLACEMENT_3D ( 'NONE', #3578, #427, #1124 ) ;
#6038 = COORDINATED_UNIVERSAL_TIME_OFFSET ( 8, 0, .AHEAD. ) ;
#6039 = EDGE_CURVE ( 'NONE', #2962, #3843, #5375, .T. ) ;
#6040 = PLANE ( 'NONE',  #7792 ) ;
#6041 = EDGE_CURVE ( 'NONE', #4812, #5403, #5917, .T. ) ;
#6042 = ORIENTED_EDGE ( 'NONE', *, *, #3287, .T. ) ;
#6043 = CIRCLE ( 'NONE', #4597, 0.4999999999992857380 ) ;
#6044 = CARTESIAN_POINT ( 'NONE',  ( 34.56124638287695205, 4.874999999990373034, 130.0000000000000000 ) ) ;
#6045 = EDGE_CURVE ( 'NONE', #3861, #2097, #5769, .T. ) ;
#6046 = ORIENTED_EDGE ( 'NONE', *, *, #4835, .F. ) ;
#6047 = ORIENTED_EDGE ( 'NONE', *, *, #483, .F. ) ;
#6048 = DIRECTION ( 'NONE',  ( -0.000000000000000000, -0.000000000000000000, -1.000000000000000000 ) ) ;
#6049 = APPLICATION_PROTOCOL_DEFINITION ( 'international standard', 'config_control_design', 1994, #3879 ) ;
#6050 = AXIS2_PLACEMENT_3D ( 'NONE', #6805, #6227, #6895 ) ;
#6051 = LINE ( 'NONE', #6602, #2193 ) ;
#6052 = LINE ( 'NONE', #4894, #2207 ) ;
#6053 = CARTESIAN_POINT ( 'NONE',  ( 38.49999999999822364, 1.855190384027667158E-13, 130.0000000000000000 ) ) ;
#6054 = MANIFOLD_SOLID_BREP ( '切除-拉伸1', #6549 ) ;
#6055 = VECTOR ( 'NONE', #7206, 1000.000000000000000 ) ;
#6056 = DIRECTION ( 'NONE',  ( 1.000000000000000000, 4.448008912757228678E-15, -0.000000000000000000 ) ) ;
#6057 = DIRECTION ( 'NONE',  ( -0.000000000000000000, -0.000000000000000000, -1.000000000000000000 ) ) ;
#6058 = DIRECTION ( 'NONE',  ( -0.000000000000000000, -0.000000000000000000, 1.000000000000000000 ) ) ;
#6059 = CARTESIAN_POINT ( 'NONE',  ( 36.49999999999828759, 37.99999999999683098, 130.0000000000000000 ) ) ;
#6060 = DIRECTION ( 'NONE',  ( -4.448008912757228678E-15, 1.000000000000000000, 0.000000000000000000 ) ) ;
#6061 = CARTESIAN_POINT ( 'NONE',  ( 34.99999999999836575, 2.999999999997227107, 0.000000000000000000 ) ) ;
#6062 = EDGE_CURVE ( 'NONE', #1893, #523, #2106, .T. ) ;
#6063 = AXIS2_PLACEMENT_3D ( 'NONE', #7928, #8056, #2436 ) ;
#6064 = DIRECTION ( 'NONE',  ( 1.000000000000000000, 0.000000000000000000, -0.000000000000000000 ) ) ;
#6065 = DESIGN_CONTEXT ( 'detailed design', #7409, 'design' ) ;
#6066 = CARTESIAN_POINT ( 'NONE',  ( 36.99999999999992184, 1.645763297720170359E-13, 0.000000000000000000 ) ) ;
#6067 = EDGE_CURVE ( 'NONE', #6157, #4132, #2050, .T. ) ;
#6068 = DIRECTION ( 'NONE',  ( 1.000000000000000000, 0.000000000000000000, -0.000000000000000000 ) ) ;
#6069 = ORIENTED_EDGE ( 'NONE', *, *, #7607, .F. ) ;
#6070 = CC_DESIGN_DATE_AND_TIME_ASSIGNMENT ( #1198, #6980, ( #4175 ) ) ;
#6071 = AXIS2_PLACEMENT_3D ( 'NONE', #4360, #7560, #1901 ) ;
#6072 = ORIENTED_EDGE ( 'NONE', *, *, #6424, .T. ) ;
#6073 = CARTESIAN_POINT ( 'NONE',  ( 0.000000000000000000, 0.000000000000000000, 0.000000000000000000 ) ) ;
#6074 = CARTESIAN_POINT ( 'NONE',  ( -32.99999999999817391, 0.000000000000000000, 130.0000000000000000 ) ) ;
#6075 = VERTEX_POINT ( 'NONE', #26 ) ;
#6076 = ORIENTED_EDGE ( 'NONE', *, *, #3472, .T. ) ;
#6077 = ORIENTED_EDGE ( 'NONE', *, *, #1675, .T. ) ;
#6078 = ORIENTED_EDGE ( 'NONE', *, *, #4165, .F. ) ;
#6079 = CARTESIAN_POINT ( 'NONE',  ( -38.50000000000001421, 9.999999999967679187, 130.0000000000000000 ) ) ;
#6080 = ITEM_DEFINED_TRANSFORMATION ( 'NONE', 'NONE', #654,  #8005 ) ;
#6081 = DIRECTION ( 'NONE',  ( -1.000000000000000000, -4.625929269276810133E-15, 0.000000000000000000 ) ) ;
#6082 = VERTEX_POINT ( 'NONE', #4470 ) ;
#6083 = DIRECTION ( 'NONE',  ( -3.483287830750206171E-15, 1.000000000000000000, -0.000000000000000000 ) ) ;
#6084 = VERTEX_POINT ( 'NONE', #6381 ) ;
#6085 = ORIENTED_EDGE ( 'NONE', *, *, #7311, .F. ) ;
#6086 = ORIENTED_EDGE ( 'NONE', *, *, #822, .F. ) ;
#6087 = LINE ( 'NONE', #3031, #6645 ) ;
#6088 = APPROVAL_DATE_TIME ( #2938, #7053 ) ;
#6089 = LINE ( 'NONE', #449, #4682 ) ;
#6090 = DIRECTION ( 'NONE',  ( -1.156482317317870344E-15, -4.037431263625797130E-30, -1.000000000000000000 ) ) ;
#6091 = DIRECTION ( 'NONE',  ( 1.000000000000000000, 0.000000000000000000, 0.000000000000000000 ) ) ;
#6092 = EDGE_CURVE ( 'NONE', #7864, #6499, #6464, .T. ) ;
#6093 = AXIS2_PLACEMENT_3D ( 'NONE', #1575, #7816, #5428 ) ;
#6094 = PLANE ( 'NONE',  #975 ) ;
#6095 = CARTESIAN_POINT ( 'NONE',  ( 0.8249999999999999556, 0.3200000000000000067, -0.6200000000000001066 ) ) ;
#6096 = EDGE_CURVE ( 'NONE', #5206, #1791, #672, .T. ) ;
#6097 = DIRECTION ( 'NONE',  ( -0.000000000000000000, -0.000000000000000000, -1.000000000000000000 ) ) ;
#6098 = AXIS2_PLACEMENT_3D ( 'NONE', #4935, #6851, #4273 ) ;
#6099 = PRODUCT_DEFINITION_SHAPE ( 'NONE', 'NONE',  #8164 ) ;
#6100 = LINE ( 'NONE', #6680, #2803 ) ;
#6101 = CARTESIAN_POINT ( 'NONE',  ( -24.64999999999984226, 24.64999999999975344, 130.0000000000000000 ) ) ;
#6102 = DIRECTION ( 'NONE',  ( 1.000000000000000000, 0.000000000000000000, 0.000000000000000000 ) ) ;
#6103 = ORIENTED_EDGE ( 'NONE', *, *, #569, .T. ) ;
#6104 = CARTESIAN_POINT ( 'NONE',  ( -37.00000000000172662, 8.439999999966346422, 130.0000000000000000 ) ) ;
#6105 = PLANE ( 'NONE',  #3807 ) ;
#6106 = VECTOR ( 'NONE', #4058, 1000.000000000000000 ) ;
#6107 = CARTESIAN_POINT ( 'NONE',  ( -37.00000000000179767, 27.99999999998968292, 0.000000000000000000 ) ) ;
#6108 = ORIENTED_EDGE ( 'NONE', *, *, #5976, .F. ) ;
#6109 = ORIENTED_EDGE ( 'NONE', *, *, #5849, .F. ) ;
#6110 = CARTESIAN_POINT ( 'NONE',  ( -108.9501443123156292, 25.73639505401654759, 168.3335910718210187 ) ) ;
#6111 = DIRECTION ( 'NONE',  ( -0.000000000000000000, -0.000000000000000000, -1.000000000000000000 ) ) ;
#6112 = ADVANCED_FACE ( 'NONE', ( #1781 ), #3669, .T. ) ;
#6113 = DIRECTION ( 'NONE',  ( -1.000000000000000000, 0.000000000000000000, 0.000000000000000000 ) ) ;
#6114 = VECTOR ( 'NONE', #6339, 1000.000000000000000 ) ;
#6115 = ORIENTED_EDGE ( 'NONE', *, *, #4731, .T. ) ;
#6116 = ORIENTED_EDGE ( 'NONE', *, *, #2285, .T. ) ;
#6117 = VECTOR ( 'NONE', #2856, 1000.000000000000000 ) ;
#6118 = ORIENTED_EDGE ( 'NONE', *, *, #8153, .F. ) ;
#6119 = ORIENTED_EDGE ( 'NONE', *, *, #5221, .F. ) ;
#6120 = FACE_OUTER_BOUND ( 'NONE', #4247, .T. ) ;
#6121 = VECTOR ( 'NONE', #2047, 1000.000000000000000 ) ;
#6122 = PERSON_AND_ORGANIZATION_ROLE ( 'classification_officer' ) ;
#6123 = CARTESIAN_POINT ( 'NONE',  ( -43.49999999999972289, -8.600000000003415579, 106.9999999999999574 ) ) ;
#6124 = EDGE_CURVE ( 'NONE', #2221, #8036, #1830, .T. ) ;
#6125 = ORIENTED_EDGE ( 'NONE', *, *, #3418, .T. ) ;
#6126 = AXIS2_PLACEMENT_3D ( 'NONE', #5204, #7186, #6571 ) ;
#6127 = DIRECTION ( 'NONE',  ( 0.000000000000000000, 0.000000000000000000, 1.000000000000000000 ) ) ;
#6128 = ORIENTED_EDGE ( 'NONE', *, *, #968, .T. ) ;
#6129 = ORIENTED_EDGE ( 'NONE', *, *, #5106, .F. ) ;
#6130 = VERTEX_POINT ( 'NONE', #2574 ) ;
#6131 = FACE_BOUND ( 'NONE', #5212, .T. ) ;
#6132 = PERSON_AND_ORGANIZATION ( #7757, #5787 ) ;
#6133 = LINE ( 'NONE', #1153, #4219 ) ;
#6134 = DIRECTION ( 'NONE',  ( -1.000000000000000000, -4.625929269276788045E-15, 0.000000000000000000 ) ) ;
#6135 = DIRECTION ( 'NONE',  ( 0.000000000000000000, 1.000000000000000000, 2.541098841762900031E-16 ) ) ;
#6136 = CARTESIAN_POINT ( 'NONE',  ( -1.295260195397031344E-13, 27.99999999998985345, 0.000000000000000000 ) ) ;
#6137 = CARTESIAN_POINT ( 'NONE',  ( 4.515812910881320086, 0.000000000000000000, 0.000000000000000000 ) ) ;
#6138 = LINE ( 'NONE', #7889, #7904 ) ;
#6139 = VECTOR ( 'NONE', #6560, 1000.000000000000000 ) ;
#6140 = CARTESIAN_POINT ( 'NONE',  ( -37.00000000000180478, 29.43999999999201123, 130.0000000000000000 ) ) ;
#6141 = CC_DESIGN_SECURITY_CLASSIFICATION ( #3630, ( #8161 ) ) ;
#6142 = ORIENTED_EDGE ( 'NONE', *, *, #1729, .T. ) ;
#6143 = DIRECTION ( 'NONE',  ( 0.000000000000000000, 0.000000000000000000, 1.000000000000000000 ) ) ;
#6144 = CARTESIAN_POINT ( 'NONE',  ( 0.000000000000000000, 3.184081677783118684E-16, 2.600000000000000533 ) ) ;
#6145 = CARTESIAN_POINT ( 'NONE',  ( 32.99999999999721467, 6.899999999998694733, 130.0000000000000000 ) ) ;
#6146 = EDGE_CURVE ( 'NONE', #6697, #7236, #7622, .T. ) ;
#6147 = ORIENTED_EDGE ( 'NONE', *, *, #8021, .T. ) ;
#6148 = VECTOR ( 'NONE', #1733, 1000.000000000000000 ) ;
#6149 = AXIS2_PLACEMENT_3D ( 'NONE', #2000, #6994, #3181 ) ;
#6150 = DIRECTION ( 'NONE',  ( -0.000000000000000000, -0.000000000000000000, 1.000000000000000000 ) ) ;
#6151 = CYLINDRICAL_SURFACE ( 'NONE', #6323, 0.4999999999992857380 ) ;
#6152 = DIRECTION ( 'NONE',  ( -0.000000000000000000, 0.000000000000000000, 1.000000000000000000 ) ) ;
#6153 = EDGE_CURVE ( 'NONE', #2757, #767, #6992, .T. ) ;
#6154 = ORIENTED_EDGE ( 'NONE', *, *, #7826, .T. ) ;
#6155 = VECTOR ( 'NONE', #246, 1000.000000000000000 ) ;
#6156 = VECTOR ( 'NONE', #4269, 1000.000000000000000 ) ;
#6157 = VERTEX_POINT ( 'NONE', #6193 ) ;
#6158 = PLANE ( 'NONE',  #7630 ) ;
#6159 = DIRECTION ( 'NONE',  ( -1.000000000000000000, -4.625929269276788045E-15, 0.000000000000000000 ) ) ;
#6160 = ORIENTED_EDGE ( 'NONE', *, *, #1268, .F. ) ;
#6161 = APPROVAL_PERSON_ORGANIZATION ( #5331, #1184, #4840 ) ;
#6162 = AXIS2_PLACEMENT_3D ( 'NONE', #7529, #6150, #5434 ) ;
#6163 = APPROVAL_PERSON_ORGANIZATION ( #3857, #2350, #29 ) ;
#6164 = ORIENTED_EDGE ( 'NONE', *, *, #3133, .T. ) ;
#6165 = EDGE_CURVE ( 'NONE', #529, #4782, #557, .T. ) ;
#6166 = ORIENTED_EDGE ( 'NONE', *, *, #6583, .F. ) ;
#6167 = VERTEX_POINT ( 'NONE', #1914 ) ;
#6168 = DIRECTION ( 'NONE',  ( -1.000000000000000000, -4.625929269276788834E-15, 0.000000000000000000 ) ) ;
#6169 = CONTEXT_DEPENDENT_SHAPE_REPRESENTATION ( #3340, #4478 ) ;
#6170 = CARTESIAN_POINT ( 'NONE',  ( -9.455399426393051719E-14, 20.43999999998118255, 130.0000000000000000 ) ) ;
#6171 = EDGE_LOOP ( 'NONE', ( #2894, #2370, #1919, #4680 ) ) ;
#6172 = AXIS2_PLACEMENT_3D ( 'NONE', #323, #6127, #489 ) ;
#6173 = ORIENTED_EDGE ( 'NONE', *, *, #2838, .T. ) ;
#6174 = ORIENTED_EDGE ( 'NONE', *, *, #4069, .F. ) ;
#6175 = ORIENTED_EDGE ( 'NONE', *, *, #2586, .T. ) ;
#6176 = CARTESIAN_POINT ( 'NONE',  ( -1.223095698796251523E-13, 26.43999999998851536, 130.0000000000000000 ) ) ;
#6177 = DATE_TIME_ROLE ( 'creation_date' ) ;
#6178 = CARTESIAN_POINT ( 'NONE',  ( 41.50000000000022027, 1.399999999996881295, 17.00000000000000000 ) ) ;
#6179 = PLANE ( 'NONE',  #5766 ) ;
#6180 = CARTESIAN_POINT ( 'NONE',  ( -32.06620911921270078, 37.51788690797817338, 0.000000000000000000 ) ) ;
#6181 = CARTESIAN_POINT ( 'NONE',  ( -2.928213227440575540E-14, 8.439999999966474320, 0.000000000000000000 ) ) ;
#6182 = AXIS2_PLACEMENT_3D ( 'NONE', #6459, #5939, #2801 ) ;
#6183 = LINE ( 'NONE', #2944, #854 ) ;
#6184 = CARTESIAN_POINT ( 'NONE',  ( 36.99999999999989342, 8.439999999966602218, 0.000000000000000000 ) ) ;
#6185 = DIRECTION ( 'NONE',  ( -0.000000000000000000, -0.000000000000000000, -1.000000000000000000 ) ) ;
#6186 = ORIENTED_EDGE ( 'NONE', *, *, #230, .T. ) ;
#6187 = VECTOR ( 'NONE', #1948, 1000.000000000000000 ) ;
#6188 = LINE ( 'NONE', #1820, #5717 ) ;
#6189 = DIRECTION ( 'NONE',  ( -0.000000000000000000, -0.000000000000000000, -1.000000000000000000 ) ) ;
#6190 = CARTESIAN_POINT ( 'NONE',  ( -34.99999999999536726, 2.999999999997816857, 130.0000000000000000 ) ) ;
#6191 = ORIENTED_EDGE ( 'NONE', *, *, #5173, .T. ) ;
#6192 = DIRECTION ( 'NONE',  ( -4.818676322150006782E-15, 1.000000000000000000, 0.000000000000000000 ) ) ;
#6193 = CARTESIAN_POINT ( 'NONE',  ( -37.00000000000171951, 5.439999999962678245, 130.0000000000000000 ) ) ;
#6194 = CARTESIAN_POINT ( 'NONE',  ( -33.75000000000230216, 36.99999999999535305, 0.000000000000000000 ) ) ;
#6195 = VECTOR ( 'NONE', #7832, 1000.000000000000000 ) ;
#6196 = EDGE_CURVE ( 'NONE', #4992, #7675, #3152, .T. ) ;
#6197 = DIRECTION ( 'NONE',  ( -0.000000000000000000, -0.000000000000000000, -1.000000000000000000 ) ) ;
#6198 = ORIENTED_EDGE ( 'NONE', *, *, #2979, .T. ) ;
#6199 = DIRECTION ( 'NONE',  ( 6.123233995736777129E-17, 6.162975822039154730E-33, 1.000000000000000000 ) ) ;
#6200 = EDGE_LOOP ( 'NONE', ( #7142, #793, #4629, #6264 ) ) ;
#6201 = DIRECTION ( 'NONE',  ( 1.000000000000000000, 0.000000000000000000, 0.000000000000000000 ) ) ;
#6202 = FACE_OUTER_BOUND ( 'NONE', #6004, .T. ) ;
#6203 = EDGE_CURVE ( 'NONE', #1398, #1062, #7117, .T. ) ;
#6204 = VERTEX_POINT ( 'NONE', #3226 ) ;
#6205 = AXIS2_PLACEMENT_3D ( 'NONE', #7362, #607, #4828 ) ;
#6206 = ORIENTED_EDGE ( 'NONE', *, *, #1591, .F. ) ;
#6207 = EDGE_CURVE ( 'NONE', #7825, #6032, #109, .T. ) ;
#6208 = EDGE_CURVE ( 'NONE', #5854, #3465, #3051, .T. ) ;
#6209 = ORIENTED_EDGE ( 'NONE', *, *, #6973, .F. ) ;
#6210 = ORIENTED_EDGE ( 'NONE', *, *, #2774, .F. ) ;
#6211 = CARTESIAN_POINT ( 'NONE',  ( 36.99999999999992184, 1.645763297720170359E-13, 130.0000000000000000 ) ) ;
#6212 = CALENDAR_DATE ( 2020, 16, 10 ) ;
#6213 = CYLINDRICAL_SURFACE ( 'NONE', #1466, 0.2500000000001945111 ) ;
#6214 = VERTEX_POINT ( 'NONE', #5571 ) ;
#6215 = CIRCLE ( 'NONE', #175, 0.2999999999999999889 ) ;
#6216 = VERTEX_POINT ( 'NONE', #1214 ) ;
#6217 = VERTEX_POINT ( 'NONE', #3142 ) ;
#6218 = ORIENTED_EDGE ( 'NONE', *, *, #4993, .T. ) ;
#6219 = DIRECTION ( 'NONE',  ( -1.000000000000000000, 0.000000000000000000, 0.000000000000000000 ) ) ;
#6220 = DATE_AND_TIME ( #3695, #4457 ) ;
#6221 = FACE_OUTER_BOUND ( 'NONE', #1797, .T. ) ;
#6222 = DIRECTION ( 'NONE',  ( -4.448008912757228678E-15, 1.000000000000000000, 0.000000000000000000 ) ) ;
#6223 = CARTESIAN_POINT ( 'NONE',  ( -36.50000000000034106, 37.99999999999835154, 130.0000000000000000 ) ) ;
#6224 = CYLINDRICAL_SURFACE ( 'NONE', #7089, 0.4999999999985502153 ) ;
#6225 = EDGE_CURVE ( 'NONE', #405, #3355, #8144, .T. ) ;
#6226 = CARTESIAN_POINT ( 'NONE',  ( 33.24999999999619149, 10.14999999999689706, 130.0000000000000000 ) ) ;
#6227 = DIRECTION ( 'NONE',  ( 0.000000000000000000, 1.000000000000000000, 0.000000000000000000 ) ) ;
#6228 = FACE_OUTER_BOUND ( 'NONE', #3960, .T. ) ;
#6229 = EDGE_LOOP ( 'NONE', ( #5687, #3546, #1147, #965 ) ) ;
#6230 = VECTOR ( 'NONE', #7190, 1000.000000000000000 ) ;
#6231 = DIRECTION ( 'NONE',  ( 1.000000000000000000, 0.000000000000000000, 0.000000000000000000 ) ) ;
#6232 = CARTESIAN_POINT ( 'NONE',  ( 32.49999999999663913, 2.999999999994894306, 0.000000000000000000 ) ) ;
#6233 = FACE_OUTER_BOUND ( 'NONE', #7452, .T. ) ;
#6234 = ORIENTED_EDGE ( 'NONE', *, *, #687, .F. ) ;
#6235 = DIRECTION ( 'NONE',  ( -0.000000000000000000, 0.000000000000000000, 1.000000000000000000 ) ) ;
#6236 = DIRECTION ( 'NONE',  ( -0.000000000000000000, -0.000000000000000000, -1.000000000000000000 ) ) ;
#6237 = DIRECTION ( 'NONE',  ( 1.000000000000000000, 0.000000000000000000, 0.000000000000000000 ) ) ;
#6238 = LINE ( 'NONE', #3094, #1394 ) ;
#6239 = EDGE_CURVE ( 'NONE', #5101, #7088, #2487, .T. ) ;
#6240 = EDGE_LOOP ( 'NONE', ( #3318, #49, #7085, #251 ) ) ;
#6241 = DIRECTION ( 'NONE',  ( 1.000000000000000000, 4.625929269276788045E-15, 0.000000000000000000 ) ) ;
#6242 = CARTESIAN_POINT ( 'NONE',  ( 38.49999999999819522, 1.399999999996871525, 0.000000000000000000 ) ) ;
#6243 = ORIENTED_EDGE ( 'NONE', *, *, #5661, .F. ) ;
#6244 = CIRCLE ( 'NONE', #5437, 3.000000000000009770 ) ;
#6245 = DIRECTION ( 'NONE',  ( -3.491130995403401191E-15, 1.000000000000000000, 0.000000000000000000 ) ) ;
#6246 = ORIENTED_EDGE ( 'NONE', *, *, #2238, .F. ) ;
#6247 = VERTEX_POINT ( 'NONE', #4373 ) ;
#6248 = ORIENTED_EDGE ( 'NONE', *, *, #6225, .T. ) ;
#6249 = EDGE_CURVE ( 'NONE', #2635, #6426, #1254, .T. ) ;
#6250 = FACE_OUTER_BOUND ( 'NONE', #6917, .T. ) ;
#6251 = VECTOR ( 'NONE', #326, 1000.000000000000000 ) ;
#6252 = LINE ( 'NONE', #1231, #695 ) ;
#6253 = ORIENTED_EDGE ( 'NONE', *, *, #6378, .T. ) ;
#6254 = ADVANCED_FACE ( 'NONE', ( #5664 ), #5042, .F. ) ;
#6255 = EDGE_CURVE ( 'NONE', #430, #2097, #3803, .T. ) ;
#6256 = EDGE_CURVE ( 'NONE', #4877, #4789, #3928, .T. ) ;
#6257 = CIRCLE ( 'NONE', #7308, 0.7636293188001199717 ) ;
#6258 = VECTOR ( 'NONE', #4116, 1000.000000000000000 ) ;
#6259 = ORIENTED_EDGE ( 'NONE', *, *, #6092, .T. ) ;
#6260 = ORIENTED_EDGE ( 'NONE', *, *, #7715, .F. ) ;
#6261 = EDGE_LOOP ( 'NONE', ( #6886, #2566, #3260, #7459 ) ) ;
#6262 = EDGE_CURVE ( 'NONE', #3643, #1508, #6850, .T. ) ;
#6263 = DIRECTION ( 'NONE',  ( -3.435095992062130604E-15, 1.000000000000000000, 0.000000000000000000 ) ) ;
#6264 = ORIENTED_EDGE ( 'NONE', *, *, #5545, .T. ) ;
#6265 = CONTEXT_DEPENDENT_SHAPE_REPRESENTATION ( #7149, #191 ) ;
#6266 = CARTESIAN_POINT ( 'NONE',  ( -38.49999999999992895, -1.855190384027753491E-13, 0.000000000000000000 ) ) ;
#6267 = DIRECTION ( 'NONE',  ( 0.000000000000000000, 0.000000000000000000, 1.000000000000000000 ) ) ;
#6268 = DIRECTION ( 'NONE',  ( -1.000000000000000000, 0.000000000000000000, 0.000000000000000000 ) ) ;
#6269 = CARTESIAN_POINT ( 'NONE',  ( -9.455399426393051719E-14, 20.43999999998118255, 0.000000000000000000 ) ) ;
#6270 = CIRCLE ( 'NONE', #6534, 0.7636293187992526654 ) ;
#6271 = ADVANCED_FACE ( 'NONE', ( #4546 ), #2152, .T. ) ;
#6272 = DIRECTION ( 'NONE',  ( -0.000000000000000000, -0.000000000000000000, -1.000000000000000000 ) ) ;
#6273 = CC_DESIGN_PERSON_AND_ORGANIZATION_ASSIGNMENT ( #5185, #795, ( #4685 ) ) ;
#6274 = CARTESIAN_POINT ( 'NONE',  ( 0.000000000000000000, 0.3200000000000000067, -1.600000000000000089 ) ) ;
#6275 = CARTESIAN_POINT ( 'NONE',  ( -41.49999999999972289, -8.600000000003408474, 106.9999999999999574 ) ) ;
#6276 = ORIENTED_EDGE ( 'NONE', *, *, #126, .T. ) ;
#6277 = ORIENTED_EDGE ( 'NONE', *, *, #7091, .T. ) ;
#6278 = EDGE_CURVE ( 'NONE', #675, #540, #1388, .T. ) ;
#6279 = CARTESIAN_POINT ( 'NONE',  ( 41.50000000000025580, -8.600000000003118927, 23.00000000000000711 ) ) ;
#6280 = FACE_OUTER_BOUND ( 'NONE', #3280, .T. ) ;
#6281 = DIRECTION ( 'NONE',  ( 0.000000000000000000, 0.000000000000000000, 1.000000000000000000 ) ) ;
#6282 = ORIENTED_EDGE ( 'NONE', *, *, #5427, .F. ) ;
#6283 = CARTESIAN_POINT ( 'NONE',  ( 0.000000000000000000, 1.600000000000000089, -0.3200000000000000067 ) ) ;
#6284 = CARTESIAN_POINT ( 'NONE',  ( -1.500651454953194213E-13, 32.43999999999576289, 0.000000000000000000 ) ) ;
#6285 = CARTESIAN_POINT ( 'NONE',  ( -41.49999999999975131, -0.6000000000022983615, 106.9999999999999574 ) ) ;
#6286 = ADVANCED_FACE ( 'NONE', ( #3962 ), #5202, .F. ) ;
#6287 = CARTESIAN_POINT ( 'NONE',  ( -37.00000000000169109, -1.645763297720249876E-13, 130.0000000000000000 ) ) ;
#6288 = DATE_AND_TIME ( #7671, #4580 ) ;
#6289 = CIRCLE ( 'NONE', #107, 3.000000000000009770 ) ;
#6290 = ORIENTED_EDGE ( 'NONE', *, *, #3286, .T. ) ;
#6291 = DIRECTION ( 'NONE',  ( 0.000000000000000000, 1.000000000000000000, -0.000000000000000000 ) ) ;
#6292 = VECTOR ( 'NONE', #3799, 1000.000000000000000 ) ;
#6293 = LINE ( 'NONE', #117, #164 ) ;
#6294 = EDGE_LOOP ( 'NONE', ( #7158, #6116, #4447, #2169 ) ) ;
#6295 = FACE_OUTER_BOUND ( 'NONE', #5407, .T. ) ;
#6296 = ORIENTED_EDGE ( 'NONE', *, *, #4673, .T. ) ;
#6297 = VECTOR ( 'NONE', #4318, 1000.000000000000114 ) ;
#6298 = VECTOR ( 'NONE', #5577, 999.9999999999998863 ) ;
#6299 = ORIENTED_EDGE ( 'NONE', *, *, #8020, .F. ) ;
#6300 = PLANE ( 'NONE',  #4855 ) ;
#6301 = APPROVAL_STATUS ( 'not_yet_approved' ) ;
#6302 = DIRECTION ( 'NONE',  ( -4.818676322150006782E-15, 1.000000000000000000, 0.000000000000000000 ) ) ;
#6303 = DIRECTION ( 'NONE',  ( 1.000000000000000000, 4.625929269276810133E-15, 0.000000000000000000 ) ) ;
#6304 = CC_DESIGN_APPROVAL ( #929, ( #5235 ) ) ;
#6305 = ORIENTED_EDGE ( 'NONE', *, *, #7266, .F. ) ;
#6306 = VECTOR ( 'NONE', #3452, 1000.000000000000000 ) ;
#6307 = APPROVAL_PERSON_ORGANIZATION ( #6384, #4307, #3231 ) ;
#6308 = PRODUCT ( 'YG-J26A-0000-002', 'YG-J26A-0000-002', '', ( #7881 ) ) ;
#6309 = VERTEX_POINT ( 'NONE', #1463 ) ;
#6310 = VERTEX_POINT ( 'NONE', #7738 ) ;
#6311 = ORIENTED_EDGE ( 'NONE', *, *, #948, .T. ) ;
#6312 = AXIS2_PLACEMENT_3D ( 'NONE', #1073, #2477, #7433 ) ;
#6313 = EDGE_CURVE ( 'NONE', #5811, #3281, #3527, .T. ) ;
#6314 = ADVANCED_FACE ( 'NONE', ( #3270 ), #2005, .T. ) ;
#6315 = DIRECTION ( 'NONE',  ( -0.000000000000000000, 0.000000000000000000, 1.000000000000000000 ) ) ;
#6316 = ORIENTED_EDGE ( 'NONE', *, *, #4334, .T. ) ;
#6317 = APPROVAL_STATUS ( 'not_yet_approved' ) ;
#6318 = LINE ( 'NONE', #680, #5948 ) ;
#6319 = CARTESIAN_POINT ( 'NONE',  ( 34.99999999999875655, 7.149999999999887557, 130.0000000000000000 ) ) ;
#6320 = PLANE ( 'NONE',  #5488 ) ;
#6321 = EDGE_CURVE ( 'NONE', #7214, #1281, #6043, .T. ) ;
#6322 = DIRECTION ( 'NONE',  ( 1.000000000000000000, 0.000000000000000000, 0.000000000000000000 ) ) ;
#6323 = AXIS2_PLACEMENT_3D ( 'NONE', #2401, #516, #3006 ) ;
#6324 = LINE ( 'NONE', #634, #2508 ) ;
#6325 = DIRECTION ( 'NONE',  ( -4.448008912757228678E-15, 1.000000000000000000, 0.000000000000000000 ) ) ;
#6326 = ORIENTED_EDGE ( 'NONE', *, *, #7913, .F. ) ;
#6327 = VERTEX_POINT ( 'NONE', #2040 ) ;
#6328 = ADVANCED_FACE ( 'NONE', ( #4582 ), #4653, .T. ) ;
#6329 = EDGE_CURVE ( 'NONE', #4095, #1704, #4059, .T. ) ;
#6330 = VECTOR ( 'NONE', #152, 1000.000000000000000 ) ;
#6331 = CARTESIAN_POINT ( 'NONE',  ( 33.74999999999916156, 36.99999999999560174, 0.000000000000000000 ) ) ;
#6332 = PLANE ( 'NONE',  #3262 ) ;
#6333 = DIRECTION ( 'NONE',  ( -0.000000000000000000, -0.000000000000000000, -1.000000000000000000 ) ) ;
#6334 = VERTEX_POINT ( 'NONE', #1528 ) ;
#6335 = CARTESIAN_POINT ( 'NONE',  ( 2.094678597249562109E-15, -0.6000000000021543656, 130.0000000000000000 ) ) ;
#6336 = CARTESIAN_POINT ( 'NONE',  ( -0.000000000000000000, 10.14999999999689706, 0.000000000000000000 ) ) ;
#6337 = VECTOR ( 'NONE', #3703, 1000.000000000000000 ) ;
#6338 = DIRECTION ( 'NONE',  ( 1.000000000000000000, 0.000000000000000000, 0.000000000000000000 ) ) ;
#6339 = DIRECTION ( 'NONE',  ( 0.000000000000000000, -1.000000000000000000, 0.000000000000000000 ) ) ;
#6340 = PERSON_AND_ORGANIZATION ( #7757, #5787 ) ;
#6341 = VERTEX_POINT ( 'NONE', #4033 ) ;
#6342 = DIRECTION ( 'NONE',  ( -0.000000000000000000, 0.000000000000000000, 1.000000000000000000 ) ) ;
#6343 = VECTOR ( 'NONE', #4097, 1000.000000000000000 ) ;
#6344 = ORIENTED_EDGE ( 'NONE', *, *, #7377, .F. ) ;
#6345 = EDGE_CURVE ( 'NONE', #1895, #4877, #2767, .T. ) ;
#6346 = AXIS2_PLACEMENT_3D ( 'NONE', #3434, #5961, #319 ) ;
#6347 = CC_DESIGN_DATE_AND_TIME_ASSIGNMENT ( #3208, #6888, ( #3630 ) ) ;
#6348 = FACE_OUTER_BOUND ( 'NONE', #5951, .T. ) ;
#6349 = VERTEX_POINT ( 'NONE', #3307 ) ;
#6350 = VERTEX_POINT ( 'NONE', #5828 ) ;
#6351 = DIRECTION ( 'NONE',  ( 0.000000000000000000, 0.000000000000000000, 1.000000000000000000 ) ) ;
#6352 = DATE_AND_TIME ( #7545, #4814 ) ;
#6353 = CARTESIAN_POINT ( 'NONE',  ( -34.50614573290863518, 5.910047016239844631, 0.000000000000000000 ) ) ;
#6354 = DIRECTION ( 'NONE',  ( 0.000000000000000000, 0.000000000000000000, -1.000000000000000000 ) ) ;
#6355 = ORIENTED_EDGE ( 'NONE', *, *, #1651, .F. ) ;
#6356 = VECTOR ( 'NONE', #1883, 1000.000000000000000 ) ;
#6357 = ORIENTED_EDGE ( 'NONE', *, *, #2961, .F. ) ;
#6358 = VERTEX_POINT ( 'NONE', #6416 ) ;
#6359 = ORIENTED_EDGE ( 'NONE', *, *, #978, .F. ) ;
#6360 = LINE ( 'NONE', #2676, #3227 ) ;
#6361 = VERTEX_POINT ( 'NONE', #3373 ) ;
#6362 = DATE_AND_TIME ( #5690, #7201 ) ;
#6363 = AXIS2_PLACEMENT_3D ( 'NONE', #93, #6268, #2600 ) ;
#6364 = LINE ( 'NONE', #2751, #2263 ) ;
#6365 = DIRECTION ( 'NONE',  ( -0.000000000000000000, -0.000000000000000000, -1.000000000000000000 ) ) ;
#6366 = CARTESIAN_POINT ( 'NONE',  ( -38.49999999999770495, 37.99999999999981526, 2.000000000000000000 ) ) ;
#6367 = VECTOR ( 'NONE', #5815, 1000.000000000000000 ) ;
#6368 = FACE_OUTER_BOUND ( 'NONE', #1046, .T. ) ;
#6369 = CARTESIAN_POINT ( 'NONE',  ( -38.49999999999995026, -1.855190384027750209E-13, 130.0000000000000000 ) ) ;
#6370 = DIRECTION ( 'NONE',  ( -3.528251137580202979E-15, 1.000000000000000000, 0.000000000000000000 ) ) ;
#6371 = ORIENTED_EDGE ( 'NONE', *, *, #7060, .F. ) ;
#6372 = EDGE_LOOP ( 'NONE', ( #1292, #4718, #1235, #4966 ) ) ;
#6373 = EDGE_CURVE ( 'NONE', #3861, #5700, #5657, .T. ) ;
#6374 = LINE ( 'NONE', #2034, #3772 ) ;
#6375 = DIRECTION ( 'NONE',  ( 0.7071067811865479058, 0.000000000000000000, 0.7071067811865472397 ) ) ;
#6376 = CARTESIAN_POINT ( 'NONE',  ( -32.99999999999817391, 9.899999999996353495, 0.000000000000000000 ) ) ;
#6377 = EDGE_LOOP ( 'NONE', ( #1738, #4385, #6142, #4593 ) ) ;
#6378 = EDGE_CURVE ( 'NONE', #1549, #5854, #2366, .T. ) ;
#6379 = EDGE_CURVE ( 'NONE', #4847, #2567, #5904, .T. ) ;
#6380 = FACE_OUTER_BOUND ( 'NONE', #2031, .T. ) ;
#6381 = CARTESIAN_POINT ( 'NONE',  ( 38.49999999999815969, 11.43999999997027395, 0.000000000000000000 ) ) ;
#6382 = CARTESIAN_POINT ( 'NONE',  ( 41.50000000000027001, -8.600000000003118927, 107.0000000000000142 ) ) ;
#6383 = DIRECTION ( 'NONE',  ( 1.000000000000000000, 4.047688110617190230E-15, 0.000000000000000000 ) ) ;
#6384 = PERSON_AND_ORGANIZATION ( #7757, #5787 ) ;
#6385 = ORIENTED_EDGE ( 'NONE', *, *, #7644, .T. ) ;
#6386 = DIRECTION ( 'NONE',  ( -1.000000000000000000, 0.000000000000000000, 0.000000000000000000 ) ) ;
#6387 = CIRCLE ( 'NONE', #2681, 1.750000000000001554 ) ;
#6388 = DIRECTION ( 'NONE',  ( 4.818676322149994949E-15, -1.000000000000000000, 0.000000000000000000 ) ) ;
#6389 = VERTEX_POINT ( 'NONE', #2117 ) ;
#6390 = ORIENTED_EDGE ( 'NONE', *, *, #7124, .F. ) ;
#6391 = DIRECTION ( 'NONE',  ( -1.000000000000000000, -4.625929269276767535E-15, 0.000000000000000000 ) ) ;
#6392 = ADVANCED_FACE ( 'NONE', ( #4619, #920 ), #5276, .F. ) ;
#6393 = FACE_OUTER_BOUND ( 'NONE', #1143, .T. ) ;
#6394 = AXIS2_PLACEMENT_3D ( 'NONE', #5649, #5030, #7562 ) ;
#6395 = ORIENTED_EDGE ( 'NONE', *, *, #4271, .T. ) ;
#6396 = AXIS2_PLACEMENT_3D ( 'NONE', #4063, #2867, #3893 ) ;
#6397 = ORIENTED_EDGE ( 'NONE', *, *, #6609, .T. ) ;
#6398 = ORIENTED_EDGE ( 'NONE', *, *, #4051, .T. ) ;
#6399 = DIRECTION ( 'NONE',  ( -0.000000000000000000, -0.000000000000000000, -1.000000000000000000 ) ) ;
#6400 = CALENDAR_DATE ( 2020, 16, 10 ) ;
#6401 = FACE_OUTER_BOUND ( 'NONE', #3089, .T. ) ;
#6402 = CARTESIAN_POINT ( 'NONE',  ( 33.12499999999651124, 2.663973519775216126, 130.0000000000000000 ) ) ;
#6403 = CARTESIAN_POINT ( 'NONE',  ( -1.500651454953198252E-13, 32.43999999999584816, 130.0000000000000000 ) ) ;
#6404 = VECTOR ( 'NONE', #7720, 1000.000000000000000 ) ;
#6405 = FACE_OUTER_BOUND ( 'NONE', #7710, .T. ) ;
#6406 = DIRECTION ( 'NONE',  ( 4.818676322150006782E-15, -1.000000000000000000, 0.000000000000000000 ) ) ;
#6407 = EDGE_CURVE ( 'NONE', #3240, #6872, #335, .T. ) ;
#6408 = VERTEX_POINT ( 'NONE', #5347 ) ;
#6409 = ORIENTED_EDGE ( 'NONE', *, *, #1748, .F. ) ;
#6410 = DIRECTION ( 'NONE',  ( -1.000000000000000000, -3.483287830750206171E-15, 0.000000000000000000 ) ) ;
#6411 = CARTESIAN_POINT ( 'NONE',  ( 0.000000000000000000, 0.3200000000000000067, 1.600000000000000089 ) ) ;
#6412 = VECTOR ( 'NONE', #6388, 1000.000000000000000 ) ;
#6413 = LINE ( 'NONE', #3370, #8136 ) ;
#6414 = VERTEX_POINT ( 'NONE', #3612 ) ;
#6415 = DIRECTION ( 'NONE',  ( 4.448008912757228678E-15, -1.000000000000000000, 0.000000000000000000 ) ) ;
#6416 = CARTESIAN_POINT ( 'NONE',  ( 36.99999999999983658, 23.43999999998493422, 0.000000000000000000 ) ) ;
#6417 = EDGE_CURVE ( 'NONE', #4305, #1015, #455, .T. ) ;
#6418 = CARTESIAN_POINT ( 'NONE',  ( -35.00000000000195399, 10.39999999999695746, 130.0000000000000000 ) ) ;
#6419 = FACE_OUTER_BOUND ( 'NONE', #8040, .T. ) ;
#6420 = DATE_TIME_ROLE ( 'creation_date' ) ;
#6421 = EDGE_CURVE ( 'NONE', #7176, #3065, #6138, .T. ) ;
#6422 = EDGE_CURVE ( 'NONE', #6632, #1219, #1993, .T. ) ;
#6423 = ORIENTED_EDGE ( 'NONE', *, *, #6469, .T. ) ;
#6424 = EDGE_CURVE ( 'NONE', #4098, #160, #8003, .T. ) ;
#6425 = DIRECTION ( 'NONE',  ( -0.000000000000000000, -0.000000000000000000, -1.000000000000000000 ) ) ;
#6426 = VERTEX_POINT ( 'NONE', #7264 ) ;
#6427 = VECTOR ( 'NONE', #1200, 1000.000000000000000 ) ;
#6428 = VERTEX_POINT ( 'NONE', #503 ) ;
#6429 = PLANE ( 'NONE',  #1189 ) ;
#6430 = FACE_OUTER_BOUND ( 'NONE', #79, .T. ) ;
#6431 = EDGE_CURVE ( 'NONE', #6741, #7236, #4861, .T. ) ;
#6432 = ORIENTED_EDGE ( 'NONE', *, *, #3232, .F. ) ;
#6433 = LOCAL_TIME ( 15, 24, 6.000000000000000000, #7592 ) ;
#6435 = EDGE_CURVE ( 'NONE', #1620, #2200, #1639, .T. ) ;
#6434 = AXIS2_PLACEMENT_3D ( 'NONE', #5083, #3046, #5039 ) ;
#6436 = AXIS2_PLACEMENT_3D ( 'NONE', #4631, #1044, #4666 ) ;
#6437 = ORIENTED_EDGE ( 'NONE', *, *, #6203, .F. ) ;
#6438 = ORIENTED_EDGE ( 'NONE', *, *, #6092, .F. ) ;
#6439 = LINE ( 'NONE', #3907, #1117 ) ;
#6440 = CALENDAR_DATE ( 2020, 16, 10 ) ;
#6441 = LINE ( 'NONE', #829, #2133 ) ;
#6442 = AXIS2_PLACEMENT_3D ( 'NONE', #7953, #5467, #6135 ) ;
#6443 = CARTESIAN_POINT ( 'NONE',  ( -38.49999999999997868, -0.6000000000022897018, 130.0000000000000000 ) ) ;
#6444 = CARTESIAN_POINT ( 'NONE',  ( 45.50000000000024158, -0.6000000000019947155, 113.0000000000000142 ) ) ;
#6445 = EDGE_CURVE ( 'NONE', #2019, #7241, #1571, .T. ) ;
#6446 = PLANE ( 'NONE',  #1908 ) ;
#6447 = LINE ( 'NONE', #5158, #5521 ) ;
#6448 = SECURITY_CLASSIFICATION ( '', '', #6756 ) ;
#6449 = PRODUCT_DEFINITION_SHAPE ( 'NONE', 'NONE',  #1683 ) ;
#6450 = APPROVAL ( #411, '未指定' ) ;
#6451 = ORIENTED_EDGE ( 'NONE', *, *, #5524, .T. ) ;
#6452 = VERTEX_POINT ( 'NONE', #1071 ) ;
#6453 = LINE ( 'NONE', #806, #5098 ) ;
#6454 = DIRECTION ( 'NONE',  ( -1.000000000000000000, 0.000000000000000000, 0.000000000000000000 ) ) ;
#6455 = LINE ( 'NONE', #808, #6958 ) ;
#6456 = VERTEX_POINT ( 'NONE', #7923 ) ;
#6457 = EDGE_CURVE ( 'NONE', #1137, #6414, #2188, .T. ) ;
#6458 = CARTESIAN_POINT ( 'NONE',  ( -4.510281037534952658E-14, 12.99999999997147881, 0.000000000000000000 ) ) ;
#6459 = CARTESIAN_POINT ( 'NONE',  ( -35.00000000000204636, 36.99999999999535305, 130.0000000000000000 ) ) ;
#6460 = FACE_OUTER_BOUND ( 'NONE', #7321, .T. ) ;
#6461 = PERSON_AND_ORGANIZATION_ROLE ( 'design_supplier' ) ;
#6462 = ORIENTED_EDGE ( 'NONE', *, *, #6733, .F. ) ;
#6463 = ADVANCED_FACE ( 'NONE', ( #2911 ), #955, .T. ) ;
#6464 = CIRCLE ( 'NONE', #2876, 0.7636293187993428155 ) ;
#6465 = CARTESIAN_POINT ( 'NONE',  ( -2.133709875450175839E-14, 6.150000000003777778, 130.0000000000000000 ) ) ;
#6466 = ORIENTED_EDGE ( 'NONE', *, *, #4327, .F. ) ;
#6467 = ORIENTED_EDGE ( 'NONE', *, *, #5433, .T. ) ;
#6468 = DIRECTION ( 'NONE',  ( -0.000000000000000000, -0.000000000000000000, -1.000000000000000000 ) ) ;
#6469 = EDGE_CURVE ( 'NONE', #2810, #3350, #4807, .T. ) ;
#6470 = DIRECTION ( 'NONE',  ( -1.000000000000000000, 0.000000000000000000, 0.000000000000000000 ) ) ;
#6471 = VERTEX_POINT ( 'NONE', #7227 ) ;
#6472 = EDGE_CURVE ( 'NONE', #3589, #7277, #991, .T. ) ;
#6473 = ADVANCED_FACE ( 'NONE', ( #1725 ), #3448, .F. ) ;
#6474 = ORIENTED_EDGE ( 'NONE', *, *, #970, .T. ) ;
#6475 = EDGE_LOOP ( 'NONE', ( #3358, #6326, #6924, #3290 ) ) ;
#6476 = DIRECTION ( 'NONE',  ( -1.000000000000000000, -4.625929269276788834E-15, 0.000000000000000000 ) ) ;
#6477 = PERSON_AND_ORGANIZATION_ROLE ( 'classification_officer' ) ;
#6478 = CARTESIAN_POINT ( 'NONE',  ( 0.8249999999999999556, -0.3200000000000000067, 0.3200000000000000067 ) ) ;
#6479 = CARTESIAN_POINT ( 'NONE',  ( 2.094678597249562109E-15, -0.6000000000021543656, 130.0000000000000000 ) ) ;
#6480 = VECTOR ( 'NONE', #552, 1000.000000000000000 ) ;
#6481 = CARTESIAN_POINT ( 'NONE',  ( -37.00000000000175504, 15.99999999997501732, 130.0000000000000000 ) ) ;
#6482 = CARTESIAN_POINT ( 'NONE',  ( -2.928213227440575540E-14, 8.439999999966474320, 0.000000000000000000 ) ) ;
#6483 = DIRECTION ( 'NONE',  ( -1.000000000000000000, -3.469446951953635094E-15, 0.000000000000000000 ) ) ;
#6484 = ORIENTED_EDGE ( 'NONE', *, *, #3562, .T. ) ;
#6485 = VECTOR ( 'NONE', #4932, 1000.000000000000000 ) ;
#6486 = ORIENTED_EDGE ( 'NONE', *, *, #6498, .T. ) ;
#6487 = ADVANCED_FACE ( 'NONE', ( #4232 ), #2268, .F. ) ;
#6488 = DIRECTION ( 'NONE',  ( 1.000000000000000000, 4.448008912757228678E-15, -0.000000000000000000 ) ) ;
#6489 = DIRECTION ( 'NONE',  ( -1.000000000000000000, -3.469446951957607403E-15, 0.000000000000000000 ) ) ;
#6490 = DIRECTION ( 'NONE',  ( -1.000000000000000000, -3.469446951957591626E-15, 0.000000000000000000 ) ) ;
#6491 = ORIENTED_EDGE ( 'NONE', *, *, #1990, .T. ) ;
#6492 = LINE ( 'NONE', #842, #7168 ) ;
#6493 = DIRECTION ( 'NONE',  ( -1.000000000000000000, -4.625929269276788045E-15, 0.000000000000000000 ) ) ;
#6494 = LINE ( 'NONE', #6418, #874 ) ;
#6495 = ORIENTED_EDGE ( 'NONE', *, *, #3109, .T. ) ;
#6496 = DIRECTION ( 'NONE',  ( -3.483287830750206171E-15, 1.000000000000000000, -0.000000000000000000 ) ) ;
#6497 = DIRECTION ( 'NONE',  ( -0.000000000000000000, -0.000000000000000000, -1.000000000000000000 ) ) ;
#6498 = EDGE_CURVE ( 'NONE', #7450, #3367, #4144, .T. ) ;
#6499 = VERTEX_POINT ( 'NONE', #5470 ) ;
#6500 = ORIENTED_EDGE ( 'NONE', *, *, #2217, .F. ) ;
#6501 = AXIS2_PLACEMENT_3D ( 'NONE', #4940, #1381, #147 ) ;
#6502 = CARTESIAN_POINT ( 'NONE',  ( -38.49999999999770495, 37.99999999999981526, 0.000000000000000000 ) ) ;
#6503 = ORIENTED_EDGE ( 'NONE', *, *, #6723, .T. ) ;
#6504 = EDGE_CURVE ( 'NONE', #3471, #1135, #3537, .T. ) ;
#6505 = ORIENTED_EDGE ( 'NONE', *, *, #2581, .F. ) ;
#6506 = ORIENTED_EDGE ( 'NONE', *, *, #265, .T. ) ;
#6507 = CARTESIAN_POINT ( 'NONE',  ( 38.49999999999815259, 14.43999999997394035, 130.0000000000000000 ) ) ;
#6508 = CONTEXT_DEPENDENT_SHAPE_REPRESENTATION ( #513, #4323 ) ;
#6509 = CARTESIAN_POINT ( 'NONE',  ( 41.50000000000024869, -8.600000000003118927, 17.00000000000000000 ) ) ;
#6510 = EDGE_CURVE ( 'NONE', #7535, #133, #3837, .T. ) ;
#6511 = FACE_OUTER_BOUND ( 'NONE', #442, .T. ) ;
#6512 = CARTESIAN_POINT ( 'NONE',  ( 47.90000000000116387, 1.399999999996904387, 0.000000000000000000 ) ) ;
#6513 = ADVANCED_FACE ( 'NONE', ( #3790 ), #3040, .F. ) ;
#6514 = CARTESIAN_POINT ( 'NONE',  ( -33.74999999999625544, 2.999999999997816857, 130.0000000000000000 ) ) ;
#6515 = AXIS2_PLACEMENT_3D ( 'NONE', #6986, #1287, #2647 ) ;
#6516 = DIRECTION ( 'NONE',  ( -0.000000000000000000, -0.000000000000000000, -1.000000000000000000 ) ) ;
#6517 = EDGE_CURVE ( 'NONE', #4798, #1952, #6324, .T. ) ;
#6518 = EDGE_LOOP ( 'NONE', ( #2205, #2249, #581, #6794 ) ) ;
#6519 = ORIENTED_EDGE ( 'NONE', *, *, #2961, .T. ) ;
#6520 = VECTOR ( 'NONE', #1306, 1000.000000000000000 ) ;
#6521 = CARTESIAN_POINT ( 'NONE',  ( -33.25000000000014211, 36.99999999999725731, 0.000000000000000000 ) ) ;
#6522 = DIRECTION ( 'NONE',  ( 1.000000000000000000, 0.000000000000000000, -0.000000000000000000 ) ) ;
#6523 = CARTESIAN_POINT ( 'NONE',  ( -38.00000000000014921, 36.99999999999725731, 2.000000000000000000 ) ) ;
#6524 = APPROVAL ( #5845, 'UNKNOWN' ) ;
#6525 = CARTESIAN_POINT ( 'NONE',  ( -36.49999999999842260, 39.99999999999892708, 2.000000000000000000 ) ) ;
#6526 = CARTESIAN_POINT ( 'NONE',  ( -1.295260195397031344E-13, 27.99999999998985345, 130.0000000000000000 ) ) ;
#6527 = EDGE_CURVE ( 'NONE', #5643, #506, #1904, .T. ) ;
#6528 = AXIS2_PLACEMENT_3D ( 'NONE', #4446, #6315, #2596 ) ;
#6529 = DIRECTION ( 'NONE',  ( -4.956352788497846780E-15, 1.000000000000000000, 0.000000000000000000 ) ) ;
#6530 = VECTOR ( 'NONE', #5044, 1000.000000000000000 ) ;
#6531 = EDGE_LOOP ( 'NONE', ( #3903, #4745, #703, #7455 ) ) ;
#6532 = CARTESIAN_POINT ( 'NONE',  ( -8.067620645608318072E-14, 17.43999999997751615, 130.0000000000000000 ) ) ;
#6533 = DIRECTION ( 'NONE',  ( 0.000000000000000000, -1.000000000000000000, 0.000000000000000000 ) ) ;
#6534 = AXIS2_PLACEMENT_3D ( 'NONE', #1215, #5132, #6237 ) ;
#6535 = FACE_OUTER_BOUND ( 'NONE', #4723, .T. ) ;
#6536 = VERTEX_POINT ( 'NONE', #6184 ) ;
#6537 = ORIENTED_EDGE ( 'NONE', *, *, #7964, .T. ) ;
#6538 =( NAMED_UNIT ( * ) SI_UNIT ( $, .STERADIAN. ) SOLID_ANGLE_UNIT ( ) );
#6539 = DIRECTION ( 'NONE',  ( 4.818676322150006782E-15, -1.000000000000000000, 0.000000000000000000 ) ) ;
#6540 = ORIENTED_EDGE ( 'NONE', *, *, #799, .T. ) ;
#6541 = EDGE_CURVE ( 'NONE', #4782, #1717, #1245, .T. ) ;
#6542 = LOCAL_TIME ( 15, 24, 6.000000000000000000, #1238 ) ;
#6543 = ORIENTED_EDGE ( 'NONE', *, *, #4327, .T. ) ;
#6544 = ORIENTED_EDGE ( 'NONE', *, *, #360, .F. ) ;
#6545 = DIRECTION ( 'NONE',  ( 1.000000000000000000, 0.000000000000000000, 0.000000000000000000 ) ) ;
#6546 = COORDINATED_UNIVERSAL_TIME_OFFSET ( 8, 0, .AHEAD. ) ;
#6547 = DIRECTION ( 'NONE',  ( -0.000000000000000000, 0.000000000000000000, 1.000000000000000000 ) ) ;
#6548 = LINE ( 'NONE', #5187, #2532 ) ;
#6549 = CLOSED_SHELL ( 'NONE', ( #5241, #2190, #4694, #6762, #7187, #7166, #5648, #7316, #2162, #5291, #2053, #1760, #6757, #3267, #5516, #4386, #2030, #6271, #4041, #6657, #7857, #2247, #3569, #4735, #2636 ) ) ;
#6550 = VECTOR ( 'NONE', #4766, 1000.000000000000000 ) ;
#6551 = CIRCLE ( 'NONE', #5108, 2.499999999999939604 ) ;
#6552 = CARTESIAN_POINT ( 'NONE',  ( -38.49999999999996447, -1.855190384027750966E-13, 130.0000000000000000 ) ) ;
#6553 = DIRECTION ( 'NONE',  ( 4.818676322150006782E-15, -1.000000000000000000, 0.000000000000000000 ) ) ;
#6554 = EDGE_CURVE ( 'NONE', #3355, #2336, #3080, .T. ) ;
#6555 = EDGE_LOOP ( 'NONE', ( #3614, #2121, #6164, #4281 ) ) ;
#6556 = ORIENTED_EDGE ( 'NONE', *, *, #2864, .F. ) ;
#6557 = LINE ( 'NONE', #7840, #458 ) ;
#6558 = CIRCLE ( 'NONE', #236, 0.2500000000006386003 ) ;
#6559 = AXIS2_PLACEMENT_3D ( 'NONE', #1491, #216, #5307 ) ;
#6560 = DIRECTION ( 'NONE',  ( 1.000000000000000000, 0.000000000000000000, 0.000000000000000000 ) ) ;
#6561 = FACE_OUTER_BOUND ( 'NONE', #7203, .T. ) ;
#6562 = PLANE ( 'NONE',  #4573 ) ;
#6563 = EDGE_CURVE ( 'NONE', #5165, #7709, #2996, .T. ) ;
#6564 = SECURITY_CLASSIFICATION ( '', '', #1551 ) ;
#6565 = VECTOR ( 'NONE', #2400, 1000.000000000000000 ) ;
#6566 = APPROVAL_PERSON_ORGANIZATION ( #4891, #434, #5465 ) ;
#6567 =( REPRESENTATION_RELATIONSHIP ('NONE','NONE', #3517, #961 ) REPRESENTATION_RELATIONSHIP_WITH_TRANSFORMATION ( #6662 )SHAPE_REPRESENTATION_RELATIONSHIP( ) );
#6568 = DIRECTION ( 'NONE',  ( 0.000000000000000000, 1.000000000000000000, -0.000000000000000000 ) ) ;
#6569 = CARTESIAN_POINT ( 'NONE',  ( 36.99999999999995737, 1.645763297722054285E-13, 130.0000000000000000 ) ) ;
#6570 = EDGE_CURVE ( 'NONE', #5811, #3471, #5075, .T. ) ;
#6571 = DIRECTION ( 'NONE',  ( 1.000000000000000000, 0.000000000000000000, -0.000000000000000000 ) ) ;
#6572 = CIRCLE ( 'NONE', #8154, 2.000000000000223821 ) ;
#6573 = ORIENTED_EDGE ( 'NONE', *, *, #7842, .F. ) ;
#6574 = CARTESIAN_POINT ( 'NONE',  ( -8.789265611616157930E-14, 18.99999999997885425, 130.0000000000000000 ) ) ;
#6575 = PERSON ( 'NAUO-PER6', 'UNSPECIFIED', 'UNSPECIFIED', ('UNSPECIFIED'), ('UNSPECIFIED'), ('UNSPECIFIED') ) ;
#6576 = DIRECTION ( 'NONE',  ( -3.469446951950914312E-15, 1.000000000000000000, 0.000000000000000000 ) ) ;
#6577 = VECTOR ( 'NONE', #962, 1000.000000000000000 ) ;
#6578 = LINE ( 'NONE', #5912, #6121 ) ;
#6579 = EDGE_LOOP ( 'NONE', ( #7404, #7899, #4234, #7363 ) ) ;
#6580 = ORIENTED_EDGE ( 'NONE', *, *, #2536, .T. ) ;
#6581 = SHAPE_REPRESENTATION_RELATIONSHIP ( 'NONE' , 'NONE' ,  #180, #1847 ) ;
#6582 = LINE ( 'NONE', #6031, #889 ) ;
#6583 = EDGE_CURVE ( 'NONE', #2746, #5752, #3744, .T. ) ;
#6584 = AXIS2_PLACEMENT_3D ( 'NONE', #7703, #258, #7038 ) ;
#6585 = ORIENTED_EDGE ( 'NONE', *, *, #1433, .T. ) ;
#6586 = CC_DESIGN_PERSON_AND_ORGANIZATION_ASSIGNMENT ( #1151, #7464, ( #2095 ) ) ;
#6587 = VECTOR ( 'NONE', #7141, 1000.000000000000000 ) ;
#6588 = ORIENTED_EDGE ( 'NONE', *, *, #5379, .F. ) ;
#6589 = VERTEX_POINT ( 'NONE', #686 ) ;
#6590 = LINE ( 'NONE', #2136, #2167 ) ;
#6591 = DATE_AND_TIME ( #3510, #3912 ) ;
#6592 = DIRECTION ( 'NONE',  ( -0.7071067811865462405, -0.7071067811865489050, 0.000000000000000000 ) ) ;
#6593 = FACE_OUTER_BOUND ( 'NONE', #4703, .T. ) ;
#6594 = CC_DESIGN_PERSON_AND_ORGANIZATION_ASSIGNMENT ( #2621, #6461, ( #4166 ) ) ;
#6595 = CARTESIAN_POINT ( 'NONE',  ( 36.99999999999980105, 33.99999999999549516, 130.0000000000000000 ) ) ;
#6596 = DIRECTION ( 'NONE',  ( 1.000000000000000000, 0.000000000000000000, 0.000000000000000000 ) ) ;
#6597 = VECTOR ( 'NONE', #1754, 1000.000000000000000 ) ;
#6598 = EDGE_LOOP ( 'NONE', ( #6086, #3825, #213, #7491 ) ) ;
#6599 = ORIENTED_EDGE ( 'NONE', *, *, #4939, .F. ) ;
#6600 = LINE ( 'NONE', #947, #6251 ) ;
#6601 = PERSON_AND_ORGANIZATION_ROLE ( 'design_supplier' ) ;
#6602 = CARTESIAN_POINT ( 'NONE',  ( -32.99999999999517541, 6.400000000004301803, 130.0000000000000000 ) ) ;
#6603 = CARTESIAN_POINT ( 'NONE',  ( -38.49999999999992895, -1.855190384027753491E-13, 130.0000000000000000 ) ) ;
#6604 = DIRECTION ( 'NONE',  ( 0.000000000000000000, 0.000000000000000000, 1.000000000000000000 ) ) ;
#6605 = DIRECTION ( 'NONE',  ( -1.000000000000000000, -3.469446951953622866E-15, 0.000000000000000000 ) ) ;
#6606 = CARTESIAN_POINT ( 'NONE',  ( -32.99999999999817391, 9.399999999997517008, 130.0000000000000000 ) ) ;
#6607 = AXIS2_PLACEMENT_3D ( 'NONE', #7406, #1746, #4249 ) ;
#6608 = LINE ( 'NONE', #3449, #3511 ) ;
#6609 = EDGE_CURVE ( 'NONE', #6872, #7626, #6988, .T. ) ;
#6610 = CARTESIAN_POINT ( 'NONE',  ( 34.50614573291354503, 34.08995298375406691, 0.000000000000000000 ) ) ;
#6611 = DIRECTION ( 'NONE',  ( 1.000000000000000000, 0.000000000000000000, 0.000000000000000000 ) ) ;
#6612 = ADVANCED_FACE ( 'NONE', ( #2391 ), #7519, .T. ) ;
#6613 = FACE_OUTER_BOUND ( 'NONE', #7314, .T. ) ;
#6614 = FACE_OUTER_BOUND ( 'NONE', #671, .T. ) ;
#6615 = VECTOR ( 'NONE', #6846, 1000.000000000000000 ) ;
#6616 = CARTESIAN_POINT ( 'NONE',  ( 34.74999999999890576, 5.900000000000578559, 130.0000000000000000 ) ) ;
#6617 = ORIENTED_EDGE ( 'NONE', *, *, #1395, .F. ) ;
#6618 = ORIENTED_EDGE ( 'NONE', *, *, #4437, .T. ) ;
#6619 = DIRECTION ( 'NONE',  ( -0.000000000000000000, -0.000000000000000000, -1.000000000000000000 ) ) ;
#6620 = DIRECTION ( 'NONE',  ( -0.000000000000000000, 0.000000000000000000, 1.000000000000000000 ) ) ;
#6621 = VERTEX_POINT ( 'NONE', #3174 ) ;
#6622 = ADVANCED_FACE ( 'NONE', ( #1339 ), #5604, .T. ) ;
#6623 = ORIENTED_EDGE ( 'NONE', *, *, #7451, .T. ) ;
#6624 = ORIENTED_EDGE ( 'NONE', *, *, #4939, .T. ) ;
#6625 = CARTESIAN_POINT ( 'NONE',  ( -38.50000000000005684, 21.99999999998234301, 130.0000000000000000 ) ) ;
#6626 = CALENDAR_DATE ( 2020, 16, 10 ) ;
#6627 = CARTESIAN_POINT ( 'NONE',  ( -38.50000000000004263, 18.99999999997867661, 130.0000000000000000 ) ) ;
#6628 = ORIENTED_EDGE ( 'NONE', *, *, #304, .T. ) ;
#6629 = DIRECTION ( 'NONE',  ( -0.000000000000000000, -0.000000000000000000, -1.000000000000000000 ) ) ;
#6630 = DIRECTION ( 'NONE',  ( -0.000000000000000000, -0.000000000000000000, -1.000000000000000000 ) ) ;
#6631 = ORIENTED_EDGE ( 'NONE', *, *, #1169, .F. ) ;
#6632 = VERTEX_POINT ( 'NONE', #5518 ) ;
#6633 = CARTESIAN_POINT ( 'NONE',  ( 35.00000000000000711, 36.99999999999560885, 130.0000000000000000 ) ) ;
#6634 = PERSON_AND_ORGANIZATION_ROLE ( 'creator' ) ;
#6635 = LINE ( 'NONE', #5418, #350 ) ;
#6636 = CARTESIAN_POINT ( 'NONE',  ( -38.49999999999994316, -1.855190384027749956E-13, 130.0000000000000000 ) ) ;
#6637 = CARTESIAN_POINT ( 'NONE',  ( -37.00000000000181188, 32.43999999999567052, 130.0000000000000000 ) ) ;
#6638 = AXIS2_PLACEMENT_3D ( 'NONE', #4362, #685, #2028 ) ;
#6639 = CARTESIAN_POINT ( 'NONE',  ( 34.99999999999875655, 7.149999999999887557, 130.0000000000000000 ) ) ;
#6640 = DIRECTION ( 'NONE',  ( -0.000000000000000000, -0.000000000000000000, -1.000000000000000000 ) ) ;
#6641 = DIRECTION ( 'NONE',  ( -0.000000000000000000, -0.000000000000000000, -1.000000000000000000 ) ) ;
#6642 = CIRCLE ( 'NONE', #7303, 0.2500000000001945111 ) ;
#6643 = DIRECTION ( 'NONE',  ( 4.956352788497848358E-15, -1.000000000000000000, 0.000000000000000000 ) ) ;
#6644 = DIRECTION ( 'NONE',  ( 0.000000000000000000, 0.000000000000000000, 1.000000000000000000 ) ) ;
#6645 = VECTOR ( 'NONE', #447, 1000.000000000000000 ) ;
#6646 = DIRECTION ( 'NONE',  ( 0.000000000000000000, -0.000000000000000000, -1.000000000000000000 ) ) ;
#6647 = DIRECTION ( 'NONE',  ( -3.469446951952455747E-15, 1.000000000000000000, 0.000000000000000000 ) ) ;
#6648 = CARTESIAN_POINT ( 'NONE',  ( 33.25000000000191847, 36.99999999999725731, 0.7499999999999952260 ) ) ;
#6649 = ORIENTED_EDGE ( 'NONE', *, *, #7372, .F. ) ;
#6650 = EDGE_CURVE ( 'NONE', #4877, #7047, #8051, .T. ) ;
#6651 = ADVANCED_FACE ( 'NONE', ( #4456 ), #1814, .F. ) ;
#6652 = ORIENTED_EDGE ( 'NONE', *, *, #425, .F. ) ;
#6653 = LINE ( 'NONE', #5322, #2331 ) ;
#6654 = ADVANCED_FACE ( 'NONE', ( #4320 ), #6852, .F. ) ;
#6655 = LINE ( 'NONE', #3502, #3375 ) ;
#6656 = AXIS2_PLACEMENT_3D ( 'NONE', #2775, #3421, #2159 ) ;
#6657 = ADVANCED_FACE ( 'NONE', ( #8131 ), #1862, .T. ) ;
#6658 = ORIENTED_EDGE ( 'NONE', *, *, #5282, .F. ) ;
#6659 = ORIENTED_EDGE ( 'NONE', *, *, #5504, .F. ) ;
#6660 = ORIENTED_EDGE ( 'NONE', *, *, #1357, .T. ) ;
#6661 = DIRECTION ( 'NONE',  ( -1.000000000000000000, 0.000000000000000000, 0.000000000000000000 ) ) ;
#6662 = ITEM_DEFINED_TRANSFORMATION ( 'NONE', 'NONE', #5120,  #8005 ) ;
#6663 = CYLINDRICAL_SURFACE ( 'NONE', #3429, 1.750000000000001554 ) ;
#6664 = ORIENTED_EDGE ( 'NONE', *, *, #1983, .T. ) ;
#6665 = CARTESIAN_POINT ( 'NONE',  ( 36.99999999999987210, 12.99999999997160671, 130.0000000000000000 ) ) ;
#6666 = VERTEX_POINT ( 'NONE', #3953 ) ;
#6667 = ORIENTED_EDGE ( 'NONE', *, *, #464, .T. ) ;
#6668 = DIRECTION ( 'NONE',  ( 0.000000000000000000, 0.000000000000000000, -1.000000000000000000 ) ) ;
#6669 = DATE_AND_TIME ( #5972, #7497 ) ;
#6670 = AXIS2_PLACEMENT_3D ( 'NONE', #5476, #4237, #4811 ) ;
#6671 = CARTESIAN_POINT ( 'NONE',  ( 0.8249999999999989564, 1.123686027918558095, -0.3200000000000000067 ) ) ;
#6672 = DIRECTION ( 'NONE',  ( 1.000000000000000000, 0.000000000000000000, 0.000000000000000000 ) ) ;
#6673 = DIRECTION ( 'NONE',  ( -0.000000000000000000, -0.000000000000000000, -1.000000000000000000 ) ) ;
#6674 = EDGE_CURVE ( 'NONE', #5799, #7535, #2649, .T. ) ;
#6675 = CARTESIAN_POINT ( 'NONE',  ( 0.8249999999999999556, -0.3200000000000000067, -0.6199999999999999956 ) ) ;
#6676 = CARTESIAN_POINT ( 'NONE',  ( -37.00000000000181188, 30.99999999999334932, 130.0000000000000000 ) ) ;
#6677 = CIRCLE ( 'NONE', #7879, 1.999999999999280131 ) ;
#6678 = CIRCLE ( 'NONE', #7752, 1.999999999999280131 ) ;
#6679 = LINE ( 'NONE', #7890, #4466 ) ;
#6680 = CARTESIAN_POINT ( 'NONE',  ( -34.99999999999618439, 9.149999999996872191, 130.0000000000000000 ) ) ;
#6681 = CARTESIAN_POINT ( 'NONE',  ( 45.50000000000024158, -0.6000000000019947155, 107.0000000000000142 ) ) ;
#6682 = CARTESIAN_POINT ( 'NONE',  ( 32.56418350556946706, 2.437151880626519329, 130.0000000000000000 ) ) ;
#6683 = VECTOR ( 'NONE', #5317, 1000.000000000000000 ) ;
#6684 = LOCAL_TIME ( 15, 24, 6.000000000000000000, #1918 ) ;
#6685 = DIRECTION ( 'NONE',  ( 4.818676322150006782E-15, -1.000000000000000000, 0.000000000000000000 ) ) ;
#6686 = CARTESIAN_POINT ( 'NONE',  ( 36.99999999999989342, 6.999999999964275688, 130.0000000000000000 ) ) ;
#6687 = LINE ( 'NONE', #2402, #752 ) ;
#6688 = VERTEX_POINT ( 'NONE', #2107 ) ;
#6689 = AXIS2_PLACEMENT_3D ( 'NONE', #4073, #1606, #336 ) ;
#6690 = LOCAL_TIME ( 15, 24, 6.000000000000000000, #6845 ) ;
#6691 = VERTEX_POINT ( 'NONE', #2756 ) ;
#6692 = DIRECTION ( 'NONE',  ( 1.000000000000000000, 0.000000000000000000, 0.000000000000000000 ) ) ;
#6693 = PLANE ( 'NONE',  #6436 ) ;
#6694 = ORIENTED_EDGE ( 'NONE', *, *, #4133, .F. ) ;
#6695 = EDGE_CURVE ( 'NONE', #4614, #6471, #3819, .T. ) ;
#6696 = VECTOR ( 'NONE', #6303, 1000.000000000000000 ) ;
#6697 = VERTEX_POINT ( 'NONE', #3298 ) ;
#6698 = ORIENTED_EDGE ( 'NONE', *, *, #7921, .T. ) ;
#6699 = ORIENTED_EDGE ( 'NONE', *, *, #7199, .T. ) ;
#6700 = EDGE_CURVE ( 'NONE', #7462, #238, #868, .T. ) ;
#6701 = DIRECTION ( 'NONE',  ( 1.000000000000000000, 4.448008912757228678E-15, -0.000000000000000000 ) ) ;
#6702 = VECTOR ( 'NONE', #1964, 1000.000000000000000 ) ;
#6703 = PERSON_AND_ORGANIZATION_ROLE ( 'classification_officer' ) ;
#6704 = CARTESIAN_POINT ( 'NONE',  ( 0.8249999999999992895, -0.3200000000000000067, -1.123686027918558761 ) ) ;
#6705 = ORIENTED_EDGE ( 'NONE', *, *, #8153, .T. ) ;
#6706 = EDGE_CURVE ( 'NONE', #1717, #3028, #1375, .T. ) ;
#6707 = ADVANCED_FACE ( 'NONE', ( #7764 ), #4610, .F. ) ;
#6708 = VECTOR ( 'NONE', #3571, 1000.000000000000000 ) ;
#6709 = DIRECTION ( 'NONE',  ( -0.000000000000000000, -0.000000000000000000, 1.000000000000000000 ) ) ;
#6710 = ORIENTED_EDGE ( 'NONE', *, *, #7684, .T. ) ;
#6711 = ORIENTED_EDGE ( 'NONE', *, *, #6407, .F. ) ;
#6712 = EDGE_LOOP ( 'NONE', ( #6658, #3661, #7600, #6814 ) ) ;
#6713 = PLANE ( 'NONE',  #3464 ) ;
#6714 = SHAPE_DEFINITION_REPRESENTATION ( #7042, #2699 ) ;
#6715 = AXIS2_PLACEMENT_3D ( 'NONE', #981, #906, #6596 ) ;
#6716 = CARTESIAN_POINT ( 'NONE',  ( 38.49999999999820233, 1.322511956943858479E-13, 130.0000000000000000 ) ) ;
#6717 = DIRECTION ( 'NONE',  ( 3.469446951957575454E-15, -1.000000000000000000, 0.000000000000000000 ) ) ;
#6718 = CARTESIAN_POINT ( 'NONE',  ( -1.017704439240084866E-13, 21.99999999998252065, 130.0000000000000000 ) ) ;
#6719 = VECTOR ( 'NONE', #8076, 1000.000000000000000 ) ;
#6720 = CARTESIAN_POINT ( 'NONE',  ( -37.00000000000167688, -1.645763297720249119E-13, 0.000000000000000000 ) ) ;
#6721 = CARTESIAN_POINT ( 'NONE',  ( -34.99999999999658939, 2.999999999997227107, 2.000000000000000000 ) ) ;
#6722 = CARTESIAN_POINT ( 'NONE',  ( -33.74999999999625544, 2.999999999997816857, 0.000000000000000000 ) ) ;
#6723 = EDGE_CURVE ( 'NONE', #5506, #6426, #6447, .T. ) ;
#6724 = DIRECTION ( 'NONE',  ( 4.448008912757228678E-15, -1.000000000000000000, 0.000000000000000000 ) ) ;
#6725 = LINE ( 'NONE', #1119, #3033 ) ;
#6726 = LINE ( 'NONE', #383, #6148 ) ;
#6727 = ORIENTED_EDGE ( 'NONE', *, *, #6096, .F. ) ;
#6728 = VECTOR ( 'NONE', #3045, 1000.000000000000000 ) ;
#6729 = CARTESIAN_POINT ( 'NONE',  ( 38.49999999999818101, 5.439999999962942034, 0.000000000000000000 ) ) ;
#6730 = FACE_OUTER_BOUND ( 'NONE', #7573, .T. ) ;
#6731 = FACE_OUTER_BOUND ( 'NONE', #1479, .T. ) ;
#6732 = ORIENTED_EDGE ( 'NONE', *, *, #3781, .T. ) ;
#6733 = EDGE_CURVE ( 'NONE', #6471, #6452, #5889, .T. ) ;
#6734 = AXIS2_PLACEMENT_3D ( 'NONE', #1285, #720, #1810 ) ;
#6735 = ORIENTED_EDGE ( 'NONE', *, *, #1706, .T. ) ;
#6736 = CARTESIAN_POINT ( 'NONE',  ( 0.000000000000000000, 0.000000000000000000, 0.000000000000000000 ) ) ;
#6737 = CC_DESIGN_DATE_AND_TIME_ASSIGNMENT ( #3930, #6420, ( #3544 ) ) ;
#6738 = PLANE ( 'NONE',  #2203 ) ;
#6739 = CARTESIAN_POINT ( 'NONE',  ( 32.49999999999663913, 2.999999999994894306, 130.0000000000000000 ) ) ;
#6740 = CIRCLE ( 'NONE', #4088, 0.3000000000000000444 ) ;
#6741 = VERTEX_POINT ( 'NONE', #7693 ) ;
#6742 = VERTEX_POINT ( 'NONE', #3878 ) ;
#6743 = ORIENTED_EDGE ( 'NONE', *, *, #6863, .F. ) ;
#6744 = ORIENTED_EDGE ( 'NONE', *, *, #5286, .T. ) ;
#6745 = FACE_OUTER_BOUND ( 'NONE', #7036, .T. ) ;
#6746 = LINE ( 'NONE', #6793, #5930 ) ;
#6747 = ORIENTED_EDGE ( 'NONE', *, *, #6124, .F. ) ;
#6748 = EDGE_CURVE ( 'NONE', #1091, #1167, #3015, .T. ) ;
#6749 = PLANE ( 'NONE',  #916 ) ;
#6750 = ORIENTED_EDGE ( 'NONE', *, *, #7120, .T. ) ;
#6751 = ORIENTED_EDGE ( 'NONE', *, *, #1066, .T. ) ;
#6752 = ORIENTED_EDGE ( 'NONE', *, *, #7875, .T. ) ;
#6753 = EDGE_CURVE ( 'NONE', #5867, #526, #3331, .T. ) ;
#6754 = EDGE_CURVE ( 'NONE', #4909, #5372, #4065, .T. ) ;
#6755 = FACE_OUTER_BOUND ( 'NONE', #2630, .T. ) ;
#6756 = SECURITY_CLASSIFICATION_LEVEL ( 'unclassified' ) ;
#6757 = ADVANCED_FACE ( 'NONE', ( #5742 ), #7065, .T. ) ;
#6758 = CARTESIAN_POINT ( 'NONE',  ( 36.99999999999989342, 8.439999999966602218, 130.0000000000000000 ) ) ;
#6759 = DIRECTION ( 'NONE',  ( 0.000000000000000000, 0.000000000000000000, 1.000000000000000000 ) ) ;
#6760 = FACE_OUTER_BOUND ( 'NONE', #5686, .T. ) ;
#6761 = AXIS2_PLACEMENT_3D ( 'NONE', #215, #6488, #2652 ) ;
#6762 = ADVANCED_FACE ( 'NONE', ( #1413 ), #98, .T. ) ;
#6763 = PLANE ( 'NONE',  #5726 ) ;
#6764 = DIRECTION ( 'NONE',  ( 1.000000000000000000, 0.000000000000000000, 0.000000000000000000 ) ) ;
#6765 = LINE ( 'NONE', #7267, #7357 ) ;
#6766 = ORIENTED_EDGE ( 'NONE', *, *, #7564, .F. ) ;
#6767 = VECTOR ( 'NONE', #2873, 1000.000000000000000 ) ;
#6768 = PRODUCT_DEFINITION_SHAPE ( 'NONE', 'NONE',  #8167 ) ;
#6769 = DIRECTION ( 'NONE',  ( -0.000000000000000000, -0.000000000000000000, -1.000000000000000000 ) ) ;
#6770 = CARTESIAN_POINT ( 'NONE',  ( 36.50000000000019895, 39.99999999999892708, 0.000000000000000000 ) ) ;
#6771 = DIRECTION ( 'NONE',  ( -0.000000000000000000, 0.000000000000000000, 1.000000000000000000 ) ) ;
#6772 = ORIENTED_EDGE ( 'NONE', *, *, #1343, .T. ) ;
#6773 = ADVANCED_FACE ( 'NONE', ( #5819 ), #7803, .F. ) ;
#6774 = CARTESIAN_POINT ( 'NONE',  ( -37.00000000000174083, 11.43999999997001282, 130.0000000000000000 ) ) ;
#6775 = PLANE ( 'NONE',  #6987 ) ;
#6776 = VECTOR ( 'NONE', #6000, 1000.000000000000000 ) ;
#6777 = DIRECTION ( 'NONE',  ( -0.000000000000000000, -0.000000000000000000, 1.000000000000000000 ) ) ;
#6778 = VERTEX_POINT ( 'NONE', #7101 ) ;
#6779 = EDGE_LOOP ( 'NONE', ( #999, #5576, #3777, #2394 ) ) ;
#6780 = CARTESIAN_POINT ( 'NONE',  ( 0.000000000000000000, 0.000000000000000000, 0.000000000000000000 ) ) ;
#6781 = ORIENTED_EDGE ( 'NONE', *, *, #5373, .F. ) ;
#6782 = DIRECTION ( 'NONE',  ( 0.000000000000000000, 1.000000000000000000, -0.000000000000000000 ) ) ;
#6783 = CARTESIAN_POINT ( 'NONE',  ( -34.74999999999764100, 6.150000000003656986, 130.0000000000000000 ) ) ;
#6784 = VECTOR ( 'NONE', #5959, 1000.000000000000000 ) ;
#6785 = EDGE_CURVE ( 'NONE', #3386, #7421, #2605, .T. ) ;
#6786 = EDGE_LOOP ( 'NONE', ( #3868, #480, #3459, #6128 ) ) ;
#6787 = VERTEX_POINT ( 'NONE', #761 ) ;
#6788 = AXIS2_PLACEMENT_3D ( 'NONE', #2284, #5544, #6791 ) ;
#6789 = EDGE_LOOP ( 'NONE', ( #3801, #354, #8018, #5722, #4394 ) ) ;
#6790 = ORIENTED_EDGE ( 'NONE', *, *, #7285, .T. ) ;
#6791 = DIRECTION ( 'NONE',  ( 1.000000000000000000, 0.000000000000000000, 0.000000000000000000 ) ) ;
#6792 = CIRCLE ( 'NONE', #6656, 0.2999999999999999889 ) ;
#6793 = CARTESIAN_POINT ( 'NONE',  ( 4.515812910881320086, 0.000000000000000000, -2.600000000000000533 ) ) ;
#6794 = ORIENTED_EDGE ( 'NONE', *, *, #4731, .F. ) ;
#6795 = ORIENTED_EDGE ( 'NONE', *, *, #4934, .T. ) ;
#6796 = ORIENTED_EDGE ( 'NONE', *, *, #4293, .F. ) ;
#6797 = ORIENTED_EDGE ( 'NONE', *, *, #5706, .T. ) ;
#6798 = CARTESIAN_POINT ( 'NONE',  ( -38.49999999999889155, 37.99999999999834444, 0.000000000000000000 ) ) ;
#6799 = SECURITY_CLASSIFICATION_LEVEL ( 'unclassified' ) ;
#6800 = PLANE ( 'NONE',  #711 ) ;
#6801 = CARTESIAN_POINT ( 'NONE',  ( -1.223095698796251523E-13, 26.43999999998851536, 130.0000000000000000 ) ) ;
#6802 = PLANE ( 'NONE',  #1816 ) ;
#6803 = CARTESIAN_POINT ( 'NONE',  ( -1.295260195397027557E-13, 27.99999999998976818, 130.0000000000000000 ) ) ;
#6804 = DIRECTION ( 'NONE',  ( -0.000000000000000000, 0.000000000000000000, 1.000000000000000000 ) ) ;
#6805 = CARTESIAN_POINT ( 'NONE',  ( -38.49999999999786837, -8.881784197001252323E-13, 2.000000000000000000 ) ) ;
#6806 = VECTOR ( 'NONE', #5858, 1000.000000000000000 ) ;
#6807 = DIRECTION ( 'NONE',  ( -4.818676322150006782E-15, 1.000000000000000000, 0.000000000000000000 ) ) ;
#6808 = ORGANIZATION ( 'NAUO-ORG1', 'UNSPECIFIED', 'UNSPECIFIED' ) ;
#6809 = VERTEX_POINT ( 'NONE', #142 ) ;
#6810 = EDGE_CURVE ( 'NONE', #1586, #4262, #5852, .T. ) ;
#6811 = LINE ( 'NONE', #1164, #1892 ) ;
#6812 = CARTESIAN_POINT ( 'NONE',  ( 9.938519914450421156E-17, 0.3199999999999999512, -1.600000000000000089 ) ) ;
#6813 = CYLINDRICAL_SURFACE ( 'NONE', #4151, 1.999999999998718136 ) ;
#6814 = ORIENTED_EDGE ( 'NONE', *, *, #3759, .F. ) ;
#6815 = ADVANCED_FACE ( 'NONE', ( #210 ), #5227, .T. ) ;
#6816 = VECTOR ( 'NONE', #5273, 1000.000000000000000 ) ;
#6817 = VECTOR ( 'NONE', #597, 1000.000000000000000 ) ;
#6818 = LINE ( 'NONE', #3049, #6565 ) ;
#6819 = CARTESIAN_POINT ( 'NONE',  ( -1.361873576874724761E-13, 29.43999999999218176, 0.000000000000000000 ) ) ;
#6820 = CARTESIAN_POINT ( 'NONE',  ( -36.25000000000179057, 36.99999999999535305, 130.0000000000000000 ) ) ;
#6821 = LINE ( 'NONE', #3190, #6114 ) ;
#6822 = VERTEX_POINT ( 'NONE', #4135 ) ;
#6823 = PERSON_AND_ORGANIZATION_ROLE ( 'design_owner' ) ;
#6824 = VECTOR ( 'NONE', #7062, 1000.000000000000000 ) ;
#6825 = CIRCLE ( 'NONE', #3268, 0.4999999999995285993 ) ;
#6826 = VERTEX_POINT ( 'NONE', #3518 ) ;
#6827 = DIRECTION ( 'NONE',  ( 4.448008912757228678E-15, -1.000000000000000000, 0.000000000000000000 ) ) ;
#6828 = CARTESIAN_POINT ( 'NONE',  ( -34.99999999999536726, 2.999999999997816857, 130.0000000000000000 ) ) ;
#6829 = VERTEX_POINT ( 'NONE', #4177 ) ;
#6830 = CC_DESIGN_SECURITY_CLASSIFICATION ( #128, ( #8168 ) ) ;
#6831 = AXIS2_PLACEMENT_3D ( 'NONE', #4545, #3306, #1303 ) ;
#6832 = ORIENTED_EDGE ( 'NONE', *, *, #66, .T. ) ;
#6833 = ORIENTED_EDGE ( 'NONE', *, *, #5199, .F. ) ;
#6834 = EDGE_LOOP ( 'NONE', ( #788, #1757, #5064, #6047 ) ) ;
#6835 = DIRECTION ( 'NONE',  ( -4.448008912757226311E-15, 1.000000000000000000, 0.000000000000000000 ) ) ;
#6836 = EDGE_CURVE ( 'NONE', #4084, #7434, #2826, .T. ) ;
#6837 = SECURITY_CLASSIFICATION_LEVEL ( 'unclassified' ) ;
#6838 = LINE ( 'NONE', #7546, #2120 ) ;
#6839 = ORIENTED_EDGE ( 'NONE', *, *, #5373, .T. ) ;
#6840 = VECTOR ( 'NONE', #5412, 1000.000000000000000 ) ;
#6841 = VERTEX_POINT ( 'NONE', #2792 ) ;
#6842 = ORIENTED_EDGE ( 'NONE', *, *, #7643, .T. ) ;
#6843 = ORIENTED_EDGE ( 'NONE', *, *, #3414, .T. ) ;
#6844 = DIRECTION ( 'NONE',  ( -0.000000000000000000, -0.000000000000000000, -1.000000000000000000 ) ) ;
#6845 = COORDINATED_UNIVERSAL_TIME_OFFSET ( 8, 0, .AHEAD. ) ;
#6846 = DIRECTION ( 'NONE',  ( -0.000000000000000000, -0.000000000000000000, -1.000000000000000000 ) ) ;
#6847 = CARTESIAN_POINT ( 'NONE',  ( 38.50000000000086686, -8.881784197001252323E-13, 2.000000000000000000 ) ) ;
#6848 = CARTESIAN_POINT ( 'NONE',  ( -8.789265611616038023E-14, 18.99999999997876898, 0.000000000000000000 ) ) ;
#6849 = CARTESIAN_POINT ( 'NONE',  ( -34.99999999999658939, 2.999999999997227107, 0.7499999999999947820 ) ) ;
#6850 = CIRCLE ( 'NONE', #1984, 3.000000000000009770 ) ;
#6851 = DIRECTION ( 'NONE',  ( 1.000000000000000000, -0.000000000000000000, -0.000000000000000000 ) ) ;
#6852 = CYLINDRICAL_SURFACE ( 'NONE', #7782, 0.4999999999994939048 ) ;
#6853 = ADVANCED_FACE ( 'NONE', ( #7945 ), #1595, .T. ) ;
#6854 = FACE_OUTER_BOUND ( 'NONE', #4014, .T. ) ;
#6855 = ORIENTED_EDGE ( 'NONE', *, *, #3516, .F. ) ;
#6856 = AXIS2_PLACEMENT_3D ( 'NONE', #2717, #3214, #2065 ) ;
#6857 = DIRECTION ( 'NONE',  ( -0.000000000000000000, -0.000000000000000000, -1.000000000000000000 ) ) ;
#6858 = LINE ( 'NONE', #7393, #4876 ) ;
#6859 = DIRECTION ( 'NONE',  ( -0.000000000000000000, -0.000000000000000000, -1.000000000000000000 ) ) ;
#6860 = ORIENTED_EDGE ( 'NONE', *, *, #7778, .T. ) ;
#6861 = DIRECTION ( 'NONE',  ( 1.000000000000000000, -0.000000000000000000, -0.000000000000000000 ) ) ;
#6862 = CARTESIAN_POINT ( 'NONE',  ( 0.000000000000000000, 0.000000000000000000, 130.0000000000000000 ) ) ;
#6863 = EDGE_CURVE ( 'NONE', #6167, #4500, #4721, .T. ) ;
#6864 = CARTESIAN_POINT ( 'NONE',  ( -32.56418350557294161, 37.56284811935716306, 0.000000000000000000 ) ) ;
#6865 = LINE ( 'NONE', #2619, #4257 ) ;
#6866 = DIRECTION ( 'NONE',  ( 3.608224830031758756E-15, -1.000000000000000000, 1.387778780781447648E-16 ) ) ;
#6867 = ADVANCED_FACE ( 'NONE', ( #5336 ), #4844, .F. ) ;
#6868 = EDGE_CURVE ( 'NONE', #3465, #5110, #7212, .T. ) ;
#6869 = ORIENTED_EDGE ( 'NONE', *, *, #6207, .F. ) ;
#6870 = DIRECTION ( 'NONE',  ( -0.5000000000000009992, 0.000000000000000000, -0.8660254037844380415 ) ) ;
#6871 = LINE ( 'NONE', #6739, #3696 ) ;
#6872 = VERTEX_POINT ( 'NONE', #2292 ) ;
#6873 = CARTESIAN_POINT ( 'NONE',  ( 38.49999999999818101, 5.439999999962942034, 130.0000000000000000 ) ) ;
#6874 = AXIS2_PLACEMENT_3D ( 'NONE', #5760, #3665, #1643 ) ;
#6875 = ORIENTED_EDGE ( 'NONE', *, *, #6674, .F. ) ;
#6876 = ORIENTED_EDGE ( 'NONE', *, *, #5246, .T. ) ;
#6877 = EDGE_LOOP ( 'NONE', ( #3147, #2326, #6432, #3113 ) ) ;
#6878 = CARTESIAN_POINT ( 'NONE',  ( -34.74999999999764100, 6.150000000003656986, 0.000000000000000000 ) ) ;
#6879 = CARTESIAN_POINT ( 'NONE',  ( 34.50614573291354503, 34.08995298375406691, 130.0000000000000000 ) ) ;
#6880 = CC_DESIGN_DATE_AND_TIME_ASSIGNMENT ( #357, #318, ( #128 ) ) ;
#6881 = ORIENTED_EDGE ( 'NONE', *, *, #1651, .T. ) ;
#6882 = EDGE_CURVE ( 'NONE', #2128, #166, #2899, .T. ) ;
#6883 = VECTOR ( 'NONE', #6935, 1000.000000000000000 ) ;
#6884 = VERTEX_POINT ( 'NONE', #7328 ) ;
#6885 = ORIENTED_EDGE ( 'NONE', *, *, #2363, .T. ) ;
#6886 = ORIENTED_EDGE ( 'NONE', *, *, #2297, .F. ) ;
#6887 = LINE ( 'NONE', #4801, #2291 ) ;
#6888 = DATE_TIME_ROLE ( 'classification_date' ) ;
#6889 = LINE ( 'NONE', #1857, #1730 ) ;
#6890 = DIRECTION ( 'NONE',  ( -4.448008912757228678E-15, 1.000000000000000000, 0.000000000000000000 ) ) ;
#6891 = DIRECTION ( 'NONE',  ( 0.000000000000000000, 1.000000000000000000, -0.000000000000000000 ) ) ;
#6892 = DIRECTION ( 'NONE',  ( -1.000000000000000000, 0.000000000000000000, 0.000000000000000000 ) ) ;
#6893 = EDGE_CURVE ( 'NONE', #1841, #3843, #2118, .T. ) ;
#6894 = DIRECTION ( 'NONE',  ( 4.625929269276766746E-15, -1.000000000000000000, 0.000000000000000000 ) ) ;
#6895 = DIRECTION ( 'NONE',  ( 0.000000000000000000, -0.000000000000000000, 1.000000000000000000 ) ) ;
#6896 = CARTESIAN_POINT ( 'NONE',  ( -45.49999999999976552, 1.399999999996578204, 112.9999999999999574 ) ) ;
#6897 = ORIENTED_EDGE ( 'NONE', *, *, #3233, .T. ) ;
#6898 = CONICAL_SURFACE ( 'NONE', #7569, 1.750000000000001554, 0.7853981633974487231 ) ;
#6899 = CARTESIAN_POINT ( 'NONE',  ( 36.99999999999986500, 15.99999999997527311, 130.0000000000000000 ) ) ;
#6900 = CARTESIAN_POINT ( 'NONE',  ( -34.44536525785446202, 4.120214400373062524, 130.0000000000000000 ) ) ;
#6901 = CARTESIAN_POINT ( 'NONE',  ( 45.50000000000024158, -0.6000000000019954927, 130.0000000000000000 ) ) ;
#6902 = ORIENTED_EDGE ( 'NONE', *, *, #782, .T. ) ;
#6903 = DIRECTION ( 'NONE',  ( 4.818676322150006782E-15, -1.000000000000000000, 0.000000000000000000 ) ) ;
#6904 = DESIGN_CONTEXT ( 'detailed design', #2765, 'design' ) ;
#6905 = DIRECTION ( 'NONE',  ( 3.491130995404636153E-15, -1.000000000000000000, 0.000000000000000000 ) ) ;
#6906 = DIRECTION ( 'NONE',  ( -1.000000000000000000, -3.469446951953611033E-15, 0.000000000000000000 ) ) ;
#6907 = PLANE ( 'NONE',  #7174 ) ;
#6908 = DIRECTION ( 'NONE',  ( -3.497202527569243102E-15, 1.000000000000000222, 4.482068516844445246E-17 ) ) ;
#6909 = ORIENTED_EDGE ( 'NONE', *, *, #48, .T. ) ;
#6910 = LINE ( 'NONE', #4911, #498 ) ;
#6911 = LINE ( 'NONE', #1789, #3842 ) ;
#6912 = VERTEX_POINT ( 'NONE', #7251 ) ;
#6913 = VECTOR ( 'NONE', #6568, 1000.000000000000000 ) ;
#6914 = EDGE_CURVE ( 'NONE', #4799, #4536, #2933, .T. ) ;
#6915 = ADVANCED_FACE ( 'NONE', ( #285 ), #1034, .F. ) ;
#6916 = DIRECTION ( 'NONE',  ( 4.625929269276788045E-15, -1.000000000000000000, 0.000000000000000000 ) ) ;
#6917 = EDGE_LOOP ( 'NONE', ( #2672, #1877, #530, #2126 ) ) ;
#6918 = ORIENTED_EDGE ( 'NONE', *, *, #3676, .F. ) ;
#6919 = CARTESIAN_POINT ( 'NONE',  ( 0.000000000000000000, 37.99999999999504041, 130.0000000000000000 ) ) ;
#6920 = AXIS2_PLACEMENT_3D ( 'NONE', #2224, #7255, #6219 ) ;
#6921 = EDGE_CURVE ( 'NONE', #5462, #1219, #1703, .T. ) ;
#6922 = LINE ( 'NONE', #7373, #5149 ) ;
#6923 = FACE_OUTER_BOUND ( 'NONE', #1430, .T. ) ;
#6924 = ORIENTED_EDGE ( 'NONE', *, *, #6002, .T. ) ;
#6925 = EDGE_CURVE ( 'NONE', #2080, #4679, #1058, .T. ) ;
#6926 = VECTOR ( 'NONE', #8041, 1000.000000000000000 ) ;
#6927 = EDGE_CURVE ( 'NONE', #1019, #1506, #5459, .T. ) ;
#6928 = CONICAL_SURFACE ( 'NONE', #3354, 1.750000000000001554, 0.7853981633974487231 ) ;
#6929 = ORIENTED_EDGE ( 'NONE', *, *, #4927, .T. ) ;
#6930 = ORIENTED_EDGE ( 'NONE', *, *, #1936, .F. ) ;
#6931 = ORIENTED_EDGE ( 'NONE', *, *, #1243, .F. ) ;
#6932 = DIRECTION ( 'NONE',  ( -0.000000000000000000, -0.000000000000000000, -1.000000000000000000 ) ) ;
#6933 = ORIENTED_EDGE ( 'NONE', *, *, #1400, .F. ) ;
#6934 = APPROVAL_ROLE ( '' ) ;
#6935 = DIRECTION ( 'NONE',  ( -0.000000000000000000, -0.000000000000000000, -1.000000000000000000 ) ) ;
#6936 = DIRECTION ( 'NONE',  ( 1.000000000000000000, 4.625929269276766746E-15, 0.000000000000000000 ) ) ;
#6937 = LINE ( 'NONE', #1334, #2132 ) ;
#6938 = CARTESIAN_POINT ( 'NONE',  ( 34.50614573291354503, 34.08995298375406691, 130.0000000000000000 ) ) ;
#6939 = AXIS2_PLACEMENT_3D ( 'NONE', #4513, #3805, #6338 ) ;
#6940 = CARTESIAN_POINT ( 'NONE',  ( -24.64999999999984226, 24.64999999999975344, 0.000000000000000000 ) ) ;
#6941 = CARTESIAN_POINT ( 'NONE',  ( 36.99999999999994316, 1.645763297720172126E-13, 0.000000000000000000 ) ) ;
#6942 = ADVANCED_FACE ( 'NONE', ( #944 ), #7290, .T. ) ;
#6943 = CARTESIAN_POINT ( 'NONE',  ( 34.74999999999980105, 10.14999999999689706, 130.0000000000000000 ) ) ;
#6944 = VERTEX_POINT ( 'NONE', #5376 ) ;
#6945 = ORIENTED_EDGE ( 'NONE', *, *, #2424, .F. ) ;
#6946 = EDGE_CURVE ( 'NONE', #3333, #2934, #3438, .T. ) ;
#6947 = CARTESIAN_POINT ( 'NONE',  ( 0.2499999991414370015, 0.000000000000000000, 2.599999998949442670 ) ) ;
#6948 = CARTESIAN_POINT ( 'NONE',  ( -32.99999999999817391, 9.399999999997517008, 130.0000000000000000 ) ) ;
#6949 = CARTESIAN_POINT ( 'NONE',  ( -36.50000000000034106, 37.99999999999835154, 130.0000000000000000 ) ) ;
#6950 = VERTEX_POINT ( 'NONE', #2256 ) ;
#6951 = PRODUCT_RELATED_PRODUCT_CATEGORY ( 'detail', '', ( #791 ) ) ;
#6952 = CARTESIAN_POINT ( 'NONE',  ( -38.50000000000007816, 27.99999999998967581, 0.000000000000000000 ) ) ;
#6953 = DIRECTION ( 'NONE',  ( 1.000000000000000000, 0.000000000000000000, 0.000000000000000000 ) ) ;
#6954 = DIRECTION ( 'NONE',  ( -1.000000000000000000, 0.000000000000000000, 0.000000000000000000 ) ) ;
#6955 = LINE ( 'NONE', #7624, #7054 ) ;
#6956 = CALENDAR_DATE ( 2020, 16, 10 ) ;
#6957 = VERTEX_POINT ( 'NONE', #3402 ) ;
#6958 = VECTOR ( 'NONE', #5825, 999.9999999999998863 ) ;
#6959 = DIRECTION ( 'NONE',  ( -0.000000000000000000, -0.000000000000000000, -1.000000000000000000 ) ) ;
#6960 = VECTOR ( 'NONE', #6539, 1000.000000000000000 ) ;
#6961 = ORIENTED_EDGE ( 'NONE', *, *, #8058, .T. ) ;
#6962 = DIRECTION ( 'NONE',  ( 1.000000000000000000, 0.000000000000000000, 0.000000000000000000 ) ) ;
#6963 = ORIENTED_EDGE ( 'NONE', *, *, #1568, .F. ) ;
#6964 = AXIS2_PLACEMENT_3D ( 'NONE', #1766, #3656, #3567 ) ;
#6965 = ORIENTED_EDGE ( 'NONE', *, *, #165, .F. ) ;
#6966 = CARTESIAN_POINT ( 'NONE',  ( 0.000000000000000000, -1.600000000000000089, 0.3199999999999990630 ) ) ;
#6967 = CARTESIAN_POINT ( 'NONE',  ( -34.74999999999764100, 6.150000000003656986, 130.0000000000000000 ) ) ;
#6968 = DIRECTION ( 'NONE',  ( -1.000000000000000000, 0.000000000000000000, 0.000000000000000000 ) ) ;
#6969 = LOCAL_TIME ( 15, 24, 6.000000000000000000, #7324 ) ;
#6970 = VERTEX_POINT ( 'NONE', #4758 ) ;
#6971 = VECTOR ( 'NONE', #646, 1000.000000000000000 ) ;
#6972 = LOCAL_TIME ( 15, 24, 6.000000000000000000, #5171 ) ;
#6973 = EDGE_CURVE ( 'NONE', #5049, #3809, #3662, .T. ) ;
#6974 = VERTEX_POINT ( 'NONE', #1098 ) ;
#6975 = EDGE_LOOP ( 'NONE', ( #4378, #5803, #6588, #5172 ) ) ;
#6976 = ORIENTED_EDGE ( 'NONE', *, *, #1729, .F. ) ;
#6977 = VECTOR ( 'NONE', #3081, 1000.000000000000000 ) ;
#6978 = FACE_OUTER_BOUND ( 'NONE', #1441, .T. ) ;
#6979 = ORIENTED_EDGE ( 'NONE', *, *, #5124, .T. ) ;
#6980 = DATE_TIME_ROLE ( 'classification_date' ) ;
#6981 = ADVANCED_FACE ( 'NONE', ( #4218 ), #6749, .T. ) ;
#6982 = DIRECTION ( 'NONE',  ( 4.448008912757228678E-15, -1.000000000000000000, 0.000000000000000000 ) ) ;
#6983 = ADVANCED_FACE ( 'NONE', ( #2919 ), #4867, .T. ) ;
#6984 = CARTESIAN_POINT ( 'NONE',  ( -37.00000000000169109, -1.645763297720249876E-13, 0.000000000000000000 ) ) ;
#6985 = LINE ( 'NONE', #831, #3644 ) ;
#6986 = CARTESIAN_POINT ( 'NONE',  ( 34.99999999999875655, 0.000000000000000000, 130.0000000000000000 ) ) ;
#6987 = AXIS2_PLACEMENT_3D ( 'NONE', #5396, #2844, #6647 ) ;
#6988 = LINE ( 'NONE', #6941, #5665 ) ;
#6989 = CARTESIAN_POINT ( 'NONE',  ( 36.99999999999995026, 1.645763297720172378E-13, 130.0000000000000000 ) ) ;
#6990 = ORIENTED_EDGE ( 'NONE', *, *, #5334, .F. ) ;
#6991 = EDGE_LOOP ( 'NONE', ( #3796, #8059, #2921, #2492 ) ) ;
#6992 = CIRCLE ( 'NONE', #5254, 2.000000000000008882 ) ;
#6993 = DIRECTION ( 'NONE',  ( -0.000000000000000000, -0.000000000000000000, -1.000000000000000000 ) ) ;
#6994 = DIRECTION ( 'NONE',  ( -0.000000000000000000, 0.000000000000000000, 1.000000000000000000 ) ) ;
#6995 = FACE_OUTER_BOUND ( 'NONE', #6171, .T. ) ;
#6996 = ORIENTED_EDGE ( 'NONE', *, *, #3670, .F. ) ;
#6997 = CYLINDRICAL_SURFACE ( 'NONE', #130, 2.500000000000411671 ) ;
#6998 = CARTESIAN_POINT ( 'NONE',  ( 34.56124638287695205, 4.874999999990373034, 0.000000000000000000 ) ) ;
#6999 = EDGE_CURVE ( 'NONE', #5372, #5569, #4845, .T. ) ;
#7000 = AXIS2_PLACEMENT_3D ( 'NONE', #4498, #1486, #6483 ) ;
#7001 = CARTESIAN_POINT ( 'NONE',  ( 36.50000000000019895, 39.99999999999892708, 2.000000000000000000 ) ) ;
#7002 = LINE ( 'NONE', #3053, #6520 ) ;
#7003 = APPROVAL_STATUS ( 'not_yet_approved' ) ;
#7004 = ORIENTED_EDGE ( 'NONE', *, *, #3134, .T. ) ;
#7005 = CARTESIAN_POINT ( 'NONE',  ( -47.90000000000294023, 1.399999999996569988, 0.000000000000000000 ) ) ;
#7006 = AXIS2_PLACEMENT_3D ( 'NONE', #4523, #127, #712 ) ;
#7007 = CARTESIAN_POINT ( 'NONE',  ( 35.00000000000191847, 36.99999999999725731, 0.000000000000000000 ) ) ;
#7008 = VERTEX_POINT ( 'NONE', #8016 ) ;
#7009 = VERTEX_POINT ( 'NONE', #4154 ) ;
#7010 = DIRECTION ( 'NONE',  ( -1.000000000000000000, -4.625929269276788834E-15, 0.000000000000000000 ) ) ;
#7011 = LINE ( 'NONE', #5770, #1585 ) ;
#7012 = ADVANCED_FACE ( 'NONE', ( #6730 ), #6105, .T. ) ;
#7013 = ORIENTED_EDGE ( 'NONE', *, *, #1053, .T. ) ;
#7014 = VECTOR ( 'NONE', #173, 1000.000000000000000 ) ;
#7015 = ORIENTED_EDGE ( 'NONE', *, *, #6541, .T. ) ;
#7016 = VERTEX_POINT ( 'NONE', #7931 ) ;
#7017 = LINE ( 'NONE', #2556, #2434 ) ;
#7018 = VECTOR ( 'NONE', #4531, 1000.000000000000000 ) ;
#7019 = DIRECTION ( 'NONE',  ( 4.448008912757228678E-15, -1.000000000000000000, 0.000000000000000000 ) ) ;
#7020 = DIRECTION ( 'NONE',  ( -0.7071067811865479058, 8.659560562354937789E-17, 0.7071067811865472397 ) ) ;
#7021 = DIRECTION ( 'NONE',  ( -4.956352788497846780E-15, 1.000000000000000000, 0.000000000000000000 ) ) ;
#7022 = EDGE_CURVE ( 'NONE', #2371, #1348, #5481, .T. ) ;
#7023 = VECTOR ( 'NONE', #1014, 1000.000000000000000 ) ;
#7024 = DIRECTION ( 'NONE',  ( -0.000000000000000000, -0.000000000000000000, -1.000000000000000000 ) ) ;
#7025 = DIRECTION ( 'NONE',  ( -0.000000000000000000, -0.000000000000000000, -1.000000000000000000 ) ) ;
#7026 = ADVANCED_FACE ( 'NONE', ( #3453 ), #6775, .T. ) ;
#7027 = EDGE_CURVE ( 'NONE', #8079, #5582, #6024, .T. ) ;
#7028 = CARTESIAN_POINT ( 'NONE',  ( -37.00000000000169109, -1.645763297720249876E-13, 130.0000000000000000 ) ) ;
#7029 = EDGE_LOOP ( 'NONE', ( #4259, #1211 ) ) ;
#7030 = ORIENTED_EDGE ( 'NONE', *, *, #3115, .T. ) ;
#7031 = EDGE_CURVE ( 'NONE', #3197, #3795, #1692, .T. ) ;
#7032 = LINE ( 'NONE', #5196, #6806 ) ;
#7033 = CARTESIAN_POINT ( 'NONE',  ( -41.49999999999977263, -0.6000000000022992497, 130.0000000000000000 ) ) ;
#7034 = DIRECTION ( 'NONE',  ( -3.469446951957591626E-15, 1.000000000000000000, 0.000000000000000000 ) ) ;
#7035 = ADVANCED_FACE ( 'NONE', ( #6614 ), #5435, .F. ) ;
#7036 = EDGE_LOOP ( 'NONE', ( #2168, #1266, #1939, #2220 ) ) ;
#7037 = CARTESIAN_POINT ( 'NONE',  ( 5.421010862427511077E-17, 0.3199999999999999512, -0.6200000000000001066 ) ) ;
#7038 = DIRECTION ( 'NONE',  ( 0.000000000000000000, 0.000000000000000000, 1.000000000000000000 ) ) ;
#7039 = CARTESIAN_POINT ( 'NONE',  ( 33.24999999999840128, 6.899999999998695621, 0.000000000000000000 ) ) ;
#7040 = LINE ( 'NONE', #4027, #4123 ) ;
#7041 = CALENDAR_DATE ( 2020, 16, 10 ) ;
#7042 = PRODUCT_DEFINITION_SHAPE ( 'NONE', 'NONE',  #5967 ) ;
#7043 = ORIENTED_EDGE ( 'NONE', *, *, #7959, .T. ) ;
#7044 = EDGE_CURVE ( 'NONE', #6957, #1128, #5528, .T. ) ;
#7045 = CARTESIAN_POINT ( 'NONE',  ( 38.49999999999825206, 1.855190384027663876E-13, 130.0000000000000000 ) ) ;
#7046 = ORIENTED_EDGE ( 'NONE', *, *, #1650, .T. ) ;
#7047 = VERTEX_POINT ( 'NONE', #6686 ) ;
#7048 = CARTESIAN_POINT ( 'NONE',  ( -34.99999999999739231, 5.831893559006809724, 130.0000000000000000 ) ) ;
#7049 = DIRECTION ( 'NONE',  ( 3.483287830750206171E-15, -1.000000000000000000, 0.000000000000000000 ) ) ;
#7050 = ADVANCED_FACE ( 'NONE', ( #2240 ), #7398, .F. ) ;
#7051 = CIRCLE ( 'NONE', #737, 2.000000000000001776 ) ;
#7052 = ORIENTED_EDGE ( 'NONE', *, *, #4590, .F. ) ;
#7053 = APPROVAL ( #2383, '未指定' ) ;
#7054 = VECTOR ( 'NONE', #2146, 1000.000000000000000 ) ;
#7055 = ORIENTED_EDGE ( 'NONE', *, *, #7812, .T. ) ;
#7056 = ORIENTED_EDGE ( 'NONE', *, *, #6868, .T. ) ;
#7057 = FACE_OUTER_BOUND ( 'NONE', #348, .T. ) ;
#7058 = DATE_AND_TIME ( #2643, #3791 ) ;
#7059 = CARTESIAN_POINT ( 'NONE',  ( 36.99999999999995026, 1.645763297720172378E-13, 0.000000000000000000 ) ) ;
#7060 = EDGE_CURVE ( 'NONE', #540, #314, #7772, .T. ) ;
#7061 = FACE_OUTER_BOUND ( 'NONE', #4180, .T. ) ;
#7062 = DIRECTION ( 'NONE',  ( -1.000000000000000000, -4.625929269276788834E-15, 0.000000000000000000 ) ) ;
#7063 = VECTOR ( 'NONE', #3467, 1000.000000000000000 ) ;
#7064 = CARTESIAN_POINT ( 'NONE',  ( 36.99999999999980815, 30.99999999999360512, 0.000000000000000000 ) ) ;
#7065 = PLANE ( 'NONE',  #153 ) ;
#7066 = ORIENTED_EDGE ( 'NONE', *, *, #6067, .F. ) ;
#7067 = ORIENTED_EDGE ( 'NONE', *, *, #5452, .T. ) ;
#7068 = CARTESIAN_POINT ( 'NONE',  ( 48.49999999999798916, 0.8000000000000812017, 0.000000000000000000 ) ) ;
#7069 = LINE ( 'NONE', #7809, #3645 ) ;
#7070 = VECTOR ( 'NONE', #4479, 1000.000000000000000 ) ;
#7071 = CARTESIAN_POINT ( 'NONE',  ( -38.49999999999887734, 33.99999999999523226, 130.0000000000000000 ) ) ;
#7072 = EDGE_CURVE ( 'NONE', #6214, #7864, #1040, .T. ) ;
#7073 = ORIENTED_EDGE ( 'NONE', *, *, #5154, .F. ) ;
#7074 = LINE ( 'NONE', #5166, #6971 ) ;
#7075 = DIRECTION ( 'NONE',  ( -1.000000000000000000, 0.000000000000000000, 0.000000000000000000 ) ) ;
#7076 = CARTESIAN_POINT ( 'NONE',  ( 0.000000000000000000, 1.999999999998304245, 130.0000000000000000 ) ) ;
#7077 = EDGE_CURVE ( 'NONE', #1912, #7768, #3538, .T. ) ;
#7078 = CALENDAR_DATE ( 2020, 16, 10 ) ;
#7079 = ORIENTED_EDGE ( 'NONE', *, *, #2147, .T. ) ;
#7080 = EDGE_CURVE ( 'NONE', #490, #6688, #6033, .T. ) ;
#7081 = ADVANCED_FACE ( 'NONE', ( #3623 ), #6151, .F. ) ;
#7082 = DIRECTION ( 'NONE',  ( -1.000000000000000000, -3.469446951957575454E-15, 0.000000000000000000 ) ) ;
#7083 = EDGE_LOOP ( 'NONE', ( #6631, #5999, #486, #2049 ) ) ;
#7084 = CIRCLE ( 'NONE', #7862, 2.500000000000397904 ) ;
#7085 = ORIENTED_EDGE ( 'NONE', *, *, #3562, .F. ) ;
#7086 = DIRECTION ( 'NONE',  ( 1.000000000000000000, 0.000000000000000000, 0.000000000000000000 ) ) ;
#7087 = CARTESIAN_POINT ( 'NONE',  ( 38.00000000000192557, 36.99999999999725731, 2.000000000000000000 ) ) ;
#7088 = VERTEX_POINT ( 'NONE', #4906 ) ;
#7089 = AXIS2_PLACEMENT_3D ( 'NONE', #501, #8128, #2428 ) ;
#7090 = VECTOR ( 'NONE', #1910, 1000.000000000000000 ) ;
#7091 = EDGE_CURVE ( 'NONE', #1195, #1019, #5681, .T. ) ;
#7092 = VERTEX_POINT ( 'NONE', #3822 ) ;
#7093 = ORIENTED_EDGE ( 'NONE', *, *, #7870, .F. ) ;
#7094 = CARTESIAN_POINT ( 'NONE',  ( 45.50000000000027001, -8.600000000003104716, 113.0000000000000142 ) ) ;
#7095 = COORDINATED_UNIVERSAL_TIME_OFFSET ( 8, 0, .AHEAD. ) ;
#7096 = DIRECTION ( 'NONE',  ( 3.483287830750201044E-15, -1.000000000000000000, 0.000000000000000000 ) ) ;
#7097 = LOCAL_TIME ( 15, 24, 6.000000000000000000, #7578 ) ;
#7098 = PLANE ( 'NONE',  #8064 ) ;
#7099 = DIRECTION ( 'NONE',  ( -0.000000000000000000, -0.000000000000000000, -1.000000000000000000 ) ) ;
#7100 = LINE ( 'NONE', #4021, #2698 ) ;
#7101 = CARTESIAN_POINT ( 'NONE',  ( -37.00000000000174083, 11.43999999997001282, 0.000000000000000000 ) ) ;
#7102 = VECTOR ( 'NONE', #4859, 1000.000000000000000 ) ;
#7103 = LOCAL_TIME ( 15, 24, 6.000000000000000000, #2558 ) ;
#7104 = EDGE_CURVE ( 'NONE', #6341, #1487, #1323, .T. ) ;
#7105 = ORIENTED_EDGE ( 'NONE', *, *, #3365, .F. ) ;
#7106 = ORIENTED_EDGE ( 'NONE', *, *, #7659, .F. ) ;
#7107 = CARTESIAN_POINT ( 'NONE',  ( -38.49999999999994316, -1.855190384027749956E-13, 130.0000000000000000 ) ) ;
#7108 = LINE ( 'NONE', #2722, #2332 ) ;
#7109 = CARTESIAN_POINT ( 'NONE',  ( 36.99999999999983658, 23.43999999998493422, 130.0000000000000000 ) ) ;
#7110 = CLOSED_SHELL ( 'NONE', ( #4734, #7215, #5901, #3371, #4109, #1081, #7257, #7050, #223, #5436, #6328, #3457, #7925, #3326, #6513, #2115, #6867, #933, #2123, #5895, #7172, #6915, #2222, #145 ) ) ;
#7111 = ORIENTED_EDGE ( 'NONE', *, *, #1171, .F. ) ;
#7112 = AXIS2_PLACEMENT_3D ( 'NONE', #7780, #5016, #2122 ) ;
#7113 = EDGE_CURVE ( 'NONE', #2567, #5506, #5281, .T. ) ;
#7114 = DIRECTION ( 'NONE',  ( -0.000000000000000000, -2.541098841762900031E-16, 1.000000000000000000 ) ) ;
#7115 = DIRECTION ( 'NONE',  ( -3.491130995403401191E-15, 1.000000000000000000, 0.000000000000000000 ) ) ;
#7116 = CARTESIAN_POINT ( 'NONE',  ( 0.000000000000000000, -0.3200000000000000067, -1.600000000000000089 ) ) ;
#7117 = CIRCLE ( 'NONE', #1693, 3.000000000000009770 ) ;
#7118 = ORIENTED_EDGE ( 'NONE', *, *, #7027, .T. ) ;
#7119 = DIRECTION ( 'NONE',  ( -1.000000000000000000, -4.625929269276788834E-15, 0.000000000000000000 ) ) ;
#7120 = EDGE_CURVE ( 'NONE', #306, #8065, #2506, .T. ) ;
#7121 = AXIS2_PLACEMENT_3D ( 'NONE', #6919, #2502, #4432 ) ;
#7122 = LINE ( 'NONE', #6465, #2443 ) ;
#7123 = VERTEX_POINT ( 'NONE', #880 ) ;
#7124 = EDGE_CURVE ( 'NONE', #3506, #3277, #4589, .T. ) ;
#7125 = EDGE_CURVE ( 'NONE', #1135, #1101, #669, .T. ) ;
#7126 = VERTEX_POINT ( 'NONE', #263 ) ;
#7127 = AXIS2_PLACEMENT_3D ( 'NONE', #6721, #5311, #2874 ) ;
#7128 = CARTESIAN_POINT ( 'NONE',  ( 33.24999999999836575, 2.999999999997227107, 0.7499999999999947820 ) ) ;
#7129 = EDGE_CURVE ( 'NONE', #1907, #4005, #4715, .T. ) ;
#7130 = ORIENTED_EDGE ( 'NONE', *, *, #17, .F. ) ;
#7131 = VECTOR ( 'NONE', #162, 1000.000000000000000 ) ;
#7132 = EDGE_LOOP ( 'NONE', ( #436, #1405, #6797, #4976 ) ) ;
#7133 = ORIENTED_EDGE ( 'NONE', *, *, #1990, .F. ) ;
#7134 = CARTESIAN_POINT ( 'NONE',  ( -2.928213227440575540E-14, 8.439999999966474320, 130.0000000000000000 ) ) ;
#7135 = CALENDAR_DATE ( 2020, 16, 10 ) ;
#7136 = DIRECTION ( 'NONE',  ( 1.000000000000000000, 0.000000000000000000, 0.000000000000000000 ) ) ;
#7137 = DIRECTION ( 'NONE',  ( -1.000000000000000000, -3.491130995403401191E-15, 0.000000000000000000 ) ) ;
#7138 = CIRCLE ( 'NONE', #4357, 2.500000000000397904 ) ;
#7139 = LINE ( 'NONE', #1484, #6015 ) ;
#7140 = CARTESIAN_POINT ( 'NONE',  ( -3.969047313029125460E-14, 11.43999999997014072, 0.000000000000000000 ) ) ;
#7141 = DIRECTION ( 'NONE',  ( 0.000000000000000000, 0.000000000000000000, 1.000000000000000000 ) ) ;
#7142 = ORIENTED_EDGE ( 'NONE', *, *, #1519, .F. ) ;
#7143 = CIRCLE ( 'NONE', #6363, 0.2999999999999999889 ) ;
#7144 = EDGE_LOOP ( 'NONE', ( #2666, #6544, #4467, #725 ) ) ;
#7145 = EDGE_CURVE ( 'NONE', #6970, #2998, #3649, .T. ) ;
#7146 = CARTESIAN_POINT ( 'NONE',  ( 38.49999999999809575, 29.43999999999227413, 130.0000000000000000 ) ) ;
#7147 = FACE_OUTER_BOUND ( 'NONE', #5473, .T. ) ;
#7148 = DIRECTION ( 'NONE',  ( 4.818676322150006782E-15, -1.000000000000000000, 0.000000000000000000 ) ) ;
#7149 =( REPRESENTATION_RELATIONSHIP ('NONE','NONE', #3517, #180 ) REPRESENTATION_RELATIONSHIP_WITH_TRANSFORMATION ( #2464 )SHAPE_REPRESENTATION_RELATIONSHIP( ) );
#7150 = CARTESIAN_POINT ( 'NONE',  ( 1.084202172485499997E-16, 2.600000000000000533, -0.3200000000000000067 ) ) ;
#7151 = CARTESIAN_POINT ( 'NONE',  ( 0.000000000000000000, 0.000000000000000000, 0.000000000000000000 ) ) ;
#7152 = PLANE ( 'NONE',  #95 ) ;
#7153 = VERTEX_POINT ( 'NONE', #5059 ) ;
#7154 = CARTESIAN_POINT ( 'NONE',  ( 34.99999999999657518, 2.999999999994909405, 0.000000000000000000 ) ) ;
#7155 = LINE ( 'NONE', #2124, #2623 ) ;
#7156 = DIRECTION ( 'NONE',  ( 1.000000000000000000, 0.000000000000000000, 0.000000000000000000 ) ) ;
#7157 = ORIENTED_EDGE ( 'NONE', *, *, #6700, .F. ) ;
#7158 = ORIENTED_EDGE ( 'NONE', *, *, #7980, .T. ) ;
#7159 = ADVANCED_FACE ( 'NONE', ( #1322 ), #7191, .F. ) ;
#7160 = VECTOR ( 'NONE', #1118, 1000.000000000000000 ) ;
#7161 = DIRECTION ( 'NONE',  ( -0.000000000000000000, -0.000000000000000000, 1.000000000000000000 ) ) ;
#7162 = ORIENTED_EDGE ( 'NONE', *, *, #2297, .T. ) ;
#7163 = ADVANCED_FACE ( 'NONE', ( #6923 ), #1532, .T. ) ;
#7164 = ORIENTED_EDGE ( 'NONE', *, *, #3389, .F. ) ;
#7165 = VERTEX_POINT ( 'NONE', #7547 ) ;
#7166 = ADVANCED_FACE ( 'NONE', ( #5908 ), #2081, .T. ) ;
#7167 = CARTESIAN_POINT ( 'NONE',  ( 32.99999999999633360, 0.000000000000000000, 130.0000000000000000 ) ) ;
#7168 = VECTOR ( 'NONE', #1527, 1000.000000000000000 ) ;
#7169 = DATE_AND_TIME ( #2677, #770 ) ;
#7170 = CARTESIAN_POINT ( 'NONE',  ( -24.64999999999984226, 24.64999999999975344, 130.0000000000000000 ) ) ;
#7171 = CARTESIAN_POINT ( 'NONE',  ( -34.99999999999536726, 2.999999999997816857, 0.000000000000000000 ) ) ;
#7172 = ADVANCED_FACE ( 'NONE', ( #1272 ), #5248, .F. ) ;
#7173 = DIRECTION ( 'NONE',  ( -0.8660254037844380415, -0.5000000000000009992, 0.000000000000000000 ) ) ;
#7174 = AXIS2_PLACEMENT_3D ( 'NONE', #6287, #5090, #650 ) ;
#7175 = CARTESIAN_POINT ( 'NONE',  ( -3.469446951946424195E-14, 9.999999999967812414, 130.0000000000000000 ) ) ;
#7176 = VERTEX_POINT ( 'NONE', #7594 ) ;
#7177 = VERTEX_POINT ( 'NONE', #2731 ) ;
#7178 = DIRECTION ( 'NONE',  ( -0.000000000000000000, -0.000000000000000000, -1.000000000000000000 ) ) ;
#7179 = VECTOR ( 'NONE', #1843, 1000.000000000000000 ) ;
#7180 = CARTESIAN_POINT ( 'NONE',  ( 36.99999999999985789, 17.43999999997760142, 130.0000000000000000 ) ) ;
#7181 = CARTESIAN_POINT ( 'NONE',  ( -33.12500000000197531, 37.33602648021682313, 130.0000000000000000 ) ) ;
#7182 = CARTESIAN_POINT ( 'NONE',  ( -33.25000000000014211, 36.99999999999725731, 0.000000000000000000 ) ) ;
#7183 = CARTESIAN_POINT ( 'NONE',  ( 32.06620911920974493, 37.51788690797764048, 130.0000000000000000 ) ) ;
#7184 = DIRECTION ( 'NONE',  ( 1.000000000000000000, 0.000000000000000000, 0.000000000000000000 ) ) ;
#7185 = VECTOR ( 'NONE', #3322, 1000.000000000000000 ) ;
#7186 = DIRECTION ( 'NONE',  ( 0.000000000000000000, 0.000000000000000000, 1.000000000000000000 ) ) ;
#7187 = ADVANCED_FACE ( 'A', ( #3201 ), #2872, .T. ) ;
#7188 = VECTOR ( 'NONE', #4384, 1000.000000000000000 ) ;
#7189 = APPROVAL ( #7995, '未指定' ) ;
#7190 = DIRECTION ( 'NONE',  ( 3.528251137580203374E-15, -1.000000000000000000, 0.000000000000000000 ) ) ;
#7191 = CYLINDRICAL_SURFACE ( 'NONE', #7112, 1.249999999999744427 ) ;
#7192 = DIRECTION ( 'NONE',  ( -4.448008912757228678E-15, 1.000000000000000000, 0.000000000000000000 ) ) ;
#7193 = AXIS2_PLACEMENT_3D ( 'NONE', #5278, #189, #154 ) ;
#7194 = CARTESIAN_POINT ( 'NONE',  ( 43.50000000000026290, -8.600000000003111822, 23.00000000000000711 ) ) ;
#7195 = VERTEX_POINT ( 'NONE', #84 ) ;
#7196 = ORIENTED_EDGE ( 'NONE', *, *, #5613, .F. ) ;
#7197 = CARTESIAN_POINT ( 'NONE',  ( -3.469446951946424195E-14, 9.999999999967812414, 130.0000000000000000 ) ) ;
#7198 = EDGE_LOOP ( 'NONE', ( #570, #6129, #214, #659 ) ) ;
#7199 = EDGE_CURVE ( 'NONE', #166, #1716, #2592, .T. ) ;
#7200 = VECTOR ( 'NONE', #1600, 1000.000000000000000 ) ;
#7201 = LOCAL_TIME ( 15, 24, 6.000000000000000000, #3831 ) ;
#7202 = VERTEX_POINT ( 'NONE', #7742 ) ;
#7203 = EDGE_LOOP ( 'NONE', ( #753, #7714, #1365, #5879 ) ) ;
#7204 = LINE ( 'NONE', #7167, #5079 ) ;
#7205 = COORDINATED_UNIVERSAL_TIME_OFFSET ( 8, 0, .AHEAD. ) ;
#7206 = DIRECTION ( 'NONE',  ( -0.000000000000000000, -0.000000000000000000, -1.000000000000000000 ) ) ;
#7207 = FACE_BOUND ( 'NONE', #1928, .T. ) ;
#7208 = AXIS2_PLACEMENT_3D ( 'NONE', #6061, #5981, #4698 ) ;
#7209 = VECTOR ( 'NONE', #5703, 1000.000000000000000 ) ;
#7210 = EDGE_CURVE ( 'NONE', #2866, #6471, #1468, .T. ) ;
#7211 = DIRECTION ( 'NONE',  ( -0.000000000000000000, 0.000000000000000000, 1.000000000000000000 ) ) ;
#7212 = LINE ( 'NONE', #1559, #5673 ) ;
#7213 = ORIENTED_EDGE ( 'NONE', *, *, #6472, .T. ) ;
#7214 = VERTEX_POINT ( 'NONE', #849 ) ;
#7215 = ADVANCED_FACE ( 'NONE', ( #3347 ), #1183, .F. ) ;
#7216 = EDGE_CURVE ( 'NONE', #6350, #7241, #141, .T. ) ;
#7217 = CARTESIAN_POINT ( 'NONE',  ( 45.50000000000023448, 1.399999999996895284, 113.0000000000000142 ) ) ;
#7218 = AXIS2_PLACEMENT_3D ( 'NONE', #6636, #6011, #5419 ) ;
#7219 = PERSON_AND_ORGANIZATION_ROLE ( 'design_owner' ) ;
#7220 = CARTESIAN_POINT ( 'NONE',  ( 4.515812910881320086, 0.000000000000000000, -1.500000000000000000 ) ) ;
#7221 = CARTESIAN_POINT ( 'NONE',  ( 0.8249999999999999556, -0.3200000000000000067, 0.3200000000000000067 ) ) ;
#7222 = CARTESIAN_POINT ( 'NONE',  ( -32.99999999999517541, 6.400000000004301803, 0.000000000000000000 ) ) ;
#7223 = SECURITY_CLASSIFICATION ( '', '', #5997 ) ;
#7224 = VECTOR ( 'NONE', #2239, 1000.000000000000000 ) ;
#7225 = CC_DESIGN_APPROVAL ( #1742, ( #4659 ) ) ;
#7226 = FACE_BOUND ( 'NONE', #4542, .T. ) ;
#7227 = CARTESIAN_POINT ( 'NONE',  ( -45.49999999999975842, 1.399999999996578204, 17.00000000000000000 ) ) ;
#7228 = CARTESIAN_POINT ( 'NONE',  ( 34.74999999999890576, 6.149999999999999467, 130.0000000000000000 ) ) ;
#7229 = EDGE_CURVE ( 'NONE', #4252, #6884, #1120, .T. ) ;
#7230 = FACE_OUTER_BOUND ( 'NONE', #2281, .T. ) ;
#7231 = DIRECTION ( 'NONE',  ( -3.483287830750206171E-15, 1.000000000000000000, 0.000000000000000000 ) ) ;
#7232 = EDGE_CURVE ( 'NONE', #1870, #623, #2355, .T. ) ;
#7233 = LINE ( 'NONE', #960, #6306 ) ;
#7234 = AXIS2_PLACEMENT_3D ( 'NONE', #1736, #4113, #7354 ) ;
#7235 = CARTESIAN_POINT ( 'NONE',  ( -33.24999999999803890, 9.399999999997515232, 130.0000000000000000 ) ) ;
#7236 = VERTEX_POINT ( 'NONE', #7963 ) ;
#7237 = ORIENTED_EDGE ( 'NONE', *, *, #4634, .T. ) ;
#7238 =( NAMED_UNIT ( * ) PLANE_ANGLE_UNIT ( ) SI_UNIT ( $, .RADIAN. ) );
#7239 = FACE_OUTER_BOUND ( 'NONE', #7244, .T. ) ;
#7240 = AXIS2_PLACEMENT_3D ( 'NONE', #7590, #6351, #5142 ) ;
#7241 = VERTEX_POINT ( 'NONE', #5946 ) ;
#7242 = VECTOR ( 'NONE', #6640, 1000.000000000000000 ) ;
#7243 = VERTEX_POINT ( 'NONE', #3535 ) ;
#7244 = EDGE_LOOP ( 'NONE', ( #840, #8104, #4970, #7331 ) ) ;
#7245 = DIRECTION ( 'NONE',  ( 1.000000000000000000, 3.469446951957591626E-15, 0.000000000000000000 ) ) ;
#7246 = APPROVAL_DATE_TIME ( #2211, #1890 ) ;
#7247 = CARTESIAN_POINT ( 'NONE',  ( -37.00000000000172662, 8.439999999966346422, 130.0000000000000000 ) ) ;
#7248 =( REPRESENTATION_RELATIONSHIP ('NONE','NONE', #3517, #961 ) REPRESENTATION_RELATIONSHIP_WITH_TRANSFORMATION ( #6080 )SHAPE_REPRESENTATION_RELATIONSHIP( ) );
#7249 = ORIENTED_EDGE ( 'NONE', *, *, #6041, .F. ) ;
#7250 = DIRECTION ( 'NONE',  ( -0.000000000000000000, -0.000000000000000000, -1.000000000000000000 ) ) ;
#7251 = CARTESIAN_POINT ( 'NONE',  ( -34.75000000000164846, 10.14999999999665192, 130.0000000000000000 ) ) ;
#7252 = AXIS2_PLACEMENT_3D ( 'NONE', #5104, #1321, #2017 ) ;
#7253 = ORIENTED_EDGE ( 'NONE', *, *, #295, .T. ) ;
#7254 = VERTEX_POINT ( 'NONE', #2192 ) ;
#7255 = DIRECTION ( 'NONE',  ( -0.000000000000000000, -0.000000000000000000, -1.000000000000000000 ) ) ;
#7256 = PERSON_AND_ORGANIZATION ( #7757, #5787 ) ;
#7257 = ADVANCED_FACE ( 'NONE', ( #6020 ), #300, .F. ) ;
#7258 = CARTESIAN_POINT ( 'NONE',  ( -43.49999999999976552, -0.6000000000023070212, 17.00000000000000000 ) ) ;
#7259 = DIRECTION ( 'NONE',  ( 1.000000000000000000, 0.000000000000000000, 0.000000000000000000 ) ) ;
#7260 = CARTESIAN_POINT ( 'NONE',  ( 34.99999999999836575, 2.999999999997227107, 0.7499999999999947820 ) ) ;
#7261 = EDGE_CURVE ( 'NONE', #2814, #4005, #5478, .T. ) ;
#7262 = EDGE_CURVE ( 'NONE', #4943, #3646, #462, .T. ) ;
#7263 = CARTESIAN_POINT ( 'NONE',  ( 34.99999999999834444, 5.900000000000579448, 130.0000000000000000 ) ) ;
#7264 = CARTESIAN_POINT ( 'NONE',  ( 38.49999999999808864, 32.43999999999594763, 0.000000000000000000 ) ) ;
#7265 = AXIS2_PLACEMENT_3D ( 'NONE', #2822, #4912, #6159 ) ;
#7266 = EDGE_CURVE ( 'NONE', #2810, #7176, #1608, .T. ) ;
#7267 = CARTESIAN_POINT ( 'NONE',  ( 32.99999999999721467, 6.899999999998694733, 130.0000000000000000 ) ) ;
#7268 = EDGE_CURVE ( 'NONE', #7791, #406, #6726, .T. ) ;
#7269 = DIRECTION ( 'NONE',  ( 0.000000000000000000, 0.000000000000000000, 1.000000000000000000 ) ) ;
#7270 = CARTESIAN_POINT ( 'NONE',  ( 1.084202172485499997E-16, 1.600000000000000089, 0.000000000000000000 ) ) ;
#7271 = CYLINDRICAL_SURFACE ( 'NONE', #242, 1.999999999999988010 ) ;
#7272 = DIRECTION ( 'NONE',  ( -0.000000000000000000, -0.000000000000000000, -1.000000000000000000 ) ) ;
#7273 = AXIS2_PLACEMENT_3D ( 'NONE', #5261, #5882, #7136 ) ;
#7274 = EDGE_CURVE ( 'NONE', #6452, #7008, #3110, .T. ) ;
#7275 = DIRECTION ( 'NONE',  ( 1.000000000000000000, 4.818676322149994949E-15, -0.000000000000000000 ) ) ;
#7276 = ORIENTED_EDGE ( 'NONE', *, *, #4678, .F. ) ;
#7277 = VERTEX_POINT ( 'NONE', #1576 ) ;
#7278 = ADVANCED_FACE ( 'NONE', ( #1077 ), #995, .T. ) ;
#7279 = PLANE ( 'NONE',  #3121 ) ;
#7280 = ORIENTED_EDGE ( 'NONE', *, *, #5729, .F. ) ;
#7281 = ORIENTED_EDGE ( 'NONE', *, *, #5047, .T. ) ;
#7282 = VERTEX_POINT ( 'NONE', #6682 ) ;
#7283 = AXIS2_PLACEMENT_3D ( 'NONE', #6059, #2839, #1035 ) ;
#7284 = DIRECTION ( 'NONE',  ( -0.000000000000000000, -0.000000000000000000, -1.000000000000000000 ) ) ;
#7285 = EDGE_CURVE ( 'NONE', #2998, #5009, #4077, .T. ) ;
#7286 = DATE_AND_TIME ( #1589, #4045 ) ;
#7287 = CARTESIAN_POINT ( 'NONE',  ( 36.75000000000191847, 36.99999999999725731, 0.000000000000000000 ) ) ;
#7288 = CC_DESIGN_PERSON_AND_ORGANIZATION_ASSIGNMENT ( #6132, #4139, ( #6308 ) ) ;
#7289 = ORIENTED_EDGE ( 'NONE', *, *, #4656, .T. ) ;
#7290 = PLANE ( 'NONE',  #2634 ) ;
#7291 = ORIENTED_EDGE ( 'NONE', *, *, #1279, .T. ) ;
#7292 = ORIENTED_EDGE ( 'NONE', *, *, #5541, .F. ) ;
#7293 = FACE_OUTER_BOUND ( 'NONE', #6377, .T. ) ;
#7294 = ADVANCED_FACE ( 'NONE', ( #2840 ), #5352, .F. ) ;
#7295 = DATE_AND_TIME ( #4763, #1443 ) ;
#7296 = CARTESIAN_POINT ( 'NONE',  ( 33.24999999999707256, 6.149999999999999467, 130.0000000000000000 ) ) ;
#7297 = FACE_OUTER_BOUND ( 'NONE', #3827, .T. ) ;
#7298 = PLANE ( 'NONE',  #3374 ) ;
#7299 = VECTOR ( 'NONE', #5265, 1000.000000000000000 ) ;
#7300 = PLANE ( 'NONE',  #197 ) ;
#7301 = DIRECTION ( 'NONE',  ( 1.000000000000000000, 4.818676322150006782E-15, -0.000000000000000000 ) ) ;
#7302 = CARTESIAN_POINT ( 'NONE',  ( 37.90000000000137703, 1.323271427421595820E-13, 130.0000000000000000 ) ) ;
#7303 = AXIS2_PLACEMENT_3D ( 'NONE', #5850, #7211, #4609 ) ;
#7304 = EDGE_CURVE ( 'NONE', #2452, #2080, #8011, .T. ) ;
#7305 = EDGE_LOOP ( 'NONE', ( #1652, #3895, #1959, #14 ) ) ;
#7306 = DIRECTION ( 'NONE',  ( 4.818676322150006782E-15, -1.000000000000000000, 0.000000000000000000 ) ) ;
#7307 = PLANE ( 'NONE',  #4693 ) ;
#7308 = AXIS2_PLACEMENT_3D ( 'NONE', #1051, #7942, #8032 ) ;
#7309 = CARTESIAN_POINT ( 'NONE',  ( -32.99999999999817391, 9.899999999996353495, 130.0000000000000000 ) ) ;
#7310 = DIRECTION ( 'NONE',  ( -3.469446951957607403E-15, 1.000000000000000000, 0.000000000000000000 ) ) ;
#7311 = EDGE_CURVE ( 'NONE', #1062, #7528, #2077, .T. ) ;
#7312 = FACE_OUTER_BOUND ( 'NONE', #1264, .T. ) ;
#7313 = CIRCLE ( 'NONE', #5750, 0.2500000000000904277 ) ;
#7314 = EDGE_LOOP ( 'NONE', ( #4297, #4169, #3716, #7641 ) ) ;
#7315 = ORIENTED_EDGE ( 'NONE', *, *, #7949, .F. ) ;
#7316 = ADVANCED_FACE ( 'NONE', ( #4774 ), #7307, .T. ) ;
#7317 = EDGE_CURVE ( 'NONE', #2510, #7791, #5430, .T. ) ;
#7318 = FACE_OUTER_BOUND ( 'NONE', #3234, .T. ) ;
#7319 = AXIS2_PLACEMENT_3D ( 'NONE', #7001, #1305, #1965 ) ;
#7320 = EDGE_LOOP ( 'NONE', ( #7460, #5141, #429, #7902 ) ) ;
#7321 = EDGE_LOOP ( 'NONE', ( #1894, #4210, #2290, #1985 ) ) ;
#7322 = ORIENTED_EDGE ( 'NONE', *, *, #4120, .T. ) ;
#7323 = DIRECTION ( 'NONE',  ( -4.448008912757228678E-15, 1.000000000000000000, 0.000000000000000000 ) ) ;
#7324 = COORDINATED_UNIVERSAL_TIME_OFFSET ( 8, 0, .AHEAD. ) ;
#7325 = PLANE ( 'NONE',  #4750 ) ;
#7326 = ORIENTED_EDGE ( 'NONE', *, *, #3313, .F. ) ;
#7327 = EDGE_CURVE ( 'NONE', #3300, #5662, #4280, .T. ) ;
#7328 = CARTESIAN_POINT ( 'NONE',  ( -38.50000000000000711, 8.439999999966341093, 130.0000000000000000 ) ) ;
#7329 = ORIENTED_EDGE ( 'NONE', *, *, #2482, .T. ) ;
#7330 = ORIENTED_EDGE ( 'NONE', *, *, #4334, .F. ) ;
#7331 = ORIENTED_EDGE ( 'NONE', *, *, #5701, .T. ) ;
#7332 = CARTESIAN_POINT ( 'NONE',  ( -38.49999999999996447, -1.855190384027750966E-13, 0.000000000000000000 ) ) ;
#7333 = VECTOR ( 'NONE', #3180, 1000.000000000000000 ) ;
#7334 = APPROVAL_DATE_TIME ( #4802, #6450 ) ;
#7335 = CC_DESIGN_APPROVAL ( #7981, ( #4296 ) ) ;
#7336 = CIRCLE ( 'NONE', #2609, 1.750000000000001554 ) ;
#7337 = CARTESIAN_POINT ( 'NONE',  ( -2.201942332160688457E-14, 5.439999999962786603, 130.0000000000000000 ) ) ;
#7338 = DIRECTION ( 'NONE',  ( -0.000000000000000000, 0.000000000000000000, 1.000000000000000000 ) ) ;
#7339 = CARTESIAN_POINT ( 'NONE',  ( 6.000000000000000000, 0.000000000000000000, -1.500000000000000000 ) ) ;
#7340 = DIRECTION ( 'NONE',  ( -0.000000000000000000, -0.000000000000000000, -1.000000000000000000 ) ) ;
#7341 = DIRECTION ( 'NONE',  ( 1.000000000000000000, 0.000000000000000000, 0.000000000000000000 ) ) ;
#7342 = CIRCLE ( 'NONE', #122, 0.7096046754416635016 ) ;
#7343 = VECTOR ( 'NONE', #524, 1000.000000000000000 ) ;
#7344 = LINE ( 'NONE', #3572, #7102 ) ;
#7345 = CARTESIAN_POINT ( 'NONE',  ( -1.434038073475511398E-13, 30.99999999999351985, 0.000000000000000000 ) ) ;
#7346 = FACE_OUTER_BOUND ( 'NONE', #1584, .T. ) ;
#7347 = ADVANCED_FACE ( 'NONE', ( #1777 ), #6813, .T. ) ;
#7348 = CARTESIAN_POINT ( 'NONE',  ( -34.99999999999658939, 2.999999999997227107, 0.7499999999999947820 ) ) ;
#7349 = LOCAL_TIME ( 15, 24, 6.000000000000000000, #3871 ) ;
#7350 = VECTOR ( 'NONE', #466, 1000.000000000000000 ) ;
#7351 = APPROVAL_PERSON_ORGANIZATION ( #739, #5137, #3146 ) ;
#7352 = ORIENTED_EDGE ( 'NONE', *, *, #469, .F. ) ;
#7353 = CARTESIAN_POINT ( 'NONE',  ( -3.469446951946424195E-14, 9.999999999967812414, 130.0000000000000000 ) ) ;
#7354 = DIRECTION ( 'NONE',  ( 1.000000000000000000, 0.000000000000000000, 0.000000000000000000 ) ) ;
#7355 = LINE ( 'NONE', #1782, #4010 ) ;
#7356 = ORIENTED_EDGE ( 'NONE', *, *, #7410, .F. ) ;
#7357 = VECTOR ( 'NONE', #6097, 1000.000000000000000 ) ;
#7358 = VERTEX_POINT ( 'NONE', #7616 ) ;
#7359 = DIRECTION ( 'NONE',  ( -1.110223024625156540E-16, 8.326672684688672821E-17, -1.000000000000000000 ) ) ;
#7360 = EDGE_CURVE ( 'NONE', #4211, #6310, #1298, .T. ) ;
#7361 = CARTESIAN_POINT ( 'NONE',  ( -8.067620645608318072E-14, 17.43999999997751615, 130.0000000000000000 ) ) ;
#7362 = CARTESIAN_POINT ( 'NONE',  ( 6.000000000000000000, 1.888800568642697630, -2.600000000000000533 ) ) ;
#7363 = ORIENTED_EDGE ( 'NONE', *, *, #2581, .T. ) ;
#7364 = AXIS2_PLACEMENT_3D ( 'NONE', #42, #2549, #713 ) ;
#7365 = EDGE_CURVE ( 'NONE', #1793, #810, #4034, .T. ) ;
#7366 = ORIENTED_EDGE ( 'NONE', *, *, #6146, .T. ) ;
#7367 = ORIENTED_EDGE ( 'NONE', *, *, #5452, .F. ) ;
#7368 = ORIENTED_EDGE ( 'NONE', *, *, #6754, .F. ) ;
#7369 = LINE ( 'NONE', #4881, #1122 ) ;
#7370 = VECTOR ( 'NONE', #5863, 1000.000000000000000 ) ;
#7371 = COORDINATED_UNIVERSAL_TIME_OFFSET ( 8, 0, .AHEAD. ) ;
#7372 = EDGE_CURVE ( 'NONE', #4222, #2696, #5525, .T. ) ;
#7373 = CARTESIAN_POINT ( 'NONE',  ( 41.50000000000026290, -8.600000000003118927, 113.0000000000000142 ) ) ;
#7374 = ORIENTED_EDGE ( 'NONE', *, *, #276, .F. ) ;
#7375 = VECTOR ( 'NONE', #3659, 1000.000000000000000 ) ;
#7376 = CARTESIAN_POINT ( 'NONE',  ( -2.928213227440575540E-14, 8.439999999966474320, 130.0000000000000000 ) ) ;
#7377 = EDGE_CURVE ( 'NONE', #5677, #7214, #1210, .T. ) ;
#7378 = APPROVAL ( #484, 'UNKNOWN' ) ;
#7379 = ORIENTED_EDGE ( 'NONE', *, *, #10, .T. ) ;
#7380 = EDGE_LOOP ( 'NONE', ( #2108, #7500, #2614, #4383 ) ) ;
#7381 = ORIENTED_EDGE ( 'NONE', *, *, #6421, .F. ) ;
#7382 = CARTESIAN_POINT ( 'NONE',  ( -38.49999999999998579, 1.399999999996602851, 130.0000000000000000 ) ) ;
#7383 = PERSON_AND_ORGANIZATION ( #7757, #5787 ) ;
#7384 = DIRECTION ( 'NONE',  ( 1.000000000000000000, 3.469446951957575454E-15, 0.000000000000000000 ) ) ;
#7385 = DIRECTION ( 'NONE',  ( 1.000000000000000000, -0.000000000000000000, -0.000000000000000000 ) ) ;
#7386 = DIRECTION ( 'NONE',  ( 1.000000000000000000, 0.000000000000000000, 0.000000000000000000 ) ) ;
#7387 = AXIS2_PLACEMENT_3D ( 'NONE', #6123, #3106, #2455 ) ;
#7388 = FACE_BOUND ( 'NONE', #5484, .T. ) ;
#7389 = DIRECTION ( 'NONE',  ( -0.000000000000000000, 0.000000000000000000, 1.000000000000000000 ) ) ;
#7390 = CARTESIAN_POINT ( 'NONE',  ( 36.50000000000019895, 39.99999999999892708, 2.000000000000000000 ) ) ;
#7391 = ORIENTED_EDGE ( 'NONE', *, *, #7473, .T. ) ;
#7392 = CYLINDRICAL_SURFACE ( 'NONE', #578, 1.249999999999112932 ) ;
#7393 = CARTESIAN_POINT ( 'NONE',  ( -38.49999999999995737, -1.855190384027750714E-13, 0.000000000000000000 ) ) ;
#7394 = CARTESIAN_POINT ( 'NONE',  ( -1.084317820717774498E-13, 23.43999999998476369, 130.0000000000000000 ) ) ;
#7395 = ORIENTED_EDGE ( 'NONE', *, *, #4364, .F. ) ;
#7396 = AXIS2_PLACEMENT_3D ( 'NONE', #4426, #3810, #1921 ) ;
#7397 = PLANE ( 'NONE',  #4832 ) ;
#7398 = CYLINDRICAL_SURFACE ( 'NONE', #7234, 1.750000000000001554 ) ;
#7399 = LINE ( 'NONE', #1351, #4415 ) ;
#7400 = ORIENTED_EDGE ( 'NONE', *, *, #5992, .T. ) ;
#7401 = VECTOR ( 'NONE', #4057, 1000.000000000000000 ) ;
#7402 = ORIENTED_EDGE ( 'NONE', *, *, #4787, .F. ) ;
#7403 = CARTESIAN_POINT ( 'NONE',  ( -38.95014431232067409, 25.73639505401624561, 168.3335910718210187 ) ) ;
#7404 = ORIENTED_EDGE ( 'NONE', *, *, #2494, .T. ) ;
#7405 = CARTESIAN_POINT ( 'NONE',  ( -37.00000000000173372, 9.999999999967684516, 130.0000000000000000 ) ) ;
#7406 = CARTESIAN_POINT ( 'NONE',  ( -35.00000000000204636, 36.99999999999535305, 130.0000000000000000 ) ) ;
#7407 = VECTOR ( 'NONE', #7721, 1000.000000000000000 ) ;
#7408 = VERTEX_POINT ( 'NONE', #6145 ) ;
#7409 = APPLICATION_CONTEXT ( 'configuration controlled 3d designs of mechanical parts and assemblies' ) ;
#7410 = EDGE_CURVE ( 'NONE', #6666, #5638, #3709, .T. ) ;
#7411 = ORIENTED_EDGE ( 'NONE', *, *, #5211, .F. ) ;
#7412 = ORIENTED_EDGE ( 'NONE', *, *, #5023, .T. ) ;
#7413 = ORIENTED_EDGE ( 'NONE', *, *, #4349, .F. ) ;
#7414 = CARTESIAN_POINT ( 'NONE',  ( 35.00000000000191847, 36.99999999999725731, 0.000000000000000000 ) ) ;
#7415 = CONTEXT_DEPENDENT_SHAPE_REPRESENTATION ( #3435, #2587 ) ;
#7416 = DIRECTION ( 'NONE',  ( 1.000000000000000000, 0.000000000000000000, 0.000000000000000000 ) ) ;
#7417 = EDGE_CURVE ( 'NONE', #8135, #3163, #1958, .T. ) ;
#7418 = ORIENTED_EDGE ( 'NONE', *, *, #3389, .T. ) ;
#7419 = ADVANCED_FACE ( 'NONE', ( #6233 ), #5704, .F. ) ;
#7420 = ORIENTED_EDGE ( 'NONE', *, *, #1056, .F. ) ;
#7421 = VERTEX_POINT ( 'NONE', #62 ) ;
#7422 = VERTEX_POINT ( 'NONE', #7525 ) ;
#7423 = FACE_BOUND ( 'NONE', #4250, .T. ) ;
#7424 = COORDINATED_UNIVERSAL_TIME_OFFSET ( 8, 0, .AHEAD. ) ;
#7425 = ADVANCED_FACE ( 'NONE', ( #6995 ), #598, .T. ) ;
#7426 = FACE_BOUND ( 'NONE', #4913, .T. ) ;
#7427 = DIRECTION ( 'NONE',  ( -4.625929269276788045E-15, 1.000000000000000000, 0.000000000000000000 ) ) ;
#7428 = CARTESIAN_POINT ( 'NONE',  ( 38.49999999999816680, 9.999999999967945641, 130.0000000000000000 ) ) ;
#7429 = DIRECTION ( 'NONE',  ( -0.000000000000000000, 0.000000000000000000, 1.000000000000000000 ) ) ;
#7430 = VECTOR ( 'NONE', #6724, 1000.000000000000000 ) ;
#7431 = CARTESIAN_POINT ( 'NONE',  ( -37.00000000000174794, 12.99999999997135092, 130.0000000000000000 ) ) ;
#7432 = DIRECTION ( 'NONE',  ( 0.000000000000000000, 0.000000000000000000, 1.000000000000000000 ) ) ;
#7433 = DIRECTION ( 'NONE',  ( 1.000000000000000000, 0.000000000000000000, 0.000000000000000000 ) ) ;
#7434 = VERTEX_POINT ( 'NONE', #4465 ) ;
#7435 = VECTOR ( 'NONE', #7340, 1000.000000000000000 ) ;
#7436 = CARTESIAN_POINT ( 'NONE',  ( 36.50000000000019895, 37.99999999999891998, 2.000000000000000000 ) ) ;
#7437 = PLANE ( 'NONE',  #5684 ) ;
#7438 = DIRECTION ( 'NONE',  ( -0.7071067811865479058, 8.659560562354937789E-17, 0.7071067811865472397 ) ) ;
#7439 = ORIENTED_EDGE ( 'NONE', *, *, #5282, .T. ) ;
#7440 = CARTESIAN_POINT ( 'NONE',  ( -38.50000000000000000, 5.439999999962673805, 130.0000000000000000 ) ) ;
#7441 = DIRECTION ( 'NONE',  ( -0.000000000000000000, -0.000000000000000000, -1.000000000000000000 ) ) ;
#7442 = EDGE_CURVE ( 'NONE', #5822, #1906, #5609, .T. ) ;
#7443 = VECTOR ( 'NONE', #6383, 1000.000000000000000 ) ;
#7444 = DIRECTION ( 'NONE',  ( 1.000000000000000000, 0.000000000000000000, 0.000000000000000000 ) ) ;
#7445 = VERTEX_POINT ( 'NONE', #5568 ) ;
#7446 = ORIENTED_EDGE ( 'NONE', *, *, #7913, .T. ) ;
#7447 = CARTESIAN_POINT ( 'NONE',  ( -1.434038073475511398E-13, 30.99999999999351985, 130.0000000000000000 ) ) ;
#7448 = DIRECTION ( 'NONE',  ( 4.818676322149994949E-15, -1.000000000000000000, 0.000000000000000000 ) ) ;
#7449 = CIRCLE ( 'NONE', #1922, 0.7636293187993428155 ) ;
#7450 = VERTEX_POINT ( 'NONE', #1911 ) ;
#7451 = EDGE_CURVE ( 'NONE', #3161, #4837, #4942, .T. ) ;
#7452 = EDGE_LOOP ( 'NONE', ( #2014, #4436, #858, #150 ) ) ;
#7453 = APPROVAL ( #2043, '未指定' ) ;
#7454 = EDGE_LOOP ( 'NONE', ( #2691, #1705, #3726, #7446 ) ) ;
#7455 = ORIENTED_EDGE ( 'NONE', *, *, #1424, .T. ) ;
#7456 = LINE ( 'NONE', #4918, #7843 ) ;
#7457 = AXIS2_PLACEMENT_3D ( 'NONE', #1614, #4199, #6025 ) ;
#7458 = CARTESIAN_POINT ( 'NONE',  ( -38.50000000000002132, 12.99999999997134559, 130.0000000000000000 ) ) ;
#7459 = ORIENTED_EDGE ( 'NONE', *, *, #2374, .F. ) ;
#7460 = ORIENTED_EDGE ( 'NONE', *, *, #96, .T. ) ;
#7461 = VERTEX_POINT ( 'NONE', #4416 ) ;
#7462 = VERTEX_POINT ( 'NONE', #7480 ) ;
#7463 = CARTESIAN_POINT ( 'NONE',  ( -1.572815951555176637E-13, 33.99999999999541700, 130.0000000000000000 ) ) ;
#7464 = PERSON_AND_ORGANIZATION_ROLE ( 'creator' ) ;
#7465 = DIRECTION ( 'NONE',  ( 1.000000000000000000, 4.625929269276788834E-15, 0.000000000000000000 ) ) ;
#7466 = DIRECTION ( 'NONE',  ( 3.435095992062130604E-15, -1.000000000000000000, 0.000000000000000000 ) ) ;
#7467 = DIRECTION ( 'NONE',  ( -1.000000000000000000, 0.000000000000000000, 0.000000000000000000 ) ) ;
#7468 = DIRECTION ( 'NONE',  ( -1.000000000000000000, -4.625929269276788834E-15, 0.000000000000000000 ) ) ;
#7469 = ADVANCED_FACE ( 'NONE', ( #3137 ), #1822, .F. ) ;
#7470 = CARTESIAN_POINT ( 'NONE',  ( -34.99999999999536726, 2.999999999997816857, 0.000000000000000000 ) ) ;
#7471 = CARTESIAN_POINT ( 'NONE',  ( -1.156482317318563406E-13, 24.99999999998618705, 130.0000000000000000 ) ) ;
#7472 = EDGE_CURVE ( 'NONE', #6309, #1549, #1869, .T. ) ;
#7473 = EDGE_CURVE ( 'NONE', #2855, #8066, #5660, .T. ) ;
#7474 = AXIS2_PLACEMENT_3D ( 'NONE', #2516, #3698, #8126 ) ;
#7475 = LINE ( 'NONE', #7028, #7758 ) ;
#7476 = EDGE_LOOP ( 'NONE', ( #7905, #4668, #7004, #6585 ) ) ;
#7477 = VECTOR ( 'NONE', #3666, 1000.000000000000000 ) ;
#7478 = CARTESIAN_POINT ( 'NONE',  ( -2.133709875450175839E-14, 6.150000000003777778, 130.0000000000000000 ) ) ;
#7479 = CARTESIAN_POINT ( 'NONE',  ( -37.00000000000175504, 15.99999999997501732, 130.0000000000000000 ) ) ;
#7480 = CARTESIAN_POINT ( 'NONE',  ( -34.99999999999617017, 7.150000000003768008, 130.0000000000000000 ) ) ;
#7481 = EDGE_LOOP ( 'NONE', ( #6540, #3815, #4713, #7598 ) ) ;
#7482 = VECTOR ( 'NONE', #5315, 1000.000000000000000 ) ;
#7483 = VECTOR ( 'NONE', #5989, 1000.000000000000000 ) ;
#7484 = DIRECTION ( 'NONE',  ( -1.000000000000000000, -3.469446951957591626E-15, 0.000000000000000000 ) ) ;
#7485 = DIRECTION ( 'NONE',  ( -1.000000000000000000, -3.469446951957591626E-15, 0.000000000000000000 ) ) ;
#7486 = DIRECTION ( 'NONE',  ( -3.483287830750206171E-15, 1.000000000000000000, 0.000000000000000000 ) ) ;
#7487 = DIRECTION ( 'NONE',  ( -1.000000000000000000, 0.000000000000000000, 0.000000000000000000 ) ) ;
#7488 = DIRECTION ( 'NONE',  ( 2.775557561562891351E-17, 8.326672684688674053E-17, -1.000000000000000000 ) ) ;
#7489 = AXIS2_PLACEMENT_3D ( 'NONE', #6938, #7516, #1108 ) ;
#7490 = AXIS2_PLACEMENT_3D ( 'NONE', #292, #1417, #3369 ) ;
#7491 = ORIENTED_EDGE ( 'NONE', *, *, #3484, .F. ) ;
#7492 = DIRECTION ( 'NONE',  ( 1.000000000000000000, 4.625929269276788834E-15, 0.000000000000000000 ) ) ;
#7493 = ADVANCED_FACE ( 'NONE', ( #2528 ), #2114, .T. ) ;
#7494 = CARTESIAN_POINT ( 'NONE',  ( -34.99999999999536726, 2.999999999997816857, 130.0000000000000000 ) ) ;
#7495 = ORIENTED_EDGE ( 'NONE', *, *, #5765, .F. ) ;
#7496 = VECTOR ( 'NONE', #3622, 1000.000000000000000 ) ;
#7497 = LOCAL_TIME ( 15, 24, 6.000000000000000000, #4850 ) ;
#7498 = DIRECTION ( 'NONE',  ( 0.000000000000000000, 0.000000000000000000, 1.000000000000000000 ) ) ;
#7499 = VERTEX_POINT ( 'NONE', #2036 ) ;
#7500 = ORIENTED_EDGE ( 'NONE', *, *, #2317, .F. ) ;
#7501 = ORIENTED_EDGE ( 'NONE', *, *, #4490, .F. ) ;
#7502 = CARTESIAN_POINT ( 'NONE',  ( -37.00000000000167688, -1.645763297720249119E-13, 130.0000000000000000 ) ) ;
#7503 = LINE ( 'NONE', #3025, #3026 ) ;
#7504 = EDGE_CURVE ( 'NONE', #6778, #402, #218, .T. ) ;
#7505 = EDGE_LOOP ( 'NONE', ( #7507, #5763, #2893, #8119 ) ) ;
#7506 = VECTOR ( 'NONE', #6496, 1000.000000000000000 ) ;
#7507 = ORIENTED_EDGE ( 'NONE', *, *, #5587, .T. ) ;
#7508 = VERTEX_POINT ( 'NONE', #3993 ) ;
#7509 = VERTEX_POINT ( 'NONE', #5198 ) ;
#7510 = CARTESIAN_POINT ( 'NONE',  ( 0.8249999999999999556, 0.6199999999999999956, -0.3200000000000000067 ) ) ;
#7511 = ORIENTED_EDGE ( 'NONE', *, *, #5154, .T. ) ;
#7512 = SECURITY_CLASSIFICATION_LEVEL ( 'unclassified' ) ;
#7513 = DIRECTION ( 'NONE',  ( -1.000000000000000000, 0.000000000000000000, 0.000000000000000000 ) ) ;
#7514 = CARTESIAN_POINT ( 'NONE',  ( 0.000000000000000000, 0.000000000000000000, 0.000000000000000000 ) ) ;
#7515 = DIRECTION ( 'NONE',  ( -1.000000000000000000, -3.469446951953622866E-15, 0.000000000000000000 ) ) ;
#7516 = DIRECTION ( 'NONE',  ( -0.000000000000000000, 0.000000000000000000, 1.000000000000000000 ) ) ;
#7517 = VECTOR ( 'NONE', #3712, 1000.000000000000000 ) ;
#7518 = FACE_OUTER_BOUND ( 'NONE', #8038, .T. ) ;
#7519 = PLANE ( 'NONE',  #3158 ) ;
#7520 = DIRECTION ( 'NONE',  ( -0.000000000000000000, -0.000000000000000000, -1.000000000000000000 ) ) ;
#7521 = EDGE_LOOP ( 'NONE', ( #4559, #6344, #2325, #7067 ) ) ;
#7522 = AXIS2_PLACEMENT_3D ( 'NONE', #378, #3529, #4692 ) ;
#7523 = DIRECTION ( 'NONE',  ( 1.000000000000000000, 3.469446951949374456E-15, 0.000000000000000000 ) ) ;
#7524 = CARTESIAN_POINT ( 'NONE',  ( -38.49999999999786837, -8.881784197001252323E-13, 2.000000000000000000 ) ) ;
#7525 = CARTESIAN_POINT ( 'NONE',  ( -41.49999999999977263, -0.6000000000023140156, 23.00000000000000000 ) ) ;
#7526 = EDGE_CURVE ( 'NONE', #2934, #4537, #7663, .T. ) ;
#7527 = VECTOR ( 'NONE', #5180, 1000.000000000000000 ) ;
#7528 = VERTEX_POINT ( 'NONE', #6523 ) ;
#7529 = CARTESIAN_POINT ( 'NONE',  ( 35.00000000000191847, 36.99999999999725731, 0.000000000000000000 ) ) ;
#7530 = DIRECTION ( 'NONE',  ( -0.000000000000000000, -0.000000000000000000, -1.000000000000000000 ) ) ;
#7531 = CARTESIAN_POINT ( 'NONE',  ( -34.99999999999612754, -2.428612866375634626E-13, 0.000000000000000000 ) ) ;
#7532 = EDGE_CURVE ( 'NONE', #7961, #7165, #1418, .T. ) ;
#7533 = LINE ( 'NONE', #4947, #2046 ) ;
#7534 = CARTESIAN_POINT ( 'NONE',  ( -108.9501443123193098, 59.73639505401612837, 34.63359107182103713 ) ) ;
#7535 = VERTEX_POINT ( 'NONE', #3847 ) ;
#7536 = AXIS2_PLACEMENT_3D ( 'NONE', #1133, #525, #3014 ) ;
#7537 = DIRECTION ( 'NONE',  ( -0.000000000000000000, -0.000000000000000000, -1.000000000000000000 ) ) ;
#7538 = CARTESIAN_POINT ( 'NONE',  ( 0.8249999999999999556, 0.3200000000000000067, -0.3200000000000000067 ) ) ;
#7539 = ORIENTED_EDGE ( 'NONE', *, *, #6927, .T. ) ;
#7540 = LINE ( 'NONE', #3238, #7188 ) ;
#7541 = AXIS2_PLACEMENT_3D ( 'NONE', #6223, #1945, #4980 ) ;
#7542 = VERTEX_POINT ( 'NONE', #5127 ) ;
#7543 = ORIENTED_EDGE ( 'NONE', *, *, #1936, .T. ) ;
#7544 = CARTESIAN_POINT ( 'NONE',  ( -1.084317820717778284E-13, 23.43999999998484896, 130.0000000000000000 ) ) ;
#7545 = CALENDAR_DATE ( 2020, 16, 10 ) ;
#7546 = CARTESIAN_POINT ( 'NONE',  ( 34.77748670276079679, 5.490077876800236290, 130.0000000000000000 ) ) ;
#7547 = CARTESIAN_POINT ( 'NONE',  ( -37.00000000000174794, 14.43999999997367922, 130.0000000000000000 ) ) ;
#7548 = ORIENTED_EDGE ( 'NONE', *, *, #2536, .F. ) ;
#7549 = ADVANCED_FACE ( 'NONE', ( #2613 ), #3304, .F. ) ;
#7550 = EDGE_CURVE ( 'NONE', #3393, #3725, #7734, .T. ) ;
#7551 = EDGE_LOOP ( 'NONE', ( #4310, #4223, #2771, #2719 ) ) ;
#7552 = ORIENTED_EDGE ( 'NONE', *, *, #4957, .F. ) ;
#7553 = EDGE_LOOP ( 'NONE', ( #3900, #2854, #982, #1163 ) ) ;
#7554 = CARTESIAN_POINT ( 'NONE',  ( 0.8249999999999999556, 0.3200000000000000067, 0.3200000000000000067 ) ) ;
#7555 = EDGE_LOOP ( 'NONE', ( #8071, #2684, #30, #4923 ) ) ;
#7556 = CC_DESIGN_PERSON_AND_ORGANIZATION_ASSIGNMENT ( #8083, #91, ( #4175 ) ) ;
#7557 = DATE_AND_TIME ( #5069, #7103 ) ;
#7558 = CARTESIAN_POINT ( 'NONE',  ( 45.50000000000023448, 1.399999999996895284, 17.00000000000000000 ) ) ;
#7559 = PLANE ( 'NONE',  #3189 ) ;
#7560 = DIRECTION ( 'NONE',  ( 1.000000000000000000, 4.818676322150006782E-15, -0.000000000000000000 ) ) ;
#7561 = CARTESIAN_POINT ( 'NONE',  ( -37.00000000000180478, 29.43999999999201123, 0.000000000000000000 ) ) ;
#7562 = DIRECTION ( 'NONE',  ( 1.000000000000000000, 4.625929269276788045E-15, 0.000000000000000000 ) ) ;
#7563 = CARTESIAN_POINT ( 'NONE',  ( -5.009881398617674750E-14, 14.43999999997380712, 0.000000000000000000 ) ) ;
#7564 = EDGE_CURVE ( 'NONE', #5450, #3351, #149, .T. ) ;
#7566 = CARTESIAN_POINT ( 'NONE',  ( -1.156482317318549017E-13, 24.99999999998610178, 130.0000000000000000 ) ) ;
#7565 = PRODUCT ( 'GB-T-819.1-2000-C-NI-M3X6', 'GB-T-819.1-2000-C-NI-M3X6', '', ( #7841 ) ) ;
#7567 = ORIENTED_EDGE ( 'NONE', *, *, #3886, .T. ) ;
#7568 = ORIENTED_EDGE ( 'NONE', *, *, #73, .F. ) ;
#7569 = AXIS2_PLACEMENT_3D ( 'NONE', #4324, #6143, #507 ) ;
#7570 = DIRECTION ( 'NONE',  ( 0.000000000000000000, 0.000000000000000000, 1.000000000000000000 ) ) ;
#7571 = LINE ( 'NONE', #7033, #7090 ) ;
#7572 = DIRECTION ( 'NONE',  ( 4.625929269276788045E-15, -1.000000000000000000, 0.000000000000000000 ) ) ;
#7573 = EDGE_LOOP ( 'NONE', ( #2865, #7753, #445, #6839 ) ) ;
#7574 = CARTESIAN_POINT ( 'NONE',  ( 33.89073051572944451, 34.75957119923662475, 130.0000000000000000 ) ) ;
#7575 = DIRECTION ( 'NONE',  ( -0.000000000000000000, -0.000000000000000000, -1.000000000000000000 ) ) ;
#7576 = PLANE ( 'NONE',  #7319 ) ;
#7577 = CARTESIAN_POINT ( 'NONE',  ( 34.44536525785833447, 35.87978559961880620, 0.000000000000000000 ) ) ;
#7578 = COORDINATED_UNIVERSAL_TIME_OFFSET ( 8, 0, .AHEAD. ) ;
#7579 =( REPRESENTATION_RELATIONSHIP ('NONE','NONE', #3517, #961 ) REPRESENTATION_RELATIONSHIP_WITH_TRANSFORMATION ( #5219 )SHAPE_REPRESENTATION_RELATIONSHIP( ) );
#7580 = VERTEX_POINT ( 'NONE', #2001 ) ;
#7581 = DIRECTION ( 'NONE',  ( -0.000000000000000000, -0.000000000000000000, -1.000000000000000000 ) ) ;
#7582 = EDGE_CURVE ( 'NONE', #2314, #273, #4507, .T. ) ;
#7583 = ORIENTED_EDGE ( 'NONE', *, *, #2346, .F. ) ;
#7584 = PRODUCT_DEFINITION_SHAPE ( 'NONE', 'NONE',  #8168 ) ;
#7585 = DIRECTION ( 'NONE',  ( 1.000000000000000000, 0.000000000000000000, 0.000000000000000000 ) ) ;
#7586 = ORIENTED_EDGE ( 'NONE', *, *, #2265, .T. ) ;
#7587 = EDGE_CURVE ( 'NONE', #2421, #6912, #1492, .T. ) ;
#7588 = EDGE_CURVE ( 'NONE', #1398, #2639, #7811, .T. ) ;
#7589 = ORIENTED_EDGE ( 'NONE', *, *, #3873, .T. ) ;
#7590 = CARTESIAN_POINT ( 'NONE',  ( -35.00000000000014211, 36.99999999999725731, 0.7499999999999952260 ) ) ;
#7591 = VECTOR ( 'NONE', #3714, 1000.000000000000000 ) ;
#7592 = COORDINATED_UNIVERSAL_TIME_OFFSET ( 8, 0, .AHEAD. ) ;
#7593 = CARTESIAN_POINT ( 'NONE',  ( -37.00000000000176925, 18.99999999997868372, 0.000000000000000000 ) ) ;
#7594 = CARTESIAN_POINT ( 'NONE',  ( -37.00000000000179057, 26.43999999998834483, 130.0000000000000000 ) ) ;
#7595 = VERTEX_POINT ( 'NONE', #2764 ) ;
#7596 = VECTOR ( 'NONE', #3870, 1000.000000000000000 ) ;
#7597 = CIRCLE ( 'NONE', #471, 0.5000000000000420775 ) ;
#7598 = ORIENTED_EDGE ( 'NONE', *, *, #7377, .T. ) ;
#7599 = VERTEX_POINT ( 'NONE', #6376 ) ;
#7600 = ORIENTED_EDGE ( 'NONE', *, *, #7870, .T. ) ;
#7601 = LINE ( 'NONE', #2513, #6404 ) ;
#7602 = VERTEX_POINT ( 'NONE', #4577 ) ;
#7603 = CALENDAR_DATE ( 2020, 16, 10 ) ;
#7604 = DIRECTION ( 'NONE',  ( -0.000000000000000000, 0.000000000000000000, 1.000000000000000000 ) ) ;
#7605 = CARTESIAN_POINT ( 'NONE',  ( 38.49999999999816680, 9.999999999967945641, 0.000000000000000000 ) ) ;
#7606 = CARTESIAN_POINT ( 'NONE',  ( -4.876602963038917683E-15, 1.399999999996737632, 0.000000000000000000 ) ) ;
#7607 = EDGE_CURVE ( 'NONE', #5303, #3277, #2723, .T. ) ;
#7608 = AXIS2_PLACEMENT_3D ( 'NONE', #7039, #3143, #2007 ) ;
#7609 = LINE ( 'NONE', #1244, #3067 ) ;
#7610 = DIRECTION ( 'NONE',  ( 0.7071067811865486830, -0.7071067811865463515, 0.000000000000000000 ) ) ;
#7611 = DIRECTION ( 'NONE',  ( -4.448008912757228678E-15, 1.000000000000000000, 0.000000000000000000 ) ) ;
#7612 = ORIENTED_EDGE ( 'NONE', *, *, #3462, .T. ) ;
#7613 = ORIENTED_EDGE ( 'NONE', *, *, #5379, .T. ) ;
#7614 = CARTESIAN_POINT ( 'NONE',  ( -48.49999999999976552, 0.7999999999997425837, 130.0000000000000000 ) ) ;
#7615 = LINE ( 'NONE', #2527, #5894 ) ;
#7616 = CARTESIAN_POINT ( 'NONE',  ( 36.75000000000191847, 36.99999999999725731, 0.7499999999999952260 ) ) ;
#7617 = EDGE_CURVE ( 'NONE', #6428, #5582, #6413, .T. ) ;
#7618 = EDGE_LOOP ( 'NONE', ( #338, #5745, #803, #4889, #6175, #2557, #1277, #5958, #5289, #678, #7013, #8159, #705, #4344, #4487, #3058, #1308, #5732, #6397, #3977, #184, #2409, #4520, #6699, #270, #3917, #4301, #7948, #3923, #6395, #6618, #6929, #8117, #2785, #1049, #6795, #407, #3990, #1057, #4011, #5269, #7804, #5789, #3936, #1331, #4744, #4910, #3266, #5055, #1881, #5980, #609, #7767, #5251, #1802, #2066, #7196, #4836, #7552, #820, #5685, #983, #3969, #3595, #7979, #7991, #6875, #5036, #1660, #1749, #393, #5583, #7728, #5411, #1734, #3165, #1061, #1121, #6359, #7983, #4442, #4628, #4938, #3156, #514, #6869, #2091, #4751, #4277, #7568, #2399, #1311, #6206, #2947, #2294, #43 ) ) ;
#7619 = DIRECTION ( 'NONE',  ( -0.000000000000000000, -0.000000000000000000, -1.000000000000000000 ) ) ;
#7620 = PRODUCT_RELATED_PRODUCT_CATEGORY ( 'detail', '', ( #655 ) ) ;
#7621 = CC_DESIGN_APPROVAL ( #3392, ( #4685 ) ) ;
#7622 = LINE ( 'NONE', #65, #3288 ) ;
#7623 = LINE ( 'NONE', #4999, #1924 ) ;
#7624 = CARTESIAN_POINT ( 'NONE',  ( -1.156482317318549017E-13, 24.99999999998610178, 0.000000000000000000 ) ) ;
#7625 = PERSON_AND_ORGANIZATION_ROLE ( 'creator' ) ;
#7626 = VERTEX_POINT ( 'NONE', #766 ) ;
#7627 = ORIENTED_EDGE ( 'NONE', *, *, #6921, .F. ) ;
#7628 = AXIS2_PLACEMENT_3D ( 'NONE', #4111, #4864, #3491 ) ;
#7629 = CARTESIAN_POINT ( 'NONE',  ( -38.50000000000000711, 8.439999999966341093, 130.0000000000000000 ) ) ;
#7630 = AXIS2_PLACEMENT_3D ( 'NONE', #7361, #8023, #6241 ) ;
#7631 = VERTEX_POINT ( 'NONE', #3265 ) ;
#7632 = DIRECTION ( 'NONE',  ( -0.000000000000000000, -0.000000000000000000, -1.000000000000000000 ) ) ;
#7633 = ORIENTED_EDGE ( 'NONE', *, *, #1379, .T. ) ;
#7634 = VECTOR ( 'NONE', #3983, 999.9999999999998863 ) ;
#7635 = CONICAL_SURFACE ( 'NONE', #1547, 2.599999998949442670, 0.7853981624931213323 ) ;
#7636 = VERTEX_POINT ( 'NONE', #5234 ) ;
#7637 = EDGE_CURVE ( 'NONE', #4090, #405, #4541, .T. ) ;
#7638 = CARTESIAN_POINT ( 'NONE',  ( 34.74999999999980105, 10.14999999999689706, 130.0000000000000000 ) ) ;
#7639 = DIRECTION ( 'NONE',  ( -0.000000000000000000, 0.000000000000000000, 1.000000000000000000 ) ) ;
#7640 = CC_DESIGN_APPROVAL ( #1184, ( #6564 ) ) ;
#7641 = ORIENTED_EDGE ( 'NONE', *, *, #5427, .T. ) ;
#7642 = VECTOR ( 'NONE', #1735, 1000.000000000000000 ) ;
#7643 = EDGE_CURVE ( 'NONE', #7202, #7750, #6455, .T. ) ;
#7644 = EDGE_CURVE ( 'NONE', #2510, #6358, #183, .T. ) ;
#7645 = CC_DESIGN_SECURITY_CLASSIFICATION ( #6448, ( #5902 ) ) ;
#7646 = VERTEX_POINT ( 'NONE', #3337 ) ;
#7647 = ORIENTED_EDGE ( 'NONE', *, *, #3848, .T. ) ;
#7648 = AXIS2_PLACEMENT_3D ( 'NONE', #636, #3216, #7611 ) ;
#7649 = DIRECTION ( 'NONE',  ( 1.000000000000000000, 4.448008912757228678E-15, -0.000000000000000000 ) ) ;
#7650 = ITEM_DEFINED_TRANSFORMATION ( 'NONE', 'NONE', #2741,  #8005 ) ;
#7651 = CARTESIAN_POINT ( 'NONE',  ( -37.00000000000174794, 12.99999999997135092, 130.0000000000000000 ) ) ;
#7652 = CARTESIAN_POINT ( 'NONE',  ( -35.00000000000195399, 10.39999999999695746, 130.0000000000000000 ) ) ;
#7653 = DIRECTION ( 'NONE',  ( 1.000000000000000000, 4.956352788497846780E-15, -0.000000000000000000 ) ) ;
#7654 = PLANE ( 'NONE',  #6515 ) ;
#7655 = CARTESIAN_POINT ( 'NONE',  ( 0.8249999999999999556, 0.3200000000000000067, 0.3200000000000000067 ) ) ;
#7656 = CARTESIAN_POINT ( 'NONE',  ( 36.99999999999992895, 1.645763297720171621E-13, 130.0000000000000000 ) ) ;
#7657 = VERTEX_POINT ( 'NONE', #5898 ) ;
#7658 = ORIENTED_EDGE ( 'NONE', *, *, #3115, .F. ) ;
#7659 = EDGE_CURVE ( 'NONE', #2931, #7602, #255, .T. ) ;
#7660 = AXIS2_PLACEMENT_3D ( 'NONE', #812, #3889, #7075 ) ;
#7661 = CARTESIAN_POINT ( 'NONE',  ( 33.79761706407760613, 4.874999999990373034, 130.0000000000000000 ) ) ;
#7662 = CARTESIAN_POINT ( 'NONE',  ( 36.99999999999995737, 1.645763297722054285E-13, 130.0000000000000000 ) ) ;
#7663 = LINE ( 'NONE', #5860, #3261 ) ;
#7664 = ORIENTED_EDGE ( 'NONE', *, *, #8025, .T. ) ;
#7665 = ADVANCED_FACE ( 'NONE', ( #1679 ), #7298, .T. ) ;
#7666 = LINE ( 'NONE', #2004, #1553 ) ;
#7667 = DIRECTION ( 'NONE',  ( -0.000000000000000000, -0.000000000000000000, -1.000000000000000000 ) ) ;
#7668 = VECTOR ( 'NONE', #2683, 1000.000000000000000 ) ;
#7669 = LINE ( 'NONE', #7531, #616 ) ;
#7670 = LINE ( 'NONE', #1598, #5585 ) ;
#7671 = CALENDAR_DATE ( 2020, 16, 10 ) ;
#7672 = ORIENTED_EDGE ( 'NONE', *, *, #4711, .F. ) ;
#7673 = VECTOR ( 'NONE', #2591, 1000.000000000000000 ) ;
#7674 = DIRECTION ( 'NONE',  ( 1.000000000000000000, 0.000000000000000000, 0.000000000000000000 ) ) ;
#7675 = VERTEX_POINT ( 'NONE', #7339 ) ;
#7676 = EDGE_CURVE ( 'NONE', #4132, #5414, #5975, .T. ) ;
#7677 = ORIENTED_EDGE ( 'NONE', *, *, #3823, .T. ) ;
#7678 = CARTESIAN_POINT ( 'NONE',  ( -34.44536525785446202, 4.120214400373062524, 130.0000000000000000 ) ) ;
#7679 = DIRECTION ( 'NONE',  ( -4.818676322150006782E-15, 1.000000000000000000, 0.000000000000000000 ) ) ;
#7680 = ORIENTED_EDGE ( 'NONE', *, *, #1496, .T. ) ;
#7681 = CIRCLE ( 'NONE', #2523, 0.2499999999994312327 ) ;
#7682 = VERTEX_POINT ( 'NONE', #7920 ) ;
#7683 = VERTEX_POINT ( 'NONE', #989 ) ;
#7684 = EDGE_CURVE ( 'NONE', #506, #1870, #1603, .T. ) ;
#7685 = DIRECTION ( 'NONE',  ( -0.000000000000000000, 0.000000000000000000, 1.000000000000000000 ) ) ;
#7686 = ITEM_DEFINED_TRANSFORMATION ( 'NONE', 'NONE', #6022,  #8005 ) ;
#7687 = LINE ( 'NONE', #2598, #6367 ) ;
#7688 = DIRECTION ( 'NONE',  ( -0.000000000000000000, -0.000000000000000000, -1.000000000000000000 ) ) ;
#7689 = PLANE ( 'NONE',  #1300 ) ;
#7690 = VECTOR ( 'NONE', #5153, 1000.000000000000000 ) ;
#7691 = EDGE_CURVE ( 'NONE', #1341, #7445, #4805, .T. ) ;
#7692 = LINE ( 'NONE', #176, #3731 ) ;
#7693 = CARTESIAN_POINT ( 'NONE',  ( -31.99999999999657874, 2.999999999997227107, 2.000000000000000000 ) ) ;
#7694 = ORIENTED_EDGE ( 'NONE', *, *, #3313, .T. ) ;
#7695 = ORIENTED_EDGE ( 'NONE', *, *, #5060, .F. ) ;
#7696 = EDGE_CURVE ( 'NONE', #1487, #6341, #7336, .T. ) ;
#7697 = EDGE_CURVE ( 'NONE', #7499, #7434, #1069, .T. ) ;
#7698 = DIRECTION ( 'NONE',  ( -0.000000000000000000, -1.000000000000000000, 0.000000000000000000 ) ) ;
#7699 = CARTESIAN_POINT ( 'NONE',  ( 36.99999999999981526, 29.43999999999226702, 0.000000000000000000 ) ) ;
#7700 = DIRECTION ( 'NONE',  ( 1.000000000000000000, 4.625929269276788045E-15, 0.000000000000000000 ) ) ;
#7701 = ORIENTED_EDGE ( 'NONE', *, *, #4069, .T. ) ;
#7702 = DIRECTION ( 'NONE',  ( 4.448008912757228678E-15, -1.000000000000000000, 0.000000000000000000 ) ) ;
#7703 = CARTESIAN_POINT ( 'NONE',  ( 0.8249999999999999556, 0.6199999999999999956, -0.6199999999999999956 ) ) ;
#7704 = LINE ( 'NONE', #4696, #4421 ) ;
#7705 = COORDINATED_UNIVERSAL_TIME_OFFSET ( 8, 0, .AHEAD. ) ;
#7706 = ORIENTED_EDGE ( 'NONE', *, *, #3971, .F. ) ;
#7707 = EDGE_CURVE ( 'NONE', #2421, #4943, #294, .T. ) ;
#7708 = LINE ( 'NONE', #4080, #3897 ) ;
#7709 = VERTEX_POINT ( 'NONE', #6637 ) ;
#7710 = EDGE_LOOP ( 'NONE', ( #7249, #746, #3559, #7395, #4860, #4865, #5250, #4712, #4337, #6796, #973, #3107, #1884, #3103, #1548, #4482 ) ) ;
#7711 = CARTESIAN_POINT ( 'NONE',  ( 0.8249999999999999556, 0.6199999999999999956, 0.6199999999999999956 ) ) ;
#7712 = DIRECTION ( 'NONE',  ( -1.000000000000000000, 0.000000000000000000, 0.000000000000000000 ) ) ;
#7713 = VECTOR ( 'NONE', #954, 1000.000000000000000 ) ;
#7714 = ORIENTED_EDGE ( 'NONE', *, *, #1025, .F. ) ;
#7715 = EDGE_CURVE ( 'NONE', #520, #851, #2202, .T. ) ;
#7716 = CC_DESIGN_PERSON_AND_ORGANIZATION_ASSIGNMENT ( #911, #7625, ( #4166 ) ) ;
#7717 = VECTOR ( 'NONE', #6197, 1000.000000000000000 ) ;
#7718 = ORIENTED_EDGE ( 'NONE', *, *, #736, .T. ) ;
#7719 = VERTEX_POINT ( 'NONE', #7954 ) ;
#7720 = DIRECTION ( 'NONE',  ( 1.000000000000000000, 4.625929269276788834E-15, 0.000000000000000000 ) ) ;
#7721 = DIRECTION ( 'NONE',  ( -0.000000000000000000, -0.000000000000000000, -1.000000000000000000 ) ) ;
#7722 = DIRECTION ( 'NONE',  ( -4.818676322150006782E-15, 1.000000000000000000, 0.000000000000000000 ) ) ;
#7723 = CARTESIAN_POINT ( 'NONE',  ( -38.50000000000006395, 24.99999999998600941, 130.0000000000000000 ) ) ;
#7724 = AXIS2_PLACEMENT_3D ( 'NONE', #7502, #6701, #7323 ) ;
#7725 = CARTESIAN_POINT ( 'NONE',  ( 32.56418350556946706, 2.437151880626519329, 130.0000000000000000 ) ) ;
#7726 = AXIS2_PLACEMENT_3D ( 'NONE', #1315, #2665, #2736 ) ;
#7727 = DIRECTION ( 'NONE',  ( -1.000000000000000000, 0.000000000000000000, 0.000000000000000000 ) ) ;
#7728 = ORIENTED_EDGE ( 'NONE', *, *, #4025, .F. ) ;
#7729 = ORIENTED_EDGE ( 'NONE', *, *, #1507, .F. ) ;
#7730 = EDGE_CURVE ( 'NONE', #5279, #345, #5937, .T. ) ;
#7731 = CARTESIAN_POINT ( 'NONE',  ( -37.00000000000176925, 20.43999999998101202, 0.000000000000000000 ) ) ;
#7732 = DIRECTION ( 'NONE',  ( -0.000000000000000000, -0.000000000000000000, -1.000000000000000000 ) ) ;
#7733 = AXIS2_PLACEMENT_3D ( 'NONE', #3713, #7486, #6906 ) ;
#7734 = LINE ( 'NONE', #4650, #4298 ) ;
#7735 = VERTEX_POINT ( 'NONE', #7222 ) ;
#7736 = EDGE_CURVE ( 'NONE', #539, #520, #2834, .T. ) ;
#7737 = CARTESIAN_POINT ( 'NONE',  ( 36.99999999999994316, 1.645763297720172126E-13, 0.000000000000000000 ) ) ;
#7738 = CARTESIAN_POINT ( 'NONE',  ( 48.49999999999799627, -0.6000000000019850566, 130.0000000000000000 ) ) ;
#7739 = CARTESIAN_POINT ( 'NONE',  ( 0.8249999999999999556, -0.6199999999999999956, -0.3200000000000000067 ) ) ;
#7740 = EDGE_CURVE ( 'NONE', #5477, #7735, #893, .T. ) ;
#7741 = EDGE_LOOP ( 'NONE', ( #6617, #2420, #6035, #5507 ) ) ;
#7742 = CARTESIAN_POINT ( 'NONE',  ( 1.350000000000000089, 2.510525937625549022E-16, -1.500000000000000000 ) ) ;
#7743 = FACE_OUTER_BOUND ( 'NONE', #7974, .T. ) ;
#7744 = ORIENTED_EDGE ( 'NONE', *, *, #4387, .F. ) ;
#7745 = AXIS2_PLACEMENT_3D ( 'NONE', #3263, #6993, #3845 ) ;
#7746 = ORIENTED_EDGE ( 'NONE', *, *, #295, .F. ) ;
#7748 = ADVANCED_FACE ( 'NONE', ( #451 ), #2799, .T. ) ;
#7747 = AXIS2_PLACEMENT_3D ( 'NONE', #4326, #8139, #2481 ) ;
#7749 = PLANE ( 'NONE',  #8048 ) ;
#7750 = VERTEX_POINT ( 'NONE', #2186 ) ;
#7751 = VECTOR ( 'NONE', #271, 1000.000000000000000 ) ;
#7752 = AXIS2_PLACEMENT_3D ( 'NONE', #3460, #2204, #2164 ) ;
#7753 = ORIENTED_EDGE ( 'NONE', *, *, #1066, .F. ) ;
#7754 = ORIENTED_EDGE ( 'NONE', *, *, #3971, .T. ) ;
#7755 = DIRECTION ( 'NONE',  ( -0.000000000000000000, -0.000000000000000000, -1.000000000000000000 ) ) ;
#7756 = SECURITY_CLASSIFICATION_LEVEL ( 'unclassified' ) ;
#7757 = PERSON ( '未指定', '未指定', '未指定', ('未指定'), ('未指定'), ('未指定') ) ;
#7758 = VECTOR ( 'NONE', #5121, 1000.000000000000000 ) ;
#7759 = DIRECTION ( 'NONE',  ( 3.483287830750206171E-15, -1.000000000000000000, 0.000000000000000000 ) ) ;
#7760 = SECURITY_CLASSIFICATION ( '', '', #3406 ) ;
#7761 = DIRECTION ( 'NONE',  ( -1.000000000000000000, 0.000000000000000000, 0.000000000000000000 ) ) ;
#7762 = DIRECTION ( 'NONE',  ( -3.483287830750206171E-15, 1.000000000000000000, 0.000000000000000000 ) ) ;
#7763 = LINE ( 'NONE', #2064, #5313 ) ;
#7764 = FACE_OUTER_BOUND ( 'NONE', #895, .T. ) ;
#7765 = VECTOR ( 'NONE', #456, 1000.000000000000000 ) ;
#7766 = CC_DESIGN_APPROVAL ( #2289, ( #2095 ) ) ;
#7767 = ORIENTED_EDGE ( 'NONE', *, *, #1854, .F. ) ;
#7768 = VERTEX_POINT ( 'NONE', #4688 ) ;
#7769 = FACE_OUTER_BOUND ( 'NONE', #7992, .T. ) ;
#7770 = DIRECTION ( 'NONE',  ( 0.000000000000000000, 0.000000000000000000, 1.000000000000000000 ) ) ;
#7771 = DIRECTION ( 'NONE',  ( -0.000000000000000000, -0.000000000000000000, -1.000000000000000000 ) ) ;
#7772 = CIRCLE ( 'NONE', #5650, 0.7096046754423921410 ) ;
#7773 = CARTESIAN_POINT ( 'NONE',  ( 43.50000000000027001, -8.600000000003111822, 113.0000000000000142 ) ) ;
#7774 = CARTESIAN_POINT ( 'NONE',  ( 38.49999999999821654, 1.855190384027667663E-13, 130.0000000000000000 ) ) ;
#7775 = CARTESIAN_POINT ( 'NONE',  ( -34.50614573290863518, 5.910047016239844631, 130.0000000000000000 ) ) ;
#7776 = VECTOR ( 'NONE', #7530, 1000.000000000000000 ) ;
#7777 = ADVANCED_FACE ( 'NONE', ( #3483 ), #6562, .F. ) ;
#7778 = EDGE_CURVE ( 'NONE', #3299, #6350, #3445, .T. ) ;
#7779 = ORIENTED_EDGE ( 'NONE', *, *, #8121, .T. ) ;
#7780 = CARTESIAN_POINT ( 'NONE',  ( -35.00000000000204636, 36.99999999999535305, 130.0000000000000000 ) ) ;
#7781 = FACE_OUTER_BOUND ( 'NONE', #4396, .T. ) ;
#7782 = AXIS2_PLACEMENT_3D ( 'NONE', #4363, #5651, #1204 ) ;
#7783 = EDGE_CURVE ( 'NONE', #7626, #3393, #5345, .T. ) ;
#7784 = DIRECTION ( 'NONE',  ( -1.000000000000000000, -3.469446951953611033E-15, 0.000000000000000000 ) ) ;
#7785 = ORIENTED_EDGE ( 'NONE', *, *, #5043, .F. ) ;
#7786 = ORIENTED_EDGE ( 'NONE', *, *, #3151, .T. ) ;
#7787 = LINE ( 'NONE', #887, #5230 ) ;
#7788 = EDGE_CURVE ( 'NONE', #4521, #1907, #7342, .T. ) ;
#7789 = AXIS2_PLACEMENT_3D ( 'NONE', #2863, #6630, #1018 ) ;
#7790 = DIRECTION ( 'NONE',  ( -0.000000000000000000, 0.000000000000000000, 1.000000000000000000 ) ) ;
#7791 = VERTEX_POINT ( 'NONE', #4933 ) ;
#7792 = AXIS2_PLACEMENT_3D ( 'NONE', #7170, #1512, #6592 ) ;
#7793 = EDGE_LOOP ( 'NONE', ( #3112, #6046, #5531, #605 ) ) ;
#7794 = ORIENTED_EDGE ( 'NONE', *, *, #5524, .F. ) ;
#7795 = FACE_OUTER_BOUND ( 'NONE', #3010, .T. ) ;
#7796 = CALENDAR_DATE ( 2020, 16, 10 ) ;
#7797 = DIRECTION ( 'NONE',  ( -0.000000000000000000, -0.000000000000000000, 1.000000000000000000 ) ) ;
#7798 = FACE_OUTER_BOUND ( 'NONE', #2361, .T. ) ;
#7799 = CIRCLE ( 'NONE', #5539, 1.750000000000001554 ) ;
#7800 = CARTESIAN_POINT ( 'NONE',  ( 34.99999999999834444, 5.831893559007534478, 0.000000000000000000 ) ) ;
#7801 = EDGE_CURVE ( 'NONE', #4398, #3350, #5029, .T. ) ;
#7802 = CARTESIAN_POINT ( 'NONE',  ( -4.510281037534994941E-14, 12.99999999997147881, 0.000000000000000000 ) ) ;
#7803 = CYLINDRICAL_SURFACE ( 'NONE', #813, 0.2499999999994312327 ) ;
#7804 = ORIENTED_EDGE ( 'NONE', *, *, #7964, .F. ) ;
#7805 = AXIS2_PLACEMENT_3D ( 'NONE', #1991, #1201, #4494 ) ;
#7806 = ORIENTED_EDGE ( 'NONE', *, *, #4595, .T. ) ;
#7807 = CARTESIAN_POINT ( 'NONE',  ( 45.50000000000027001, -8.600000000003104716, 17.00000000000000000 ) ) ;
#7808 = DIRECTION ( 'NONE',  ( 1.000000000000000000, 0.000000000000000000, 0.000000000000000000 ) ) ;
#7809 = CARTESIAN_POINT ( 'NONE',  ( -32.99999999999517541, 0.000000000000000000, 130.0000000000000000 ) ) ;
#7810 = VECTOR ( 'NONE', #5026, 1000.000000000000000 ) ;
#7811 = LINE ( 'NONE', #1383, #116 ) ;
#7812 = EDGE_CURVE ( 'NONE', #324, #6349, #1860, .T. ) ;
#7813 = DIRECTION ( 'NONE',  ( -1.000000000000000000, -3.469446951953611033E-15, 0.000000000000000000 ) ) ;
#7814 = DIRECTION ( 'NONE',  ( -4.625929269276788045E-15, 1.000000000000000000, 0.000000000000000000 ) ) ;
#7815 = CARTESIAN_POINT ( 'NONE',  ( -35.00000000000203926, 34.16810644100630157, 130.0000000000000000 ) ) ;
#7816 = DIRECTION ( 'NONE',  ( -0.000000000000000000, -0.000000000000000000, -1.000000000000000000 ) ) ;
#7817 = CARTESIAN_POINT ( 'NONE',  ( 36.99999999999993605, 1.645763297720171874E-13, 0.000000000000000000 ) ) ;
#7818 = CYLINDRICAL_SURFACE ( 'NONE', #5236, 2.500000000000446310 ) ;
#7819 = DIRECTION ( 'NONE',  ( 0.000000000000000000, 1.000000000000000000, -0.000000000000000000 ) ) ;
#7820 = ORIENTED_EDGE ( 'NONE', *, *, #3458, .T. ) ;
#7821 = ORIENTED_EDGE ( 'NONE', *, *, #6914, .T. ) ;
#7822 = EDGE_CURVE ( 'NONE', #8066, #2928, #1665, .T. ) ;
#7823 = AXIS2_PLACEMENT_3D ( 'NONE', #4146, #4076, #3489 ) ;
#7824 = DIRECTION ( 'NONE',  ( -1.000000000000000000, -3.469446951953598806E-15, 0.000000000000000000 ) ) ;
#7825 = VERTEX_POINT ( 'NONE', #7561 ) ;
#7826 = EDGE_CURVE ( 'NONE', #7938, #1471, #8046, .T. ) ;
#7827 = ORIENTED_EDGE ( 'NONE', *, *, #4585, .F. ) ;
#7828 = VERTEX_POINT ( 'NONE', #4981 ) ;
#7829 = LINE ( 'NONE', #6507, #6117 ) ;
#7830 = AXIS2_PLACEMENT_3D ( 'NONE', #6137, #2390, #3702 ) ;
#7831 = APPROVAL_STATUS ( 'not_yet_approved' ) ;
#7832 = DIRECTION ( 'NONE',  ( 1.000000000000000000, 4.047688110617190230E-15, 0.000000000000000000 ) ) ;
#7833 = DIRECTION ( 'NONE',  ( 1.000000000000000000, 0.000000000000000000, 0.000000000000000000 ) ) ;
#7834 = LINE ( 'NONE', #2862, #4406 ) ;
#7835 = CIRCLE ( 'NONE', #1768, 2.500000000000938805 ) ;
#7836 = DIRECTION ( 'NONE',  ( 0.8660254037844392627, -0.4999999999999990008, -5.690585601277122510E-17 ) ) ;
#7837 = EDGE_CURVE ( 'NONE', #3422, #1377, #5560, .T. ) ;
#7838 = ORIENTED_EDGE ( 'NONE', *, *, #5124, .F. ) ;
#7839 = ORIENTED_EDGE ( 'NONE', *, *, #1385, .F. ) ;
#7840 = CARTESIAN_POINT ( 'NONE',  ( 38.49999999999809575, 30.99999999999361222, 130.0000000000000000 ) ) ;
#7841 = MECHANICAL_CONTEXT ( 'NONE', #5033, 'mechanical' ) ;
#7842 = EDGE_CURVE ( 'NONE', #7126, #2746, #1767, .T. ) ;
#7843 = VECTOR ( 'NONE', #482, 1000.000000000000000 ) ;
#7844 = DIRECTION ( 'NONE',  ( -0.000000000000000000, -0.000000000000000000, -1.000000000000000000 ) ) ;
#7845 = FACE_OUTER_BOUND ( 'NONE', #3682, .T. ) ;
#7846 = DIRECTION ( 'NONE',  ( -1.000000000000000000, 0.000000000000000000, 0.000000000000000000 ) ) ;
#7847 = LINE ( 'NONE', #1570, #3345 ) ;
#7848 = CARTESIAN_POINT ( 'NONE',  ( 35.00000000000002132, 0.000000000000000000, 0.000000000000000000 ) ) ;
#7849 = CONICAL_SURFACE ( 'NONE', #4267, 1.750000000000001554, 0.7853981633974487231 ) ;
#7850 = DIRECTION ( 'NONE',  ( -0.000000000000000000, -0.000000000000000000, -1.000000000000000000 ) ) ;
#7851 = AXIS2_PLACEMENT_3D ( 'NONE', #4819, #7897, #2959 ) ;
#7852 = ADVANCED_FACE ( 'NONE', ( #6760 ), #6224, .F. ) ;
#7853 = DIRECTION ( 'NONE',  ( 3.469446951957591626E-15, -1.000000000000000000, 0.000000000000000000 ) ) ;
#7854 = CARTESIAN_POINT ( 'NONE',  ( 0.000000000000000000, 10.14999999999665192, 0.000000000000000000 ) ) ;
#7855 = CARTESIAN_POINT ( 'NONE',  ( 38.49999999999810996, 26.43999999998860773, 0.000000000000000000 ) ) ;
#7856 = CYLINDRICAL_SURFACE ( 'NONE', #87, 0.2500000000000904277 ) ;
#7857 = ADVANCED_FACE ( 'NONE', ( #5514 ), #6320, .T. ) ;
#7858 = ORIENTED_EDGE ( 'NONE', *, *, #3835, .T. ) ;
#7859 = VERTEX_POINT ( 'NONE', #589 ) ;
#7860 = LINE ( 'NONE', #5253, #7998 ) ;
#7861 = ORIENTED_EDGE ( 'NONE', *, *, #821, .F. ) ;
#7862 = AXIS2_PLACEMENT_3D ( 'NONE', #1721, #2342, #4893 ) ;
#7863 = CC_DESIGN_APPROVAL ( #6524, ( #488 ) ) ;
#7864 = VERTEX_POINT ( 'NONE', #4361 ) ;
#7865 = ORIENTED_EDGE ( 'NONE', *, *, #892, .T. ) ;
#7866 = CARTESIAN_POINT ( 'NONE',  ( -38.50000000000008527, 30.99999999999334221, 0.000000000000000000 ) ) ;
#7867 = CALENDAR_DATE ( 2020, 16, 10 ) ;
#7868 = EDGE_CURVE ( 'NONE', #3795, #3028, #2993, .T. ) ;
#7869 = CARTESIAN_POINT ( 'NONE',  ( -38.49999999999770495, 37.99999999999981526, 2.000000000000000000 ) ) ;
#7870 = EDGE_CURVE ( 'NONE', #7859, #4024, #1961, .T. ) ;
#7871 = ORIENTED_EDGE ( 'NONE', *, *, #3873, .F. ) ;
#7872 = AXIS2_PLACEMENT_3D ( 'NONE', #2952, #7231, #2917 ) ;
#7873 = CARTESIAN_POINT ( 'NONE',  ( -34.99999999999739231, 5.900000000003904788, 0.000000000000000000 ) ) ;
#7874 = DIRECTION ( 'NONE',  ( -0.000000000000000000, -0.000000000000000000, -1.000000000000000000 ) ) ;
#7875 = EDGE_CURVE ( 'NONE', #2507, #6826, #6558, .T. ) ;
#7876 = ORIENTED_EDGE ( 'NONE', *, *, #4543, .F. ) ;
#7877 = ORIENTED_EDGE ( 'NONE', *, *, #8088, .T. ) ;
#7878 = CARTESIAN_POINT ( 'NONE',  ( 38.49999999999823075, 1.855190384027667410E-13, 0.000000000000000000 ) ) ;
#7879 = AXIS2_PLACEMENT_3D ( 'NONE', #346, #5401, #6692 ) ;
#7880 = VECTOR ( 'NONE', #838, 1000.000000000000000 ) ;
#7881 = MECHANICAL_CONTEXT ( 'NONE', #3879, 'mechanical' ) ;
#7882 = DIRECTION ( 'NONE',  ( -1.000000000000000000, -3.469446951953635094E-15, 0.000000000000000000 ) ) ;
#7883 = PLANE ( 'NONE',  #7490 ) ;
#7884 = CARTESIAN_POINT ( 'NONE',  ( -9.455399426393012592E-14, 20.43999999998109729, 0.000000000000000000 ) ) ;
#7885 = APPROVAL_PERSON_ORGANIZATION ( #4356, #5456, #1856 ) ;
#7886 = AXIS2_PLACEMENT_3D ( 'NONE', #7656, #1996, #7192 ) ;
#7887 = APPROVAL_PERSON_ORGANIZATION ( #626, #5832, #6934 ) ;
#7888 = LINE ( 'NONE', #6525, #2286 ) ;
#7889 = CARTESIAN_POINT ( 'NONE',  ( -37.00000000000179057, 26.43999999998834483, 130.0000000000000000 ) ) ;
#7890 = CARTESIAN_POINT ( 'NONE',  ( -38.50000000000004263, 18.99999999997867661, 130.0000000000000000 ) ) ;
#7891 = LINE ( 'NONE', #6018, #309 ) ;
#7892 = CARTESIAN_POINT ( 'NONE',  ( -38.50000000000000000, 0.000000000000000000, 130.0000000000000000 ) ) ;
#7893 = CARTESIAN_POINT ( 'NONE',  ( -5.009881398617674750E-14, 14.43999999997380712, 130.0000000000000000 ) ) ;
#7894 = DIRECTION ( 'NONE',  ( -1.000000000000000000, -4.625929269276767535E-15, 0.000000000000000000 ) ) ;
#7895 = EDGE_CURVE ( 'NONE', #2809, #5101, #3500, .T. ) ;
#7896 = AXIS2_PLACEMENT_3D ( 'NONE', #2237, #6771, #6611 ) ;
#7897 = DIRECTION ( 'NONE',  ( 3.491130995404636153E-15, -1.000000000000000000, 0.000000000000000000 ) ) ;
#7898 = VERTEX_POINT ( 'NONE', #4895 ) ;
#7899 = ORIENTED_EDGE ( 'NONE', *, *, #4538, .F. ) ;
#7900 = DIRECTION ( 'NONE',  ( 1.000000000000000000, 0.000000000000000000, 0.000000000000000000 ) ) ;
#7901 = DIRECTION ( 'NONE',  ( 1.000000000000000000, 4.625929269276788045E-15, 0.000000000000000000 ) ) ;
#7902 = ORIENTED_EDGE ( 'NONE', *, *, #2953, .T. ) ;
#7903 = EDGE_CURVE ( 'NONE', #3817, #2421, #5626, .T. ) ;
#7904 = VECTOR ( 'NONE', #1605, 1000.000000000000000 ) ;
#7905 = ORIENTED_EDGE ( 'NONE', *, *, #575, .F. ) ;
#7906 = ORIENTED_EDGE ( 'NONE', *, *, #7715, .T. ) ;
#7907 = DIRECTION ( 'NONE',  ( 1.000000000000000000, 0.000000000000000000, 0.000000000000000000 ) ) ;
#7908 = SECURITY_CLASSIFICATION_LEVEL ( 'unclassified' ) ;
#7909 = LINE ( 'NONE', #2252, #2002 ) ;
#7910 = ORIENTED_EDGE ( 'NONE', *, *, #3986, .F. ) ;
#7911 = DIRECTION ( 'NONE',  ( -0.000000000000000000, -0.000000000000000000, -1.000000000000000000 ) ) ;
#7912 = DIRECTION ( 'NONE',  ( -0.000000000000000000, 0.000000000000000000, 1.000000000000000000 ) ) ;
#7913 = EDGE_CURVE ( 'NONE', #6621, #4084, #1158, .T. ) ;
#7914 = ORIENTED_EDGE ( 'NONE', *, *, #5705, .T. ) ;
#7915 = EDGE_LOOP ( 'NONE', ( #1267, #5932, #1367, #5002 ) ) ;
#7916 = DIRECTION ( 'NONE',  ( 0.000000000000000000, 0.000000000000000000, 1.000000000000000000 ) ) ;
#7917 = COORDINATED_UNIVERSAL_TIME_OFFSET ( 8, 0, .AHEAD. ) ;
#7918 = LINE ( 'NONE', #2261, #3252 ) ;
#7919 = DIRECTION ( 'NONE',  ( 1.000000000000000000, 0.000000000000000000, 0.000000000000000000 ) ) ;
#7920 = CARTESIAN_POINT ( 'NONE',  ( 34.99999999999834444, 5.900000000000579448, 130.0000000000000000 ) ) ;
#7921 = EDGE_CURVE ( 'NONE', #2371, #6974, #4270, .T. ) ;
#7922 = CARTESIAN_POINT ( 'NONE',  ( 5.421010862427511077E-17, -0.3199999999999999512, 0.6199999999999999956 ) ) ;
#7923 = CARTESIAN_POINT ( 'NONE',  ( 33.79761706408260835, 35.12499999999907629, 130.0000000000000000 ) ) ;
#7924 = EDGE_CURVE ( 'NONE', #2058, #6130, #682, .T. ) ;
#7925 = ADVANCED_FACE ( 'NONE', ( #3037 ), #5601, .T. ) ;
#7926 = DIRECTION ( 'NONE',  ( -0.000000000000000000, 0.000000000000000000, 1.000000000000000000 ) ) ;
#7927 = CARTESIAN_POINT ( 'NONE',  ( -1.500651454953198252E-13, 32.43999999999584816, 0.000000000000000000 ) ) ;
#7928 = CARTESIAN_POINT ( 'NONE',  ( -33.12499999999643308, 2.663973519777970811, 130.0000000000000000 ) ) ;
#7929 = DIRECTION ( 'NONE',  ( -0.000000000000000000, -0.000000000000000000, -1.000000000000000000 ) ) ;
#7930 = FACE_OUTER_BOUND ( 'NONE', #3140, .T. ) ;
#7931 = CARTESIAN_POINT ( 'NONE',  ( 34.74999999999890576, 6.149999999999999467, 130.0000000000000000 ) ) ;
#7932 = VECTOR ( 'NONE', #1239, 1000.000000000000000 ) ;
#7933 = LINE ( 'NONE', #386, #6258 ) ;
#7934 = VERTEX_POINT ( 'NONE', #1242 ) ;
#7935 = ORIENTED_EDGE ( 'NONE', *, *, #39, .F. ) ;
#7936 = DIRECTION ( 'NONE',  ( -3.469446951957591626E-15, 1.000000000000000000, 0.000000000000000000 ) ) ;
#7937 = ADVANCED_FACE ( 'NONE', ( #2646 ), #2561, .F. ) ;
#7938 = VERTEX_POINT ( 'NONE', #5848 ) ;
#7939 = ORIENTED_EDGE ( 'NONE', *, *, #1379, .F. ) ;
#7940 = ORIENTED_EDGE ( 'NONE', *, *, #5652, .F. ) ;
#7941 = VECTOR ( 'NONE', #6857, 1000.000000000000000 ) ;
#7942 = DIRECTION ( 'NONE',  ( -0.000000000000000000, 0.000000000000000000, 1.000000000000000000 ) ) ;
#7943 = LINE ( 'NONE', #7287, #5675 ) ;
#7944 = ORIENTED_EDGE ( 'NONE', *, *, #7822, .T. ) ;
#7945 = FACE_OUTER_BOUND ( 'NONE', #1236, .T. ) ;
#7946 = ORIENTED_EDGE ( 'NONE', *, *, #1301, .T. ) ;
#7947 = ORIENTED_EDGE ( 'NONE', *, *, #865, .F. ) ;
#7948 = ORIENTED_EDGE ( 'NONE', *, *, #4445, .T. ) ;
#7949 = EDGE_CURVE ( 'NONE', #6361, #192, #5072, .T. ) ;
#7950 = DIRECTION ( 'NONE',  ( -0.000000000000000000, -0.000000000000000000, -1.000000000000000000 ) ) ;
#7951 = CALENDAR_DATE ( 2020, 16, 10 ) ;
#7952 = CARTESIAN_POINT ( 'NONE',  ( 0.000000000000000000, 9.149999999997218580, 130.0000000000000000 ) ) ;
#7953 = CARTESIAN_POINT ( 'NONE',  ( 0.8249999999999999556, -0.3200000000000000067, 0.3200000000000000067 ) ) ;
#7954 = CARTESIAN_POINT ( 'NONE',  ( 36.99999999999990052, 5.439999999962936705, 130.0000000000000000 ) ) ;
#7955 = AXIS2_PLACEMENT_3D ( 'NONE', #7470, #6804, #1203 ) ;
#7956 = DIRECTION ( 'NONE',  ( -3.491481338843133355E-15, 1.000000000000000000, 0.000000000000000000 ) ) ;
#7957 = DIRECTION ( 'NONE',  ( -0.000000000000000000, -0.000000000000000000, -1.000000000000000000 ) ) ;
#7958 = DIRECTION ( 'NONE',  ( -0.000000000000000000, -0.000000000000000000, -1.000000000000000000 ) ) ;
#7959 = EDGE_CURVE ( 'NONE', #7709, #7898, #798, .T. ) ;
#7960 = VECTOR ( 'NONE', #1594, 1000.000000000000000 ) ;
#7961 = VERTEX_POINT ( 'NONE', #6481 ) ;
#7962 = DIRECTION ( 'NONE',  ( -0.000000000000000000, -0.000000000000000000, 1.000000000000000000 ) ) ;
#7963 = CARTESIAN_POINT ( 'NONE',  ( -34.99999999999658939, -8.881784197001252323E-13, 2.000000000000000000 ) ) ;
#7964 = EDGE_CURVE ( 'NONE', #8065, #2696, #139, .T. ) ;
#7965 = ORIENTED_EDGE ( 'NONE', *, *, #1132, .F. ) ;
#7966 = EDGE_CURVE ( 'NONE', #1461, #4429, #206, .T. ) ;
#7967 = AXIS2_PLACEMENT_3D ( 'NONE', #794, #7649, #1446 ) ;
#7968 = LINE ( 'NONE', #8099, #375 ) ;
#7969 = UNCERTAINTY_MEASURE_WITH_UNIT (LENGTH_MEASURE( 1.000000000000000082E-05 ), #4158, 'distance_accuracy_value', 'NONE');
#7970 = DIRECTION ( 'NONE',  ( -1.000000000000000000, 0.000000000000000000, 0.000000000000000000 ) ) ;
#7971 = LINE ( 'NONE', #5357, #2705 ) ;
#7972 = CIRCLE ( 'NONE', #5453, 0.5000000000002641221 ) ;
#7973 = ORIENTED_EDGE ( 'NONE', *, *, #648, .T. ) ;
#7974 = EDGE_LOOP ( 'NONE', ( #4217, #6766, #2356, #5508 ) ) ;
#7975 = DIRECTION ( 'NONE',  ( 1.000000000000000000, 0.000000000000000000, 0.000000000000000000 ) ) ;
#7976 = CARTESIAN_POINT ( 'NONE',  ( 38.49999999999813838, 17.43999999997760852, 0.000000000000000000 ) ) ;
#7977 = CARTESIAN_POINT ( 'NONE',  ( 34.44536525785833447, 35.87978559961880620, 130.0000000000000000 ) ) ;
#7978 = VECTOR ( 'NONE', #7850, 1000.000000000000000 ) ;
#7979 = ORIENTED_EDGE ( 'NONE', *, *, #1223, .F. ) ;
#7980 = EDGE_CURVE ( 'NONE', #5854, #2330, #3875, .T. ) ;
#7981 = APPROVAL ( #6301, 'UNKNOWN' ) ;
#7982 =( REPRESENTATION_RELATIONSHIP ('NONE','NONE', #3517, #961 ) REPRESENTATION_RELATIONSHIP_WITH_TRANSFORMATION ( #4213 )SHAPE_REPRESENTATION_RELATIONSHIP( ) );
#7983 = ORIENTED_EDGE ( 'NONE', *, *, #2006, .F. ) ;
#7984 = ORIENTED_EDGE ( 'NONE', *, *, #8093, .F. ) ;
#7985 = VERTEX_POINT ( 'NONE', #6366 ) ;
#7986 = CARTESIAN_POINT ( 'NONE',  ( -41.49999999999975131, -0.6000000000023140156, 112.9999999999999574 ) ) ;
#7987 = DATE_TIME_ROLE ( 'classification_date' ) ;
#7988 = DIRECTION ( 'NONE',  ( -0.000000000000000000, -0.000000000000000000, 1.000000000000000000 ) ) ;
#7989 = ORIENTED_EDGE ( 'NONE', *, *, #5843, .F. ) ;
#7990 = CARTESIAN_POINT ( 'NONE',  ( -37.00000000000176925, 18.99999999997868372, 130.0000000000000000 ) ) ;
#7991 = ORIENTED_EDGE ( 'NONE', *, *, #6510, .F. ) ;
#7992 = EDGE_LOOP ( 'NONE', ( #599, #6026, #656, #6398 ) ) ;
#7993 = VERTEX_POINT ( 'NONE', #3834 ) ;
#7994 = CARTESIAN_POINT ( 'NONE',  ( -1.406789449011262635E-13, 39.99999999999737099, 130.0000000000000000 ) ) ;
#7995 = APPROVAL_STATUS ( 'not_yet_approved' ) ;
#7996 = CC_DESIGN_SECURITY_CLASSIFICATION ( #4296, ( #8170 ) ) ;
#7997 = VECTOR ( 'NONE', #1028, 1000.000000000000000 ) ;
#7998 = VECTOR ( 'NONE', #5874, 1000.000000000000000 ) ;
#7999 = DIRECTION ( 'NONE',  ( 4.625929269276788045E-15, -1.000000000000000000, 0.000000000000000000 ) ) ;
#8000 = DIRECTION ( 'NONE',  ( -0.000000000000000000, -0.000000000000000000, -1.000000000000000000 ) ) ;
#8001 = CARTESIAN_POINT ( 'NONE',  ( 36.50000000000019895, 39.99999999999892708, 0.000000000000000000 ) ) ;
#8002 = DIRECTION ( 'NONE',  ( -1.000000000000000000, -3.491481338843133355E-15, 0.000000000000000000 ) ) ;
#8003 = LINE ( 'NONE', #4733, #395 ) ;
#8004 = CC_DESIGN_PERSON_AND_ORGANIZATION_ASSIGNMENT ( #1140, #4390, ( #1422 ) ) ;
#8005 = AXIS2_PLACEMENT_3D ( 'NONE', #6073, #4085, #7900 ) ;
#8006 = ADVANCED_FACE ( 'NONE', ( #759 ), #721, .F. ) ;
#8007 = DIRECTION ( 'NONE',  ( -0.000000000000000000, -0.000000000000000000, -1.000000000000000000 ) ) ;
#8008 = ORIENTED_EDGE ( 'NONE', *, *, #7637, .T. ) ;
#8009 = CARTESIAN_POINT ( 'NONE',  ( -34.99999999999536726, 2.999999999997816857, 130.0000000000000000 ) ) ;
#8010 = LINE ( 'NONE', #3001, #6480 ) ;
#8011 = LINE ( 'NONE', #7270, #639 ) ;
#8012 = CC_DESIGN_SECURITY_CLASSIFICATION ( #488, ( #8164 ) ) ;
#8013 = VECTOR ( 'NONE', #5663, 1000.000000000000000 ) ;
#8014 = EDGE_LOOP ( 'NONE', ( #1234, #5891, #2781, #2 ) ) ;
#8015 = LINE ( 'NONE', #6458, #5900 ) ;
#8016 = CARTESIAN_POINT ( 'NONE',  ( -41.49999999999977973, 1.399999999996592193, 23.00000000000000000 ) ) ;
#8017 = CARTESIAN_POINT ( 'NONE',  ( 32.99999999999633360, 9.899999999996580868, 0.000000000000000000 ) ) ;
#8018 = ORIENTED_EDGE ( 'NONE', *, *, #1925, .T. ) ;
#8019 = VECTOR ( 'NONE', #5426, 1000.000000000000000 ) ;
#8020 = EDGE_CURVE ( 'NONE', #4024, #6741, #1373, .T. ) ;
#8021 = EDGE_CURVE ( 'NONE', #935, #63, #174, .T. ) ;
#8022 = EDGE_LOOP ( 'NONE', ( #2898, #6945, #3724, #75 ) ) ;
#8023 = DIRECTION ( 'NONE',  ( 4.625929269276788045E-15, -1.000000000000000000, 0.000000000000000000 ) ) ;
#8024 = FACE_OUTER_BOUND ( 'NONE', #2433, .T. ) ;
#8025 = EDGE_CURVE ( 'NONE', #2608, #5206, #7139, .T. ) ;
#8026 = ORIENTED_EDGE ( 'NONE', *, *, #5350, .T. ) ;
#8027 = VECTOR ( 'NONE', #2311, 1000.000000000000000 ) ;
#8028 = VERTEX_POINT ( 'NONE', #3211 ) ;
#8029 = EDGE_CURVE ( 'NONE', #4429, #1750, #6985, .T. ) ;
#8030 = ORIENTED_EDGE ( 'NONE', *, *, #4114, .F. ) ;
#8031 = EDGE_LOOP ( 'NONE', ( #195, #359, #762, #3061 ) ) ;
#8032 = DIRECTION ( 'NONE',  ( 1.000000000000000000, 0.000000000000000000, 0.000000000000000000 ) ) ;
#8033 = AXIS2_PLACEMENT_3D ( 'NONE', #3852, #6953, #2440 ) ;
#8034 = DATE_TIME_ROLE ( 'classification_date' ) ;
#8035 = LINE ( 'NONE', #4883, #6597 ) ;
#8036 = VERTEX_POINT ( 'NONE', #4452 ) ;
#8037 = VECTOR ( 'NONE', #723, 1000.000000000000000 ) ;
#8038 = EDGE_LOOP ( 'NONE', ( #1998, #7315, #7677, #1702 ) ) ;
#8039 = EDGE_LOOP ( 'NONE', ( #1740, #4195, #6147, #1361 ) ) ;
#8040 = EDGE_LOOP ( 'NONE', ( #2161, #3918, #5268, #446 ) ) ;
#8041 = DIRECTION ( 'NONE',  ( 4.818676322150006782E-15, -1.000000000000000000, 0.000000000000000000 ) ) ;
#8042 = COORDINATED_UNIVERSAL_TIME_OFFSET ( 8, 0, .AHEAD. ) ;
#8043 = DIRECTION ( 'NONE',  ( -0.000000000000000000, -0.000000000000000000, -1.000000000000000000 ) ) ;
#8044 = CARTESIAN_POINT ( 'NONE',  ( 32.49999999999906208, 37.00000000000081712, 130.0000000000000000 ) ) ;
#8045 = CARTESIAN_POINT ( 'NONE',  ( -33.12499999999643308, 2.663973519777970811, 130.0000000000000000 ) ) ;
#8046 = LINE ( 'NONE', #5647, #2732 ) ;
#8047 = EDGE_CURVE ( 'NONE', #1487, #5569, #5739, .T. ) ;
#8048 = AXIS2_PLACEMENT_3D ( 'NONE', #3902, #7712, #1474 ) ;
#8049 = DIRECTION ( 'NONE',  ( 4.625929269276788045E-15, -1.000000000000000000, 0.000000000000000000 ) ) ;
#8050 = CC_DESIGN_PERSON_AND_ORGANIZATION_ASSIGNMENT ( #5112, #3653, ( #791 ) ) ;
#8051 = LINE ( 'NONE', #1160, #7375 ) ;
#8052 = CARTESIAN_POINT ( 'NONE',  ( 33.24999999999619149, 9.899999999996584421, 0.000000000000000000 ) ) ;
#8053 = ADVANCED_BREP_SHAPE_REPRESENTATION ( '', ( #3230, #8005 ), #1825 ) ;
#8054 = ORIENTED_EDGE ( 'NONE', *, *, #2912, .T. ) ;
#8055 = DIRECTION ( 'NONE',  ( 1.000000000000000000, 3.469446951952909736E-15, 0.000000000000000000 ) ) ;
#8056 = DIRECTION ( 'NONE',  ( -0.000000000000000000, 0.000000000000000000, 1.000000000000000000 ) ) ;
#8057 = CARTESIAN_POINT ( 'NONE',  ( 33.24999999999619149, 9.149999999997218580, 130.0000000000000000 ) ) ;
#8058 = EDGE_CURVE ( 'NONE', #6499, #930, #4825, .T. ) ;
#8059 = ORIENTED_EDGE ( 'NONE', *, *, #7644, .F. ) ;
#8060 = AXIS2_PLACEMENT_3D ( 'NONE', #7494, #3718, #6113 ) ;
#8061 = CARTESIAN_POINT ( 'NONE',  ( 38.49999999999821654, 1.855190384027666653E-13, 0.000000000000000000 ) ) ;
#8062 = DIRECTION ( 'NONE',  ( 1.000000000000000000, 0.000000000000000000, 0.000000000000000000 ) ) ;
#8063 = DIRECTION ( 'NONE',  ( 0.000000000000000000, 0.000000000000000000, 1.000000000000000000 ) ) ;
#8064 = AXIS2_PLACEMENT_3D ( 'NONE', #6479, #797, #7137 ) ;
#8065 = VERTEX_POINT ( 'NONE', #6512 ) ;
#8066 = VERTEX_POINT ( 'NONE', #6444 ) ;
#8067 = PLANE ( 'NONE',  #5887 ) ;
#8068 = LINE ( 'NONE', #7629, #4501 ) ;
#8069 = ORIENTED_EDGE ( 'NONE', *, *, #5095, .T. ) ;
#8070 = EDGE_LOOP ( 'NONE', ( #2460, #7280, #4168, #3647 ) ) ;
#8071 = ORIENTED_EDGE ( 'NONE', *, *, #7060, .T. ) ;
#8072 = ORIENTED_EDGE ( 'NONE', *, *, #2424, .T. ) ;
#8073 = ADVANCED_FACE ( 'NONE', ( #863 ), #3362, .F. ) ;
#8074 = PLANE ( 'NONE',  #7724 ) ;
#8075 = APPROVAL_DATE_TIME ( #5500, #5913 ) ;
#8076 = DIRECTION ( 'NONE',  ( 1.000000000000000000, 0.000000000000000000, 0.000000000000000000 ) ) ;
#8077 = EDGE_LOOP ( 'NONE', ( #1182, #4879, #2134, #5065 ) ) ;
#8078 = ADVANCED_FACE ( 'NONE', ( #4495 ), #7689, .F. ) ;
#8079 = VERTEX_POINT ( 'NONE', #7723 ) ;
#8080 = VERTEX_POINT ( 'NONE', #2063 ) ;
#8081 = ORIENTED_EDGE ( 'NONE', *, *, #6457, .T. ) ;
#8082 = FACE_OUTER_BOUND ( 'NONE', #4884, .T. ) ;
#8083 = PERSON_AND_ORGANIZATION ( #7757, #5787 ) ;
#8084 = LINE ( 'NONE', #1283, #5170 ) ;
#8085 = LINE ( 'NONE', #6716, #1799 ) ;
#8086 = CARTESIAN_POINT ( 'NONE',  ( -34.99999999999658939, 2.999999999997227107, 0.7499999999999947820 ) ) ;
#8087 = DIRECTION ( 'NONE',  ( 1.000000000000000000, 0.000000000000000000, 0.000000000000000000 ) ) ;
#8088 = EDGE_CURVE ( 'NONE', #7254, #5629, #4567, .T. ) ;
#8089 = LINE ( 'NONE', #1159, #7435 ) ;
#8090 = DIRECTION ( 'NONE',  ( -4.625929269276810133E-15, 1.000000000000000000, 0.000000000000000000 ) ) ;
#8091 = DIRECTION ( 'NONE',  ( 1.000000000000000000, 3.483287830750206171E-15, -0.000000000000000000 ) ) ;
#8092 = ORIENTED_EDGE ( 'NONE', *, *, #7707, .T. ) ;
#8093 = EDGE_CURVE ( 'NONE', #5097, #5643, #2141, .T. ) ;
#8094 = CIRCLE ( 'NONE', #1099, 1.750000000000001554 ) ;
#8095 = DIRECTION ( 'NONE',  ( 0.000000000000000000, -1.000000000000000000, 0.000000000000000000 ) ) ;
#8096 = CARTESIAN_POINT ( 'NONE',  ( 34.74999999999890576, 5.900000000000578559, 0.000000000000000000 ) ) ;
#8097 = CARTESIAN_POINT ( 'NONE',  ( 32.56418350556986496, 37.56284811935532275, 130.0000000000000000 ) ) ;
#8098 = ORIENTED_EDGE ( 'NONE', *, *, #4504, .F. ) ;
#8099 = CARTESIAN_POINT ( 'NONE',  ( 45.50000000000023448, 1.399999999996895284, 17.00000000000000000 ) ) ;
#8100 = DIRECTION ( 'NONE',  ( 1.000000000000000000, 0.000000000000000000, 0.000000000000000000 ) ) ;
#8101 = CIRCLE ( 'NONE', #3592, 1.750000000000001554 ) ;
#8102 = DIRECTION ( 'NONE',  ( 0.000000000000000000, 0.000000000000000000, -1.000000000000000000 ) ) ;
#8103 = DIRECTION ( 'NONE',  ( 4.448008912757228678E-15, -1.000000000000000000, 0.000000000000000000 ) ) ;
#8104 = ORIENTED_EDGE ( 'NONE', *, *, #1712, .F. ) ;
#8105 = ORIENTED_EDGE ( 'NONE', *, *, #2415, .T. ) ;
#8106 = CARTESIAN_POINT ( 'NONE',  ( 36.99999999999990052, 5.439999999962936705, 130.0000000000000000 ) ) ;
#8107 = CARTESIAN_POINT ( 'NONE',  ( 38.49999999999825206, 1.855190384027663876E-13, 0.000000000000000000 ) ) ;
#8108 = VECTOR ( 'NONE', #541, 1000.000000000000000 ) ;
#8109 = ORIENTED_EDGE ( 'NONE', *, *, #349, .F. ) ;
#8110 = ORIENTED_EDGE ( 'NONE', *, *, #188, .F. ) ;
#8111 = ORIENTED_EDGE ( 'NONE', *, *, #4220, .F. ) ;
#8112 = VERTEX_POINT ( 'NONE', #7800 ) ;
#8113 = PLANE ( 'NONE',  #86 ) ;
#8114 = VECTOR ( 'NONE', #193, 1000.000000000000000 ) ;
#8115 = CARTESIAN_POINT ( 'NONE',  ( 33.89073051572944451, 34.75957119923662475, 130.0000000000000000 ) ) ;
#8116 = EDGE_LOOP ( 'NONE', ( #4959, #313, #1406, #6385 ) ) ;
#8117 = ORIENTED_EDGE ( 'NONE', *, *, #4148, .T. ) ;
#8118 = ORIENTED_EDGE ( 'NONE', *, *, #3862, .T. ) ;
#8119 = ORIENTED_EDGE ( 'NONE', *, *, #6421, .T. ) ;
#8120 = EDGE_CURVE ( 'NONE', #6075, #3393, #6653, .T. ) ;
#8121 = EDGE_CURVE ( 'NONE', #2639, #7985, #6677, .T. ) ;
#8122 = DIRECTION ( 'NONE',  ( 1.000000000000000000, 0.000000000000000000, 0.000000000000000000 ) ) ;
#8123 = PERSON_AND_ORGANIZATION ( #7757, #5787 ) ;
#8124 = LINE ( 'NONE', #6178, #7932 ) ;
#8125 = EDGE_CURVE ( 'NONE', #3164, #2295, #3499, .T. ) ;
#8126 = DIRECTION ( 'NONE',  ( 1.000000000000000000, 0.000000000000000000, 0.000000000000000000 ) ) ;
#8127 = CARTESIAN_POINT ( 'NONE',  ( 0.8249999999999999556, -0.6199999999999999956, -0.3200000000000000067 ) ) ;
#8128 = DIRECTION ( 'NONE',  ( -0.000000000000000000, -0.000000000000000000, -1.000000000000000000 ) ) ;
#8129 = ADVANCED_FACE ( 'NONE', ( #4746 ), #2163, .T. ) ;
#8130 = CARTESIAN_POINT ( 'NONE',  ( 36.99999999999995026, 1.645763297720172378E-13, 130.0000000000000000 ) ) ;
#8131 = FACE_OUTER_BOUND ( 'NONE', #1455, .T. ) ;
#8132 = CIRCLE ( 'NONE', #7474, 0.7096046754429055081 ) ;
#8133 = DIRECTION ( 'NONE',  ( -0.000000000000000000, -1.000000000000000000, 0.000000000000000000 ) ) ;
#8134 = CC_DESIGN_APPROVAL ( #1890, ( #4566 ) ) ;
#8135 = VERTEX_POINT ( 'NONE', #2888 ) ;
#8136 = VECTOR ( 'NONE', #731, 1000.000000000000000 ) ;
#8137 = CARTESIAN_POINT ( 'NONE',  ( 38.49999999999812417, 21.99999999998261302, 0.000000000000000000 ) ) ;
#8138 = DIRECTION ( 'NONE',  ( 1.000000000000000000, 4.448008912762313675E-15, -0.000000000000000000 ) ) ;
#8139 = DIRECTION ( 'NONE',  ( -0.000000000000000000, -0.000000000000000000, -1.000000000000000000 ) ) ;
#8140 = EDGE_LOOP ( 'NONE', ( #2555, #3456, #6042, #7213 ) ) ;
#8141 = VECTOR ( 'NONE', #5781, 999.9999999999998863 ) ;
#8142 = VECTOR ( 'NONE', #6291, 1000.000000000000000 ) ;
#8143 = DIRECTION ( 'NONE',  ( -1.000000000000000000, 0.000000000000000000, 0.000000000000000000 ) ) ;
#8144 = LINE ( 'NONE', #601, #4720 ) ;
#8145 = CARTESIAN_POINT ( 'NONE',  ( -37.00000000000172662, 6.999999999964016340, 0.000000000000000000 ) ) ;
#8146 = LINE ( 'NONE', #604, #7443 ) ;
#8147 = VECTOR ( 'NONE', #7114, 1000.000000000000000 ) ;
#8148 = AXIS2_PLACEMENT_3D ( 'NONE', #4246, #2316, #561 ) ;
#8149 = ORIENTED_EDGE ( 'NONE', *, *, #5804, .F. ) ;
#8150 = CARTESIAN_POINT ( 'NONE',  ( -32.56418350556644015, 2.437151880638006585, 130.0000000000000000 ) ) ;
#8151 = LINE ( 'NONE', #8107, #1355 ) ;
#8152 = ORIENTED_EDGE ( 'NONE', *, *, #188, .T. ) ;
#8153 = EDGE_CURVE ( 'NONE', #3588, #2351, #7787, .T. ) ;
#8154 = AXIS2_PLACEMENT_3D ( 'NONE', #2946, #7926, #4770 ) ;
#8155 = CC_DESIGN_APPROVAL ( #6450, ( #4975 ) ) ;
#8156 = CC_DESIGN_DATE_AND_TIME_ASSIGNMENT ( #7295, #1719, ( #4975 ) ) ;
#8157 = PLANE ( 'NONE',  #867 ) ;
#8158 = ORIENTED_EDGE ( 'NONE', *, *, #7532, .T. ) ;
#8159 = ORIENTED_EDGE ( 'NONE', *, *, #5168, .T. ) ;
#8160 = ORIENTED_EDGE ( 'NONE', *, *, #899, .T. ) ;
#8161 = NEXT_ASSEMBLY_USAGE_OCCURRENCE ( 'NAUO1', ' ', ' ', #3544, #1683, $ ) ;
#8162 = NEXT_ASSEMBLY_USAGE_OCCURRENCE ( 'NAUO2', ' ', ' ', #3544, #5967, $ ) ;
#8163 = NEXT_ASSEMBLY_USAGE_OCCURRENCE ( 'NAUO3', ' ', ' ', #3544, #5967, $ ) ;
#8164 = NEXT_ASSEMBLY_USAGE_OCCURRENCE ( 'NAUO4', ' ', ' ', #3544, #4659, $ ) ;
#8165 = NEXT_ASSEMBLY_USAGE_OCCURRENCE ( 'NAUO5', ' ', ' ', #3544, #4659, $ ) ;
#8166 = NEXT_ASSEMBLY_USAGE_OCCURRENCE ( 'NAUO6', ' ', ' ', #3544, #4659, $ ) ;
#8167 = NEXT_ASSEMBLY_USAGE_OCCURRENCE ( 'NAUO7', ' ', ' ', #3544, #4659, $ ) ;
#8168 = NEXT_ASSEMBLY_USAGE_OCCURRENCE ( 'NAUO8', ' ', ' ', #3544, #4659, $ ) ;
#8169 = NEXT_ASSEMBLY_USAGE_OCCURRENCE ( 'NAUO9', ' ', ' ', #3544, #4659, $ ) ;
#8170 = NEXT_ASSEMBLY_USAGE_OCCURRENCE ( 'NAUO10', ' ', ' ', #3544, #4659, $ ) ;
#8171 = NEXT_ASSEMBLY_USAGE_OCCURRENCE ( 'NAUO11', ' ', ' ', #3544, #4659, $ ) ;
ENDSEC;
END-ISO-10303-21;
